LME,ROW,COL,AREA_KM2,"Generated 18-Jan-23"
64,1,1,108.8654
64,1,2,108.8654
64,1,3,108.8654
64,1,4,108.8654
64,1,5,108.8654
64,1,6,108.8654
64,1,7,108.8654
64,1,8,108.8654
64,1,9,108.8654
64,1,10,108.8654
64,1,11,108.8654
64,1,12,108.8654
64,1,13,108.8654
64,1,14,108.8654
64,1,15,108.8654
64,1,16,108.8654
64,1,17,108.8654
64,1,18,108.8654
64,1,19,108.8654
64,1,20,108.8654
64,1,21,108.8654
64,1,22,108.8654
64,1,23,108.8654
64,1,24,108.8654
64,1,25,108.8654
64,1,26,108.8654
64,1,27,108.8654
64,1,28,108.8654
64,1,29,108.8654
64,1,30,108.8654
64,1,31,108.8654
64,1,32,108.8654
64,1,33,108.8654
64,1,34,108.8654
64,1,35,108.8654
64,1,36,108.8654
64,1,37,108.8654
64,1,38,108.8654
64,1,39,108.8654
64,1,40,108.8654
64,1,41,108.8654
64,1,42,108.8654
64,1,43,108.8654
64,1,44,108.8654
64,1,45,108.8654
64,1,46,108.8654
64,1,47,108.8654
64,1,48,108.8654
64,1,49,108.8654
64,1,50,108.8654
64,1,51,108.8654
64,1,52,108.8654
64,1,53,108.8654
64,1,54,108.8654
64,1,55,108.8654
64,1,56,108.8654
64,1,57,108.8654
64,1,58,108.8654
64,1,59,108.8654
64,1,60,108.8654
64,1,61,108.8654
64,1,62,108.8654
64,1,63,108.8654
64,1,64,108.8654
64,1,65,108.8654
64,1,66,108.8654
64,1,67,108.8654
64,1,68,108.8654
64,1,69,108.8654
64,1,70,108.8654
64,1,71,108.8654
64,1,72,108.8654
64,1,73,108.8654
64,1,74,108.8654
64,1,75,108.8654
64,1,76,108.8654
64,1,77,108.8654
64,1,78,108.8654
64,1,79,108.8654
64,1,80,108.8654
64,1,81,108.8654
64,1,82,108.8654
64,1,83,108.8654
64,1,84,108.8654
64,1,85,108.8654
64,1,86,108.8654
64,1,87,108.8654
64,1,88,108.8654
64,1,89,108.8654
64,1,90,108.8654
64,1,91,108.8654
64,1,92,108.8654
64,1,93,108.8654
64,1,94,108.8654
64,1,95,108.8654
64,1,96,108.8654
64,1,97,108.8654
64,1,98,108.8654
64,1,99,108.8654
64,1,100,108.8654
64,1,101,108.8654
64,1,102,108.8654
64,1,103,108.8654
64,1,104,108.8654
64,1,105,108.8654
64,1,106,108.8654
64,1,107,108.8654
64,1,108,108.8654
64,1,109,108.8654
64,1,110,108.8654
64,1,111,108.8654
64,1,112,108.8654
64,1,113,108.8654
64,1,114,108.8654
64,1,115,108.8654
64,1,116,108.8654
64,1,117,108.8654
64,1,118,108.8654
64,1,119,108.8654
64,1,120,108.8654
64,1,121,108.8654
64,1,122,108.8654
64,1,123,108.8654
64,1,124,108.8654
64,1,125,108.8654
64,1,126,108.8654
64,1,127,108.8654
64,1,128,108.8654
64,1,129,108.8654
64,1,130,108.8654
64,1,131,108.8654
64,1,132,108.8654
64,1,133,108.8654
64,1,134,108.8654
64,1,135,108.8654
64,1,136,108.8654
64,1,137,108.8654
64,1,138,108.8654
64,1,139,108.8654
64,1,140,108.8654
64,1,141,108.8654
64,1,142,108.8654
64,1,143,108.8654
64,1,144,108.8654
64,1,145,108.8654
64,1,146,108.8654
64,1,147,108.8654
64,1,148,108.8654
64,1,149,108.8654
64,1,150,108.8654
64,1,151,108.8654
64,1,152,108.8654
64,1,153,108.8654
64,1,154,108.8654
64,1,155,108.8654
64,1,156,108.8654
64,1,157,108.8654
64,1,158,108.8654
64,1,159,108.8654
64,1,160,108.8654
64,1,161,108.8654
64,1,162,108.8654
64,1,163,108.8654
64,1,164,108.8654
64,1,165,108.8654
64,1,166,108.8654
64,1,167,108.8654
64,1,168,108.8654
64,1,169,108.8654
64,1,170,108.8654
64,1,171,108.8654
64,1,172,108.8654
64,1,173,108.8654
64,1,174,108.8654
64,1,175,108.8654
64,1,176,108.8654
64,1,177,108.8654
64,1,178,108.8654
64,1,179,108.8654
64,1,180,108.8654
64,1,181,108.8654
64,1,182,108.8654
64,1,183,108.8654
64,1,184,108.8654
64,1,185,108.8654
64,1,186,108.8654
64,1,187,108.8654
64,1,188,108.8654
64,1,189,108.8654
64,1,190,108.8654
64,1,191,108.8654
64,1,192,108.8654
64,1,193,108.8654
64,1,194,108.8654
64,1,195,108.8654
64,1,196,108.8654
64,1,197,108.8654
64,1,198,108.8654
64,1,199,108.8654
64,1,200,108.8654
64,1,201,108.8654
64,1,202,108.8654
64,1,203,108.8654
64,1,204,108.8654
64,1,205,108.8654
64,1,206,108.8654
64,1,207,108.8654
64,1,208,108.8654
64,1,209,108.8654
64,1,210,108.8654
64,1,211,108.8654
64,1,212,108.8654
64,1,213,108.8654
64,1,214,108.8654
64,1,215,108.8654
64,1,216,108.8654
64,1,217,108.8654
64,1,218,108.8654
64,1,219,108.8654
64,1,220,108.8654
64,1,221,108.8654
64,1,222,108.8654
64,1,223,108.8654
64,1,224,108.8654
64,1,225,108.8654
64,1,226,108.8654
64,1,227,108.8654
64,1,228,108.8654
64,1,229,108.8654
64,1,230,108.8654
64,1,231,108.8654
64,1,232,108.8654
64,1,233,108.8654
64,1,234,108.8654
64,1,235,108.8654
64,1,236,108.8654
64,1,237,108.8654
64,1,238,108.8654
64,1,239,108.8654
64,1,240,108.8654
64,1,241,108.8654
64,1,242,108.8654
64,1,243,108.8654
64,1,244,108.8654
64,1,245,108.8654
64,1,246,108.8654
64,1,247,108.8654
64,1,248,108.8654
64,1,249,108.8654
64,1,250,108.8654
64,1,251,108.8654
64,1,252,108.8654
64,1,253,108.8654
64,1,254,108.8654
64,1,255,108.8654
64,1,256,108.8654
64,1,257,108.8654
64,1,258,108.8654
64,1,259,108.8654
64,1,260,108.8654
64,1,261,108.8654
64,1,262,108.8654
64,1,263,108.8654
64,1,264,108.8654
64,1,265,108.8654
64,1,266,108.8654
64,1,267,108.8654
64,1,268,108.8654
64,1,269,108.8654
64,1,270,108.8654
64,1,271,108.8654
64,1,272,108.8654
64,1,273,108.8654
64,1,274,108.8654
64,1,275,108.8654
64,1,276,108.8654
64,1,277,108.8654
64,1,278,108.8654
64,1,279,108.8654
64,1,280,108.8654
64,1,281,108.8654
64,1,282,108.8654
64,1,283,108.8654
64,1,284,108.8654
64,1,285,108.8654
64,1,286,108.8654
64,1,287,108.8654
64,1,288,108.8654
64,1,289,108.8654
64,1,290,108.8654
64,1,291,108.8654
64,1,292,108.8654
64,1,293,108.8654
64,1,294,108.8654
64,1,295,108.8654
64,1,296,108.8654
64,1,297,108.8654
64,1,298,108.8654
64,1,299,108.8654
64,1,300,108.8654
64,1,301,108.8654
64,1,302,108.8654
64,1,303,108.8654
64,1,304,108.8654
64,1,305,108.8654
64,1,306,108.8654
64,1,307,108.8654
64,1,308,108.8654
64,1,309,108.8654
64,1,310,108.8654
64,1,311,108.8654
64,1,312,108.8654
64,1,313,108.8654
64,1,314,108.8654
64,1,315,108.8654
64,1,316,108.8654
64,1,317,108.8654
64,1,318,108.8654
64,1,319,108.8654
64,1,320,108.8654
64,1,321,108.8654
64,1,322,108.8654
64,1,323,108.8654
64,1,324,108.8654
64,1,325,108.8654
64,1,326,108.8654
64,1,327,108.8654
64,1,328,108.8654
64,1,329,108.8654
64,1,330,108.8654
64,1,331,108.8654
64,1,332,108.8654
64,1,333,108.8654
64,1,334,108.8654
64,1,335,108.8654
64,1,336,108.8654
64,1,337,108.8654
64,1,338,108.8654
64,1,339,108.8654
64,1,340,108.8654
64,1,341,108.8654
64,1,342,108.8654
64,1,343,108.8654
64,1,344,108.8654
64,1,345,108.8654
64,1,346,108.8654
64,1,347,108.8654
64,1,348,108.8654
64,1,349,108.8654
64,1,350,108.8654
64,1,351,108.8654
64,1,352,108.8654
64,1,353,108.8654
64,1,354,108.8654
64,1,355,108.8654
64,1,356,108.8654
64,1,357,108.8654
64,1,358,108.8654
64,1,359,108.8654
64,1,360,108.8654
64,2,1,326.5605
64,2,2,326.5605
64,2,3,326.5605
64,2,4,326.5605
64,2,5,326.5605
64,2,6,326.5605
64,2,7,326.5605
64,2,8,326.5605
64,2,9,326.5605
64,2,10,326.5605
64,2,11,326.5605
64,2,12,326.5605
64,2,13,326.5605
64,2,14,326.5605
64,2,15,326.5605
64,2,16,326.5605
64,2,17,326.5605
64,2,18,326.5605
64,2,19,326.5605
64,2,20,326.5605
64,2,21,326.5605
64,2,22,326.5605
64,2,23,326.5605
64,2,24,326.5605
64,2,25,326.5605
64,2,26,326.5605
64,2,27,326.5605
64,2,28,326.5605
64,2,29,326.5605
64,2,30,326.5605
64,2,31,326.5605
64,2,32,326.5605
64,2,33,326.5605
64,2,34,326.5605
64,2,35,326.5605
64,2,36,326.5605
64,2,37,326.5605
64,2,38,326.5605
64,2,39,326.5605
64,2,40,326.5605
64,2,41,326.5605
64,2,42,326.5605
64,2,43,326.5605
64,2,44,326.5605
64,2,45,326.5605
64,2,46,326.5605
64,2,47,326.5605
64,2,48,326.5605
64,2,49,326.5605
64,2,50,326.5605
64,2,51,326.5605
64,2,52,326.5605
64,2,53,326.5605
64,2,54,326.5605
64,2,55,326.5605
64,2,56,326.5605
64,2,57,326.5605
64,2,58,326.5605
64,2,59,326.5605
64,2,60,326.5605
64,2,61,326.5605
64,2,62,326.5605
64,2,63,326.5605
64,2,64,326.5605
64,2,65,326.5605
64,2,66,326.5605
64,2,67,326.5605
64,2,68,326.5605
64,2,69,326.5605
64,2,70,326.5605
64,2,71,326.5605
64,2,72,326.5605
64,2,73,326.5605
64,2,74,326.5605
64,2,75,326.5605
64,2,76,326.5605
64,2,77,326.5605
64,2,78,326.5605
64,2,79,326.5605
64,2,80,326.5605
64,2,81,326.5605
64,2,82,326.5605
64,2,83,326.5605
64,2,84,326.5605
64,2,85,326.5605
64,2,86,326.5605
64,2,87,326.5605
64,2,88,326.5605
64,2,89,326.5605
64,2,90,326.5605
64,2,91,326.5605
64,2,92,326.5605
64,2,93,326.5605
64,2,94,326.5605
64,2,95,326.5605
64,2,96,326.5605
64,2,97,326.5605
64,2,98,326.5605
64,2,99,326.5605
64,2,100,326.5605
64,2,101,326.5605
64,2,102,326.5605
64,2,103,326.5605
64,2,104,326.5605
64,2,105,326.5605
64,2,106,326.5605
64,2,107,326.5605
64,2,108,326.5605
64,2,109,326.5605
64,2,110,326.5605
64,2,111,326.5605
64,2,112,326.5605
64,2,113,326.5605
64,2,114,326.5605
64,2,115,326.5605
64,2,116,326.5605
64,2,117,326.5605
64,2,118,326.5605
64,2,119,326.5605
64,2,120,326.5605
64,2,121,326.5605
64,2,122,326.5605
64,2,123,326.5605
64,2,124,326.5605
64,2,125,326.5605
64,2,126,326.5605
64,2,127,326.5605
64,2,128,326.5605
64,2,129,326.5605
64,2,130,326.5605
64,2,131,326.5605
64,2,132,326.5605
64,2,133,326.5605
64,2,134,326.5605
64,2,135,326.5605
64,2,136,326.5605
64,2,137,326.5605
64,2,138,326.5605
64,2,139,326.5605
64,2,140,326.5605
64,2,141,326.5605
64,2,142,326.5605
64,2,143,326.5605
64,2,144,326.5605
64,2,145,326.5605
64,2,146,326.5605
64,2,147,326.5605
64,2,148,326.5605
64,2,149,326.5605
64,2,150,326.5605
64,2,151,326.5605
64,2,152,326.5605
64,2,153,326.5605
64,2,154,326.5605
64,2,155,326.5605
64,2,156,326.5605
64,2,157,326.5605
64,2,158,326.5605
64,2,159,326.5605
64,2,160,326.5605
64,2,161,326.5605
64,2,162,326.5605
64,2,163,326.5605
64,2,164,326.5605
64,2,165,326.5605
64,2,166,326.5605
64,2,167,326.5605
64,2,168,326.5605
64,2,169,326.5605
64,2,170,326.5605
64,2,171,326.5605
64,2,172,326.5605
64,2,173,326.5605
64,2,174,326.5605
64,2,175,326.5605
64,2,176,326.5605
64,2,177,326.5605
64,2,178,326.5605
64,2,179,326.5605
64,2,180,326.5605
64,2,181,326.5605
64,2,182,326.5605
64,2,183,326.5605
64,2,184,326.5605
64,2,185,326.5605
64,2,186,326.5605
64,2,187,326.5605
64,2,188,326.5605
64,2,189,326.5605
64,2,190,326.5605
64,2,191,326.5605
64,2,192,326.5605
64,2,193,326.5605
64,2,194,326.5605
64,2,195,326.5605
64,2,196,326.5605
64,2,197,326.5605
64,2,198,326.5605
64,2,199,326.5605
64,2,200,326.5605
64,2,201,326.5605
64,2,202,326.5605
64,2,203,326.5605
64,2,204,326.5605
64,2,205,326.5605
64,2,206,326.5605
64,2,207,326.5605
64,2,208,326.5605
64,2,209,326.5605
64,2,210,326.5605
64,2,211,326.5605
64,2,212,326.5605
64,2,213,326.5605
64,2,214,326.5605
64,2,215,326.5605
64,2,216,326.5605
64,2,217,326.5605
64,2,218,326.5605
64,2,219,326.5605
64,2,220,326.5605
64,2,221,326.5605
64,2,222,326.5605
64,2,223,326.5605
64,2,224,326.5605
64,2,225,326.5605
64,2,226,326.5605
64,2,227,326.5605
64,2,228,326.5605
64,2,229,326.5605
64,2,230,326.5605
64,2,231,326.5605
64,2,232,326.5605
64,2,233,326.5605
64,2,234,326.5605
64,2,235,326.5605
64,2,236,326.5605
64,2,237,326.5605
64,2,238,326.5605
64,2,239,326.5605
64,2,240,326.5605
64,2,241,326.5605
64,2,242,326.5605
64,2,243,326.5605
64,2,244,326.5605
64,2,245,326.5605
64,2,246,326.5605
64,2,247,326.5605
64,2,248,326.5605
64,2,249,326.5605
64,2,250,326.5605
64,2,251,326.5605
64,2,252,326.5605
64,2,253,326.5605
64,2,254,326.5605
64,2,255,326.5605
64,2,256,326.5605
64,2,257,326.5605
64,2,258,326.5605
64,2,259,326.5605
64,2,260,326.5605
64,2,261,326.5605
64,2,262,326.5605
64,2,263,326.5605
64,2,264,326.5605
64,2,265,326.5605
64,2,266,326.5605
64,2,267,326.5605
64,2,268,326.5605
64,2,269,326.5605
64,2,270,326.5605
64,2,271,326.5605
64,2,272,326.5605
64,2,273,326.5605
64,2,274,326.5605
64,2,275,326.5605
64,2,276,326.5605
64,2,277,326.5605
64,2,278,326.5605
64,2,279,326.5605
64,2,280,326.5605
64,2,281,326.5605
64,2,282,326.5605
64,2,283,326.5605
64,2,284,326.5605
64,2,285,326.5605
64,2,286,326.5605
64,2,287,326.5605
64,2,288,326.5605
64,2,289,326.5605
64,2,290,326.5605
64,2,291,326.5605
64,2,292,326.5605
64,2,293,326.5605
64,2,294,326.5605
64,2,295,326.5605
64,2,296,326.5605
64,2,297,326.5605
64,2,298,326.5605
64,2,299,326.5605
64,2,300,326.5605
64,2,301,326.5605
64,2,302,326.5605
64,2,303,326.5605
64,2,304,326.5605
64,2,305,326.5605
64,2,306,326.5605
64,2,307,326.5605
64,2,308,326.5605
64,2,309,326.5605
64,2,310,326.5605
64,2,311,326.5605
64,2,312,326.5605
64,2,313,326.5605
64,2,314,326.5605
64,2,315,326.5605
64,2,316,326.5605
64,2,317,326.5605
64,2,318,326.5605
64,2,319,326.5605
64,2,320,326.5605
64,2,321,326.5605
64,2,322,326.5605
64,2,323,326.5605
64,2,324,326.5605
64,2,325,326.5605
64,2,326,326.5605
64,2,327,326.5605
64,2,328,326.5605
64,2,329,326.5605
64,2,330,326.5605
64,2,331,326.5605
64,2,332,326.5605
64,2,333,326.5605
64,2,334,326.5605
64,2,335,326.5605
64,2,336,326.5605
64,2,337,326.5605
64,2,338,326.5605
64,2,339,326.5605
64,2,340,326.5605
64,2,341,326.5605
64,2,342,326.5605
64,2,343,326.5605
64,2,344,326.5605
64,2,345,326.5605
64,2,346,326.5605
64,2,347,326.5605
64,2,348,326.5605
64,2,349,326.5605
64,2,350,326.5605
64,2,351,326.5605
64,2,352,326.5605
64,2,353,326.5605
64,2,354,326.5605
64,2,355,326.5605
64,2,356,326.5605
64,2,357,326.5605
64,2,358,326.5605
64,2,359,326.5605
64,2,360,326.5605
64,3,1,544.1479
64,3,2,544.1479
64,3,3,544.1479
64,3,4,544.1479
64,3,5,544.1479
64,3,6,544.1479
64,3,7,544.1479
64,3,8,544.1479
64,3,9,544.1479
64,3,10,544.1479
64,3,11,544.1479
64,3,12,544.1479
64,3,13,544.1479
64,3,14,544.1479
64,3,15,544.1479
64,3,16,544.1479
64,3,17,544.1479
64,3,18,544.1479
64,3,19,544.1479
64,3,20,544.1479
64,3,21,544.1479
64,3,22,544.1479
64,3,23,544.1479
64,3,24,544.1479
64,3,25,544.1479
64,3,26,544.1479
64,3,27,544.1479
64,3,28,544.1479
64,3,29,544.1479
64,3,30,544.1479
64,3,31,544.1479
64,3,32,544.1479
64,3,33,544.1479
64,3,34,544.1479
64,3,35,544.1479
64,3,36,544.1479
64,3,37,544.1479
64,3,38,544.1479
64,3,39,544.1479
64,3,40,544.1479
64,3,41,544.1479
64,3,42,544.1479
64,3,43,544.1479
64,3,44,544.1479
64,3,45,544.1479
64,3,46,544.1479
64,3,47,544.1479
64,3,48,544.1479
64,3,49,544.1479
64,3,50,544.1479
64,3,51,544.1479
64,3,52,544.1479
64,3,53,544.1479
64,3,54,544.1479
64,3,55,544.1479
64,3,56,544.1479
64,3,57,544.1479
64,3,58,544.1479
64,3,59,544.1479
64,3,60,544.1479
64,3,61,544.1479
64,3,62,544.1479
64,3,63,544.1479
64,3,64,544.1479
64,3,65,544.1479
64,3,66,544.1479
64,3,67,544.1479
64,3,68,544.1479
64,3,69,544.1479
64,3,70,544.1479
64,3,71,544.1479
64,3,72,544.1479
64,3,73,544.1479
64,3,74,544.1479
64,3,75,544.1479
64,3,76,544.1479
64,3,77,544.1479
64,3,78,544.1479
64,3,79,544.1479
64,3,80,544.1479
64,3,81,544.1479
64,3,82,544.1479
64,3,83,544.1479
64,3,84,544.1479
64,3,85,544.1479
64,3,86,544.1479
64,3,87,544.1479
64,3,88,544.1479
64,3,89,544.1479
64,3,90,544.1479
64,3,91,544.1479
64,3,92,544.1479
64,3,93,544.1479
64,3,94,544.1479
64,3,95,544.1479
64,3,96,544.1479
64,3,97,544.1479
64,3,98,544.1479
64,3,99,544.1479
64,3,100,544.1479
64,3,101,544.1479
64,3,102,544.1479
64,3,103,544.1479
64,3,104,544.1479
64,3,105,544.1479
64,3,106,544.1479
64,3,107,544.1479
64,3,108,544.1479
64,3,109,544.1479
64,3,110,544.1479
64,3,111,544.1479
64,3,112,544.1479
64,3,113,544.1479
64,3,114,544.1479
64,3,115,544.1479
64,3,116,544.1479
64,3,117,544.1479
64,3,118,544.1479
64,3,119,544.1479
64,3,120,544.1479
64,3,121,544.1479
64,3,122,544.1479
64,3,123,544.1479
64,3,124,544.1479
64,3,125,544.1479
64,3,126,544.1479
64,3,127,544.1479
64,3,128,544.1479
64,3,129,544.1479
64,3,130,544.1479
64,3,131,544.1479
64,3,132,544.1479
64,3,133,544.1479
64,3,134,544.1479
64,3,135,544.1479
64,3,136,544.1479
64,3,137,544.1479
64,3,138,544.1479
64,3,139,544.1479
64,3,140,544.1479
64,3,141,544.1479
64,3,142,544.1479
64,3,143,544.1479
64,3,144,544.1479
64,3,145,544.1479
64,3,146,544.1479
64,3,147,544.1479
64,3,148,544.1479
64,3,149,544.1479
64,3,150,544.1479
64,3,151,544.1479
64,3,152,544.1479
64,3,153,544.1479
64,3,154,544.1479
64,3,155,544.1479
64,3,156,544.1479
64,3,157,544.1479
64,3,158,544.1479
64,3,159,544.1479
64,3,160,544.1479
64,3,161,544.1479
64,3,162,544.1479
64,3,163,544.1479
64,3,164,544.1479
64,3,165,544.1479
64,3,166,544.1479
64,3,167,544.1479
64,3,168,544.1479
64,3,169,544.1479
64,3,170,544.1479
64,3,171,544.1479
64,3,172,544.1479
64,3,173,544.1479
64,3,174,544.1479
64,3,175,544.1479
64,3,176,544.1479
64,3,177,544.1479
64,3,178,544.1479
64,3,179,544.1479
64,3,180,544.1479
64,3,181,544.1479
64,3,182,544.1479
64,3,183,544.1479
64,3,184,544.1479
64,3,185,544.1479
64,3,186,544.1479
64,3,187,544.1479
64,3,188,544.1479
64,3,189,544.1479
64,3,190,544.1479
64,3,191,544.1479
64,3,192,544.1479
64,3,193,544.1479
64,3,194,544.1479
64,3,195,544.1479
64,3,196,544.1479
64,3,197,544.1479
64,3,198,544.1479
64,3,199,544.1479
64,3,200,544.1479
64,3,201,544.1479
64,3,202,544.1479
64,3,203,544.1479
64,3,204,544.1479
64,3,205,544.1479
64,3,206,544.1479
64,3,207,544.1479
64,3,208,544.1479
64,3,209,544.1479
64,3,210,544.1479
64,3,211,544.1479
64,3,212,544.1479
64,3,213,544.1479
64,3,214,544.1479
64,3,215,544.1479
64,3,216,544.1479
64,3,217,544.1479
64,3,218,544.1479
64,3,219,544.1479
64,3,220,544.1479
64,3,221,544.1479
64,3,222,544.1479
64,3,223,544.1479
64,3,224,544.1479
64,3,225,544.1479
64,3,226,544.1479
64,3,227,544.1479
64,3,228,544.1479
64,3,229,544.1479
64,3,230,544.1479
64,3,231,544.1479
64,3,232,544.1479
64,3,233,544.1479
64,3,234,544.1479
64,3,235,544.1479
64,3,236,544.1479
64,3,237,544.1479
64,3,238,544.1479
64,3,239,544.1479
64,3,240,544.1479
64,3,241,544.1479
64,3,242,544.1479
64,3,243,544.1479
64,3,244,544.1479
64,3,245,544.1479
64,3,246,544.1479
64,3,247,544.1479
64,3,248,544.1479
64,3,249,544.1479
64,3,250,544.1479
64,3,251,544.1479
64,3,252,544.1479
64,3,253,544.1479
64,3,254,544.1479
64,3,255,544.1479
64,3,256,544.1479
64,3,257,544.1479
64,3,258,544.1479
64,3,259,544.1479
64,3,260,544.1479
64,3,261,544.1479
64,3,262,544.1479
64,3,263,544.1479
64,3,264,544.1479
64,3,265,544.1479
64,3,266,544.1479
64,3,267,544.1479
64,3,268,544.1479
64,3,269,544.1479
64,3,270,544.1479
64,3,271,544.1479
64,3,272,544.1479
64,3,273,544.1479
64,3,274,544.1479
64,3,275,544.1479
64,3,276,544.1479
64,3,277,544.1479
64,3,278,544.1479
64,3,279,544.1479
64,3,280,544.1479
64,3,281,544.1479
64,3,282,544.1479
64,3,283,544.1479
64,3,284,544.1479
64,3,285,544.1479
64,3,286,544.1479
64,3,287,544.1479
64,3,288,544.1479
64,3,289,544.1479
64,3,290,544.1479
64,3,291,544.1479
64,3,292,544.1479
64,3,293,544.1479
64,3,294,544.1479
64,3,295,544.1479
64,3,296,544.1479
64,3,297,544.1479
64,3,298,544.1479
64,3,299,544.1479
64,3,300,544.1479
64,3,301,544.1479
64,3,302,544.1479
64,3,303,544.1479
64,3,304,544.1479
64,3,305,544.1479
64,3,306,544.1479
64,3,307,544.1479
64,3,308,544.1479
64,3,309,544.1479
64,3,310,544.1479
64,3,311,544.1479
64,3,312,544.1479
64,3,313,544.1479
64,3,314,544.1479
64,3,315,544.1479
64,3,316,544.1479
64,3,317,544.1479
64,3,318,544.1479
64,3,319,544.1479
64,3,320,544.1479
64,3,321,544.1479
64,3,322,544.1479
64,3,323,544.1479
64,3,324,544.1479
64,3,325,544.1479
64,3,326,544.1479
64,3,327,544.1479
64,3,328,544.1479
64,3,329,544.1479
64,3,330,544.1479
64,3,331,544.1479
64,3,332,544.1479
64,3,333,544.1479
64,3,334,544.1479
64,3,335,544.1479
64,3,336,544.1479
64,3,337,544.1479
64,3,338,544.1479
64,3,339,544.1479
64,3,340,544.1479
64,3,341,544.1479
64,3,342,544.1479
64,3,343,544.1479
64,3,344,544.1479
64,3,345,544.1479
64,3,346,544.1479
64,3,347,544.1479
64,3,348,544.1479
64,3,349,544.1479
64,3,350,544.1479
64,3,351,544.1479
64,3,352,544.1479
64,3,353,544.1479
64,3,354,544.1479
64,3,355,544.1479
64,3,356,544.1479
64,3,357,544.1479
64,3,358,544.1479
64,3,359,544.1479
64,3,360,544.1479
64,4,1,761.5564
64,4,2,761.5564
64,4,3,761.5564
64,4,4,761.5564
64,4,5,761.5564
64,4,6,761.5564
64,4,7,761.5564
64,4,8,761.5564
64,4,9,761.5564
64,4,10,761.5564
64,4,11,761.5564
64,4,12,761.5564
64,4,13,761.5564
64,4,14,761.5564
64,4,15,761.5564
64,4,16,761.5564
64,4,17,761.5564
64,4,18,761.5564
64,4,19,761.5564
64,4,20,761.5564
64,4,21,761.5564
64,4,22,761.5564
64,4,23,761.5564
64,4,24,761.5564
64,4,25,761.5564
64,4,26,761.5564
64,4,27,761.5564
64,4,28,761.5564
64,4,29,761.5564
64,4,30,761.5564
64,4,31,761.5564
64,4,32,761.5564
64,4,33,761.5564
64,4,34,761.5564
64,4,35,761.5564
64,4,36,761.5564
64,4,37,761.5564
64,4,38,761.5564
64,4,39,761.5564
64,4,40,761.5564
64,4,41,761.5564
64,4,42,761.5564
64,4,43,761.5564
64,4,44,761.5564
64,4,45,761.5564
64,4,46,761.5564
64,4,47,761.5564
64,4,48,761.5564
64,4,49,761.5564
64,4,50,761.5564
64,4,51,761.5564
64,4,52,761.5564
64,4,53,761.5564
64,4,54,761.5564
64,4,55,761.5564
64,4,56,761.5564
64,4,57,761.5564
64,4,58,761.5564
64,4,59,761.5564
64,4,60,761.5564
64,4,61,761.5564
64,4,62,761.5564
64,4,63,761.5564
64,4,64,761.5564
64,4,65,761.5564
64,4,66,761.5564
64,4,67,761.5564
64,4,68,761.5564
64,4,69,761.5564
64,4,70,761.5564
64,4,71,761.5564
64,4,72,761.5564
64,4,73,761.5564
64,4,74,761.5564
64,4,75,761.5564
64,4,76,761.5564
64,4,77,761.5564
64,4,78,761.5564
64,4,79,761.5564
64,4,80,761.5564
64,4,81,761.5564
64,4,82,761.5564
64,4,83,761.5564
64,4,84,761.5564
64,4,85,761.5564
64,4,86,761.5564
64,4,87,761.5564
64,4,88,761.5564
64,4,89,761.5564
64,4,90,761.5564
64,4,91,761.5564
64,4,92,761.5564
64,4,93,761.5564
64,4,94,761.5564
64,4,95,761.5564
64,4,96,761.5564
64,4,97,761.5564
64,4,98,761.5564
64,4,99,761.5564
64,4,100,761.5564
64,4,101,761.5564
64,4,102,761.5564
64,4,103,761.5564
64,4,104,761.5564
64,4,105,761.5564
64,4,106,761.5564
64,4,107,761.5564
64,4,108,761.5564
64,4,109,761.5564
64,4,110,761.5564
64,4,111,761.5564
64,4,112,761.5564
64,4,113,761.5564
64,4,114,761.5564
64,4,115,761.5564
64,4,116,761.5564
64,4,117,761.5564
64,4,118,761.5564
64,4,119,761.5564
64,4,120,761.5564
64,4,121,761.5564
64,4,122,761.5564
64,4,123,761.5564
64,4,124,761.5564
64,4,125,761.5564
64,4,126,761.5564
64,4,127,761.5564
64,4,128,761.5564
64,4,129,761.5564
64,4,130,761.5564
64,4,131,761.5564
64,4,132,761.5564
64,4,133,761.5564
64,4,134,761.5564
64,4,135,761.5564
64,4,136,761.5564
64,4,137,761.5564
64,4,138,761.5564
64,4,139,761.5564
64,4,140,761.5564
64,4,141,761.5564
64,4,142,761.5564
64,4,143,761.5564
64,4,144,761.5564
64,4,145,761.5564
64,4,146,761.5564
64,4,147,761.5564
64,4,148,761.5564
64,4,149,761.5564
64,4,150,761.5564
64,4,151,761.5564
64,4,152,761.5564
64,4,153,761.5564
64,4,154,761.5564
64,4,155,761.5564
64,4,156,761.5564
64,4,157,761.5564
64,4,158,761.5564
64,4,159,761.5564
64,4,160,761.5564
64,4,161,761.5564
64,4,162,761.5564
64,4,163,761.5564
64,4,164,761.5564
64,4,165,761.5564
64,4,166,761.5564
64,4,167,761.5564
64,4,168,761.5564
64,4,169,761.5564
64,4,170,761.5564
64,4,171,761.5564
64,4,172,761.5564
64,4,173,761.5564
64,4,174,761.5564
64,4,175,761.5564
64,4,176,761.5564
64,4,177,761.5564
64,4,178,761.5564
64,4,179,761.5564
64,4,180,761.5564
64,4,181,761.5564
64,4,182,761.5564
64,4,183,761.5564
64,4,184,761.5564
64,4,185,761.5564
64,4,186,761.5564
64,4,187,761.5564
64,4,188,761.5564
64,4,189,761.5564
64,4,190,761.5564
64,4,191,761.5564
64,4,192,761.5564
64,4,193,761.5564
64,4,194,761.5564
64,4,195,761.5564
64,4,196,761.5564
64,4,197,761.5564
64,4,198,761.5564
64,4,199,761.5564
64,4,200,761.5564
64,4,201,761.5564
64,4,202,761.5564
64,4,203,761.5564
64,4,204,761.5564
64,4,205,761.5564
64,4,206,761.5564
64,4,207,761.5564
64,4,208,761.5564
64,4,209,761.5564
64,4,210,761.5564
64,4,211,761.5564
64,4,212,761.5564
64,4,213,761.5564
64,4,214,761.5564
64,4,215,761.5564
64,4,216,761.5564
64,4,217,761.5564
64,4,218,761.5564
64,4,219,761.5564
64,4,220,761.5564
64,4,221,761.5564
64,4,222,761.5564
64,4,223,761.5564
64,4,224,761.5564
64,4,225,761.5564
64,4,226,761.5564
64,4,227,761.5564
64,4,228,761.5564
64,4,229,761.5564
64,4,230,761.5564
64,4,231,761.5564
64,4,232,761.5564
64,4,233,761.5564
64,4,234,761.5564
64,4,235,761.5564
64,4,236,761.5564
64,4,237,761.5564
64,4,238,761.5564
64,4,239,761.5564
64,4,240,761.5564
64,4,241,761.5564
64,4,242,761.5564
64,4,243,761.5564
64,4,244,761.5564
64,4,245,761.5564
64,4,246,761.5564
64,4,247,761.5564
64,4,248,761.5564
64,4,249,761.5564
64,4,250,761.5564
64,4,251,761.5564
64,4,252,761.5564
64,4,253,761.5564
64,4,254,761.5564
64,4,255,761.5564
64,4,256,761.5564
64,4,257,761.5564
64,4,258,761.5564
64,4,259,761.5564
64,4,260,761.5564
64,4,261,761.5564
64,4,262,761.5564
64,4,263,761.5564
64,4,264,761.5564
64,4,265,761.5564
64,4,266,761.5564
64,4,267,761.5564
64,4,268,761.5564
64,4,269,761.5564
64,4,270,761.5564
64,4,271,761.5564
64,4,272,761.5564
64,4,273,761.5564
64,4,274,761.5564
64,4,275,761.5564
64,4,276,761.5564
64,4,277,761.5564
64,4,278,761.5564
64,4,279,761.5564
64,4,280,761.5564
64,4,281,761.5564
64,4,282,761.5564
64,4,283,761.5564
64,4,284,761.5564
64,4,285,761.5564
64,4,286,761.5564
64,4,287,761.5564
64,4,288,761.5564
64,4,289,761.5564
64,4,290,761.5564
64,4,291,761.5564
64,4,292,761.5564
64,4,293,761.5564
64,4,294,761.5564
64,4,295,761.5564
64,4,296,761.5564
64,4,297,761.5564
64,4,298,761.5564
64,4,299,761.5564
64,4,300,761.5564
64,4,301,761.5564
64,4,302,761.5564
64,4,303,761.5564
64,4,304,761.5564
64,4,305,761.5564
64,4,306,761.5564
64,4,307,761.5564
64,4,308,761.5564
64,4,309,761.5564
64,4,310,761.5564
64,4,311,761.5564
64,4,312,761.5564
64,4,313,761.5564
64,4,314,761.5564
64,4,315,761.5564
64,4,316,761.5564
64,4,317,761.5564
64,4,318,761.5564
64,4,319,761.5564
64,4,320,761.5564
64,4,321,761.5564
64,4,322,761.5564
64,4,323,761.5564
64,4,324,761.5564
64,4,325,761.5564
64,4,326,761.5564
64,4,327,761.5564
64,4,328,761.5564
64,4,329,761.5564
64,4,330,761.5564
64,4,331,761.5564
64,4,332,761.5564
64,4,333,761.5564
64,4,334,761.5564
64,4,335,761.5564
64,4,336,761.5564
64,4,337,761.5564
64,4,338,761.5564
64,4,339,761.5564
64,4,340,761.5564
64,4,341,761.5564
64,4,342,761.5564
64,4,343,761.5564
64,4,344,761.5564
64,4,345,761.5564
64,4,346,761.5564
64,4,347,761.5564
64,4,348,761.5564
64,4,349,761.5564
64,4,350,761.5564
64,4,351,761.5564
64,4,352,761.5564
64,4,353,761.5564
64,4,354,761.5564
64,4,355,761.5564
64,4,356,761.5564
64,4,357,761.5564
64,4,358,761.5564
64,4,359,761.5564
64,4,360,761.5564
64,5,1,978.7141
64,5,2,978.7141
64,5,3,978.7141
64,5,4,978.7141
64,5,5,978.7141
64,5,6,978.7141
64,5,7,978.7141
64,5,8,978.7141
64,5,9,978.7141
64,5,10,978.7141
64,5,11,978.7141
64,5,12,978.7141
64,5,13,978.7141
64,5,14,978.7141
64,5,15,978.7141
64,5,16,978.7141
64,5,17,978.7141
64,5,18,978.7141
64,5,19,978.7141
64,5,20,978.7141
64,5,21,978.7141
64,5,22,978.7141
64,5,23,978.7141
64,5,24,978.7141
64,5,25,978.7141
64,5,26,978.7141
64,5,27,978.7141
64,5,28,978.7141
64,5,29,978.7141
64,5,30,978.7141
64,5,31,978.7141
64,5,32,978.7141
64,5,33,978.7141
64,5,34,978.7141
64,5,35,978.7141
64,5,36,978.7141
64,5,37,978.7141
64,5,38,978.7141
64,5,39,978.7141
64,5,40,978.7141
64,5,41,978.7141
64,5,42,978.7141
64,5,43,978.7141
64,5,44,978.7141
64,5,45,978.7141
64,5,46,978.7141
64,5,47,978.7141
64,5,48,978.7141
64,5,49,978.7141
64,5,50,978.7141
64,5,51,978.7141
64,5,52,978.7141
64,5,53,978.7141
64,5,54,978.7141
64,5,55,978.7141
64,5,56,978.7141
64,5,57,978.7141
64,5,58,978.7141
64,5,59,978.7141
64,5,60,978.7141
64,5,61,978.7141
64,5,62,978.7141
64,5,63,978.7141
64,5,64,978.7141
64,5,65,978.7141
64,5,66,978.7141
64,5,67,978.7141
64,5,68,978.7141
64,5,69,978.7141
64,5,70,978.7141
64,5,71,978.7141
64,5,72,978.7141
64,5,73,978.7141
64,5,74,978.7141
64,5,75,978.7141
64,5,76,978.7141
64,5,77,978.7141
64,5,78,978.7141
64,5,79,978.7141
64,5,80,978.7141
64,5,81,978.7141
64,5,82,978.7141
64,5,83,978.7141
64,5,84,978.7141
64,5,85,978.7141
64,5,86,978.7141
64,5,87,978.7141
64,5,88,978.7141
64,5,89,978.7141
64,5,90,978.7141
64,5,91,978.7141
64,5,92,978.7141
64,5,93,978.7141
64,5,94,978.7141
64,5,95,978.7141
64,5,96,978.7141
64,5,97,978.7141
64,5,98,978.7141
64,5,99,978.7141
64,5,100,978.7141
64,5,101,978.7141
64,5,102,978.7141
64,5,103,978.7141
64,5,104,978.7141
64,5,105,978.7141
64,5,106,978.7141
64,5,107,978.7141
64,5,108,978.7141
64,5,109,978.7141
64,5,110,978.7141
64,5,111,978.7141
64,5,112,978.7141
64,5,113,978.7141
64,5,114,978.7141
64,5,115,978.7141
64,5,116,978.7141
64,5,117,978.7141
64,5,118,978.7141
64,5,119,978.7141
64,5,120,978.7141
64,5,121,978.7141
64,5,122,978.7141
64,5,123,978.7141
64,5,124,978.7141
64,5,125,978.7141
64,5,126,978.7141
64,5,127,978.7141
64,5,128,978.7141
64,5,129,978.7141
64,5,130,978.7141
64,5,131,978.7141
64,5,132,978.7141
64,5,133,978.7141
64,5,134,978.7141
64,5,135,978.7141
64,5,136,978.7141
64,5,137,978.7141
64,5,138,978.7141
64,5,139,978.7141
64,5,140,978.7141
64,5,141,978.7141
64,5,142,978.7141
64,5,143,978.7141
64,5,144,978.7141
64,5,145,978.7141
64,5,146,978.7141
64,5,147,978.7141
64,5,148,978.7141
64,5,149,978.7141
64,5,150,978.7141
64,5,151,978.7141
64,5,152,978.7141
64,5,153,978.7141
64,5,154,978.7141
64,5,155,978.7141
64,5,156,978.7141
64,5,157,978.7141
64,5,158,978.7141
64,5,159,978.7141
64,5,160,978.7141
64,5,161,978.7141
64,5,162,978.7141
64,5,163,978.7141
64,5,164,978.7141
64,5,165,978.7141
64,5,166,978.7141
64,5,167,978.7141
64,5,168,978.7141
64,5,169,978.7141
64,5,170,978.7141
64,5,171,978.7141
64,5,172,978.7141
64,5,173,978.7141
64,5,174,978.7141
64,5,175,978.7141
64,5,176,978.7141
64,5,177,978.7141
64,5,178,978.7141
64,5,179,978.7141
64,5,180,978.7141
64,5,181,978.7141
64,5,182,978.7141
64,5,183,978.7141
64,5,184,978.7141
64,5,185,978.7141
64,5,186,978.7141
64,5,187,978.7141
64,5,188,978.7141
64,5,189,978.7141
64,5,190,978.7141
64,5,191,978.7141
64,5,192,978.7141
64,5,193,978.7141
64,5,194,978.7141
64,5,195,978.7141
64,5,196,978.7141
64,5,197,978.7141
64,5,198,978.7141
64,5,199,978.7141
64,5,200,978.7141
64,5,201,978.7141
64,5,202,978.7141
64,5,203,978.7141
64,5,204,978.7141
64,5,205,978.7141
64,5,206,978.7141
64,5,207,978.7141
64,5,208,978.7141
64,5,209,978.7141
64,5,210,978.7141
64,5,211,978.7141
64,5,212,978.7141
64,5,213,978.7141
64,5,214,978.7141
64,5,215,978.7141
64,5,216,978.7141
64,5,217,978.7141
64,5,218,978.7141
64,5,219,978.7141
64,5,220,978.7141
64,5,221,978.7141
64,5,222,978.7141
64,5,223,978.7141
64,5,224,978.7141
64,5,225,978.7141
64,5,226,978.7141
64,5,227,978.7141
64,5,228,978.7141
64,5,229,978.7141
64,5,230,978.7141
64,5,231,978.7141
64,5,232,978.7141
64,5,233,978.7141
64,5,234,978.7141
64,5,235,978.7141
64,5,236,978.7141
64,5,237,978.7141
64,5,238,978.7141
64,5,239,978.7141
64,5,240,978.7141
64,5,241,978.7141
64,5,242,978.7141
64,5,243,978.7141
64,5,244,978.7141
64,5,245,978.7141
64,5,246,978.7141
64,5,247,978.7141
64,5,248,978.7141
64,5,249,978.7141
64,5,250,978.7141
64,5,251,978.7141
64,5,252,978.7141
64,5,253,978.7141
64,5,254,978.7141
64,5,255,978.7141
64,5,256,978.7141
64,5,257,978.7141
64,5,258,978.7141
64,5,259,978.7141
64,5,260,978.7141
64,5,261,978.7141
64,5,262,978.7141
64,5,263,978.7141
64,5,264,978.7141
64,5,265,978.7141
64,5,266,978.7141
64,5,267,978.7141
64,5,268,978.7141
64,5,269,978.7141
64,5,270,978.7141
64,5,271,978.7141
64,5,272,978.7141
64,5,273,978.7141
64,5,274,978.7141
64,5,275,978.7141
64,5,276,978.7141
64,5,277,978.7141
64,5,278,978.7141
64,5,279,978.7141
64,5,280,978.7141
64,5,281,978.7141
64,5,282,978.7141
64,5,283,978.7141
64,5,284,978.7141
64,5,285,978.7141
64,5,286,978.7141
64,5,287,978.7141
64,5,288,978.7141
64,5,289,978.7141
64,5,290,978.7141
64,5,291,978.7141
64,5,292,978.7141
64,5,293,978.7141
64,5,294,978.7141
64,5,295,978.7141
64,5,296,978.7141
64,5,297,978.7141
64,5,298,978.7141
64,5,299,978.7141
64,5,300,978.7141
64,5,301,978.7141
64,5,302,978.7141
64,5,303,978.7141
64,5,304,978.7141
64,5,305,978.7141
64,5,306,978.7141
64,5,307,978.7141
64,5,308,978.7141
64,5,309,978.7141
64,5,310,978.7141
64,5,311,978.7141
64,5,312,978.7141
64,5,313,978.7141
64,5,314,978.7141
64,5,315,978.7141
64,5,316,978.7141
64,5,317,978.7141
64,5,318,978.7141
64,5,319,978.7141
64,5,320,978.7141
64,5,321,978.7141
64,5,322,978.7141
64,5,323,978.7141
64,5,324,978.7141
64,5,325,978.7141
64,5,326,978.7141
64,5,327,978.7141
64,5,328,978.7141
64,5,329,978.7141
64,5,330,978.7141
64,5,331,978.7141
64,5,332,978.7141
64,5,333,978.7141
64,5,334,978.7141
64,5,335,978.7141
64,5,336,978.7141
64,5,337,978.7141
64,5,338,978.7141
64,5,339,978.7141
64,5,340,978.7141
64,5,341,978.7141
64,5,342,978.7141
64,5,343,978.7141
64,5,344,978.7141
64,5,345,978.7141
64,5,346,978.7141
64,5,347,978.7141
64,5,348,978.7141
64,5,349,978.7141
64,5,350,978.7141
64,5,351,978.7141
64,5,352,978.7141
64,5,353,978.7141
64,5,354,978.7141
64,5,355,978.7141
64,5,356,978.7141
64,5,357,978.7141
64,5,358,978.7141
64,5,359,978.7141
64,5,360,978.7141
64,6,1,1195.55
64,6,2,1195.55
64,6,3,1195.55
64,6,4,1195.55
64,6,5,1195.55
64,6,6,1195.55
64,6,7,1195.55
64,6,8,1195.55
64,6,9,1195.55
64,6,10,1195.55
64,6,11,1195.55
64,6,12,1195.55
64,6,13,1195.55
64,6,14,1195.55
64,6,15,1195.55
64,6,16,1195.55
64,6,17,1195.55
64,6,18,1195.55
64,6,19,1195.55
64,6,20,1195.55
64,6,21,1195.55
64,6,22,1195.55
64,6,23,1195.55
64,6,24,1195.55
64,6,25,1195.55
64,6,26,1195.55
64,6,27,1195.55
64,6,28,1195.55
64,6,29,1195.55
64,6,30,1195.55
64,6,31,1195.55
64,6,32,1195.55
64,6,33,1195.55
64,6,34,1195.55
64,6,35,1195.55
64,6,36,1195.55
64,6,37,1195.55
64,6,38,1195.55
64,6,39,1195.55
64,6,40,1195.55
64,6,41,1195.55
64,6,42,1195.55
64,6,43,1195.55
64,6,44,1195.55
64,6,45,1195.55
64,6,46,1195.55
64,6,47,1195.55
64,6,48,1195.55
64,6,49,1195.55
64,6,50,1195.55
64,6,51,1195.55
64,6,52,1195.55
64,6,53,1195.55
64,6,54,1195.55
64,6,55,1195.55
64,6,56,1195.55
64,6,57,1195.55
64,6,58,1195.55
64,6,59,1195.55
64,6,60,1195.55
64,6,61,1195.55
64,6,62,1195.55
64,6,63,1195.55
64,6,64,1195.55
64,6,65,1195.55
64,6,66,1195.55
64,6,67,1195.55
64,6,68,1195.55
64,6,69,1195.55
64,6,70,1195.55
64,6,71,1195.55
64,6,72,1195.55
64,6,73,1195.55
64,6,74,1195.55
64,6,75,1195.55
64,6,76,1195.55
64,6,77,1195.55
64,6,78,1195.55
64,6,79,1195.55
64,6,80,1195.55
64,6,81,1195.55
64,6,82,1195.55
64,6,83,1195.55
64,6,84,1195.55
64,6,85,1195.55
64,6,86,1195.55
64,6,87,1195.55
64,6,88,1195.55
64,6,89,1195.55
64,6,90,1195.55
64,6,91,1195.55
64,6,92,1195.55
64,6,93,1195.55
64,6,94,1195.55
64,6,95,1195.55
64,6,96,1195.55
64,6,97,1195.55
64,6,98,1195.55
64,6,99,1195.55
64,6,100,1195.55
64,6,101,1195.55
64,6,102,1195.55
64,6,103,1195.55
64,6,104,1195.55
64,6,105,1195.55
64,6,106,1195.55
64,6,107,1195.55
64,6,108,1195.55
64,6,109,1195.55
64,6,110,1195.55
64,6,111,1195.55
64,6,112,1195.55
64,6,113,1195.55
64,6,114,1195.55
64,6,115,1195.55
64,6,116,1195.55
64,6,117,1195.55
64,6,118,1195.55
64,6,119,1195.55
66,6,120,1195.55
66,6,121,1195.55
66,6,122,1195.55
66,6,123,1195.55
66,6,124,1195.55
66,6,125,1195.55
66,6,126,1195.55
66,6,127,1195.55
66,6,128,1195.55
66,6,129,1195.55
66,6,130,1195.55
66,6,131,1195.55
66,6,132,1195.55
66,6,133,1195.55
66,6,134,1195.55
66,6,135,1195.55
66,6,136,1195.55
66,6,137,1195.55
66,6,138,1195.55
66,6,139,1195.55
66,6,140,1195.55
66,6,141,1195.55
66,6,142,1195.55
66,6,143,1195.55
66,6,144,1195.55
66,6,145,1195.55
66,6,146,1195.55
66,6,147,1195.55
66,6,148,1195.55
66,6,149,1195.55
66,6,150,1195.55
66,6,151,1195.55
66,6,152,1195.55
66,6,153,1195.55
66,6,154,1195.55
66,6,155,1195.55
64,6,156,1195.55
64,6,157,1195.55
64,6,158,1195.55
64,6,159,1195.55
64,6,160,1195.55
64,6,161,1195.55
64,6,162,1195.55
64,6,163,1195.55
64,6,164,1195.55
64,6,165,1195.55
64,6,166,1195.55
64,6,167,1195.55
64,6,168,1195.55
64,6,169,1195.55
64,6,170,1195.55
64,6,171,1195.55
64,6,172,1195.55
64,6,173,1195.55
64,6,174,1195.55
64,6,175,1195.55
64,6,176,1195.55
64,6,177,1195.55
64,6,178,1195.55
64,6,179,1195.55
64,6,180,1195.55
64,6,181,1195.55
64,6,182,1195.55
64,6,183,1195.55
64,6,184,1195.55
64,6,185,1195.55
64,6,186,1195.55
64,6,187,1195.55
64,6,188,1195.55
64,6,189,1195.55
64,6,190,1195.55
64,6,191,1195.55
64,6,192,1195.55
64,6,193,1195.55
64,6,194,1195.55
64,6,195,1195.55
64,6,196,1195.55
64,6,197,1195.55
64,6,198,1195.55
64,6,199,1195.55
64,6,200,1195.55
64,6,201,1195.55
64,6,202,1195.55
64,6,203,1195.55
64,6,204,1195.55
64,6,205,1195.55
64,6,206,1195.55
64,6,207,1195.55
64,6,208,1195.55
64,6,209,1195.55
64,6,210,1195.55
64,6,211,1195.55
64,6,212,1195.55
64,6,213,1195.55
64,6,214,1195.55
64,6,215,1195.55
64,6,216,1195.55
64,6,217,1195.55
64,6,218,1195.55
64,6,219,1195.55
64,6,220,1195.55
64,6,221,1195.55
64,6,222,1195.55
64,6,223,1195.55
64,6,224,1195.55
64,6,225,1195.55
64,6,226,1195.55
64,6,227,1195.55
64,6,228,1195.55
64,6,229,1195.55
64,6,230,1195.55
64,6,231,1195.55
64,6,232,1195.55
64,6,233,1195.55
64,6,234,1195.55
64,6,235,1195.55
64,6,236,1195.55
64,6,237,1195.55
64,6,238,1195.55
64,6,239,1195.55
64,6,240,1195.55
64,6,241,1195.55
64,6,242,1195.55
64,6,243,1195.55
64,6,244,1195.55
64,6,245,1195.55
64,6,246,1195.55
64,6,247,1195.55
64,6,248,1195.55
64,6,249,1195.55
64,6,250,1195.55
64,6,251,1195.55
64,6,252,1195.55
64,6,253,1195.55
64,6,254,1195.55
64,6,255,1195.55
64,6,256,1195.55
64,6,257,1195.55
64,6,258,1195.55
64,6,259,1195.55
64,6,260,1195.55
64,6,261,1195.55
64,6,262,1195.55
64,6,263,1195.55
64,6,264,1195.55
64,6,265,1195.55
64,6,266,1195.55
64,6,267,1195.55
64,6,268,1195.55
64,6,269,1195.55
64,6,270,1195.55
64,6,271,1195.55
64,6,272,1195.55
64,6,273,1195.55
64,6,274,1195.55
64,6,275,1195.55
64,6,276,1195.55
64,6,277,1195.55
64,6,278,1195.55
64,6,279,1195.55
64,6,280,1195.55
64,6,281,1195.55
64,6,282,1195.55
64,6,283,1195.55
64,6,284,1195.55
64,6,285,1195.55
64,6,286,1195.55
64,6,287,1195.55
64,6,288,1195.55
64,6,289,1195.55
64,6,290,1195.55
64,6,291,1195.55
64,6,292,1195.55
64,6,293,1195.55
64,6,294,1195.55
64,6,295,1195.55
64,6,296,1195.55
64,6,297,1195.55
64,6,298,1195.55
64,6,299,1195.55
64,6,300,1195.55
64,6,301,1195.55
64,6,302,1195.55
64,6,303,1195.55
64,6,304,1195.55
64,6,305,1195.55
64,6,306,1195.55
64,6,307,1195.55
64,6,308,1195.55
64,6,309,1195.55
64,6,310,1195.55
64,6,311,1195.55
64,6,312,1195.55
64,6,313,1195.55
64,6,314,1195.55
64,6,315,1195.55
64,6,316,1195.55
64,6,317,1195.55
64,6,318,1195.55
64,6,319,1195.55
64,6,320,1195.55
64,6,321,1195.55
64,6,322,1195.55
64,6,323,1195.55
64,6,324,1195.55
64,6,325,1195.55
64,6,326,1195.55
64,6,327,1195.55
64,6,328,1195.55
64,6,329,1195.55
64,6,330,1195.55
64,6,331,1195.55
64,6,332,1195.55
64,6,333,1195.55
64,6,334,1195.55
64,6,335,1195.55
64,6,336,1195.55
64,6,337,1195.55
64,6,338,1195.55
64,6,339,1195.55
64,6,340,1195.55
64,6,341,1195.55
64,6,342,1195.55
64,6,343,1195.55
64,6,344,1195.55
64,6,345,1195.55
64,6,346,1195.55
64,6,347,1195.55
64,6,348,1195.55
64,6,349,1195.55
64,6,350,1195.55
64,6,351,1195.55
64,6,352,1195.55
64,6,353,1195.55
64,6,354,1195.55
64,6,355,1195.55
64,6,356,1195.55
64,6,357,1195.55
64,6,358,1195.55
64,6,359,1195.55
64,6,360,1195.55
64,7,1,1411.992
64,7,2,1411.992
64,7,3,1411.992
64,7,4,1411.992
64,7,5,1411.992
64,7,6,1411.992
64,7,7,1411.992
64,7,8,1411.992
64,7,9,1411.992
64,7,10,1411.992
64,7,11,1411.992
64,7,12,1411.992
64,7,13,1411.992
64,7,14,1411.992
64,7,15,1411.992
64,7,16,1411.992
64,7,17,1411.992
64,7,18,1411.992
64,7,19,1411.992
64,7,20,1411.992
64,7,21,1411.992
64,7,22,1411.992
64,7,23,1411.992
64,7,24,1411.992
64,7,25,1411.992
64,7,26,1411.992
64,7,27,1411.992
64,7,28,1411.992
64,7,29,1411.992
64,7,30,1411.992
64,7,31,1411.992
64,7,32,1411.992
64,7,33,1411.992
64,7,34,1411.992
64,7,35,1411.992
64,7,36,1411.992
64,7,37,1411.992
64,7,38,1411.992
64,7,39,1411.992
64,7,40,1411.992
64,7,41,1411.992
64,7,42,1411.992
64,7,43,1411.992
64,7,44,1411.992
64,7,45,1411.992
64,7,46,1411.992
64,7,47,1411.992
64,7,48,1411.992
64,7,49,1411.992
64,7,50,1411.992
64,7,51,1411.992
64,7,52,1411.992
64,7,53,1411.992
64,7,54,1411.992
64,7,55,1411.992
64,7,56,1411.992
64,7,57,1411.992
64,7,58,1411.992
64,7,59,1411.992
64,7,60,1411.992
64,7,61,1411.992
64,7,62,1411.992
64,7,63,1411.992
64,7,64,1411.992
64,7,65,1411.992
64,7,66,1411.992
64,7,67,1411.992
64,7,68,1411.992
64,7,69,1411.992
64,7,70,1411.992
64,7,71,1411.992
64,7,72,1411.992
64,7,73,1411.992
64,7,74,1411.992
64,7,75,1411.992
64,7,76,1411.992
64,7,77,1411.992
64,7,78,1411.992
64,7,79,1411.992
64,7,80,1411.992
64,7,81,1411.992
64,7,82,1411.992
64,7,83,1411.992
64,7,84,1411.992
64,7,85,1411.992
64,7,86,1411.992
66,7,87,1411.992
66,7,88,1411.992
66,7,89,1411.992
66,7,90,1411.992
66,7,91,1411.992
66,7,92,1411.992
66,7,93,1411.992
66,7,94,1411.992
66,7,95,1411.992
66,7,96,1411.992
66,7,97,1411.992
66,7,98,1411.992
66,7,99,1411.992
66,7,100,1411.992
66,7,101,1411.992
66,7,102,1411.992
66,7,103,1411.992
66,7,104,1411.992
66,7,105,1411.992
66,7,106,1411.992
66,7,107,1411.992
66,7,109,1411.992
66,7,112,1411.992
66,7,113,1411.992
66,7,114,1411.992
66,7,115,1411.992
66,7,116,1411.992
66,7,117,1411.992
66,7,118,1411.992
66,7,119,1411.992
66,7,120,1411.992
66,7,121,1411.992
66,7,122,1411.992
66,7,123,1411.992
66,7,124,1411.992
66,7,125,1411.992
66,7,126,1411.992
66,7,127,1411.992
66,7,128,1411.992
66,7,129,1411.992
66,7,130,1411.992
66,7,131,1411.992
66,7,132,1411.992
66,7,133,1411.992
66,7,134,1411.992
66,7,135,1411.992
66,7,136,1411.992
66,7,139,1411.992
66,7,140,1411.992
66,7,156,1411.992
66,7,157,1411.992
66,7,158,1411.992
66,7,159,1411.992
66,7,160,1411.992
66,7,161,1411.992
66,7,162,1411.992
66,7,163,1411.992
66,7,164,1411.992
64,7,165,1411.992
64,7,166,1411.992
64,7,167,1411.992
64,7,168,1411.992
64,7,169,1411.992
64,7,170,1411.992
64,7,171,1411.992
64,7,172,1411.992
64,7,173,1411.992
64,7,174,1411.992
64,7,175,1411.992
64,7,176,1411.992
64,7,177,1411.992
64,7,178,1411.992
64,7,179,1411.992
64,7,180,1411.992
64,7,181,1411.992
64,7,182,1411.992
64,7,183,1411.992
64,7,184,1411.992
64,7,185,1411.992
64,7,186,1411.992
64,7,187,1411.992
64,7,188,1411.992
64,7,189,1411.992
64,7,190,1411.992
64,7,191,1411.992
64,7,192,1411.992
64,7,193,1411.992
64,7,194,1411.992
64,7,195,1411.992
64,7,196,1411.992
64,7,197,1411.992
64,7,198,1411.992
64,7,199,1411.992
64,7,200,1411.992
64,7,201,1411.992
64,7,202,1411.992
64,7,203,1411.992
64,7,204,1411.992
64,7,205,1411.992
64,7,206,1411.992
64,7,207,1411.992
64,7,208,1411.992
64,7,209,1411.992
64,7,210,1411.992
64,7,211,1411.992
64,7,212,1411.992
64,7,213,1411.992
64,7,214,1411.992
64,7,215,1411.992
64,7,216,1411.992
64,7,217,1411.992
64,7,218,1411.992
64,7,219,1411.992
64,7,220,1411.992
64,7,221,1411.992
64,7,222,1411.992
64,7,223,1411.992
64,7,224,1411.992
64,7,225,1411.992
64,7,226,1411.992
64,7,227,1411.992
64,7,228,1411.992
64,7,229,1411.992
64,7,230,1411.992
64,7,231,1411.992
64,7,232,1411.992
64,7,233,1411.992
64,7,234,1411.992
64,7,235,1411.992
64,7,236,1411.992
64,7,237,1411.992
64,7,238,1411.992
64,7,239,1411.992
64,7,240,1411.992
64,7,241,1411.992
64,7,242,1411.992
64,7,243,1411.992
64,7,244,1411.992
64,7,245,1411.992
64,7,246,1411.992
64,7,247,1411.992
64,7,248,1411.992
64,7,249,1411.992
64,7,250,1411.992
64,7,251,1411.992
64,7,252,1411.992
64,7,253,1411.992
64,7,254,1411.992
64,7,255,1411.992
64,7,256,1411.992
64,7,257,1411.992
64,7,258,1411.992
64,7,259,1411.992
64,7,260,1411.992
64,7,261,1411.992
64,7,262,1411.992
64,7,263,1411.992
64,7,264,1411.992
64,7,265,1411.992
64,7,266,1411.992
64,7,267,1411.992
64,7,268,1411.992
64,7,269,1411.992
64,7,270,1411.992
64,7,271,1411.992
64,7,272,1411.992
64,7,273,1411.992
64,7,274,1411.992
64,7,275,1411.992
64,7,276,1411.992
64,7,277,1411.992
64,7,278,1411.992
64,7,279,1411.992
64,7,280,1411.992
64,7,281,1411.992
64,7,282,1411.992
64,7,283,1411.992
64,7,284,1411.992
64,7,285,1411.992
64,7,286,1411.992
64,7,287,1411.992
64,7,288,1411.992
64,7,289,1411.992
64,7,290,1411.992
64,7,291,1411.992
64,7,292,1411.992
64,7,293,1411.992
64,7,294,1411.992
64,7,295,1411.992
64,7,296,1411.992
64,7,297,1411.992
64,7,298,1411.992
64,7,299,1411.992
64,7,300,1411.992
64,7,301,1411.992
64,7,302,1411.992
64,7,303,1411.992
64,7,304,1411.992
64,7,305,1411.992
64,7,306,1411.992
64,7,307,1411.992
64,7,308,1411.992
64,7,309,1411.992
64,7,310,1411.992
64,7,311,1411.992
64,7,312,1411.992
64,7,313,1411.992
64,7,314,1411.992
64,7,315,1411.992
64,7,316,1411.992
64,7,317,1411.992
64,7,318,1411.992
64,7,319,1411.992
64,7,320,1411.992
64,7,321,1411.992
64,7,322,1411.992
64,7,323,1411.992
64,7,324,1411.992
64,7,325,1411.992
64,7,326,1411.992
64,7,327,1411.992
64,7,328,1411.992
64,7,329,1411.992
64,7,330,1411.992
64,7,331,1411.992
64,7,332,1411.992
64,7,333,1411.992
64,7,334,1411.992
64,7,335,1411.992
64,7,336,1411.992
64,7,337,1411.992
64,7,338,1411.992
64,7,339,1411.992
64,7,340,1411.992
64,7,341,1411.992
64,7,342,1411.992
64,7,343,1411.992
64,7,344,1411.992
64,7,345,1411.992
64,7,346,1411.992
64,7,347,1411.992
64,7,348,1411.992
64,7,349,1411.992
64,7,350,1411.992
64,7,351,1411.992
64,7,352,1411.992
64,7,353,1411.992
64,7,354,1411.992
64,7,355,1411.992
64,7,356,1411.992
64,7,357,1411.992
64,7,358,1411.992
64,7,359,1411.992
64,7,360,1411.992
64,8,1,1627.971
64,8,2,1627.971
64,8,3,1627.971
64,8,4,1627.971
64,8,5,1627.971
64,8,6,1627.971
64,8,7,1627.971
64,8,8,1627.971
64,8,9,1627.971
64,8,10,1627.971
64,8,11,1627.971
64,8,12,1627.971
64,8,13,1627.971
64,8,14,1627.971
64,8,15,1627.971
64,8,16,1627.971
64,8,17,1627.971
64,8,18,1627.971
64,8,19,1627.971
64,8,20,1627.971
64,8,21,1627.971
64,8,22,1627.971
64,8,23,1627.971
64,8,24,1627.971
64,8,25,1627.971
64,8,26,1627.971
64,8,27,1627.971
64,8,28,1627.971
64,8,29,1627.971
64,8,30,1627.971
64,8,31,1627.971
64,8,32,1627.971
64,8,33,1627.971
64,8,34,1627.971
64,8,35,1627.971
64,8,36,1627.971
64,8,37,1627.971
64,8,38,1627.971
64,8,39,1627.971
64,8,40,1627.971
64,8,41,1627.971
64,8,42,1627.971
64,8,43,1627.971
64,8,44,1627.971
64,8,45,1627.971
64,8,46,1627.971
64,8,47,1627.971
64,8,48,1627.971
64,8,49,1627.971
64,8,50,1627.971
64,8,51,1627.971
64,8,52,1627.971
64,8,53,1627.971
64,8,54,1627.971
64,8,55,1627.971
64,8,56,1627.971
64,8,57,1627.971
64,8,58,1627.971
64,8,59,1627.971
64,8,60,1627.971
64,8,61,1627.971
64,8,62,1627.971
64,8,63,1627.971
64,8,64,1627.971
64,8,65,1627.971
64,8,66,1627.971
64,8,67,1627.971
64,8,68,1627.971
64,8,69,1627.971
64,8,70,1627.971
64,8,71,1627.971
64,8,72,1627.971
64,8,73,1627.971
64,8,74,1627.971
64,8,75,1627.971
66,8,76,1627.971
66,8,77,1627.971
66,8,78,1627.971
66,8,79,1627.971
66,8,80,1627.971
66,8,81,1627.971
66,8,82,1627.971
66,8,83,1627.971
66,8,84,1627.971
66,8,85,1627.971
66,8,86,1627.971
66,8,87,1627.971
66,8,88,1627.971
66,8,89,1627.971
66,8,90,1627.971
66,8,91,1627.971
66,8,119,1627.971
66,8,120,1627.971
66,8,121,1627.971
66,8,122,1627.971
66,8,127,1627.971
66,8,129,1627.971
66,8,159,1627.971
66,8,160,1627.971
66,8,161,1627.971
66,8,162,1627.971
66,8,163,1627.971
66,8,164,1627.971
66,8,165,1627.971
66,8,166,1627.971
66,8,167,1627.971
66,8,168,1627.971
66,8,169,1627.971
66,8,170,1627.971
64,8,171,1627.971
64,8,172,1627.971
64,8,173,1627.971
64,8,174,1627.971
64,8,175,1627.971
64,8,176,1627.971
64,8,177,1627.971
64,8,178,1627.971
64,8,179,1627.971
64,8,180,1627.971
64,8,181,1627.971
64,8,182,1627.971
20,8,183,1627.971
20,8,184,1627.971
20,8,185,1627.971
20,8,186,1627.971
20,8,187,1627.971
20,8,188,1627.971
20,8,189,1627.971
20,8,190,1627.971
20,8,191,1627.971
20,8,192,1627.971
20,8,193,1627.971
20,8,194,1627.971
20,8,195,1627.971
20,8,196,1627.971
20,8,197,1627.971
20,8,198,1627.971
20,8,199,1627.971
20,8,200,1627.971
20,8,201,1627.971
20,8,202,1627.971
20,8,203,1627.971
20,8,204,1627.971
20,8,205,1627.971
20,8,206,1627.971
20,8,207,1627.971
20,8,208,1627.971
20,8,209,1627.971
20,8,210,1627.971
20,8,211,1627.971
20,8,212,1627.971
20,8,213,1627.971
20,8,214,1627.971
20,8,215,1627.971
20,8,216,1627.971
20,8,217,1627.971
20,8,218,1627.971
20,8,219,1627.971
20,8,220,1627.971
20,8,221,1627.971
20,8,222,1627.971
20,8,223,1627.971
20,8,224,1627.971
20,8,225,1627.971
20,8,226,1627.971
20,8,227,1627.971
20,8,228,1627.971
20,8,229,1627.971
20,8,230,1627.971
20,8,231,1627.971
20,8,232,1627.971
20,8,233,1627.971
20,8,234,1627.971
20,8,235,1627.971
20,8,236,1627.971
20,8,237,1627.971
20,8,238,1627.971
20,8,239,1627.971
20,8,240,1627.971
20,8,241,1627.971
20,8,242,1627.971
20,8,243,1627.971
20,8,244,1627.971
20,8,245,1627.971
58,8,246,1627.971
58,8,247,1627.971
58,8,248,1627.971
58,8,249,1627.971
58,8,250,1627.971
58,8,251,1627.971
58,8,252,1627.971
58,8,253,1627.971
58,8,254,1627.971
58,8,255,1627.971
58,8,256,1627.971
58,8,257,1627.971
58,8,258,1627.971
58,8,259,1627.971
58,8,260,1627.971
58,8,261,1627.971
58,8,262,1627.971
58,8,263,1627.971
58,8,264,1627.971
58,8,265,1627.971
58,8,266,1627.971
58,8,267,1627.971
58,8,268,1627.971
58,8,269,1627.971
58,8,270,1627.971
58,8,271,1627.971
58,8,272,1627.971
58,8,273,1627.971
58,8,274,1627.971
58,8,275,1627.971
58,8,276,1627.971
58,8,277,1627.971
58,8,278,1627.971
64,8,279,1627.971
64,8,280,1627.971
64,8,281,1627.971
64,8,282,1627.971
64,8,283,1627.971
64,8,284,1627.971
64,8,285,1627.971
64,8,286,1627.971
64,8,287,1627.971
64,8,288,1627.971
64,8,289,1627.971
64,8,290,1627.971
64,8,291,1627.971
64,8,292,1627.971
64,8,293,1627.971
64,8,294,1627.971
64,8,295,1627.971
64,8,296,1627.971
64,8,297,1627.971
64,8,298,1627.971
64,8,299,1627.971
64,8,300,1627.971
64,8,301,1627.971
64,8,302,1627.971
64,8,303,1627.971
64,8,304,1627.971
64,8,305,1627.971
64,8,306,1627.971
64,8,307,1627.971
64,8,308,1627.971
64,8,309,1627.971
64,8,310,1627.971
64,8,311,1627.971
64,8,312,1627.971
64,8,313,1627.971
64,8,314,1627.971
64,8,315,1627.971
64,8,316,1627.971
64,8,317,1627.971
64,8,318,1627.971
64,8,319,1627.971
64,8,320,1627.971
64,8,321,1627.971
64,8,322,1627.971
64,8,323,1627.971
64,8,324,1627.971
64,8,325,1627.971
64,8,326,1627.971
64,8,327,1627.971
64,8,328,1627.971
64,8,329,1627.971
64,8,330,1627.971
64,8,331,1627.971
64,8,332,1627.971
64,8,333,1627.971
64,8,334,1627.971
64,8,335,1627.971
64,8,336,1627.971
64,8,337,1627.971
64,8,338,1627.971
64,8,339,1627.971
64,8,340,1627.971
64,8,341,1627.971
64,8,342,1627.971
64,8,343,1627.971
64,8,344,1627.971
64,8,345,1627.971
64,8,346,1627.971
64,8,347,1627.971
64,8,348,1627.971
64,8,349,1627.971
64,8,350,1627.971
64,8,351,1627.971
64,8,352,1627.971
64,8,353,1627.971
64,8,354,1627.971
64,8,355,1627.971
64,8,356,1627.971
64,8,357,1627.971
64,8,358,1627.971
64,8,359,1627.971
64,8,360,1627.971
64,9,1,1843.414
64,9,2,1843.414
64,9,3,1843.414
64,9,4,1843.414
64,9,5,1843.414
64,9,6,1843.414
64,9,7,1843.414
64,9,8,1843.414
64,9,9,1843.414
64,9,10,1843.414
64,9,11,1843.414
64,9,12,1843.414
64,9,13,1843.414
64,9,14,1843.414
64,9,15,1843.414
64,9,16,1843.414
64,9,17,1843.414
64,9,18,1843.414
64,9,19,1843.414
64,9,20,1843.414
64,9,21,1843.414
64,9,22,1843.414
64,9,23,1843.414
64,9,24,1843.414
64,9,25,1843.414
64,9,26,1843.414
64,9,27,1843.414
64,9,28,1843.414
64,9,29,1843.414
64,9,30,1843.414
64,9,31,1843.414
64,9,32,1843.414
64,9,33,1843.414
64,9,34,1843.414
64,9,35,1843.414
64,9,36,1843.414
64,9,37,1843.414
64,9,38,1843.414
64,9,39,1843.414
64,9,40,1843.414
64,9,41,1843.414
64,9,42,1843.414
64,9,43,1843.414
64,9,44,1843.414
64,9,45,1843.414
64,9,46,1843.414
64,9,47,1843.414
64,9,48,1843.414
64,9,49,1843.414
64,9,50,1843.414
64,9,51,1843.414
64,9,52,1843.414
64,9,53,1843.414
64,9,54,1843.414
64,9,55,1843.414
64,9,56,1843.414
64,9,57,1843.414
64,9,58,1843.414
64,9,59,1843.414
64,9,60,1843.414
64,9,61,1843.414
64,9,62,1843.414
64,9,63,1843.414
64,9,64,1843.414
64,9,65,1843.414
64,9,66,1843.414
64,9,67,1843.414
64,9,68,1843.414
66,9,69,1843.414
66,9,70,1843.414
66,9,71,1843.414
66,9,72,1843.414
66,9,73,1843.414
66,9,74,1843.414
66,9,75,1843.414
66,9,76,1843.414
66,9,77,1843.414
66,9,78,1843.414
66,9,79,1843.414
66,9,80,1843.414
66,9,81,1843.414
66,9,82,1843.414
66,9,83,1843.414
66,9,84,1843.414
66,9,85,1843.414
66,9,86,1843.414
66,9,89,1843.414
66,9,90,1843.414
66,9,91,1843.414
66,9,114,1843.414
66,9,115,1843.414
19,9,166,1843.414
19,9,167,1843.414
19,9,168,1843.414
19,9,169,1843.414
19,9,170,1843.414
19,9,171,1843.414
19,9,172,1843.414
19,9,173,1843.414
19,9,174,1843.414
19,9,175,1843.414
19,9,176,1843.414
19,9,177,1843.414
19,9,178,1843.414
19,9,179,1843.414
19,9,180,1843.414
20,9,181,1843.414
20,9,182,1843.414
20,9,183,1843.414
20,9,184,1843.414
20,9,185,1843.414
20,9,186,1843.414
20,9,187,1843.414
20,9,188,1843.414
20,9,189,1843.414
20,9,190,1843.414
20,9,191,1843.414
20,9,192,1843.414
20,9,193,1843.414
20,9,194,1843.414
20,9,195,1843.414
20,9,196,1843.414
20,9,197,1843.414
20,9,198,1843.414
20,9,199,1843.414
20,9,200,1843.414
20,9,201,1843.414
20,9,202,1843.414
20,9,203,1843.414
20,9,204,1843.414
20,9,205,1843.414
20,9,206,1843.414
20,9,207,1843.414
20,9,208,1843.414
20,9,209,1843.414
20,9,210,1843.414
20,9,211,1843.414
20,9,212,1843.414
20,9,213,1843.414
20,9,214,1843.414
20,9,215,1843.414
20,9,216,1843.414
20,9,217,1843.414
20,9,218,1843.414
20,9,219,1843.414
20,9,220,1843.414
20,9,221,1843.414
20,9,222,1843.414
20,9,223,1843.414
20,9,224,1843.414
20,9,225,1843.414
20,9,226,1843.414
20,9,227,1843.414
20,9,228,1843.414
20,9,229,1843.414
20,9,230,1843.414
20,9,231,1843.414
20,9,232,1843.414
20,9,233,1843.414
20,9,234,1843.414
20,9,235,1843.414
20,9,236,1843.414
20,9,237,1843.414
20,9,239,1843.414
20,9,240,1843.414
20,9,241,1843.414
20,9,242,1843.414
20,9,243,1843.414
20,9,244,1843.414
58,9,246,1843.414
58,9,247,1843.414
58,9,248,1843.414
58,9,249,1843.414
58,9,250,1843.414
58,9,251,1843.414
58,9,252,1843.414
58,9,253,1843.414
58,9,254,1843.414
58,9,255,1843.414
58,9,256,1843.414
58,9,257,1843.414
58,9,258,1843.414
58,9,259,1843.414
58,9,260,1843.414
58,9,261,1843.414
58,9,262,1843.414
58,9,263,1843.414
58,9,264,1843.414
58,9,265,1843.414
58,9,266,1843.414
58,9,267,1843.414
58,9,268,1843.414
58,9,269,1843.414
58,9,270,1843.414
58,9,271,1843.414
58,9,272,1843.414
58,9,273,1843.414
58,9,274,1843.414
57,9,278,1843.414
57,9,279,1843.414
57,9,280,1843.414
57,9,281,1843.414
57,9,282,1843.414
57,9,283,1843.414
57,9,284,1843.414
57,9,285,1843.414
64,9,286,1843.414
64,9,287,1843.414
64,9,288,1843.414
64,9,289,1843.414
64,9,290,1843.414
64,9,291,1843.414
64,9,292,1843.414
64,9,293,1843.414
64,9,294,1843.414
64,9,295,1843.414
64,9,296,1843.414
64,9,297,1843.414
64,9,298,1843.414
64,9,299,1843.414
64,9,300,1843.414
64,9,301,1843.414
64,9,302,1843.414
64,9,303,1843.414
64,9,304,1843.414
64,9,305,1843.414
64,9,306,1843.414
64,9,307,1843.414
64,9,308,1843.414
64,9,309,1843.414
64,9,310,1843.414
64,9,311,1843.414
64,9,312,1843.414
64,9,313,1843.414
64,9,314,1843.414
64,9,315,1843.414
64,9,316,1843.414
64,9,317,1843.414
64,9,318,1843.414
64,9,319,1843.414
64,9,320,1843.414
64,9,321,1843.414
64,9,322,1843.414
64,9,323,1843.414
64,9,324,1843.414
64,9,325,1843.414
64,9,326,1843.414
64,9,327,1843.414
64,9,328,1843.414
64,9,329,1843.414
64,9,330,1843.414
64,9,331,1843.414
64,9,332,1843.414
64,9,333,1843.414
64,9,334,1843.414
64,9,335,1843.414
64,9,336,1843.414
64,9,337,1843.414
64,9,338,1843.414
64,9,339,1843.414
64,9,340,1843.414
64,9,341,1843.414
64,9,342,1843.414
64,9,343,1843.414
64,9,344,1843.414
64,9,345,1843.414
64,9,346,1843.414
64,9,347,1843.414
64,9,348,1843.414
64,9,349,1843.414
64,9,350,1843.414
64,9,351,1843.414
64,9,352,1843.414
64,9,353,1843.414
64,9,354,1843.414
64,9,355,1843.414
64,9,356,1843.414
64,9,357,1843.414
64,9,358,1843.414
64,9,359,1843.414
64,9,360,1843.414
64,10,1,2058.251
64,10,2,2058.251
64,10,3,2058.251
64,10,4,2058.251
64,10,5,2058.251
64,10,6,2058.251
64,10,7,2058.251
64,10,8,2058.251
64,10,9,2058.251
64,10,10,2058.251
64,10,11,2058.251
64,10,12,2058.251
64,10,13,2058.251
64,10,14,2058.251
64,10,15,2058.251
64,10,16,2058.251
64,10,17,2058.251
64,10,18,2058.251
64,10,19,2058.251
64,10,20,2058.251
64,10,21,2058.251
64,10,22,2058.251
64,10,23,2058.251
64,10,24,2058.251
64,10,25,2058.251
64,10,26,2058.251
64,10,27,2058.251
64,10,28,2058.251
64,10,29,2058.251
64,10,30,2058.251
64,10,31,2058.251
64,10,32,2058.251
64,10,33,2058.251
64,10,34,2058.251
64,10,35,2058.251
64,10,36,2058.251
64,10,37,2058.251
64,10,38,2058.251
64,10,39,2058.251
64,10,40,2058.251
64,10,41,2058.251
64,10,42,2058.251
64,10,43,2058.251
64,10,44,2058.251
64,10,45,2058.251
64,10,46,2058.251
64,10,47,2058.251
64,10,48,2058.251
64,10,49,2058.251
64,10,50,2058.251
64,10,51,2058.251
64,10,52,2058.251
64,10,53,2058.251
64,10,54,2058.251
64,10,55,2058.251
64,10,56,2058.251
64,10,57,2058.251
64,10,58,2058.251
64,10,59,2058.251
64,10,60,2058.251
64,10,61,2058.251
64,10,62,2058.251
64,10,63,2058.251
66,10,64,2058.251
66,10,65,2058.251
66,10,66,2058.251
66,10,67,2058.251
66,10,68,2058.251
66,10,69,2058.251
66,10,70,2058.251
66,10,71,2058.251
66,10,72,2058.251
66,10,73,2058.251
66,10,74,2058.251
66,10,75,2058.251
66,10,76,2058.251
66,10,77,2058.251
66,10,78,2058.251
66,10,79,2058.251
66,10,80,2058.251
66,10,81,2058.251
66,10,82,2058.251
66,10,83,2058.251
66,10,84,2058.251
66,10,94,2058.251
66,10,110,2058.251
66,10,111,2058.251
66,10,112,2058.251
66,10,113,2058.251
66,10,114,2058.251
66,10,115,2058.251
19,10,163,2058.251
19,10,164,2058.251
19,10,165,2058.251
19,10,166,2058.251
19,10,167,2058.251
19,10,168,2058.251
19,10,169,2058.251
19,10,170,2058.251
19,10,171,2058.251
19,10,172,2058.251
19,10,173,2058.251
19,10,174,2058.251
19,10,175,2058.251
19,10,176,2058.251
19,10,177,2058.251
19,10,178,2058.251
19,10,179,2058.251
19,10,180,2058.251
19,10,181,2058.251
19,10,182,2058.251
20,10,183,2058.251
20,10,184,2058.251
20,10,185,2058.251
20,10,186,2058.251
20,10,187,2058.251
20,10,188,2058.251
20,10,189,2058.251
20,10,190,2058.251
20,10,191,2058.251
20,10,192,2058.251
20,10,193,2058.251
20,10,194,2058.251
20,10,195,2058.251
20,10,196,2058.251
20,10,197,2058.251
20,10,198,2058.251
20,10,199,2058.251
20,10,207,2058.251
20,10,208,2058.251
20,10,209,2058.251
20,10,210,2058.251
20,10,211,2058.251
20,10,212,2058.251
20,10,213,2058.251
20,10,214,2058.251
20,10,215,2058.251
20,10,216,2058.251
20,10,217,2058.251
20,10,218,2058.251
20,10,219,2058.251
20,10,220,2058.251
20,10,221,2058.251
20,10,222,2058.251
20,10,223,2058.251
20,10,224,2058.251
20,10,225,2058.251
20,10,226,2058.251
20,10,227,2058.251
20,10,228,2058.251
20,10,229,2058.251
20,10,230,2058.251
20,10,231,2058.251
20,10,232,2058.251
20,10,233,2058.251
20,10,234,2058.251
20,10,235,2058.251
20,10,236,2058.251
20,10,237,2058.251
20,10,238,2058.251
20,10,239,2058.251
20,10,240,2058.251
20,10,241,2058.251
20,10,242,2058.251
20,10,243,2058.251
20,10,244,2058.251
20,10,245,2058.251
58,10,246,2058.251
58,10,247,2058.251
58,10,248,2058.251
58,10,249,2058.251
58,10,250,2058.251
58,10,251,2058.251
58,10,252,2058.251
58,10,253,2058.251
58,10,254,2058.251
58,10,255,2058.251
58,10,256,2058.251
58,10,257,2058.251
58,10,258,2058.251
58,10,259,2058.251
58,10,260,2058.251
58,10,261,2058.251
58,10,262,2058.251
58,10,263,2058.251
58,10,264,2058.251
58,10,265,2058.251
58,10,266,2058.251
58,10,267,2058.251
58,10,268,2058.251
58,10,269,2058.251
58,10,270,2058.251
58,10,271,2058.251
58,10,272,2058.251
57,10,279,2058.251
57,10,280,2058.251
57,10,281,2058.251
57,10,282,2058.251
57,10,283,2058.251
57,10,284,2058.251
57,10,285,2058.251
57,10,286,2058.251
57,10,287,2058.251
57,10,288,2058.251
57,10,289,2058.251
57,10,290,2058.251
64,10,291,2058.251
64,10,292,2058.251
64,10,293,2058.251
64,10,294,2058.251
64,10,295,2058.251
64,10,296,2058.251
64,10,297,2058.251
64,10,298,2058.251
64,10,299,2058.251
64,10,300,2058.251
64,10,301,2058.251
64,10,302,2058.251
64,10,303,2058.251
64,10,304,2058.251
64,10,305,2058.251
64,10,306,2058.251
64,10,307,2058.251
64,10,308,2058.251
64,10,309,2058.251
64,10,310,2058.251
64,10,311,2058.251
64,10,312,2058.251
64,10,313,2058.251
64,10,314,2058.251
64,10,315,2058.251
64,10,316,2058.251
64,10,317,2058.251
64,10,318,2058.251
64,10,319,2058.251
64,10,320,2058.251
64,10,321,2058.251
64,10,322,2058.251
64,10,323,2058.251
64,10,324,2058.251
64,10,325,2058.251
64,10,326,2058.251
64,10,327,2058.251
64,10,328,2058.251
64,10,329,2058.251
64,10,330,2058.251
64,10,331,2058.251
64,10,332,2058.251
64,10,333,2058.251
64,10,334,2058.251
64,10,335,2058.251
64,10,336,2058.251
64,10,337,2058.251
64,10,338,2058.251
64,10,339,2058.251
64,10,340,2058.251
64,10,341,2058.251
64,10,342,2058.251
64,10,343,2058.251
64,10,344,2058.251
64,10,345,2058.251
64,10,346,2058.251
64,10,347,2058.251
64,10,348,2058.251
64,10,349,2058.251
64,10,350,2058.251
64,10,351,2058.251
64,10,352,2058.251
64,10,353,2058.251
64,10,354,2058.251
64,10,355,2058.251
64,10,356,2058.251
64,10,357,2058.251
64,10,358,2058.251
64,10,359,2058.251
64,10,360,2058.251
64,11,1,2272.413
64,11,2,2272.413
64,11,3,2272.413
64,11,4,2272.413
64,11,5,2272.413
64,11,6,2272.413
64,11,7,2272.413
64,11,8,2272.413
64,11,9,2272.413
64,11,10,2272.413
64,11,11,2272.413
64,11,12,2272.413
64,11,13,2272.413
64,11,14,2272.413
64,11,15,2272.413
64,11,16,2272.413
64,11,17,2272.413
64,11,18,2272.413
64,11,19,2272.413
64,11,20,2272.413
64,11,21,2272.413
64,11,22,2272.413
64,11,23,2272.413
64,11,24,2272.413
64,11,25,2272.413
64,11,26,2272.413
64,11,27,2272.413
64,11,28,2272.413
64,11,29,2272.413
64,11,30,2272.413
64,11,31,2272.413
64,11,32,2272.413
64,11,33,2272.413
64,11,34,2272.413
64,11,35,2272.413
64,11,36,2272.413
64,11,37,2272.413
64,11,38,2272.413
64,11,39,2272.413
64,11,40,2272.413
64,11,41,2272.413
64,11,42,2272.413
64,11,43,2272.413
64,11,44,2272.413
64,11,45,2272.413
64,11,46,2272.413
64,11,47,2272.413
64,11,48,2272.413
64,11,49,2272.413
64,11,50,2272.413
64,11,51,2272.413
64,11,52,2272.413
64,11,53,2272.413
64,11,54,2272.413
64,11,55,2272.413
64,11,56,2272.413
64,11,57,2272.413
64,11,58,2272.413
64,11,59,2272.413
66,11,60,2272.413
66,11,61,2272.413
66,11,62,2272.413
66,11,63,2272.413
66,11,64,2272.413
66,11,65,2272.413
66,11,66,2272.413
66,11,67,2272.413
66,11,68,2272.413
66,11,69,2272.413
66,11,70,2272.413
66,11,71,2272.413
66,11,72,2272.413
66,11,73,2272.413
66,11,74,2272.413
66,11,75,2272.413
66,11,76,2272.413
66,11,79,2272.413
66,11,80,2272.413
66,11,81,2272.413
66,11,82,2272.413
66,11,83,2272.413
66,11,84,2272.413
66,11,85,2272.413
66,11,86,2272.413
66,11,106,2272.413
66,11,107,2272.413
66,11,108,2272.413
66,11,109,2272.413
66,11,110,2272.413
66,11,111,2272.413
19,11,161,2272.413
19,11,162,2272.413
19,11,163,2272.413
19,11,164,2272.413
19,11,165,2272.413
19,11,166,2272.413
19,11,167,2272.413
19,11,168,2272.413
19,11,169,2272.413
19,11,170,2272.413
19,11,171,2272.413
19,11,172,2272.413
19,11,173,2272.413
19,11,174,2272.413
19,11,175,2272.413
19,11,176,2272.413
19,11,177,2272.413
19,11,178,2272.413
19,11,179,2272.413
19,11,180,2272.413
19,11,181,2272.413
19,11,182,2272.413
19,11,183,2272.413
19,11,184,2272.413
20,11,185,2272.413
20,11,186,2272.413
20,11,187,2272.413
20,11,188,2272.413
20,11,189,2272.413
20,11,190,2272.413
20,11,191,2272.413
20,11,201,2272.413
20,11,202,2272.413
20,11,203,2272.413
20,11,204,2272.413
20,11,205,2272.413
20,11,206,2272.413
20,11,207,2272.413
20,11,208,2272.413
20,11,209,2272.413
20,11,210,2272.413
20,11,211,2272.413
20,11,212,2272.413
20,11,213,2272.413
20,11,214,2272.413
20,11,215,2272.413
20,11,216,2272.413
20,11,217,2272.413
20,11,218,2272.413
20,11,219,2272.413
20,11,220,2272.413
20,11,221,2272.413
20,11,222,2272.413
20,11,223,2272.413
20,11,224,2272.413
20,11,225,2272.413
20,11,226,2272.413
20,11,227,2272.413
20,11,228,2272.413
20,11,229,2272.413
20,11,230,2272.413
20,11,231,2272.413
20,11,232,2272.413
20,11,233,2272.413
20,11,234,2272.413
20,11,235,2272.413
20,11,236,2272.413
20,11,237,2272.413
20,11,238,2272.413
20,11,239,2272.413
20,11,240,2272.413
20,11,241,2272.413
20,11,242,2272.413
20,11,243,2272.413
20,11,244,2272.413
20,11,245,2272.413
20,11,246,2272.413
58,11,247,2272.413
58,11,248,2272.413
58,11,249,2272.413
58,11,250,2272.413
58,11,251,2272.413
58,11,252,2272.413
58,11,253,2272.413
58,11,254,2272.413
58,11,255,2272.413
58,11,256,2272.413
58,11,257,2272.413
58,11,258,2272.413
58,11,259,2272.413
58,11,260,2272.413
58,11,261,2272.413
58,11,262,2272.413
58,11,263,2272.413
58,11,264,2272.413
58,11,265,2272.413
58,11,266,2272.413
58,11,267,2272.413
58,11,268,2272.413
58,11,269,2272.413
58,11,270,2272.413
58,11,271,2272.413
58,11,272,2272.413
58,11,273,2272.413
58,11,274,2272.413
58,11,275,2272.413
58,11,276,2272.413
57,11,281,2272.413
57,11,285,2272.413
57,11,286,2272.413
57,11,287,2272.413
57,11,288,2272.413
57,11,289,2272.413
57,11,290,2272.413
57,11,291,2272.413
57,11,292,2272.413
57,11,293,2272.413
57,11,294,2272.413
57,11,295,2272.413
64,11,296,2272.413
64,11,297,2272.413
64,11,298,2272.413
64,11,299,2272.413
64,11,300,2272.413
64,11,301,2272.413
64,11,302,2272.413
64,11,303,2272.413
64,11,304,2272.413
64,11,305,2272.413
64,11,306,2272.413
64,11,307,2272.413
64,11,308,2272.413
64,11,309,2272.413
64,11,310,2272.413
64,11,311,2272.413
64,11,312,2272.413
64,11,313,2272.413
64,11,314,2272.413
64,11,315,2272.413
64,11,316,2272.413
64,11,317,2272.413
64,11,318,2272.413
57,11,319,2272.413
57,11,320,2272.413
57,11,321,2272.413
57,11,322,2272.413
57,11,323,2272.413
57,11,324,2272.413
57,11,325,2272.413
57,11,326,2272.413
57,11,327,2272.413
57,11,328,2272.413
57,11,329,2272.413
57,11,330,2272.413
57,11,331,2272.413
57,11,332,2272.413
57,11,333,2272.413
57,11,334,2272.413
57,11,335,2272.413
56,11,336,2272.413
56,11,337,2272.413
56,11,338,2272.413
56,11,339,2272.413
56,11,340,2272.413
56,11,341,2272.413
56,11,342,2272.413
56,11,343,2272.413
56,11,344,2272.413
56,11,345,2272.413
56,11,346,2272.413
64,11,347,2272.413
64,11,348,2272.413
64,11,349,2272.413
64,11,350,2272.413
64,11,351,2272.413
64,11,352,2272.413
64,11,353,2272.413
64,11,354,2272.413
64,11,355,2272.413
64,11,356,2272.413
64,11,357,2272.413
64,11,358,2272.413
64,11,359,2272.413
64,11,360,2272.413
64,12,1,2485.829
64,12,2,2485.829
64,12,3,2485.829
64,12,4,2485.829
64,12,5,2485.829
64,12,6,2485.829
64,12,7,2485.829
64,12,8,2485.829
64,12,9,2485.829
64,12,10,2485.829
54,12,11,2485.829
54,12,12,2485.829
54,12,13,2485.829
54,12,14,2485.829
54,12,15,2485.829
54,12,16,2485.829
54,12,17,2485.829
54,12,18,2485.829
54,12,19,2485.829
54,12,20,2485.829
54,12,21,2485.829
54,12,22,2485.829
54,12,23,2485.829
54,12,24,2485.829
54,12,25,2485.829
54,12,26,2485.829
54,12,27,2485.829
54,12,28,2485.829
64,12,29,2485.829
64,12,30,2485.829
64,12,31,2485.829
64,12,32,2485.829
64,12,33,2485.829
64,12,34,2485.829
64,12,35,2485.829
64,12,36,2485.829
64,12,37,2485.829
64,12,38,2485.829
64,12,39,2485.829
64,12,40,2485.829
64,12,41,2485.829
64,12,42,2485.829
64,12,43,2485.829
64,12,44,2485.829
64,12,45,2485.829
64,12,46,2485.829
64,12,47,2485.829
64,12,48,2485.829
64,12,49,2485.829
64,12,50,2485.829
64,12,51,2485.829
64,12,52,2485.829
64,12,53,2485.829
64,12,54,2485.829
64,12,55,2485.829
64,12,56,2485.829
66,12,57,2485.829
66,12,58,2485.829
66,12,59,2485.829
66,12,60,2485.829
66,12,61,2485.829
66,12,62,2485.829
66,12,63,2485.829
66,12,64,2485.829
66,12,65,2485.829
66,12,66,2485.829
66,12,67,2485.829
66,12,71,2485.829
66,12,72,2485.829
66,12,73,2485.829
66,12,74,2485.829
66,12,75,2485.829
66,12,76,2485.829
66,12,77,2485.829
66,12,78,2485.829
66,12,79,2485.829
66,12,81,2485.829
66,12,82,2485.829
66,12,83,2485.829
66,12,86,2485.829
66,12,87,2485.829
66,12,88,2485.829
66,12,89,2485.829
66,12,90,2485.829
66,12,91,2485.829
66,12,92,2485.829
18,12,105,2485.829
18,12,106,2485.829
18,12,107,2485.829
18,12,108,2485.829
19,12,160,2485.829
19,12,161,2485.829
19,12,162,2485.829
19,12,163,2485.829
19,12,164,2485.829
19,12,165,2485.829
19,12,166,2485.829
19,12,167,2485.829
19,12,168,2485.829
19,12,169,2485.829
19,12,170,2485.829
19,12,171,2485.829
19,12,172,2485.829
19,12,173,2485.829
19,12,174,2485.829
19,12,175,2485.829
19,12,176,2485.829
19,12,177,2485.829
19,12,178,2485.829
19,12,179,2485.829
19,12,180,2485.829
19,12,181,2485.829
19,12,182,2485.829
19,12,183,2485.829
19,12,184,2485.829
19,12,185,2485.829
19,12,186,2485.829
20,12,187,2485.829
20,12,188,2485.829
20,12,189,2485.829
20,12,190,2485.829
20,12,191,2485.829
20,12,192,2485.829
20,12,193,2485.829
20,12,194,2485.829
20,12,195,2485.829
20,12,200,2485.829
20,12,201,2485.829
20,12,204,2485.829
20,12,205,2485.829
20,12,206,2485.829
20,12,207,2485.829
20,12,208,2485.829
20,12,209,2485.829
20,12,210,2485.829
20,12,211,2485.829
20,12,212,2485.829
20,12,213,2485.829
20,12,214,2485.829
20,12,215,2485.829
20,12,216,2485.829
20,12,217,2485.829
20,12,218,2485.829
20,12,219,2485.829
20,12,220,2485.829
20,12,221,2485.829
20,12,222,2485.829
20,12,223,2485.829
20,12,224,2485.829
20,12,225,2485.829
20,12,226,2485.829
20,12,227,2485.829
20,12,228,2485.829
20,12,229,2485.829
20,12,230,2485.829
20,12,231,2485.829
20,12,232,2485.829
20,12,233,2485.829
20,12,234,2485.829
20,12,235,2485.829
20,12,236,2485.829
20,12,237,2485.829
20,12,238,2485.829
20,12,239,2485.829
20,12,240,2485.829
20,12,241,2485.829
20,12,242,2485.829
20,12,243,2485.829
20,12,244,2485.829
20,12,245,2485.829
20,12,246,2485.829
20,12,247,2485.829
58,12,248,2485.829
58,12,249,2485.829
58,12,250,2485.829
58,12,251,2485.829
58,12,252,2485.829
58,12,253,2485.829
58,12,254,2485.829
58,12,255,2485.829
58,12,256,2485.829
58,12,257,2485.829
58,12,258,2485.829
58,12,259,2485.829
58,12,260,2485.829
58,12,261,2485.829
58,12,262,2485.829
58,12,263,2485.829
58,12,264,2485.829
58,12,265,2485.829
58,12,266,2485.829
58,12,267,2485.829
58,12,268,2485.829
58,12,269,2485.829
58,12,270,2485.829
58,12,271,2485.829
58,12,272,2485.829
58,12,273,2485.829
58,12,274,2485.829
58,12,275,2485.829
58,12,276,2485.829
58,12,277,2485.829
58,12,278,2485.829
58,12,279,2485.829
58,12,280,2485.829
58,12,281,2485.829
58,12,282,2485.829
58,12,283,2485.829
57,12,284,2485.829
57,12,285,2485.829
57,12,286,2485.829
57,12,287,2485.829
57,12,288,2485.829
57,12,289,2485.829
57,12,290,2485.829
57,12,291,2485.829
57,12,292,2485.829
57,12,293,2485.829
57,12,294,2485.829
57,12,295,2485.829
57,12,296,2485.829
57,12,297,2485.829
57,12,298,2485.829
57,12,299,2485.829
57,12,300,2485.829
57,12,301,2485.829
57,12,302,2485.829
64,12,303,2485.829
64,12,304,2485.829
64,12,305,2485.829
64,12,306,2485.829
64,12,307,2485.829
57,12,308,2485.829
57,12,309,2485.829
57,12,310,2485.829
57,12,311,2485.829
57,12,312,2485.829
57,12,313,2485.829
57,12,314,2485.829
57,12,315,2485.829
57,12,316,2485.829
57,12,317,2485.829
57,12,318,2485.829
57,12,319,2485.829
57,12,320,2485.829
57,12,321,2485.829
57,12,322,2485.829
57,12,323,2485.829
57,12,324,2485.829
57,12,325,2485.829
57,12,326,2485.829
57,12,327,2485.829
57,12,328,2485.829
57,12,329,2485.829
57,12,330,2485.829
57,12,331,2485.829
57,12,332,2485.829
57,12,333,2485.829
57,12,334,2485.829
57,12,335,2485.829
56,12,336,2485.829
56,12,337,2485.829
56,12,338,2485.829
56,12,339,2485.829
56,12,340,2485.829
56,12,341,2485.829
56,12,342,2485.829
56,12,343,2485.829
56,12,344,2485.829
56,12,345,2485.829
56,12,346,2485.829
56,12,347,2485.829
56,12,348,2485.829
56,12,349,2485.829
56,12,350,2485.829
64,12,351,2485.829
64,12,352,2485.829
64,12,353,2485.829
64,12,354,2485.829
64,12,355,2485.829
64,12,356,2485.829
64,12,357,2485.829
64,12,358,2485.829
64,12,359,2485.829
64,12,360,2485.829
64,13,1,2698.43
64,13,2,2698.43
64,13,3,2698.43
64,13,4,2698.43
64,13,5,2698.43
64,13,6,2698.43
64,13,7,2698.43
64,13,8,2698.43
64,13,9,2698.43
64,13,10,2698.43
54,13,11,2698.43
54,13,12,2698.43
54,13,13,2698.43
54,13,14,2698.43
54,13,15,2698.43
54,13,16,2698.43
54,13,17,2698.43
54,13,18,2698.43
54,13,19,2698.43
54,13,20,2698.43
54,13,21,2698.43
54,13,22,2698.43
54,13,23,2698.43
54,13,24,2698.43
54,13,25,2698.43
54,13,26,2698.43
54,13,27,2698.43
64,13,28,2698.43
64,13,29,2698.43
64,13,30,2698.43
64,13,31,2698.43
64,13,32,2698.43
64,13,33,2698.43
64,13,34,2698.43
64,13,35,2698.43
64,13,36,2698.43
64,13,37,2698.43
64,13,38,2698.43
64,13,39,2698.43
64,13,40,2698.43
64,13,41,2698.43
64,13,42,2698.43
64,13,43,2698.43
64,13,44,2698.43
64,13,45,2698.43
64,13,46,2698.43
64,13,47,2698.43
64,13,48,2698.43
64,13,49,2698.43
64,13,50,2698.43
64,13,51,2698.43
64,13,52,2698.43
64,13,53,2698.43
64,13,54,2698.43
66,13,55,2698.43
66,13,56,2698.43
66,13,57,2698.43
66,13,58,2698.43
66,13,59,2698.43
66,13,60,2698.43
66,13,65,2698.43
66,13,66,2698.43
66,13,67,2698.43
66,13,68,2698.43
66,13,69,2698.43
66,13,70,2698.43
66,13,71,2698.43
66,13,72,2698.43
66,13,73,2698.43
66,13,74,2698.43
66,13,75,2698.43
66,13,76,2698.43
66,13,77,2698.43
66,13,78,2698.43
66,13,79,2698.43
66,13,80,2698.43
66,13,81,2698.43
66,13,82,2698.43
66,13,83,2698.43
66,13,84,2698.43
66,13,86,2698.43
66,13,87,2698.43
66,13,88,2698.43
66,13,89,2698.43
66,13,91,2698.43
18,13,103,2698.43
18,13,104,2698.43
18,13,105,2698.43
18,13,106,2698.43
18,13,107,2698.43
18,13,108,2698.43
18,13,109,2698.43
18,13,110,2698.43
19,13,161,2698.43
19,13,162,2698.43
19,13,163,2698.43
19,13,164,2698.43
19,13,165,2698.43
19,13,166,2698.43
19,13,167,2698.43
19,13,168,2698.43
19,13,169,2698.43
19,13,170,2698.43
19,13,171,2698.43
19,13,172,2698.43
19,13,173,2698.43
19,13,174,2698.43
19,13,175,2698.43
19,13,176,2698.43
19,13,177,2698.43
19,13,178,2698.43
19,13,179,2698.43
19,13,180,2698.43
19,13,181,2698.43
19,13,182,2698.43
19,13,183,2698.43
19,13,184,2698.43
19,13,185,2698.43
19,13,186,2698.43
19,13,187,2698.43
19,13,188,2698.43
20,13,189,2698.43
20,13,190,2698.43
20,13,191,2698.43
20,13,192,2698.43
20,13,193,2698.43
20,13,194,2698.43
20,13,195,2698.43
20,13,198,2698.43
20,13,199,2698.43
20,13,200,2698.43
20,13,201,2698.43
20,13,202,2698.43
20,13,203,2698.43
20,13,204,2698.43
20,13,205,2698.43
20,13,206,2698.43
20,13,207,2698.43
20,13,208,2698.43
20,13,209,2698.43
20,13,210,2698.43
20,13,211,2698.43
20,13,212,2698.43
20,13,213,2698.43
20,13,214,2698.43
20,13,215,2698.43
20,13,216,2698.43
20,13,217,2698.43
20,13,218,2698.43
20,13,219,2698.43
20,13,220,2698.43
20,13,221,2698.43
20,13,222,2698.43
20,13,223,2698.43
20,13,224,2698.43
20,13,225,2698.43
20,13,226,2698.43
20,13,227,2698.43
20,13,228,2698.43
20,13,229,2698.43
20,13,230,2698.43
20,13,231,2698.43
20,13,232,2698.43
20,13,233,2698.43
20,13,234,2698.43
20,13,235,2698.43
20,13,236,2698.43
20,13,237,2698.43
20,13,238,2698.43
20,13,239,2698.43
20,13,240,2698.43
20,13,241,2698.43
20,13,242,2698.43
20,13,243,2698.43
20,13,244,2698.43
20,13,245,2698.43
20,13,246,2698.43
20,13,247,2698.43
20,13,248,2698.43
58,13,249,2698.43
58,13,250,2698.43
58,13,251,2698.43
58,13,252,2698.43
58,13,253,2698.43
58,13,254,2698.43
58,13,255,2698.43
58,13,256,2698.43
58,13,257,2698.43
58,13,258,2698.43
58,13,259,2698.43
58,13,260,2698.43
58,13,261,2698.43
58,13,262,2698.43
58,13,263,2698.43
58,13,264,2698.43
58,13,265,2698.43
58,13,266,2698.43
58,13,267,2698.43
58,13,268,2698.43
58,13,269,2698.43
58,13,270,2698.43
58,13,271,2698.43
58,13,272,2698.43
58,13,273,2698.43
58,13,274,2698.43
58,13,275,2698.43
58,13,276,2698.43
58,13,277,2698.43
58,13,278,2698.43
58,13,279,2698.43
58,13,280,2698.43
58,13,281,2698.43
57,13,287,2698.43
57,13,288,2698.43
57,13,289,2698.43
57,13,290,2698.43
57,13,291,2698.43
57,13,292,2698.43
57,13,293,2698.43
57,13,294,2698.43
57,13,295,2698.43
57,13,296,2698.43
57,13,297,2698.43
57,13,298,2698.43
57,13,299,2698.43
57,13,300,2698.43
57,13,301,2698.43
57,13,302,2698.43
57,13,303,2698.43
57,13,304,2698.43
57,13,305,2698.43
57,13,306,2698.43
57,13,307,2698.43
57,13,308,2698.43
57,13,309,2698.43
57,13,310,2698.43
57,13,311,2698.43
57,13,312,2698.43
57,13,313,2698.43
57,13,314,2698.43
57,13,315,2698.43
57,13,316,2698.43
57,13,317,2698.43
57,13,318,2698.43
57,13,319,2698.43
57,13,320,2698.43
57,13,321,2698.43
57,13,322,2698.43
57,13,323,2698.43
57,13,324,2698.43
57,13,325,2698.43
57,13,326,2698.43
57,13,327,2698.43
57,13,328,2698.43
57,13,329,2698.43
57,13,330,2698.43
57,13,331,2698.43
57,13,332,2698.43
57,13,333,2698.43
57,13,334,2698.43
57,13,335,2698.43
56,13,336,2698.43
56,13,337,2698.43
56,13,338,2698.43
56,13,339,2698.43
56,13,340,2698.43
56,13,341,2698.43
56,13,342,2698.43
56,13,343,2698.43
56,13,344,2698.43
56,13,345,2698.43
56,13,346,2698.43
56,13,347,2698.43
56,13,348,2698.43
56,13,349,2698.43
56,13,350,2698.43
56,13,351,2698.43
56,13,352,2698.43
56,13,353,2698.43
64,13,354,2698.43
64,13,355,2698.43
64,13,356,2698.43
64,13,357,2698.43
64,13,358,2698.43
64,13,359,2698.43
64,13,360,2698.43
64,14,1,2910.147
64,14,2,2910.147
64,14,3,2910.147
64,14,4,2910.147
64,14,5,2910.147
64,14,6,2910.147
64,14,7,2910.147
64,14,8,2910.147
64,14,9,2910.147
64,14,10,2910.147
54,14,11,2910.147
54,14,12,2910.147
54,14,13,2910.147
54,14,14,2910.147
54,14,15,2910.147
54,14,16,2910.147
54,14,17,2910.147
54,14,18,2910.147
54,14,19,2910.147
54,14,20,2910.147
54,14,21,2910.147
54,14,22,2910.147
54,14,23,2910.147
54,14,24,2910.147
54,14,25,2910.147
55,14,26,2910.147
64,14,27,2910.147
64,14,28,2910.147
64,14,29,2910.147
64,14,30,2910.147
64,14,31,2910.147
64,14,32,2910.147
64,14,33,2910.147
64,14,34,2910.147
64,14,35,2910.147
64,14,36,2910.147
64,14,37,2910.147
64,14,38,2910.147
64,14,39,2910.147
64,14,40,2910.147
64,14,41,2910.147
64,14,42,2910.147
64,14,43,2910.147
64,14,44,2910.147
64,14,45,2910.147
64,14,46,2910.147
64,14,47,2910.147
64,14,48,2910.147
55,14,49,2910.147
55,14,50,2910.147
55,14,51,2910.147
55,14,52,2910.147
55,14,53,2910.147
55,14,54,2910.147
55,14,55,2910.147
55,14,56,2910.147
55,14,57,2910.147
55,14,58,2910.147
66,14,62,2910.147
66,14,63,2910.147
66,14,64,2910.147
66,14,69,2910.147
66,14,70,2910.147
66,14,73,2910.147
66,14,74,2910.147
66,14,75,2910.147
66,14,76,2910.147
66,14,78,2910.147
18,14,83,2910.147
18,14,84,2910.147
18,14,85,2910.147
18,14,86,2910.147
18,14,87,2910.147
18,14,91,2910.147
18,14,92,2910.147
18,14,93,2910.147
18,14,94,2910.147
18,14,95,2910.147
18,14,96,2910.147
18,14,97,2910.147
18,14,98,2910.147
18,14,99,2910.147
18,14,100,2910.147
18,14,101,2910.147
18,14,102,2910.147
18,14,103,2910.147
18,14,104,2910.147
18,14,105,2910.147
18,14,106,2910.147
18,14,107,2910.147
18,14,108,2910.147
18,14,109,2910.147
18,14,110,2910.147
18,14,111,2910.147
18,14,112,2910.147
18,14,113,2910.147
18,14,114,2910.147
18,14,115,2910.147
18,14,116,2910.147
18,14,117,2910.147
18,14,118,2910.147
18,14,119,2910.147
18,14,120,2910.147
19,14,161,2910.147
19,14,162,2910.147
19,14,163,2910.147
19,14,164,2910.147
19,14,165,2910.147
19,14,166,2910.147
19,14,167,2910.147
19,14,168,2910.147
19,14,169,2910.147
19,14,170,2910.147
19,14,171,2910.147
19,14,172,2910.147
19,14,173,2910.147
19,14,174,2910.147
19,14,175,2910.147
19,14,176,2910.147
19,14,177,2910.147
19,14,178,2910.147
19,14,179,2910.147
19,14,180,2910.147
19,14,181,2910.147
19,14,182,2910.147
19,14,183,2910.147
19,14,184,2910.147
19,14,185,2910.147
19,14,186,2910.147
19,14,187,2910.147
19,14,188,2910.147
21,14,189,2910.147
21,14,190,2910.147
21,14,191,2910.147
21,14,192,2910.147
20,14,193,2910.147
20,14,194,2910.147
20,14,195,2910.147
20,14,196,2910.147
20,14,197,2910.147
20,14,198,2910.147
20,14,199,2910.147
20,14,200,2910.147
20,14,201,2910.147
20,14,202,2910.147
20,14,203,2910.147
20,14,204,2910.147
20,14,205,2910.147
20,14,206,2910.147
20,14,207,2910.147
20,14,208,2910.147
20,14,209,2910.147
20,14,210,2910.147
20,14,211,2910.147
20,14,212,2910.147
20,14,213,2910.147
20,14,214,2910.147
20,14,215,2910.147
20,14,216,2910.147
20,14,217,2910.147
20,14,218,2910.147
20,14,219,2910.147
20,14,220,2910.147
20,14,221,2910.147
20,14,222,2910.147
20,14,223,2910.147
20,14,224,2910.147
20,14,225,2910.147
20,14,226,2910.147
20,14,227,2910.147
20,14,228,2910.147
20,14,229,2910.147
20,14,230,2910.147
20,14,231,2910.147
20,14,232,2910.147
20,14,233,2910.147
20,14,234,2910.147
20,14,235,2910.147
20,14,236,2910.147
20,14,237,2910.147
20,14,238,2910.147
20,14,239,2910.147
20,14,240,2910.147
58,14,248,2910.147
58,14,249,2910.147
58,14,250,2910.147
58,14,251,2910.147
58,14,252,2910.147
58,14,253,2910.147
58,14,254,2910.147
58,14,255,2910.147
58,14,256,2910.147
58,14,257,2910.147
58,14,258,2910.147
58,14,259,2910.147
58,14,260,2910.147
58,14,261,2910.147
58,14,262,2910.147
58,14,263,2910.147
58,14,264,2910.147
58,14,265,2910.147
58,14,266,2910.147
58,14,267,2910.147
58,14,268,2910.147
58,14,269,2910.147
58,14,270,2910.147
58,14,271,2910.147
58,14,272,2910.147
58,14,273,2910.147
58,14,274,2910.147
58,14,278,2910.147
57,14,294,2910.147
57,14,295,2910.147
57,14,296,2910.147
57,14,297,2910.147
57,14,298,2910.147
57,14,299,2910.147
57,14,300,2910.147
57,14,301,2910.147
57,14,302,2910.147
57,14,303,2910.147
57,14,304,2910.147
57,14,305,2910.147
57,14,306,2910.147
57,14,307,2910.147
57,14,308,2910.147
57,14,309,2910.147
57,14,310,2910.147
57,14,311,2910.147
57,14,312,2910.147
57,14,313,2910.147
57,14,314,2910.147
57,14,315,2910.147
57,14,316,2910.147
57,14,317,2910.147
57,14,318,2910.147
57,14,320,2910.147
57,14,321,2910.147
57,14,323,2910.147
57,14,324,2910.147
57,14,325,2910.147
57,14,326,2910.147
57,14,327,2910.147
57,14,328,2910.147
57,14,329,2910.147
57,14,330,2910.147
57,14,331,2910.147
57,14,332,2910.147
57,14,333,2910.147
57,14,334,2910.147
57,14,335,2910.147
56,14,336,2910.147
56,14,337,2910.147
56,14,338,2910.147
56,14,339,2910.147
56,14,340,2910.147
56,14,341,2910.147
56,14,342,2910.147
56,14,343,2910.147
56,14,344,2910.147
56,14,345,2910.147
56,14,346,2910.147
56,14,347,2910.147
56,14,348,2910.147
56,14,349,2910.147
56,14,350,2910.147
56,14,351,2910.147
56,14,352,2910.147
56,14,353,2910.147
56,14,354,2910.147
56,14,355,2910.147
64,14,356,2910.147
64,14,357,2910.147
64,14,358,2910.147
64,14,359,2910.147
64,14,360,2910.147
54,15,1,3120.911
54,15,2,3120.911
54,15,3,3120.911
54,15,4,3120.911
54,15,5,3120.911
54,15,6,3120.911
54,15,7,3120.911
54,15,8,3120.911
54,15,9,3120.911
54,15,10,3120.911
54,15,11,3120.911
54,15,12,3120.911
54,15,13,3120.911
54,15,14,3120.911
54,15,15,3120.911
54,15,16,3120.911
54,15,17,3120.911
54,15,18,3120.911
54,15,19,3120.911
54,15,20,3120.911
54,15,21,3120.911
54,15,22,3120.911
54,15,23,3120.911
54,15,24,3120.911
55,15,25,3120.911
55,15,26,3120.911
55,15,27,3120.911
55,15,28,3120.911
55,15,29,3120.911
55,15,30,3120.911
55,15,31,3120.911
55,15,32,3120.911
55,15,33,3120.911
55,15,34,3120.911
55,15,35,3120.911
55,15,36,3120.911
55,15,37,3120.911
55,15,38,3120.911
55,15,39,3120.911
55,15,40,3120.911
55,15,41,3120.911
55,15,42,3120.911
55,15,43,3120.911
55,15,44,3120.911
55,15,45,3120.911
55,15,46,3120.911
55,15,47,3120.911
55,15,48,3120.911
55,15,49,3120.911
55,15,50,3120.911
55,15,51,3120.911
55,15,52,3120.911
55,15,53,3120.911
55,15,54,3120.911
55,15,55,3120.911
55,15,56,3120.911
55,15,57,3120.911
55,15,58,3120.911
55,15,59,3120.911
55,15,60,3120.911
55,15,61,3120.911
55,15,62,3120.911
55,15,63,3120.911
55,15,64,3120.911
55,15,65,3120.911
55,15,66,3120.911
55,15,75,3120.911
55,15,76,3120.911
55,15,77,3120.911
55,15,78,3120.911
55,15,79,3120.911
55,15,80,3120.911
18,15,82,3120.911
18,15,83,3120.911
18,15,84,3120.911
18,15,87,3120.911
18,15,88,3120.911
18,15,101,3120.911
18,15,102,3120.911
18,15,103,3120.911
18,15,104,3120.911
18,15,105,3120.911
18,15,106,3120.911
18,15,107,3120.911
18,15,108,3120.911
18,15,109,3120.911
18,15,110,3120.911
18,15,111,3120.911
18,15,112,3120.911
18,15,113,3120.911
18,15,114,3120.911
18,15,115,3120.911
18,15,116,3120.911
18,15,117,3120.911
18,15,118,3120.911
18,15,119,3120.911
18,15,120,3120.911
18,15,121,3120.911
18,15,122,3120.911
19,15,161,3120.911
19,15,162,3120.911
19,15,163,3120.911
19,15,164,3120.911
19,15,165,3120.911
19,15,166,3120.911
19,15,167,3120.911
19,15,168,3120.911
19,15,169,3120.911
19,15,170,3120.911
19,15,171,3120.911
19,15,172,3120.911
19,15,173,3120.911
19,15,174,3120.911
19,15,175,3120.911
19,15,176,3120.911
19,15,177,3120.911
19,15,178,3120.911
19,15,179,3120.911
19,15,180,3120.911
19,15,181,3120.911
19,15,182,3120.911
19,15,183,3120.911
19,15,184,3120.911
19,15,185,3120.911
19,15,186,3120.911
19,15,187,3120.911
19,15,188,3120.911
21,15,189,3120.911
21,15,190,3120.911
21,15,191,3120.911
21,15,192,3120.911
21,15,193,3120.911
21,15,194,3120.911
21,15,195,3120.911
20,15,196,3120.911
20,15,197,3120.911
20,15,198,3120.911
20,15,199,3120.911
20,15,200,3120.911
20,15,201,3120.911
20,15,202,3120.911
20,15,203,3120.911
20,15,204,3120.911
20,15,205,3120.911
20,15,206,3120.911
20,15,207,3120.911
20,15,208,3120.911
20,15,209,3120.911
20,15,210,3120.911
20,15,211,3120.911
20,15,212,3120.911
20,15,213,3120.911
20,15,214,3120.911
20,15,215,3120.911
20,15,216,3120.911
20,15,217,3120.911
20,15,218,3120.911
20,15,219,3120.911
20,15,220,3120.911
20,15,221,3120.911
20,15,222,3120.911
20,15,223,3120.911
20,15,224,3120.911
20,15,225,3120.911
20,15,226,3120.911
20,15,227,3120.911
20,15,228,3120.911
20,15,229,3120.911
20,15,230,3120.911
20,15,231,3120.911
20,15,232,3120.911
20,15,233,3120.911
20,15,234,3120.911
20,15,235,3120.911
20,15,236,3120.911
58,15,242,3120.911
58,15,243,3120.911
58,15,244,3120.911
58,15,245,3120.911
58,15,246,3120.911
58,15,247,3120.911
58,15,248,3120.911
58,15,249,3120.911
58,15,250,3120.911
58,15,251,3120.911
58,15,252,3120.911
58,15,253,3120.911
58,15,254,3120.911
58,15,255,3120.911
58,15,256,3120.911
58,15,257,3120.911
58,15,258,3120.911
58,15,259,3120.911
58,15,260,3120.911
58,15,261,3120.911
58,15,262,3120.911
58,15,263,3120.911
58,15,264,3120.911
58,15,265,3120.911
58,15,266,3120.911
58,15,267,3120.911
57,15,294,3120.911
57,15,295,3120.911
57,15,296,3120.911
57,15,297,3120.911
57,15,298,3120.911
57,15,299,3120.911
57,15,300,3120.911
57,15,301,3120.911
57,15,302,3120.911
57,15,303,3120.911
57,15,304,3120.911
57,15,305,3120.911
57,15,306,3120.911
57,15,307,3120.911
57,15,308,3120.911
57,15,309,3120.911
57,15,310,3120.911
57,15,311,3120.911
57,15,312,3120.911
57,15,313,3120.911
57,15,314,3120.911
57,15,315,3120.911
57,15,316,3120.911
57,15,317,3120.911
57,15,318,3120.911
57,15,323,3120.911
57,15,325,3120.911
57,15,326,3120.911
57,15,327,3120.911
57,15,328,3120.911
57,15,330,3120.911
57,15,331,3120.911
57,15,332,3120.911
57,15,333,3120.911
57,15,334,3120.911
57,15,335,3120.911
56,15,336,3120.911
56,15,337,3120.911
56,15,338,3120.911
56,15,339,3120.911
56,15,340,3120.911
56,15,341,3120.911
56,15,342,3120.911
56,15,343,3120.911
56,15,344,3120.911
56,15,345,3120.911
56,15,346,3120.911
56,15,347,3120.911
56,15,348,3120.911
56,15,349,3120.911
56,15,350,3120.911
56,15,351,3120.911
56,15,352,3120.911
56,15,353,3120.911
56,15,354,3120.911
56,15,355,3120.911
54,15,356,3120.911
54,15,357,3120.911
54,15,358,3120.911
54,15,359,3120.911
54,15,360,3120.911
54,16,1,3330.654
54,16,2,3330.654
54,16,3,3330.654
54,16,4,3330.654
54,16,5,3330.654
54,16,6,3330.654
54,16,7,3330.654
54,16,8,3330.654
54,16,9,3330.654
54,16,10,3330.654
54,16,11,3330.654
54,16,12,3330.654
54,16,13,3330.654
54,16,14,3330.654
54,16,15,3330.654
54,16,16,3330.654
54,16,17,3330.654
54,16,18,3330.654
54,16,19,3330.654
54,16,20,3330.654
54,16,21,3330.654
54,16,22,3330.654
54,16,23,3330.654
55,16,24,3330.654
55,16,25,3330.654
55,16,26,3330.654
55,16,27,3330.654
55,16,28,3330.654
55,16,29,3330.654
55,16,30,3330.654
55,16,31,3330.654
55,16,32,3330.654
55,16,33,3330.654
55,16,34,3330.654
55,16,35,3330.654
55,16,36,3330.654
55,16,37,3330.654
55,16,38,3330.654
55,16,39,3330.654
55,16,40,3330.654
55,16,41,3330.654
55,16,42,3330.654
55,16,43,3330.654
55,16,44,3330.654
55,16,45,3330.654
55,16,46,3330.654
55,16,47,3330.654
55,16,48,3330.654
55,16,49,3330.654
55,16,50,3330.654
55,16,51,3330.654
55,16,52,3330.654
55,16,53,3330.654
55,16,54,3330.654
55,16,55,3330.654
55,16,56,3330.654
55,16,64,3330.654
55,16,65,3330.654
55,16,66,3330.654
55,16,67,3330.654
55,16,68,3330.654
55,16,69,3330.654
55,16,70,3330.654
55,16,71,3330.654
55,16,72,3330.654
55,16,73,3330.654
55,16,74,3330.654
55,16,75,3330.654
55,16,76,3330.654
55,16,77,3330.654
55,16,78,3330.654
55,16,79,3330.654
55,16,80,3330.654
18,16,81,3330.654
18,16,82,3330.654
18,16,83,3330.654
18,16,84,3330.654
18,16,85,3330.654
18,16,89,3330.654
18,16,90,3330.654
18,16,91,3330.654
18,16,92,3330.654
18,16,93,3330.654
18,16,94,3330.654
18,16,95,3330.654
18,16,96,3330.654
18,16,97,3330.654
18,16,98,3330.654
18,16,99,3330.654
18,16,100,3330.654
18,16,101,3330.654
18,16,102,3330.654
18,16,103,3330.654
18,16,104,3330.654
18,16,105,3330.654
18,16,106,3330.654
18,16,107,3330.654
18,16,108,3330.654
18,16,109,3330.654
18,16,110,3330.654
18,16,111,3330.654
18,16,112,3330.654
18,16,113,3330.654
18,16,114,3330.654
18,16,115,3330.654
18,16,116,3330.654
18,16,117,3330.654
18,16,118,3330.654
18,16,119,3330.654
18,16,120,3330.654
18,16,121,3330.654
18,16,122,3330.654
18,16,123,3330.654
18,16,124,3330.654
19,16,161,3330.654
19,16,162,3330.654
19,16,163,3330.654
19,16,164,3330.654
19,16,165,3330.654
19,16,166,3330.654
19,16,167,3330.654
19,16,168,3330.654
19,16,169,3330.654
19,16,170,3330.654
19,16,171,3330.654
19,16,172,3330.654
19,16,173,3330.654
19,16,174,3330.654
19,16,175,3330.654
19,16,176,3330.654
19,16,177,3330.654
19,16,178,3330.654
19,16,179,3330.654
19,16,180,3330.654
19,16,181,3330.654
19,16,182,3330.654
19,16,183,3330.654
19,16,184,3330.654
19,16,185,3330.654
19,16,186,3330.654
19,16,187,3330.654
19,16,188,3330.654
21,16,189,3330.654
21,16,190,3330.654
21,16,191,3330.654
21,16,192,3330.654
21,16,193,3330.654
21,16,194,3330.654
21,16,195,3330.654
21,16,196,3330.654
21,16,197,3330.654
20,16,198,3330.654
20,16,199,3330.654
20,16,200,3330.654
20,16,201,3330.654
20,16,202,3330.654
20,16,203,3330.654
20,16,204,3330.654
20,16,205,3330.654
20,16,206,3330.654
20,16,207,3330.654
20,16,208,3330.654
20,16,209,3330.654
20,16,210,3330.654
20,16,211,3330.654
20,16,212,3330.654
20,16,213,3330.654
20,16,214,3330.654
20,16,215,3330.654
20,16,216,3330.654
20,16,217,3330.654
20,16,218,3330.654
20,16,219,3330.654
20,16,220,3330.654
20,16,221,3330.654
20,16,222,3330.654
20,16,223,3330.654
20,16,224,3330.654
20,16,225,3330.654
20,16,226,3330.654
20,16,227,3330.654
20,16,228,3330.654
20,16,229,3330.654
20,16,230,3330.654
20,16,231,3330.654
20,16,232,3330.654
20,16,233,3330.654
20,16,234,3330.654
20,16,235,3330.654
58,16,239,3330.654
58,16,240,3330.654
58,16,241,3330.654
58,16,242,3330.654
58,16,243,3330.654
58,16,244,3330.654
58,16,245,3330.654
58,16,246,3330.654
58,16,247,3330.654
58,16,248,3330.654
58,16,249,3330.654
58,16,250,3330.654
58,16,251,3330.654
58,16,252,3330.654
58,16,253,3330.654
58,16,254,3330.654
58,16,255,3330.654
58,16,256,3330.654
58,16,257,3330.654
58,16,258,3330.654
58,16,259,3330.654
58,16,260,3330.654
58,16,261,3330.654
58,16,262,3330.654
58,16,263,3330.654
58,16,264,3330.654
58,16,265,3330.654
58,16,266,3330.654
57,16,290,3330.654
57,16,291,3330.654
57,16,292,3330.654
57,16,294,3330.654
57,16,295,3330.654
57,16,296,3330.654
57,16,297,3330.654
57,16,298,3330.654
57,16,299,3330.654
57,16,300,3330.654
57,16,301,3330.654
57,16,302,3330.654
57,16,303,3330.654
57,16,304,3330.654
57,16,305,3330.654
57,16,306,3330.654
57,16,307,3330.654
57,16,308,3330.654
57,16,309,3330.654
57,16,310,3330.654
57,16,311,3330.654
57,16,312,3330.654
57,16,313,3330.654
57,16,314,3330.654
57,16,315,3330.654
57,16,316,3330.654
57,16,317,3330.654
57,16,318,3330.654
57,16,319,3330.654
57,16,320,3330.654
57,16,321,3330.654
57,16,322,3330.654
57,16,323,3330.654
57,16,324,3330.654
57,16,325,3330.654
57,16,326,3330.654
57,16,327,3330.654
57,16,328,3330.654
57,16,329,3330.654
57,16,330,3330.654
57,16,331,3330.654
57,16,332,3330.654
57,16,333,3330.654
57,16,334,3330.654
57,16,335,3330.654
56,16,336,3330.654
56,16,337,3330.654
56,16,338,3330.654
56,16,339,3330.654
56,16,340,3330.654
56,16,341,3330.654
56,16,342,3330.654
56,16,343,3330.654
56,16,344,3330.654
56,16,345,3330.654
56,16,346,3330.654
56,16,347,3330.654
56,16,348,3330.654
56,16,349,3330.654
56,16,350,3330.654
56,16,351,3330.654
56,16,352,3330.654
56,16,353,3330.654
56,16,354,3330.654
56,16,355,3330.654
54,16,356,3330.654
54,16,357,3330.654
54,16,358,3330.654
54,16,359,3330.654
54,16,360,3330.654
54,17,1,3539.308
54,17,2,3539.308
54,17,3,3539.308
54,17,4,3539.308
54,17,5,3539.308
54,17,6,3539.308
54,17,7,3539.308
54,17,8,3539.308
54,17,9,3539.308
54,17,10,3539.308
54,17,11,3539.308
54,17,12,3539.308
54,17,13,3539.308
54,17,14,3539.308
54,17,15,3539.308
54,17,16,3539.308
54,17,17,3539.308
54,17,18,3539.308
54,17,19,3539.308
54,17,20,3539.308
54,17,21,3539.308
54,17,22,3539.308
54,17,23,3539.308
55,17,24,3539.308
55,17,25,3539.308
55,17,26,3539.308
55,17,27,3539.308
55,17,28,3539.308
55,17,29,3539.308
55,17,30,3539.308
55,17,31,3539.308
55,17,32,3539.308
55,17,33,3539.308
55,17,34,3539.308
55,17,35,3539.308
55,17,36,3539.308
55,17,37,3539.308
55,17,38,3539.308
55,17,39,3539.308
55,17,40,3539.308
55,17,41,3539.308
55,17,42,3539.308
55,17,43,3539.308
55,17,44,3539.308
55,17,45,3539.308
55,17,46,3539.308
55,17,47,3539.308
55,17,48,3539.308
55,17,49,3539.308
55,17,50,3539.308
55,17,51,3539.308
55,17,52,3539.308
55,17,53,3539.308
55,17,54,3539.308
55,17,55,3539.308
55,17,67,3539.308
55,17,68,3539.308
55,17,69,3539.308
55,17,70,3539.308
55,17,71,3539.308
55,17,72,3539.308
55,17,76,3539.308
55,17,77,3539.308
55,17,78,3539.308
55,17,79,3539.308
18,17,84,3539.308
18,17,89,3539.308
18,17,90,3539.308
18,17,91,3539.308
18,17,95,3539.308
18,17,104,3539.308
18,17,105,3539.308
18,17,106,3539.308
18,17,107,3539.308
18,17,108,3539.308
18,17,109,3539.308
18,17,110,3539.308
18,17,111,3539.308
18,17,112,3539.308
18,17,113,3539.308
18,17,114,3539.308
18,17,115,3539.308
18,17,116,3539.308
18,17,117,3539.308
18,17,118,3539.308
18,17,119,3539.308
18,17,120,3539.308
18,17,121,3539.308
18,17,122,3539.308
18,17,123,3539.308
18,17,124,3539.308
18,17,125,3539.308
19,17,159,3539.308
19,17,160,3539.308
19,17,161,3539.308
19,17,162,3539.308
19,17,163,3539.308
19,17,164,3539.308
19,17,165,3539.308
19,17,166,3539.308
19,17,167,3539.308
19,17,168,3539.308
19,17,169,3539.308
19,17,170,3539.308
19,17,171,3539.308
19,17,172,3539.308
19,17,173,3539.308
19,17,174,3539.308
19,17,175,3539.308
19,17,176,3539.308
19,17,177,3539.308
19,17,178,3539.308
19,17,179,3539.308
19,17,180,3539.308
19,17,181,3539.308
19,17,182,3539.308
19,17,183,3539.308
19,17,184,3539.308
19,17,185,3539.308
19,17,186,3539.308
21,17,187,3539.308
21,17,188,3539.308
21,17,189,3539.308
21,17,190,3539.308
21,17,191,3539.308
21,17,192,3539.308
21,17,193,3539.308
21,17,194,3539.308
21,17,195,3539.308
21,17,196,3539.308
21,17,197,3539.308
20,17,198,3539.308
20,17,199,3539.308
20,17,200,3539.308
20,17,201,3539.308
20,17,202,3539.308
20,17,203,3539.308
20,17,204,3539.308
20,17,205,3539.308
20,17,206,3539.308
20,17,207,3539.308
20,17,208,3539.308
20,17,209,3539.308
20,17,210,3539.308
20,17,211,3539.308
20,17,212,3539.308
20,17,213,3539.308
20,17,214,3539.308
20,17,215,3539.308
20,17,216,3539.308
20,17,217,3539.308
20,17,218,3539.308
20,17,219,3539.308
20,17,220,3539.308
20,17,221,3539.308
20,17,222,3539.308
20,17,223,3539.308
20,17,224,3539.308
20,17,225,3539.308
20,17,226,3539.308
20,17,227,3539.308
20,17,228,3539.308
20,17,229,3539.308
20,17,230,3539.308
20,17,231,3539.308
20,17,232,3539.308
20,17,233,3539.308
58,17,237,3539.308
58,17,238,3539.308
58,17,239,3539.308
58,17,240,3539.308
58,17,241,3539.308
58,17,242,3539.308
58,17,243,3539.308
58,17,244,3539.308
58,17,245,3539.308
58,17,246,3539.308
58,17,247,3539.308
58,17,248,3539.308
58,17,249,3539.308
58,17,250,3539.308
58,17,252,3539.308
58,17,253,3539.308
58,17,254,3539.308
58,17,255,3539.308
58,17,256,3539.308
58,17,257,3539.308
58,17,258,3539.308
58,17,259,3539.308
58,17,260,3539.308
58,17,261,3539.308
57,17,301,3539.308
57,17,302,3539.308
57,17,303,3539.308
57,17,310,3539.308
57,17,311,3539.308
57,17,312,3539.308
57,17,313,3539.308
57,17,314,3539.308
57,17,315,3539.308
57,17,316,3539.308
57,17,317,3539.308
57,17,318,3539.308
57,17,319,3539.308
57,17,320,3539.308
57,17,321,3539.308
57,17,322,3539.308
57,17,323,3539.308
57,17,324,3539.308
57,17,325,3539.308
57,17,326,3539.308
57,17,327,3539.308
57,17,328,3539.308
57,17,329,3539.308
57,17,330,3539.308
57,17,331,3539.308
57,17,332,3539.308
57,17,333,3539.308
56,17,334,3539.308
56,17,335,3539.308
56,17,336,3539.308
56,17,337,3539.308
56,17,338,3539.308
56,17,339,3539.308
56,17,340,3539.308
56,17,341,3539.308
56,17,342,3539.308
56,17,343,3539.308
56,17,344,3539.308
56,17,345,3539.308
56,17,346,3539.308
56,17,347,3539.308
56,17,348,3539.308
56,17,349,3539.308
56,17,350,3539.308
56,17,351,3539.308
56,17,352,3539.308
56,17,353,3539.308
56,17,354,3539.308
56,17,355,3539.308
54,17,356,3539.308
54,17,357,3539.308
54,17,358,3539.308
54,17,359,3539.308
54,17,360,3539.308
54,18,1,3746.807
54,18,2,3746.807
54,18,3,3746.807
54,18,4,3746.807
54,18,5,3746.807
54,18,6,3746.807
54,18,7,3746.807
54,18,8,3746.807
54,18,9,3746.807
54,18,10,3746.807
54,18,11,3746.807
54,18,12,3746.807
54,18,13,3746.807
54,18,14,3746.807
54,18,15,3746.807
54,18,16,3746.807
54,18,17,3746.807
54,18,18,3746.807
54,18,19,3746.807
54,18,20,3746.807
54,18,21,3746.807
54,18,22,3746.807
54,18,23,3746.807
55,18,24,3746.807
55,18,25,3746.807
55,18,26,3746.807
55,18,27,3746.807
55,18,28,3746.807
55,18,29,3746.807
55,18,30,3746.807
55,18,31,3746.807
55,18,32,3746.807
55,18,33,3746.807
55,18,34,3746.807
55,18,35,3746.807
55,18,36,3746.807
55,18,37,3746.807
55,18,38,3746.807
55,18,39,3746.807
55,18,40,3746.807
55,18,41,3746.807
55,18,42,3746.807
55,18,43,3746.807
55,18,44,3746.807
55,18,45,3746.807
55,18,46,3746.807
55,18,47,3746.807
55,18,48,3746.807
55,18,49,3746.807
55,18,50,3746.807
55,18,51,3746.807
55,18,52,3746.807
55,18,53,3746.807
55,18,54,3746.807
55,18,55,3746.807
55,18,61,3746.807
55,18,76,3746.807
55,18,77,3746.807
55,18,78,3746.807
55,18,79,3746.807
55,18,80,3746.807
18,18,84,3746.807
18,18,85,3746.807
18,18,87,3746.807
18,18,88,3746.807
18,18,89,3746.807
18,18,90,3746.807
18,18,95,3746.807
18,18,106,3746.807
18,18,107,3746.807
18,18,108,3746.807
18,18,109,3746.807
18,18,110,3746.807
18,18,111,3746.807
18,18,112,3746.807
18,18,113,3746.807
18,18,114,3746.807
18,18,115,3746.807
18,18,116,3746.807
18,18,117,3746.807
18,18,118,3746.807
18,18,119,3746.807
18,18,120,3746.807
18,18,121,3746.807
18,18,122,3746.807
18,18,123,3746.807
18,18,124,3746.807
18,18,125,3746.807
19,18,158,3746.807
19,18,159,3746.807
19,18,160,3746.807
19,18,161,3746.807
19,18,162,3746.807
19,18,163,3746.807
19,18,164,3746.807
19,18,165,3746.807
19,18,166,3746.807
19,18,167,3746.807
19,18,168,3746.807
19,18,169,3746.807
19,18,170,3746.807
19,18,171,3746.807
19,18,172,3746.807
19,18,173,3746.807
19,18,174,3746.807
19,18,175,3746.807
19,18,176,3746.807
19,18,177,3746.807
19,18,178,3746.807
19,18,179,3746.807
19,18,180,3746.807
19,18,181,3746.807
21,18,182,3746.807
21,18,183,3746.807
21,18,184,3746.807
21,18,185,3746.807
21,18,186,3746.807
21,18,187,3746.807
21,18,188,3746.807
21,18,189,3746.807
21,18,190,3746.807
21,18,191,3746.807
21,18,192,3746.807
21,18,193,3746.807
21,18,194,3746.807
21,18,195,3746.807
21,18,196,3746.807
21,18,197,3746.807
20,18,198,3746.807
20,18,199,3746.807
20,18,200,3746.807
20,18,201,3746.807
20,18,202,3746.807
20,18,203,3746.807
20,18,204,3746.807
20,18,205,3746.807
20,18,206,3746.807
20,18,207,3746.807
20,18,208,3746.807
20,18,209,3746.807
20,18,210,3746.807
20,18,211,3746.807
20,18,212,3746.807
20,18,213,3746.807
20,18,214,3746.807
20,18,215,3746.807
20,18,216,3746.807
20,18,217,3746.807
20,18,218,3746.807
20,18,219,3746.807
20,18,220,3746.807
20,18,221,3746.807
20,18,222,3746.807
20,18,223,3746.807
20,18,224,3746.807
20,18,225,3746.807
20,18,226,3746.807
20,18,227,3746.807
20,18,228,3746.807
20,18,229,3746.807
20,18,230,3746.807
20,18,231,3746.807
20,18,232,3746.807
58,18,236,3746.807
58,18,237,3746.807
58,18,238,3746.807
58,18,239,3746.807
58,18,240,3746.807
58,18,241,3746.807
58,18,242,3746.807
58,18,243,3746.807
58,18,244,3746.807
58,18,245,3746.807
58,18,246,3746.807
58,18,247,3746.807
58,18,248,3746.807
58,18,249,3746.807
58,18,254,3746.807
58,18,255,3746.807
58,18,256,3746.807
58,18,257,3746.807
58,18,262,3746.807
57,18,310,3746.807
57,18,311,3746.807
57,18,312,3746.807
57,18,313,3746.807
57,18,314,3746.807
57,18,315,3746.807
57,18,316,3746.807
57,18,317,3746.807
57,18,318,3746.807
57,18,319,3746.807
57,18,320,3746.807
56,18,331,3746.807
56,18,332,3746.807
56,18,333,3746.807
56,18,334,3746.807
56,18,335,3746.807
56,18,336,3746.807
56,18,337,3746.807
56,18,338,3746.807
56,18,339,3746.807
56,18,340,3746.807
56,18,341,3746.807
56,18,342,3746.807
56,18,343,3746.807
56,18,344,3746.807
56,18,345,3746.807
56,18,346,3746.807
56,18,347,3746.807
56,18,348,3746.807
56,18,349,3746.807
56,18,350,3746.807
56,18,351,3746.807
56,18,352,3746.807
56,18,353,3746.807
56,18,354,3746.807
56,18,355,3746.807
54,18,356,3746.807
54,18,357,3746.807
54,18,358,3746.807
54,18,359,3746.807
54,18,360,3746.807
54,19,3,3953.083
54,19,4,3953.083
54,19,5,3953.083
54,19,6,3953.083
54,19,7,3953.083
54,19,8,3953.083
54,19,9,3953.083
54,19,10,3953.083
54,19,11,3953.083
54,19,12,3953.083
54,19,13,3953.083
54,19,14,3953.083
54,19,15,3953.083
54,19,16,3953.083
54,19,17,3953.083
54,19,18,3953.083
54,19,19,3953.083
54,19,20,3953.083
54,19,21,3953.083
54,19,22,3953.083
54,19,23,3953.083
55,19,25,3953.083
55,19,26,3953.083
55,19,27,3953.083
55,19,28,3953.083
55,19,29,3953.083
55,19,30,3953.083
55,19,31,3953.083
55,19,32,3953.083
55,19,33,3953.083
55,19,34,3953.083
55,19,35,3953.083
55,19,36,3953.083
55,19,37,3953.083
55,19,38,3953.083
55,19,39,3953.083
55,19,40,3953.083
55,19,41,3953.083
55,19,42,3953.083
55,19,43,3953.083
55,19,44,3953.083
55,19,45,3953.083
55,19,46,3953.083
55,19,47,3953.083
55,19,48,3953.083
55,19,49,3953.083
55,19,50,3953.083
55,19,51,3953.083
55,19,52,3953.083
55,19,53,3953.083
55,19,54,3953.083
55,19,55,3953.083
55,19,56,3953.083
55,19,57,3953.083
55,19,58,3953.083
55,19,59,3953.083
55,19,60,3953.083
55,19,61,3953.083
55,19,62,3953.083
55,19,77,3953.083
55,19,78,3953.083
55,19,79,3953.083
55,19,80,3953.083
55,19,81,3953.083
55,19,82,3953.083
18,19,83,3953.083
18,19,84,3953.083
18,19,88,3953.083
18,19,89,3953.083
18,19,90,3953.083
18,19,91,3953.083
18,19,110,3953.083
18,19,111,3953.083
18,19,112,3953.083
18,19,113,3953.083
18,19,114,3953.083
18,19,115,3953.083
18,19,116,3953.083
18,19,117,3953.083
18,19,118,3953.083
18,19,119,3953.083
18,19,120,3953.083
18,19,121,3953.083
18,19,122,3953.083
18,19,123,3953.083
18,19,124,3953.083
18,19,125,3953.083
18,19,126,3953.083
18,19,127,3953.083
18,19,128,3953.083
19,19,155,3953.083
19,19,156,3953.083
19,19,159,3953.083
19,19,160,3953.083
19,19,161,3953.083
19,19,162,3953.083
19,19,163,3953.083
19,19,164,3953.083
19,19,165,3953.083
59,19,166,3953.083
59,19,167,3953.083
59,19,168,3953.083
19,19,169,3953.083
19,19,170,3953.083
19,19,171,3953.083
19,19,172,3953.083
19,19,173,3953.083
19,19,174,3953.083
19,19,175,3953.083
19,19,176,3953.083
19,19,177,3953.083
21,19,178,3953.083
21,19,179,3953.083
21,19,180,3953.083
21,19,181,3953.083
21,19,182,3953.083
21,19,183,3953.083
21,19,184,3953.083
21,19,185,3953.083
21,19,186,3953.083
21,19,187,3953.083
21,19,188,3953.083
21,19,189,3953.083
21,19,190,3953.083
21,19,191,3953.083
21,19,192,3953.083
21,19,193,3953.083
21,19,194,3953.083
21,19,195,3953.083
21,19,196,3953.083
21,19,197,3953.083
20,19,198,3953.083
20,19,199,3953.083
20,19,200,3953.083
20,19,201,3953.083
20,19,202,3953.083
20,19,203,3953.083
20,19,204,3953.083
20,19,205,3953.083
20,19,206,3953.083
20,19,207,3953.083
20,19,208,3953.083
20,19,209,3953.083
20,19,210,3953.083
20,19,211,3953.083
20,19,212,3953.083
20,19,213,3953.083
20,19,214,3953.083
20,19,215,3953.083
20,19,216,3953.083
20,19,217,3953.083
20,19,218,3953.083
20,19,219,3953.083
20,19,220,3953.083
20,19,221,3953.083
20,19,222,3953.083
20,19,223,3953.083
20,19,224,3953.083
20,19,225,3953.083
20,19,226,3953.083
20,19,227,3953.083
20,19,228,3953.083
20,19,229,3953.083
20,19,230,3953.083
20,19,231,3953.083
20,19,232,3953.083
20,19,233,3953.083
20,19,234,3953.083
58,19,238,3953.083
58,19,239,3953.083
58,19,240,3953.083
58,19,241,3953.083
58,19,242,3953.083
58,19,243,3953.083
58,19,244,3953.083
58,19,245,3953.083
58,19,246,3953.083
58,19,247,3953.083
58,19,253,3953.083
58,19,254,3953.083
57,19,311,3953.083
57,19,312,3953.083
56,19,333,3953.083
56,19,334,3953.083
56,19,335,3953.083
56,19,339,3953.083
56,19,340,3953.083
56,19,341,3953.083
56,19,342,3953.083
56,19,343,3953.083
56,19,344,3953.083
56,19,345,3953.083
56,19,346,3953.083
56,19,347,3953.083
56,19,348,3953.083
56,19,349,3953.083
56,19,350,3953.083
56,19,351,3953.083
56,19,352,3953.083
56,19,353,3953.083
56,19,354,3953.083
56,19,355,3953.083
54,19,356,3953.083
54,19,357,3953.083
54,19,358,3953.083
54,19,359,3953.083
54,20,1,4158.071
54,20,2,4158.071
54,20,3,4158.071
54,20,4,4158.071
54,20,5,4158.071
54,20,6,4158.071
54,20,7,4158.071
54,20,8,4158.071
54,20,9,4158.071
54,20,10,4158.071
54,20,11,4158.071
54,20,12,4158.071
54,20,13,4158.071
54,20,14,4158.071
54,20,15,4158.071
54,20,16,4158.071
54,20,17,4158.071
54,20,18,4158.071
55,20,36,4158.071
55,20,38,4158.071
55,20,39,4158.071
55,20,40,4158.071
55,20,41,4158.071
55,20,42,4158.071
55,20,43,4158.071
55,20,44,4158.071
55,20,45,4158.071
55,20,46,4158.071
55,20,47,4158.071
55,20,48,4158.071
55,20,49,4158.071
55,20,50,4158.071
55,20,51,4158.071
55,20,52,4158.071
55,20,54,4158.071
55,20,55,4158.071
55,20,56,4158.071
55,20,57,4158.071
55,20,58,4158.071
55,20,59,4158.071
55,20,60,4158.071
55,20,61,4158.071
55,20,62,4158.071
55,20,63,4158.071
55,20,79,4158.071
55,20,80,4158.071
55,20,81,4158.071
55,20,82,4158.071
55,20,83,4158.071
55,20,84,4158.071
18,20,89,4158.071
18,20,90,4158.071
18,20,91,4158.071
18,20,92,4158.071
18,20,93,4158.071
18,20,94,4158.071
63,20,102,4158.071
18,20,113,4158.071
18,20,114,4158.071
18,20,115,4158.071
18,20,116,4158.071
18,20,117,4158.071
18,20,118,4158.071
18,20,119,4158.071
18,20,120,4158.071
18,20,121,4158.071
18,20,122,4158.071
18,20,123,4158.071
18,20,124,4158.071
18,20,125,4158.071
19,20,157,4158.071
19,20,158,4158.071
19,20,159,4158.071
19,20,160,4158.071
19,20,161,4158.071
19,20,162,4158.071
19,20,163,4158.071
19,20,164,4158.071
59,20,165,4158.071
59,20,166,4158.071
59,20,167,4158.071
59,20,168,4158.071
59,20,169,4158.071
59,20,170,4158.071
59,20,171,4158.071
59,20,172,4158.071
21,20,173,4158.071
21,20,174,4158.071
21,20,175,4158.071
21,20,176,4158.071
21,20,177,4158.071
21,20,178,4158.071
21,20,179,4158.071
21,20,180,4158.071
21,20,181,4158.071
21,20,182,4158.071
21,20,183,4158.071
21,20,184,4158.071
21,20,185,4158.071
21,20,186,4158.071
21,20,187,4158.071
21,20,188,4158.071
21,20,189,4158.071
21,20,190,4158.071
21,20,191,4158.071
21,20,192,4158.071
21,20,193,4158.071
21,20,194,4158.071
21,20,195,4158.071
21,20,196,4158.071
21,20,197,4158.071
20,20,198,4158.071
20,20,199,4158.071
20,20,200,4158.071
20,20,201,4158.071
20,20,212,4158.071
20,20,213,4158.071
20,20,214,4158.071
20,20,215,4158.071
20,20,216,4158.071
20,20,217,4158.071
20,20,218,4158.071
20,20,219,4158.071
20,20,220,4158.071
20,20,221,4158.071
20,20,222,4158.071
20,20,223,4158.071
20,20,224,4158.071
20,20,225,4158.071
20,20,226,4158.071
20,20,227,4158.071
20,20,228,4158.071
20,20,229,4158.071
20,20,230,4158.071
20,20,231,4158.071
20,20,232,4158.071
20,20,233,4158.071
20,20,234,4158.071
20,20,235,4158.071
20,20,236,4158.071
20,20,237,4158.071
20,20,238,4158.071
20,20,239,4158.071
58,20,241,4158.071
58,20,242,4158.071
58,20,243,4158.071
58,20,244,4158.071
58,20,245,4158.071
58,20,246,4158.071
58,20,247,4158.071
58,20,254,4158.071
56,20,341,4158.071
56,20,342,4158.071
56,20,343,4158.071
56,20,344,4158.071
56,20,345,4158.071
56,20,346,4158.071
56,20,347,4158.071
56,20,348,4158.071
56,20,349,4158.071
56,20,350,4158.071
56,20,351,4158.071
56,20,353,4158.071
56,20,354,4158.071
56,20,355,4158.071
54,20,356,4158.071
54,20,357,4158.071
54,20,358,4158.071
54,20,359,4158.071
54,20,360,4158.071
54,21,1,4361.705
54,21,2,4361.705
54,21,3,4361.705
54,21,4,4361.705
54,21,5,4361.705
54,21,6,4361.705
54,21,7,4361.705
54,21,8,4361.705
54,21,9,4361.705
54,21,10,4361.705
54,21,11,4361.705
54,21,12,4361.705
54,21,13,4361.705
54,21,14,4361.705
54,21,15,4361.705
54,21,16,4361.705
55,21,43,4361.705
55,21,44,4361.705
55,21,63,4361.705
55,21,64,4361.705
55,21,66,4361.705
55,21,79,4361.705
55,21,80,4361.705
55,21,81,4361.705
55,21,85,4361.705
55,21,86,4361.705
18,21,90,4361.705
18,21,92,4361.705
18,21,93,4361.705
18,21,94,4361.705
18,21,95,4361.705
63,21,99,4361.705
63,21,100,4361.705
63,21,101,4361.705
63,21,102,4361.705
63,21,103,4361.705
63,21,104,4361.705
18,21,113,4361.705
18,21,114,4361.705
18,21,115,4361.705
18,21,116,4361.705
18,21,117,4361.705
18,21,118,4361.705
18,21,119,4361.705
18,21,120,4361.705
18,21,121,4361.705
18,21,122,4361.705
18,21,123,4361.705
18,21,124,4361.705
18,21,125,4361.705
18,21,126,4361.705
18,21,127,4361.705
18,21,128,4361.705
18,21,129,4361.705
19,21,156,4361.705
19,21,157,4361.705
19,21,158,4361.705
19,21,159,4361.705
19,21,160,4361.705
19,21,161,4361.705
19,21,162,4361.705
59,21,163,4361.705
59,21,164,4361.705
59,21,165,4361.705
59,21,166,4361.705
59,21,167,4361.705
59,21,168,4361.705
59,21,169,4361.705
59,21,170,4361.705
59,21,171,4361.705
59,21,172,4361.705
21,21,173,4361.705
21,21,174,4361.705
21,21,175,4361.705
21,21,176,4361.705
21,21,177,4361.705
21,21,178,4361.705
21,21,179,4361.705
21,21,180,4361.705
21,21,181,4361.705
21,21,182,4361.705
21,21,183,4361.705
21,21,184,4361.705
21,21,185,4361.705
21,21,186,4361.705
21,21,187,4361.705
21,21,188,4361.705
21,21,189,4361.705
21,21,190,4361.705
21,21,191,4361.705
21,21,192,4361.705
21,21,193,4361.705
20,21,194,4361.705
20,21,195,4361.705
20,21,196,4361.705
20,21,197,4361.705
20,21,217,4361.705
20,21,218,4361.705
20,21,219,4361.705
20,21,220,4361.705
20,21,221,4361.705
20,21,222,4361.705
20,21,223,4361.705
20,21,224,4361.705
20,21,225,4361.705
20,21,226,4361.705
20,21,227,4361.705
20,21,228,4361.705
20,21,229,4361.705
20,21,231,4361.705
20,21,232,4361.705
20,21,233,4361.705
20,21,234,4361.705
20,21,235,4361.705
20,21,236,4361.705
20,21,237,4361.705
20,21,238,4361.705
20,21,239,4361.705
20,21,240,4361.705
20,21,241,4361.705
58,21,247,4361.705
58,21,248,4361.705
58,21,249,4361.705
58,21,254,4361.705
56,21,350,4361.705
56,21,351,4361.705
54,22,4,4563.921
54,22,5,4563.921
54,22,6,4563.921
54,22,7,4563.921
54,22,8,4563.921
54,22,9,4563.921
54,22,10,4563.921
54,22,11,4563.921
54,22,12,4563.921
54,22,13,4563.921
54,22,14,4563.921
54,22,15,4563.921
55,22,67,4563.921
55,22,68,4563.921
55,22,69,4563.921
55,22,70,4563.921
55,22,71,4563.921
55,22,72,4563.921
55,22,78,4563.921
55,22,79,4563.921
55,22,80,4563.921
55,22,81,4563.921
55,22,85,4563.921
18,22,93,4563.921
18,22,94,4563.921
63,22,99,4563.921
63,22,100,4563.921
63,22,101,4563.921
63,22,102,4563.921
63,22,103,4563.921
63,22,106,4563.921
63,22,107,4563.921
18,22,115,4563.921
18,22,116,4563.921
18,22,117,4563.921
18,22,118,4563.921
18,22,119,4563.921
18,22,120,4563.921
18,22,121,4563.921
18,22,122,4563.921
18,22,123,4563.921
18,22,124,4563.921
18,22,125,4563.921
18,22,126,4563.921
18,22,127,4563.921
19,22,149,4563.921
19,22,150,4563.921
19,22,151,4563.921
19,22,152,4563.921
19,22,153,4563.921
19,22,154,4563.921
19,22,155,4563.921
19,22,156,4563.921
19,22,157,4563.921
19,22,158,4563.921
19,22,159,4563.921
59,22,160,4563.921
59,22,161,4563.921
59,22,162,4563.921
59,22,163,4563.921
59,22,164,4563.921
59,22,165,4563.921
59,22,166,4563.921
59,22,167,4563.921
59,22,168,4563.921
59,22,169,4563.921
59,22,170,4563.921
59,22,171,4563.921
59,22,172,4563.921
21,22,173,4563.921
21,22,174,4563.921
21,22,175,4563.921
21,22,176,4563.921
21,22,177,4563.921
21,22,178,4563.921
21,22,179,4563.921
21,22,180,4563.921
21,22,181,4563.921
21,22,182,4563.921
21,22,183,4563.921
21,22,184,4563.921
21,22,185,4563.921
21,22,186,4563.921
21,22,187,4563.921
21,22,188,4563.921
21,22,189,4563.921
21,22,190,4563.921
21,22,191,4563.921
21,22,192,4563.921
20,22,193,4563.921
20,22,194,4563.921
20,22,195,4563.921
20,22,221,4563.921
20,22,222,4563.921
20,22,223,4563.921
20,22,224,4563.921
20,22,227,4563.921
20,22,228,4563.921
20,22,229,4563.921
20,22,230,4563.921
58,22,254,4563.921
58,22,255,4563.921
54,23,6,4764.655
54,23,8,4764.655
54,23,9,4764.655
54,23,10,4764.655
54,23,11,4764.655
54,23,12,4764.655
54,23,13,4764.655
54,23,14,4764.655
54,23,15,4764.655
54,23,16,4764.655
54,23,17,4764.655
63,23,99,4764.655
63,23,100,4764.655
63,23,101,4764.655
63,23,102,4764.655
63,23,103,4764.655
63,23,104,4764.655
63,23,105,4764.655
63,23,106,4764.655
63,23,107,4764.655
18,23,118,4764.655
18,23,119,4764.655
18,23,120,4764.655
18,23,121,4764.655
18,23,122,4764.655
18,23,123,4764.655
18,23,124,4764.655
18,23,125,4764.655
18,23,126,4764.655
19,23,147,4764.655
19,23,148,4764.655
19,23,149,4764.655
19,23,150,4764.655
19,23,151,4764.655
19,23,152,4764.655
19,23,153,4764.655
19,23,154,4764.655
19,23,155,4764.655
19,23,156,4764.655
59,23,157,4764.655
59,23,158,4764.655
59,23,159,4764.655
59,23,160,4764.655
59,23,161,4764.655
59,23,162,4764.655
59,23,163,4764.655
59,23,164,4764.655
59,23,165,4764.655
59,23,166,4764.655
59,23,167,4764.655
59,23,168,4764.655
59,23,169,4764.655
59,23,170,4764.655
59,23,171,4764.655
59,23,172,4764.655
21,23,173,4764.655
21,23,174,4764.655
21,23,175,4764.655
21,23,176,4764.655
21,23,177,4764.655
21,23,178,4764.655
21,23,179,4764.655
21,23,180,4764.655
21,23,181,4764.655
21,23,182,4764.655
21,23,183,4764.655
21,23,184,4764.655
21,23,185,4764.655
21,23,186,4764.655
21,23,187,4764.655
21,23,188,4764.655
21,23,189,4764.655
21,23,190,4764.655
21,23,191,4764.655
21,23,192,4764.655
21,23,193,4764.655
21,23,194,4764.655
20,23,222,4764.655
20,23,223,4764.655
20,23,224,4764.655
20,23,227,4764.655
58,23,253,4764.655
58,23,254,4764.655
54,24,11,4963.844
54,24,12,4963.844
54,24,13,4963.844
63,24,95,4963.844
63,24,96,4963.844
63,24,97,4963.844
63,24,98,4963.844
63,24,99,4963.844
63,24,100,4963.844
63,24,101,4963.844
63,24,102,4963.844
63,24,103,4963.844
63,24,104,4963.844
63,24,105,4963.844
63,24,106,4963.844
18,24,113,4963.844
18,24,114,4963.844
18,24,119,4963.844
18,24,120,4963.844
18,24,121,4963.844
18,24,122,4963.844
18,24,123,4963.844
18,24,124,4963.844
18,24,125,4963.844
18,24,126,4963.844
18,24,127,4963.844
19,24,145,4963.844
19,24,146,4963.844
19,24,147,4963.844
19,24,148,4963.844
19,24,149,4963.844
19,24,150,4963.844
19,24,151,4963.844
19,24,152,4963.844
19,24,153,4963.844
59,24,154,4963.844
59,24,155,4963.844
59,24,156,4963.844
59,24,157,4963.844
59,24,159,4963.844
59,24,160,4963.844
59,24,161,4963.844
59,24,166,4963.844
59,24,167,4963.844
59,24,168,4963.844
59,24,169,4963.844
59,24,170,4963.844
59,24,171,4963.844
59,24,172,4963.844
21,24,173,4963.844
21,24,174,4963.844
21,24,175,4963.844
21,24,176,4963.844
21,24,177,4963.844
21,24,178,4963.844
21,24,179,4963.844
21,24,180,4963.844
21,24,181,4963.844
21,24,182,4963.844
21,24,183,4963.844
21,24,184,4963.844
21,24,185,4963.844
21,24,186,4963.844
21,24,187,4963.844
21,24,188,4963.844
21,24,189,4963.844
21,24,190,4963.844
21,24,191,4963.844
21,24,192,4963.844
21,24,193,4963.844
20,24,215,4963.844
20,24,216,4963.844
20,24,217,4963.844
20,24,218,4963.844
20,24,219,4963.844
20,24,220,4963.844
20,24,221,4963.844
54,25,1,5161.424
54,25,2,5161.424
54,25,3,5161.424
54,25,4,5161.424
54,25,9,5161.424
54,25,10,5161.424
54,25,11,5161.424
54,25,12,5161.424
54,25,13,5161.424
63,25,94,5161.424
63,25,98,5161.424
63,25,99,5161.424
63,25,100,5161.424
63,25,101,5161.424
63,25,102,5161.424
18,25,114,5161.424
18,25,115,5161.424
18,25,116,5161.424
18,25,117,5161.424
18,25,118,5161.424
18,25,119,5161.424
18,25,120,5161.424
18,25,121,5161.424
18,25,122,5161.424
18,25,123,5161.424
18,25,124,5161.424
18,25,125,5161.424
18,25,126,5161.424
18,25,127,5161.424
18,25,128,5161.424
19,25,141,5161.424
19,25,142,5161.424
19,25,143,5161.424
19,25,144,5161.424
19,25,145,5161.424
19,25,146,5161.424
19,25,147,5161.424
19,25,148,5161.424
19,25,149,5161.424
19,25,150,5161.424
19,25,151,5161.424
59,25,152,5161.424
59,25,153,5161.424
59,25,154,5161.424
59,25,155,5161.424
59,25,156,5161.424
59,25,157,5161.424
59,25,158,5161.424
59,25,167,5161.424
59,25,168,5161.424
59,25,169,5161.424
59,25,170,5161.424
59,25,171,5161.424
59,25,172,5161.424
21,25,173,5161.424
21,25,174,5161.424
21,25,175,5161.424
21,25,176,5161.424
21,25,177,5161.424
21,25,178,5161.424
21,25,179,5161.424
21,25,180,5161.424
21,25,181,5161.424
21,25,182,5161.424
21,25,183,5161.424
21,25,184,5161.424
21,25,185,5161.424
21,25,186,5161.424
21,25,187,5161.424
21,25,188,5161.424
21,25,189,5161.424
21,25,190,5161.424
21,25,191,5161.424
21,25,192,5161.424
23,25,202,5161.424
23,25,203,5161.424
23,25,204,5161.424
23,25,205,5161.424
20,25,216,5161.424
20,25,217,5161.424
20,25,219,5161.424
20,25,220,5161.424
54,26,1,5357.335
54,26,2,5357.335
54,26,3,5357.335
54,26,4,5357.335
54,26,5,5357.335
54,26,6,5357.335
54,26,7,5357.335
54,26,8,5357.335
54,26,9,5357.335
54,26,10,5357.335
54,26,11,5357.335
54,26,12,5357.335
54,26,13,5357.335
54,26,14,5357.335
54,26,15,5357.335
54,26,16,5357.335
54,26,17,5357.335
54,26,18,5357.335
54,26,19,5357.335
63,26,91,5357.335
63,26,92,5357.335
63,26,93,5357.335
63,26,100,5357.335
63,26,101,5357.335
63,26,102,5357.335
63,26,103,5357.335
63,26,104,5357.335
63,26,105,5357.335
63,26,106,5357.335
63,26,107,5357.335
18,26,116,5357.335
18,26,117,5357.335
18,26,118,5357.335
18,26,119,5357.335
18,26,120,5357.335
18,26,121,5357.335
18,26,122,5357.335
18,26,123,5357.335
18,26,124,5357.335
18,26,125,5357.335
18,26,126,5357.335
18,26,127,5357.335
18,26,128,5357.335
18,26,129,5357.335
19,26,140,5357.335
19,26,141,5357.335
19,26,142,5357.335
19,26,143,5357.335
19,26,144,5357.335
19,26,145,5357.335
0,26,146,5357.335
0,26,147,5357.335
0,26,148,5357.335
0,26,149,5357.335
0,26,150,5357.335
0,26,151,5357.335
0,26,152,5357.335
0,26,153,5357.335
59,26,154,5357.335
59,26,155,5357.335
59,26,156,5357.335
59,26,157,5357.335
59,26,158,5357.335
59,26,165,5357.335
59,26,166,5357.335
59,26,167,5357.335
59,26,168,5357.335
59,26,169,5357.335
59,26,170,5357.335
59,26,171,5357.335
59,26,172,5357.335
21,26,173,5357.335
21,26,174,5357.335
21,26,175,5357.335
21,26,176,5357.335
21,26,177,5357.335
21,26,178,5357.335
21,26,179,5357.335
21,26,180,5357.335
21,26,181,5357.335
21,26,182,5357.335
21,26,183,5357.335
21,26,184,5357.335
21,26,185,5357.335
21,26,186,5357.335
21,26,187,5357.335
21,26,188,5357.335
21,26,189,5357.335
21,26,190,5357.335
23,26,202,5357.335
23,26,203,5357.335
20,26,217,5357.335
20,26,218,5357.335
54,26,359,5357.335
54,26,360,5357.335
54,27,1,5551.515
54,27,2,5551.515
54,27,3,5551.515
54,27,4,5551.515
54,27,5,5551.515
54,27,6,5551.515
54,27,7,5551.515
54,27,8,5551.515
54,27,9,5551.515
54,27,10,5551.515
54,27,11,5551.515
54,27,12,5551.515
54,27,13,5551.515
54,27,14,5551.515
54,27,15,5551.515
54,27,16,5551.515
63,27,90,5551.515
63,27,91,5551.515
63,27,92,5551.515
63,27,93,5551.515
63,27,94,5551.515
63,27,95,5551.515
63,27,96,5551.515
63,27,97,5551.515
63,27,98,5551.515
63,27,99,5551.515
63,27,100,5551.515
63,27,101,5551.515
63,27,102,5551.515
63,27,103,5551.515
63,27,104,5551.515
63,27,105,5551.515
63,27,106,5551.515
63,27,107,5551.515
63,27,108,5551.515
63,27,109,5551.515
18,27,116,5551.515
18,27,117,5551.515
18,27,118,5551.515
18,27,119,5551.515
18,27,120,5551.515
18,27,121,5551.515
18,27,122,5551.515
18,27,123,5551.515
18,27,124,5551.515
18,27,125,5551.515
18,27,126,5551.515
18,27,127,5551.515
18,27,128,5551.515
18,27,129,5551.515
19,27,139,5551.515
19,27,140,5551.515
19,27,141,5551.515
19,27,142,5551.515
19,27,143,5551.515
0,27,144,5551.515
0,27,145,5551.515
0,27,146,5551.515
0,27,147,5551.515
0,27,148,5551.515
0,27,149,5551.515
0,27,150,5551.515
0,27,151,5551.515
0,27,152,5551.515
0,27,153,5551.515
0,27,154,5551.515
0,27,155,5551.515
0,27,156,5551.515
0,27,157,5551.515
0,27,158,5551.515
59,27,159,5551.515
59,27,160,5551.515
59,27,161,5551.515
59,27,162,5551.515
0,27,163,5551.515
0,27,164,5551.515
0,27,165,5551.515
0,27,166,5551.515
0,27,167,5551.515
0,27,168,5551.515
59,27,169,5551.515
59,27,170,5551.515
59,27,171,5551.515
59,27,172,5551.515
60,27,173,5551.515
21,27,174,5551.515
21,27,175,5551.515
21,27,176,5551.515
21,27,177,5551.515
21,27,178,5551.515
21,27,179,5551.515
21,27,180,5551.515
21,27,181,5551.515
21,27,182,5551.515
21,27,183,5551.515
21,27,184,5551.515
21,27,185,5551.515
21,27,186,5551.515
21,27,187,5551.515
21,27,188,5551.515
23,27,200,5551.515
23,27,201,5551.515
23,27,202,5551.515
54,27,360,5551.515
54,28,1,5743.903
54,28,2,5743.903
54,28,3,5743.903
54,28,4,5743.903
54,28,5,5743.903
54,28,6,5743.903
54,28,7,5743.903
54,28,8,5743.903
54,28,9,5743.903
54,28,10,5743.903
54,28,11,5743.903
54,28,12,5743.903
54,28,13,5743.903
54,28,14,5743.903
63,28,88,5743.903
63,28,89,5743.903
63,28,90,5743.903
63,28,91,5743.903
63,28,92,5743.903
63,28,93,5743.903
63,28,94,5743.903
63,28,95,5743.903
63,28,96,5743.903
63,28,97,5743.903
63,28,98,5743.903
63,28,99,5743.903
63,28,100,5743.903
63,28,101,5743.903
63,28,102,5743.903
63,28,108,5743.903
63,28,109,5743.903
63,28,110,5743.903
63,28,111,5743.903
63,28,112,5743.903
63,28,113,5743.903
18,28,115,5743.903
18,28,116,5743.903
18,28,117,5743.903
18,28,118,5743.903
18,28,119,5743.903
18,28,120,5743.903
18,28,121,5743.903
0,28,122,5743.903
0,28,123,5743.903
0,28,124,5743.903
0,28,125,5743.903
0,28,126,5743.903
0,28,127,5743.903
18,28,128,5743.903
18,28,129,5743.903
18,28,130,5743.903
18,28,131,5743.903
19,28,139,5743.903
19,28,140,5743.903
0,28,141,5743.903
0,28,142,5743.903
0,28,143,5743.903
0,28,144,5743.903
0,28,145,5743.903
0,28,146,5743.903
0,28,147,5743.903
0,28,148,5743.903
0,28,149,5743.903
0,28,150,5743.903
0,28,151,5743.903
0,28,152,5743.903
0,28,153,5743.903
0,28,154,5743.903
0,28,155,5743.903
0,28,156,5743.903
0,28,157,5743.903
0,28,158,5743.903
0,28,159,5743.903
0,28,160,5743.903
0,28,161,5743.903
0,28,162,5743.903
0,28,163,5743.903
0,28,164,5743.903
0,28,165,5743.903
0,28,166,5743.903
0,28,167,5743.903
0,28,168,5743.903
0,28,169,5743.903
60,28,170,5743.903
60,28,171,5743.903
60,28,172,5743.903
60,28,173,5743.903
60,28,174,5743.903
60,28,175,5743.903
60,28,176,5743.903
22,28,177,5743.903
21,28,178,5743.903
21,28,179,5743.903
21,28,180,5743.903
21,28,181,5743.903
21,28,182,5743.903
21,28,183,5743.903
21,28,184,5743.903
21,28,185,5743.903
23,28,198,5743.903
23,28,199,5743.903
23,28,200,5743.903
23,28,201,5743.903
52,28,344,5743.903
53,28,356,5743.903
53,28,357,5743.903
53,28,358,5743.903
53,28,359,5743.903
53,28,360,5743.903
1,29,1,5934.441
1,29,2,5934.441
1,29,3,5934.441
1,29,4,5934.441
1,29,5,5934.441
1,29,6,5934.441
1,29,7,5934.441
1,29,8,5934.441
1,29,9,5934.441
1,29,10,5934.441
1,29,11,5934.441
1,29,12,5934.441
1,29,13,5934.441
1,29,14,5934.441
1,29,15,5934.441
63,29,87,5934.441
63,29,88,5934.441
63,29,89,5934.441
63,29,90,5934.441
63,29,91,5934.441
63,29,92,5934.441
63,29,93,5934.441
63,29,94,5934.441
63,29,95,5934.441
63,29,96,5934.441
63,29,97,5934.441
63,29,98,5934.441
63,29,99,5934.441
63,29,100,5934.441
63,29,101,5934.441
63,29,102,5934.441
63,29,111,5934.441
63,29,112,5934.441
63,29,113,5934.441
63,29,114,5934.441
63,29,115,5934.441
18,29,116,5934.441
18,29,117,5934.441
18,29,118,5934.441
18,29,119,5934.441
18,29,120,5934.441
0,29,121,5934.441
0,29,122,5934.441
0,29,123,5934.441
0,29,124,5934.441
0,29,125,5934.441
0,29,126,5934.441
0,29,127,5934.441
0,29,128,5934.441
0,29,129,5934.441
18,29,130,5934.441
18,29,131,5934.441
18,29,132,5934.441
19,29,138,5934.441
19,29,139,5934.441
0,29,140,5934.441
0,29,141,5934.441
0,29,142,5934.441
0,29,143,5934.441
0,29,144,5934.441
0,29,145,5934.441
0,29,146,5934.441
0,29,147,5934.441
0,29,148,5934.441
0,29,149,5934.441
0,29,150,5934.441
0,29,151,5934.441
0,29,152,5934.441
0,29,153,5934.441
0,29,154,5934.441
0,29,155,5934.441
0,29,156,5934.441
0,29,157,5934.441
0,29,158,5934.441
0,29,159,5934.441
0,29,160,5934.441
0,29,161,5934.441
0,29,162,5934.441
0,29,163,5934.441
0,29,164,5934.441
0,29,165,5934.441
0,29,166,5934.441
0,29,167,5934.441
0,29,168,5934.441
60,29,169,5934.441
60,29,170,5934.441
60,29,171,5934.441
60,29,172,5934.441
60,29,173,5934.441
60,29,174,5934.441
60,29,175,5934.441
22,29,176,5934.441
22,29,177,5934.441
22,29,178,5934.441
22,29,179,5934.441
22,29,180,5934.441
22,29,181,5934.441
22,29,182,5934.441
22,29,183,5934.441
22,29,184,5934.441
22,29,185,5934.441
23,29,198,5934.441
23,29,199,5934.441
23,29,200,5934.441
23,29,201,5934.441
52,29,337,5934.441
52,29,338,5934.441
52,29,339,5934.441
52,29,340,5934.441
52,29,342,5934.441
52,29,343,5934.441
52,29,344,5934.441
53,29,353,5934.441
53,29,354,5934.441
53,29,355,5934.441
53,29,356,5934.441
53,29,357,5934.441
53,29,358,5934.441
53,29,359,5934.441
1,29,360,5934.441
1,30,1,6123.071
1,30,2,6123.071
1,30,3,6123.071
1,30,4,6123.071
1,30,5,6123.071
1,30,6,6123.071
1,30,7,6123.071
1,30,8,6123.071
1,30,9,6123.071
1,30,10,6123.071
1,30,11,6123.071
1,30,12,6123.071
1,30,13,6123.071
1,30,14,6123.071
1,30,15,6123.071
1,30,16,6123.071
1,30,18,6123.071
2,30,28,6123.071
2,30,32,6123.071
2,30,33,6123.071
2,30,34,6123.071
2,30,35,6123.071
2,30,36,6123.071
2,30,37,6123.071
2,30,38,6123.071
63,30,86,6123.071
63,30,87,6123.071
63,30,88,6123.071
63,30,89,6123.071
63,30,90,6123.071
63,30,91,6123.071
63,30,92,6123.071
63,30,93,6123.071
63,30,94,6123.071
63,30,95,6123.071
63,30,96,6123.071
63,30,97,6123.071
63,30,98,6123.071
63,30,99,6123.071
63,30,100,6123.071
63,30,101,6123.071
63,30,102,6123.071
63,30,111,6123.071
63,30,112,6123.071
63,30,113,6123.071
63,30,114,6123.071
63,30,115,6123.071
9,30,117,6123.071
9,30,118,6123.071
9,30,119,6123.071
18,30,120,6123.071
0,30,121,6123.071
0,30,122,6123.071
0,30,123,6123.071
0,30,124,6123.071
0,30,125,6123.071
0,30,126,6123.071
0,30,127,6123.071
0,30,128,6123.071
0,30,129,6123.071
0,30,130,6123.071
0,30,131,6123.071
18,30,132,6123.071
18,30,133,6123.071
18,30,134,6123.071
18,30,135,6123.071
19,30,137,6123.071
19,30,138,6123.071
19,30,139,6123.071
0,30,140,6123.071
0,30,141,6123.071
0,30,142,6123.071
0,30,143,6123.071
0,30,144,6123.071
0,30,145,6123.071
0,30,146,6123.071
0,30,147,6123.071
0,30,148,6123.071
0,30,149,6123.071
0,30,150,6123.071
0,30,151,6123.071
0,30,152,6123.071
0,30,153,6123.071
0,30,154,6123.071
0,30,155,6123.071
0,30,156,6123.071
0,30,157,6123.071
0,30,158,6123.071
0,30,159,6123.071
0,30,160,6123.071
0,30,161,6123.071
0,30,162,6123.071
0,30,163,6123.071
0,30,164,6123.071
0,30,165,6123.071
0,30,166,6123.071
0,30,167,6123.071
0,30,168,6123.071
60,30,169,6123.071
60,30,170,6123.071
60,30,171,6123.071
60,30,172,6123.071
0,30,173,6123.071
0,30,174,6123.071
0,30,175,6123.071
22,30,176,6123.071
22,30,177,6123.071
22,30,178,6123.071
22,30,179,6123.071
22,30,180,6123.071
22,30,181,6123.071
22,30,182,6123.071
22,30,183,6123.071
22,30,184,6123.071
22,30,185,6123.071
23,30,200,6123.071
23,30,201,6123.071
23,30,202,6123.071
23,30,203,6123.071
23,30,205,6123.071
23,30,206,6123.071
23,30,207,6123.071
23,30,208,6123.071
23,30,209,6123.071
52,30,336,6123.071
52,30,337,6123.071
52,30,338,6123.071
52,30,339,6123.071
52,30,340,6123.071
52,30,341,6123.071
53,30,346,6123.071
53,30,347,6123.071
53,30,348,6123.071
53,30,349,6123.071
53,30,350,6123.071
53,30,351,6123.071
53,30,352,6123.071
53,30,353,6123.071
53,30,354,6123.071
53,30,355,6123.071
53,30,356,6123.071
53,30,357,6123.071
53,30,358,6123.071
53,30,359,6123.071
1,30,360,6123.071
1,31,1,6309.733
1,31,2,6309.733
1,31,3,6309.733
1,31,4,6309.733
1,31,5,6309.733
1,31,6,6309.733
1,31,7,6309.733
1,31,8,6309.733
1,31,9,6309.733
1,31,10,6309.733
1,31,11,6309.733
1,31,12,6309.733
1,31,13,6309.733
1,31,14,6309.733
1,31,15,6309.733
1,31,16,6309.733
1,31,17,6309.733
1,31,18,6309.733
2,31,27,6309.733
2,31,28,6309.733
2,31,29,6309.733
2,31,30,6309.733
2,31,31,6309.733
2,31,32,6309.733
2,31,33,6309.733
2,31,34,6309.733
2,31,35,6309.733
2,31,36,6309.733
2,31,37,6309.733
2,31,38,6309.733
2,31,39,6309.733
2,31,40,6309.733
2,31,41,6309.733
2,31,42,6309.733
63,31,86,6309.733
63,31,87,6309.733
63,31,88,6309.733
63,31,89,6309.733
63,31,90,6309.733
63,31,91,6309.733
63,31,92,6309.733
63,31,93,6309.733
63,31,94,6309.733
63,31,95,6309.733
63,31,96,6309.733
63,31,97,6309.733
63,31,98,6309.733
63,31,99,6309.733
63,31,100,6309.733
63,31,101,6309.733
63,31,102,6309.733
63,31,112,6309.733
63,31,113,6309.733
63,31,114,6309.733
9,31,118,6309.733
9,31,119,6309.733
9,31,120,6309.733
0,31,121,6309.733
0,31,122,6309.733
0,31,123,6309.733
0,31,124,6309.733
0,31,125,6309.733
0,31,126,6309.733
0,31,127,6309.733
0,31,128,6309.733
0,31,129,6309.733
0,31,130,6309.733
0,31,131,6309.733
0,31,132,6309.733
0,31,133,6309.733
18,31,134,6309.733
18,31,135,6309.733
0,31,136,6309.733
19,31,137,6309.733
19,31,138,6309.733
0,31,139,6309.733
0,31,140,6309.733
0,31,141,6309.733
0,31,142,6309.733
0,31,143,6309.733
0,31,144,6309.733
0,31,145,6309.733
0,31,146,6309.733
0,31,147,6309.733
0,31,148,6309.733
0,31,149,6309.733
0,31,150,6309.733
0,31,151,6309.733
0,31,152,6309.733
0,31,153,6309.733
0,31,154,6309.733
0,31,155,6309.733
0,31,156,6309.733
0,31,157,6309.733
0,31,158,6309.733
0,31,159,6309.733
0,31,160,6309.733
0,31,161,6309.733
0,31,162,6309.733
0,31,163,6309.733
0,31,164,6309.733
0,31,165,6309.733
0,31,166,6309.733
0,31,167,6309.733
0,31,168,6309.733
0,31,169,6309.733
0,31,170,6309.733
0,31,171,6309.733
0,31,172,6309.733
0,31,173,6309.733
24,31,174,6309.733
24,31,175,6309.733
22,31,176,6309.733
22,31,177,6309.733
22,31,178,6309.733
22,31,179,6309.733
22,31,180,6309.733
22,31,181,6309.733
22,31,182,6309.733
22,31,183,6309.733
22,31,184,6309.733
22,31,185,6309.733
22,31,186,6309.733
22,31,191,6309.733
23,31,199,6309.733
23,31,200,6309.733
23,31,201,6309.733
23,31,202,6309.733
23,31,203,6309.733
23,31,204,6309.733
52,31,323,6309.733
52,31,324,6309.733
52,31,325,6309.733
52,31,326,6309.733
52,31,327,6309.733
52,31,328,6309.733
52,31,329,6309.733
52,31,330,6309.733
52,31,331,6309.733
52,31,332,6309.733
52,31,334,6309.733
52,31,335,6309.733
52,31,336,6309.733
52,31,337,6309.733
52,31,338,6309.733
52,31,339,6309.733
52,31,340,6309.733
53,31,344,6309.733
53,31,345,6309.733
53,31,346,6309.733
53,31,347,6309.733
53,31,348,6309.733
53,31,349,6309.733
53,31,350,6309.733
53,31,351,6309.733
53,31,352,6309.733
53,31,353,6309.733
53,31,354,6309.733
53,31,355,6309.733
53,31,356,6309.733
53,31,357,6309.733
53,31,358,6309.733
1,31,359,6309.733
1,31,360,6309.733
1,32,1,6494.373
1,32,2,6494.373
1,32,3,6494.373
1,32,4,6494.373
1,32,5,6494.373
1,32,6,6494.373
1,32,7,6494.373
1,32,8,6494.373
1,32,9,6494.373
1,32,10,6494.373
1,32,11,6494.373
1,32,12,6494.373
1,32,13,6494.373
1,32,14,6494.373
1,32,15,6494.373
1,32,16,6494.373
1,32,17,6494.373
1,32,18,6494.373
1,32,19,6494.373
1,32,20,6494.373
1,32,21,6494.373
1,32,22,6494.373
2,32,26,6494.373
2,32,27,6494.373
2,32,28,6494.373
2,32,29,6494.373
2,32,30,6494.373
2,32,31,6494.373
2,32,32,6494.373
2,32,33,6494.373
2,32,34,6494.373
2,32,35,6494.373
2,32,36,6494.373
2,32,37,6494.373
2,32,38,6494.373
2,32,39,6494.373
2,32,40,6494.373
2,32,41,6494.373
2,32,42,6494.373
2,32,43,6494.373
2,32,44,6494.373
63,32,88,6494.373
63,32,89,6494.373
63,32,90,6494.373
63,32,91,6494.373
63,32,92,6494.373
63,32,93,6494.373
63,32,94,6494.373
63,32,95,6494.373
63,32,96,6494.373
63,32,97,6494.373
63,32,98,6494.373
63,32,99,6494.373
63,32,100,6494.373
63,32,101,6494.373
63,32,102,6494.373
63,32,103,6494.373
9,32,119,6494.373
9,32,120,6494.373
0,32,121,6494.373
0,32,122,6494.373
0,32,123,6494.373
0,32,124,6494.373
0,32,125,6494.373
0,32,126,6494.373
0,32,127,6494.373
0,32,128,6494.373
0,32,129,6494.373
0,32,130,6494.373
0,32,131,6494.373
0,32,132,6494.373
0,32,133,6494.373
0,32,134,6494.373
0,32,135,6494.373
0,32,136,6494.373
0,32,137,6494.373
0,32,138,6494.373
0,32,139,6494.373
0,32,140,6494.373
0,32,141,6494.373
0,32,142,6494.373
0,32,143,6494.373
0,32,144,6494.373
0,32,145,6494.373
0,32,146,6494.373
0,32,147,6494.373
0,32,148,6494.373
0,32,149,6494.373
0,32,150,6494.373
0,32,151,6494.373
0,32,152,6494.373
0,32,153,6494.373
0,32,154,6494.373
0,32,155,6494.373
0,32,156,6494.373
0,32,157,6494.373
0,32,158,6494.373
0,32,159,6494.373
0,32,160,6494.373
0,32,161,6494.373
0,32,162,6494.373
0,32,163,6494.373
0,32,164,6494.373
0,32,165,6494.373
0,32,166,6494.373
0,32,167,6494.373
0,32,168,6494.373
0,32,169,6494.373
0,32,170,6494.373
0,32,171,6494.373
24,32,172,6494.373
24,32,173,6494.373
24,32,174,6494.373
24,32,175,6494.373
22,32,177,6494.373
22,32,178,6494.373
22,32,179,6494.373
22,32,180,6494.373
22,32,181,6494.373
22,32,182,6494.373
22,32,183,6494.373
22,32,184,6494.373
22,32,185,6494.373
22,32,186,6494.373
22,32,187,6494.373
22,32,188,6494.373
22,32,189,6494.373
22,32,190,6494.373
22,32,191,6494.373
22,32,192,6494.373
23,32,198,6494.373
23,32,199,6494.373
23,32,200,6494.373
23,32,201,6494.373
23,32,202,6494.373
23,32,203,6494.373
23,32,204,6494.373
52,32,322,6494.373
52,32,323,6494.373
52,32,324,6494.373
52,32,325,6494.373
52,32,326,6494.373
52,32,327,6494.373
52,32,328,6494.373
52,32,329,6494.373
52,32,330,6494.373
52,32,331,6494.373
52,32,332,6494.373
52,32,333,6494.373
52,32,334,6494.373
52,32,335,6494.373
52,32,336,6494.373
52,32,337,6494.373
52,32,338,6494.373
53,32,343,6494.373
53,32,344,6494.373
53,32,345,6494.373
53,32,346,6494.373
53,32,347,6494.373
53,32,348,6494.373
53,32,349,6494.373
53,32,350,6494.373
53,32,351,6494.373
53,32,352,6494.373
53,32,353,6494.373
53,32,354,6494.373
53,32,355,6494.373
53,32,356,6494.373
53,32,357,6494.373
1,32,358,6494.373
1,32,359,6494.373
1,32,360,6494.373
1,33,1,6676.933
1,33,2,6676.933
1,33,3,6676.933
1,33,4,6676.933
1,33,5,6676.933
1,33,6,6676.933
1,33,7,6676.933
1,33,8,6676.933
1,33,9,6676.933
1,33,10,6676.933
1,33,11,6676.933
1,33,12,6676.933
1,33,13,6676.933
1,33,14,6676.933
1,33,15,6676.933
1,33,16,6676.933
1,33,17,6676.933
1,33,18,6676.933
1,33,19,6676.933
1,33,20,6676.933
1,33,21,6676.933
2,33,24,6676.933
2,33,25,6676.933
2,33,26,6676.933
2,33,27,6676.933
2,33,28,6676.933
2,33,29,6676.933
2,33,30,6676.933
2,33,31,6676.933
2,33,32,6676.933
2,33,33,6676.933
2,33,34,6676.933
2,33,35,6676.933
2,33,36,6676.933
2,33,37,6676.933
2,33,38,6676.933
2,33,39,6676.933
2,33,40,6676.933
2,33,41,6676.933
2,33,42,6676.933
2,33,43,6676.933
2,33,44,6676.933
2,33,45,6676.933
63,33,91,6676.933
63,33,92,6676.933
63,33,93,6676.933
63,33,94,6676.933
63,33,95,6676.933
63,33,96,6676.933
63,33,97,6676.933
63,33,98,6676.933
63,33,99,6676.933
63,33,100,6676.933
63,33,101,6676.933
63,33,102,6676.933
63,33,103,6676.933
9,33,119,6676.933
9,33,120,6676.933
9,33,121,6676.933
0,33,122,6676.933
0,33,123,6676.933
0,33,124,6676.933
0,33,125,6676.933
0,33,126,6676.933
0,33,127,6676.933
0,33,128,6676.933
0,33,129,6676.933
0,33,130,6676.933
0,33,131,6676.933
0,33,132,6676.933
0,33,133,6676.933
0,33,134,6676.933
0,33,135,6676.933
0,33,136,6676.933
0,33,137,6676.933
0,33,138,6676.933
0,33,139,6676.933
0,33,140,6676.933
0,33,141,6676.933
0,33,142,6676.933
0,33,143,6676.933
0,33,144,6676.933
0,33,145,6676.933
0,33,146,6676.933
0,33,147,6676.933
0,33,148,6676.933
0,33,149,6676.933
0,33,150,6676.933
0,33,151,6676.933
0,33,152,6676.933
0,33,153,6676.933
0,33,154,6676.933
0,33,155,6676.933
0,33,156,6676.933
0,33,157,6676.933
0,33,158,6676.933
0,33,159,6676.933
0,33,160,6676.933
0,33,161,6676.933
0,33,162,6676.933
0,33,163,6676.933
0,33,164,6676.933
0,33,165,6676.933
0,33,166,6676.933
0,33,167,6676.933
0,33,168,6676.933
0,33,169,6676.933
0,33,170,6676.933
24,33,171,6676.933
24,33,172,6676.933
24,33,173,6676.933
24,33,174,6676.933
22,33,179,6676.933
22,33,180,6676.933
22,33,181,6676.933
22,33,182,6676.933
22,33,183,6676.933
22,33,184,6676.933
22,33,185,6676.933
22,33,186,6676.933
22,33,187,6676.933
22,33,188,6676.933
22,33,189,6676.933
22,33,191,6676.933
22,33,192,6676.933
23,33,198,6676.933
23,33,199,6676.933
23,33,200,6676.933
23,33,201,6676.933
52,33,320,6676.933
52,33,321,6676.933
52,33,322,6676.933
52,33,323,6676.933
52,33,324,6676.933
52,33,325,6676.933
52,33,326,6676.933
52,33,327,6676.933
52,33,328,6676.933
52,33,329,6676.933
52,33,330,6676.933
52,33,331,6676.933
52,33,332,6676.933
52,33,333,6676.933
52,33,334,6676.933
52,33,335,6676.933
52,33,336,6676.933
53,33,344,6676.933
53,33,345,6676.933
53,33,346,6676.933
53,33,347,6676.933
53,33,348,6676.933
53,33,349,6676.933
53,33,350,6676.933
53,33,351,6676.933
53,33,352,6676.933
53,33,353,6676.933
53,33,354,6676.933
53,33,355,6676.933
53,33,356,6676.933
1,33,357,6676.933
1,33,358,6676.933
1,33,359,6676.933
1,33,360,6676.933
1,34,1,6857.358
1,34,2,6857.358
1,34,3,6857.358
1,34,4,6857.358
1,34,5,6857.358
1,34,6,6857.358
1,34,7,6857.358
1,34,8,6857.358
1,34,9,6857.358
1,34,10,6857.358
1,34,11,6857.358
1,34,12,6857.358
1,34,13,6857.358
1,34,14,6857.358
1,34,15,6857.358
1,34,16,6857.358
1,34,17,6857.358
1,34,18,6857.358
1,34,19,6857.358
1,34,20,6857.358
2,34,22,6857.358
2,34,23,6857.358
2,34,24,6857.358
2,34,25,6857.358
2,34,26,6857.358
2,34,27,6857.358
2,34,28,6857.358
2,34,29,6857.358
2,34,30,6857.358
2,34,31,6857.358
2,34,32,6857.358
2,34,33,6857.358
2,34,34,6857.358
2,34,35,6857.358
2,34,36,6857.358
2,34,37,6857.358
2,34,38,6857.358
2,34,39,6857.358
2,34,40,6857.358
2,34,41,6857.358
2,34,42,6857.358
2,34,43,6857.358
2,34,44,6857.358
2,34,45,6857.358
2,34,46,6857.358
2,34,47,6857.358
63,34,94,6857.358
63,34,95,6857.358
63,34,96,6857.358
63,34,97,6857.358
63,34,98,6857.358
63,34,99,6857.358
63,34,100,6857.358
63,34,101,6857.358
63,34,102,6857.358
63,34,103,6857.358
9,34,120,6857.358
9,34,121,6857.358
9,34,122,6857.358
9,34,123,6857.358
0,34,124,6857.358
0,34,125,6857.358
0,34,126,6857.358
0,34,127,6857.358
0,34,128,6857.358
0,34,129,6857.358
0,34,130,6857.358
0,34,131,6857.358
0,34,132,6857.358
0,34,133,6857.358
0,34,134,6857.358
0,34,135,6857.358
0,34,136,6857.358
0,34,137,6857.358
0,34,138,6857.358
0,34,139,6857.358
0,34,140,6857.358
0,34,141,6857.358
0,34,142,6857.358
0,34,143,6857.358
0,34,144,6857.358
0,34,145,6857.358
0,34,146,6857.358
0,34,147,6857.358
0,34,148,6857.358
0,34,149,6857.358
0,34,150,6857.358
0,34,151,6857.358
0,34,152,6857.358
0,34,153,6857.358
0,34,154,6857.358
0,34,155,6857.358
0,34,156,6857.358
0,34,157,6857.358
0,34,158,6857.358
0,34,159,6857.358
0,34,160,6857.358
0,34,161,6857.358
0,34,162,6857.358
0,34,163,6857.358
0,34,164,6857.358
0,34,165,6857.358
0,34,166,6857.358
0,34,167,6857.358
0,34,168,6857.358
24,34,169,6857.358
24,34,170,6857.358
24,34,171,6857.358
24,34,172,6857.358
24,34,173,6857.358
24,34,174,6857.358
22,34,179,6857.358
22,34,180,6857.358
22,34,181,6857.358
22,34,182,6857.358
22,34,183,6857.358
22,34,184,6857.358
22,34,185,6857.358
22,34,186,6857.358
22,34,187,6857.358
22,34,188,6857.358
22,34,191,6857.358
22,34,192,6857.358
23,34,196,6857.358
23,34,197,6857.358
23,34,198,6857.358
23,34,199,6857.358
23,34,200,6857.358
23,34,201,6857.358
52,34,318,6857.358
52,34,319,6857.358
52,34,320,6857.358
52,34,321,6857.358
52,34,322,6857.358
52,34,323,6857.358
52,34,324,6857.358
52,34,325,6857.358
52,34,326,6857.358
52,34,327,6857.358
52,34,328,6857.358
52,34,329,6857.358
52,34,330,6857.358
52,34,331,6857.358
52,34,332,6857.358
52,34,333,6857.358
52,34,334,6857.358
52,34,335,6857.358
52,34,336,6857.358
53,34,343,6857.358
53,34,344,6857.358
53,34,345,6857.358
53,34,346,6857.358
53,34,347,6857.358
53,34,348,6857.358
53,34,349,6857.358
53,34,350,6857.358
53,34,351,6857.358
53,34,352,6857.358
53,34,353,6857.358
53,34,354,6857.358
53,34,355,6857.358
1,34,356,6857.358
1,34,357,6857.358
1,34,358,6857.358
1,34,359,6857.358
1,34,360,6857.358
1,35,1,7035.595
1,35,2,7035.595
1,35,3,7035.595
1,35,4,7035.595
1,35,5,7035.595
1,35,6,7035.595
1,35,7,7035.595
1,35,8,7035.595
1,35,9,7035.595
1,35,10,7035.595
1,35,11,7035.595
1,35,12,7035.595
1,35,13,7035.595
1,35,14,7035.595
1,35,15,7035.595
1,35,16,7035.595
1,35,17,7035.595
2,35,18,7035.595
2,35,19,7035.595
2,35,20,7035.595
2,35,21,7035.595
2,35,22,7035.595
2,35,23,7035.595
2,35,24,7035.595
2,35,25,7035.595
2,35,26,7035.595
2,35,27,7035.595
2,35,28,7035.595
2,35,29,7035.595
0,35,30,7035.595
0,35,31,7035.595
0,35,32,7035.595
0,35,33,7035.595
2,35,34,7035.595
2,35,35,7035.595
2,35,36,7035.595
2,35,37,7035.595
2,35,38,7035.595
2,35,39,7035.595
2,35,40,7035.595
2,35,41,7035.595
2,35,42,7035.595
2,35,43,7035.595
2,35,44,7035.595
2,35,45,7035.595
2,35,46,7035.595
2,35,47,7035.595
2,35,49,7035.595
63,35,98,7035.595
63,35,99,7035.595
63,35,100,7035.595
63,35,101,7035.595
63,35,102,7035.595
9,35,122,7035.595
9,35,123,7035.595
9,35,124,7035.595
9,35,125,7035.595
9,35,126,7035.595
0,35,127,7035.595
0,35,128,7035.595
0,35,129,7035.595
0,35,130,7035.595
0,35,131,7035.595
0,35,132,7035.595
0,35,133,7035.595
0,35,134,7035.595
0,35,135,7035.595
0,35,136,7035.595
0,35,137,7035.595
0,35,138,7035.595
0,35,139,7035.595
0,35,140,7035.595
0,35,141,7035.595
0,35,142,7035.595
0,35,143,7035.595
0,35,144,7035.595
0,35,145,7035.595
0,35,146,7035.595
0,35,147,7035.595
0,35,148,7035.595
0,35,149,7035.595
0,35,150,7035.595
0,35,151,7035.595
0,35,152,7035.595
0,35,153,7035.595
0,35,154,7035.595
0,35,155,7035.595
0,35,156,7035.595
0,35,157,7035.595
0,35,158,7035.595
0,35,159,7035.595
0,35,160,7035.595
0,35,161,7035.595
0,35,162,7035.595
0,35,163,7035.595
0,35,164,7035.595
0,35,165,7035.595
0,35,166,7035.595
0,35,167,7035.595
24,35,168,7035.595
24,35,169,7035.595
24,35,170,7035.595
24,35,171,7035.595
24,35,172,7035.595
24,35,175,7035.595
22,35,180,7035.595
22,35,181,7035.595
22,35,182,7035.595
22,35,183,7035.595
22,35,184,7035.595
22,35,185,7035.595
22,35,186,7035.595
22,35,187,7035.595
22,35,188,7035.595
22,35,189,7035.595
23,35,191,7035.595
23,35,193,7035.595
23,35,194,7035.595
23,35,195,7035.595
23,35,196,7035.595
23,35,197,7035.595
23,35,198,7035.595
23,35,199,7035.595
23,35,200,7035.595
23,35,201,7035.595
52,35,317,7035.595
52,35,318,7035.595
52,35,319,7035.595
52,35,320,7035.595
52,35,321,7035.595
52,35,322,7035.595
52,35,323,7035.595
52,35,324,7035.595
52,35,325,7035.595
52,35,326,7035.595
52,35,327,7035.595
52,35,328,7035.595
52,35,329,7035.595
52,35,330,7035.595
52,35,331,7035.595
52,35,332,7035.595
52,35,333,7035.595
52,35,334,7035.595
52,35,335,7035.595
52,35,336,7035.595
53,35,343,7035.595
53,35,344,7035.595
53,35,345,7035.595
53,35,346,7035.595
53,35,347,7035.595
53,35,348,7035.595
53,35,349,7035.595
53,35,350,7035.595
53,35,351,7035.595
53,35,352,7035.595
53,35,353,7035.595
53,35,354,7035.595
1,35,355,7035.595
1,35,356,7035.595
1,35,357,7035.595
1,35,358,7035.595
1,35,359,7035.595
1,35,360,7035.595
1,36,1,7211.59
1,36,2,7211.59
1,36,3,7211.59
1,36,4,7211.59
1,36,5,7211.59
1,36,6,7211.59
1,36,7,7211.59
1,36,8,7211.59
1,36,9,7211.59
1,36,10,7211.59
1,36,11,7211.59
1,36,12,7211.59
1,36,13,7211.59
1,36,14,7211.59
1,36,15,7211.59
2,36,16,7211.59
2,36,17,7211.59
2,36,18,7211.59
2,36,19,7211.59
2,36,20,7211.59
2,36,21,7211.59
0,36,22,7211.59
0,36,23,7211.59
0,36,24,7211.59
0,36,25,7211.59
0,36,26,7211.59
0,36,27,7211.59
0,36,28,7211.59
0,36,29,7211.59
0,36,30,7211.59
0,36,31,7211.59
0,36,32,7211.59
0,36,33,7211.59
0,36,34,7211.59
0,36,35,7211.59
0,36,36,7211.59
0,36,37,7211.59
2,36,38,7211.59
2,36,39,7211.59
2,36,40,7211.59
2,36,41,7211.59
2,36,42,7211.59
2,36,43,7211.59
2,36,44,7211.59
2,36,45,7211.59
2,36,46,7211.59
2,36,47,7211.59
2,36,48,7211.59
2,36,49,7211.59
2,36,50,7211.59
63,36,99,7211.59
63,36,100,7211.59
63,36,101,7211.59
9,36,124,7211.59
9,36,125,7211.59
9,36,126,7211.59
9,36,127,7211.59
0,36,128,7211.59
0,36,129,7211.59
0,36,130,7211.59
0,36,131,7211.59
0,36,132,7211.59
0,36,133,7211.59
0,36,134,7211.59
0,36,135,7211.59
0,36,136,7211.59
0,36,137,7211.59
0,36,138,7211.59
0,36,139,7211.59
0,36,140,7211.59
0,36,141,7211.59
0,36,142,7211.59
0,36,143,7211.59
0,36,144,7211.59
0,36,145,7211.59
0,36,146,7211.59
0,36,147,7211.59
0,36,148,7211.59
0,36,149,7211.59
0,36,150,7211.59
0,36,151,7211.59
0,36,152,7211.59
0,36,153,7211.59
0,36,154,7211.59
0,36,155,7211.59
0,36,156,7211.59
0,36,157,7211.59
0,36,158,7211.59
0,36,159,7211.59
0,36,160,7211.59
0,36,161,7211.59
0,36,162,7211.59
0,36,163,7211.59
0,36,164,7211.59
0,36,165,7211.59
0,36,166,7211.59
24,36,167,7211.59
24,36,168,7211.59
24,36,169,7211.59
24,36,170,7211.59
24,36,175,7211.59
24,36,176,7211.59
24,36,177,7211.59
22,36,181,7211.59
22,36,182,7211.59
22,36,183,7211.59
22,36,184,7211.59
22,36,185,7211.59
22,36,186,7211.59
22,36,187,7211.59
22,36,188,7211.59
22,36,189,7211.59
23,36,195,7211.59
52,36,318,7211.59
52,36,319,7211.59
52,36,321,7211.59
52,36,322,7211.59
52,36,323,7211.59
52,36,324,7211.59
52,36,325,7211.59
52,36,326,7211.59
52,36,327,7211.59
52,36,328,7211.59
52,36,329,7211.59
52,36,330,7211.59
52,36,331,7211.59
52,36,332,7211.59
52,36,333,7211.59
52,36,334,7211.59
52,36,335,7211.59
52,36,336,7211.59
53,36,341,7211.59
53,36,342,7211.59
53,36,343,7211.59
0,36,344,7211.59
0,36,345,7211.59
0,36,346,7211.59
53,36,347,7211.59
53,36,348,7211.59
53,36,349,7211.59
53,36,350,7211.59
53,36,351,7211.59
53,36,352,7211.59
53,36,353,7211.59
1,36,354,7211.59
1,36,355,7211.59
1,36,356,7211.59
1,36,357,7211.59
1,36,358,7211.59
1,36,359,7211.59
1,36,360,7211.59
1,37,1,7385.292
1,37,2,7385.292
1,37,3,7385.292
1,37,4,7385.292
1,37,5,7385.292
1,37,6,7385.292
1,37,7,7385.292
65,37,8,7385.292
65,37,9,7385.292
65,37,10,7385.292
65,37,11,7385.292
1,37,12,7385.292
1,37,13,7385.292
1,37,14,7385.292
1,37,15,7385.292
2,37,16,7385.292
0,37,17,7385.292
0,37,18,7385.292
0,37,19,7385.292
0,37,20,7385.292
0,37,21,7385.292
0,37,22,7385.292
0,37,23,7385.292
0,37,24,7385.292
0,37,25,7385.292
0,37,26,7385.292
0,37,27,7385.292
0,37,28,7385.292
0,37,29,7385.292
0,37,30,7385.292
0,37,31,7385.292
0,37,32,7385.292
0,37,33,7385.292
0,37,34,7385.292
0,37,35,7385.292
0,37,36,7385.292
0,37,37,7385.292
0,37,38,7385.292
0,37,39,7385.292
2,37,40,7385.292
2,37,41,7385.292
2,37,42,7385.292
2,37,43,7385.292
2,37,44,7385.292
2,37,45,7385.292
2,37,46,7385.292
2,37,47,7385.292
2,37,48,7385.292
2,37,49,7385.292
2,37,50,7385.292
2,37,51,7385.292
63,37,99,7385.292
63,37,100,7385.292
63,37,101,7385.292
9,37,125,7385.292
9,37,126,7385.292
9,37,127,7385.292
9,37,128,7385.292
0,37,129,7385.292
0,37,130,7385.292
0,37,131,7385.292
0,37,132,7385.292
0,37,133,7385.292
0,37,134,7385.292
0,37,135,7385.292
0,37,136,7385.292
0,37,137,7385.292
0,37,138,7385.292
0,37,139,7385.292
0,37,140,7385.292
0,37,141,7385.292
0,37,142,7385.292
0,37,143,7385.292
0,37,144,7385.292
0,37,145,7385.292
0,37,146,7385.292
0,37,147,7385.292
0,37,148,7385.292
0,37,149,7385.292
0,37,150,7385.292
0,37,151,7385.292
0,37,152,7385.292
0,37,153,7385.292
0,37,154,7385.292
0,37,155,7385.292
0,37,156,7385.292
0,37,157,7385.292
0,37,158,7385.292
0,37,159,7385.292
0,37,160,7385.292
0,37,161,7385.292
0,37,162,7385.292
0,37,163,7385.292
0,37,164,7385.292
0,37,165,7385.292
0,37,166,7385.292
24,37,167,7385.292
24,37,168,7385.292
24,37,169,7385.292
24,37,170,7385.292
24,37,175,7385.292
24,37,176,7385.292
22,37,180,7385.292
22,37,182,7385.292
22,37,183,7385.292
22,37,184,7385.292
22,37,185,7385.292
50,37,322,7385.292
52,37,324,7385.292
52,37,325,7385.292
52,37,326,7385.292
52,37,327,7385.292
52,37,328,7385.292
52,37,329,7385.292
52,37,330,7385.292
52,37,331,7385.292
52,37,332,7385.292
52,37,333,7385.292
52,37,334,7385.292
52,37,335,7385.292
52,37,336,7385.292
53,37,340,7385.292
53,37,341,7385.292
53,37,342,7385.292
0,37,343,7385.292
0,37,344,7385.292
0,37,345,7385.292
0,37,346,7385.292
0,37,347,7385.292
0,37,348,7385.292
0,37,349,7385.292
53,37,350,7385.292
53,37,351,7385.292
53,37,352,7385.292
65,37,353,7385.292
65,37,354,7385.292
1,37,355,7385.292
1,37,356,7385.292
1,37,357,7385.292
1,37,358,7385.292
1,37,359,7385.292
1,37,360,7385.292
65,38,1,7556.649
65,38,2,7556.649
65,38,3,7556.649
65,38,4,7556.649
65,38,5,7556.649
65,38,6,7556.649
65,38,7,7556.649
65,38,8,7556.649
65,38,9,7556.649
65,38,10,7556.649
65,38,11,7556.649
1,38,12,7556.649
0,38,13,7556.649
0,38,14,7556.649
0,38,15,7556.649
0,38,16,7556.649
0,38,17,7556.649
0,38,18,7556.649
0,38,19,7556.649
0,38,20,7556.649
0,38,21,7556.649
0,38,22,7556.649
0,38,23,7556.649
0,38,24,7556.649
0,38,25,7556.649
0,38,26,7556.649
0,38,27,7556.649
0,38,28,7556.649
0,38,29,7556.649
0,38,30,7556.649
0,38,31,7556.649
0,38,32,7556.649
0,38,33,7556.649
0,38,34,7556.649
0,38,35,7556.649
0,38,36,7556.649
0,38,37,7556.649
0,38,38,7556.649
0,38,39,7556.649
0,38,40,7556.649
0,38,41,7556.649
2,38,42,7556.649
2,38,43,7556.649
2,38,44,7556.649
2,38,45,7556.649
2,38,46,7556.649
2,38,47,7556.649
2,38,48,7556.649
2,38,49,7556.649
2,38,50,7556.649
2,38,51,7556.649
2,38,52,7556.649
63,38,100,7556.649
63,38,101,7556.649
9,38,125,7556.649
9,38,126,7556.649
9,38,127,7556.649
9,38,128,7556.649
9,38,129,7556.649
0,38,130,7556.649
0,38,131,7556.649
0,38,132,7556.649
0,38,133,7556.649
0,38,134,7556.649
0,38,135,7556.649
0,38,136,7556.649
0,38,137,7556.649
0,38,138,7556.649
0,38,139,7556.649
0,38,140,7556.649
0,38,141,7556.649
0,38,142,7556.649
0,38,143,7556.649
0,38,144,7556.649
0,38,145,7556.649
0,38,146,7556.649
0,38,147,7556.649
0,38,148,7556.649
0,38,149,7556.649
0,38,150,7556.649
0,38,151,7556.649
0,38,152,7556.649
0,38,153,7556.649
0,38,154,7556.649
0,38,155,7556.649
0,38,156,7556.649
0,38,157,7556.649
0,38,158,7556.649
0,38,159,7556.649
0,38,160,7556.649
0,38,161,7556.649
0,38,162,7556.649
0,38,163,7556.649
0,38,164,7556.649
0,38,165,7556.649
0,38,166,7556.649
24,38,167,7556.649
24,38,168,7556.649
24,38,169,7556.649
24,38,170,7556.649
24,38,173,7556.649
24,38,174,7556.649
24,38,175,7556.649
22,38,182,7556.649
22,38,183,7556.649
22,38,184,7556.649
52,38,324,7556.649
52,38,325,7556.649
52,38,326,7556.649
52,38,327,7556.649
52,38,328,7556.649
52,38,329,7556.649
52,38,330,7556.649
52,38,331,7556.649
52,38,332,7556.649
52,38,333,7556.649
52,38,334,7556.649
52,38,335,7556.649
52,38,336,7556.649
53,38,339,7556.649
53,38,340,7556.649
53,38,341,7556.649
0,38,342,7556.649
0,38,343,7556.649
0,38,344,7556.649
0,38,345,7556.649
0,38,346,7556.649
0,38,347,7556.649
0,38,348,7556.649
0,38,349,7556.649
0,38,350,7556.649
0,38,351,7556.649
0,38,352,7556.649
65,38,353,7556.649
65,38,354,7556.649
65,38,355,7556.649
65,38,356,7556.649
65,38,357,7556.649
65,38,358,7556.649
65,38,359,7556.649
65,38,360,7556.649
65,39,1,7725.611
65,39,2,7725.611
65,39,3,7725.611
65,39,4,7725.611
65,39,5,7725.611
65,39,6,7725.611
0,39,7,7725.611
0,39,8,7725.611
0,39,9,7725.611
0,39,10,7725.611
0,39,11,7725.611
0,39,12,7725.611
0,39,13,7725.611
0,39,14,7725.611
0,39,15,7725.611
0,39,16,7725.611
0,39,17,7725.611
0,39,18,7725.611
0,39,19,7725.611
0,39,20,7725.611
0,39,21,7725.611
0,39,22,7725.611
0,39,23,7725.611
0,39,24,7725.611
0,39,25,7725.611
0,39,26,7725.611
0,39,27,7725.611
0,39,28,7725.611
0,39,29,7725.611
0,39,30,7725.611
0,39,31,7725.611
0,39,32,7725.611
0,39,33,7725.611
0,39,34,7725.611
0,39,35,7725.611
0,39,36,7725.611
0,39,37,7725.611
0,39,38,7725.611
0,39,39,7725.611
0,39,40,7725.611
0,39,41,7725.611
0,39,42,7725.611
0,39,43,7725.611
2,39,44,7725.611
2,39,45,7725.611
2,39,46,7725.611
2,39,47,7725.611
2,39,48,7725.611
2,39,49,7725.611
2,39,50,7725.611
2,39,51,7725.611
2,39,52,7725.611
9,39,122,7725.611
9,39,123,7725.611
9,39,125,7725.611
9,39,126,7725.611
9,39,127,7725.611
9,39,128,7725.611
9,39,129,7725.611
9,39,130,7725.611
0,39,131,7725.611
0,39,132,7725.611
0,39,133,7725.611
0,39,134,7725.611
0,39,135,7725.611
0,39,136,7725.611
0,39,137,7725.611
0,39,138,7725.611
0,39,139,7725.611
0,39,140,7725.611
0,39,141,7725.611
0,39,142,7725.611
0,39,143,7725.611
0,39,144,7725.611
0,39,145,7725.611
0,39,146,7725.611
0,39,147,7725.611
0,39,148,7725.611
0,39,149,7725.611
0,39,150,7725.611
0,39,151,7725.611
0,39,152,7725.611
0,39,153,7725.611
0,39,154,7725.611
0,39,155,7725.611
0,39,156,7725.611
0,39,157,7725.611
0,39,158,7725.611
0,39,159,7725.611
0,39,160,7725.611
0,39,161,7725.611
0,39,162,7725.611
0,39,163,7725.611
0,39,164,7725.611
0,39,165,7725.611
0,39,166,7725.611
24,39,167,7725.611
24,39,168,7725.611
24,39,169,7725.611
24,39,170,7725.611
24,39,171,7725.611
24,39,172,7725.611
24,39,173,7725.611
24,39,174,7725.611
24,39,175,7725.611
24,39,176,7725.611
24,39,182,7725.611
50,39,322,7725.611
52,39,325,7725.611
52,39,326,7725.611
52,39,327,7725.611
52,39,328,7725.611
52,39,329,7725.611
52,39,330,7725.611
52,39,331,7725.611
52,39,332,7725.611
52,39,333,7725.611
52,39,334,7725.611
52,39,335,7725.611
52,39,336,7725.611
51,39,337,7725.611
53,39,338,7725.611
53,39,339,7725.611
53,39,340,7725.611
0,39,341,7725.611
0,39,342,7725.611
0,39,343,7725.611
0,39,344,7725.611
0,39,345,7725.611
0,39,346,7725.611
0,39,347,7725.611
0,39,348,7725.611
0,39,349,7725.611
0,39,350,7725.611
0,39,351,7725.611
0,39,352,7725.611
0,39,353,7725.611
0,39,354,7725.611
0,39,355,7725.611
0,39,356,7725.611
65,39,357,7725.611
65,39,358,7725.611
65,39,359,7725.611
65,39,360,7725.611
0,40,1,7892.128
0,40,2,7892.128
0,40,3,7892.128
0,40,4,7892.128
0,40,5,7892.128
0,40,6,7892.128
0,40,7,7892.128
0,40,8,7892.128
0,40,9,7892.128
0,40,10,7892.128
0,40,11,7892.128
0,40,12,7892.128
0,40,13,7892.128
0,40,14,7892.128
0,40,15,7892.128
0,40,16,7892.128
0,40,17,7892.128
0,40,18,7892.128
0,40,19,7892.128
0,40,20,7892.128
0,40,21,7892.128
0,40,22,7892.128
0,40,23,7892.128
0,40,24,7892.128
0,40,25,7892.128
0,40,26,7892.128
0,40,27,7892.128
0,40,28,7892.128
0,40,29,7892.128
0,40,30,7892.128
0,40,31,7892.128
0,40,32,7892.128
0,40,33,7892.128
0,40,34,7892.128
0,40,35,7892.128
0,40,36,7892.128
0,40,37,7892.128
0,40,38,7892.128
0,40,39,7892.128
0,40,40,7892.128
0,40,41,7892.128
0,40,42,7892.128
0,40,43,7892.128
0,40,44,7892.128
0,40,45,7892.128
2,40,46,7892.128
2,40,47,7892.128
2,40,48,7892.128
2,40,49,7892.128
2,40,50,7892.128
2,40,51,7892.128
2,40,52,7892.128
2,40,53,7892.128
9,40,114,7892.128
9,40,115,7892.128
9,40,116,7892.128
9,40,118,7892.128
9,40,119,7892.128
9,40,120,7892.128
9,40,121,7892.128
9,40,122,7892.128
9,40,125,7892.128
9,40,126,7892.128
9,40,127,7892.128
9,40,128,7892.128
9,40,129,7892.128
9,40,130,7892.128
0,40,131,7892.128
0,40,132,7892.128
0,40,133,7892.128
0,40,134,7892.128
0,40,135,7892.128
0,40,136,7892.128
0,40,137,7892.128
0,40,138,7892.128
0,40,139,7892.128
0,40,140,7892.128
0,40,141,7892.128
0,40,142,7892.128
0,40,143,7892.128
0,40,144,7892.128
0,40,145,7892.128
0,40,146,7892.128
0,40,147,7892.128
0,40,148,7892.128
0,40,149,7892.128
0,40,150,7892.128
0,40,151,7892.128
0,40,152,7892.128
0,40,153,7892.128
0,40,154,7892.128
0,40,155,7892.128
0,40,156,7892.128
0,40,157,7892.128
0,40,158,7892.128
0,40,159,7892.128
0,40,160,7892.128
0,40,161,7892.128
0,40,162,7892.128
0,40,163,7892.128
0,40,164,7892.128
0,40,165,7892.128
0,40,166,7892.128
0,40,167,7892.128
24,40,168,7892.128
24,40,169,7892.128
24,40,170,7892.128
24,40,171,7892.128
24,40,172,7892.128
24,40,173,7892.128
24,40,174,7892.128
24,40,175,7892.128
24,40,176,7892.128
24,40,177,7892.128
24,40,178,7892.128
24,40,179,7892.128
24,40,180,7892.128
24,40,181,7892.128
50,40,322,7892.128
52,40,325,7892.128
52,40,326,7892.128
52,40,327,7892.128
52,40,328,7892.128
52,40,329,7892.128
52,40,330,7892.128
52,40,331,7892.128
52,40,332,7892.128
52,40,333,7892.128
52,40,334,7892.128
52,40,335,7892.128
51,40,336,7892.128
51,40,337,7892.128
51,40,338,7892.128
51,40,339,7892.128
0,40,340,7892.128
0,40,341,7892.128
0,40,342,7892.128
0,40,343,7892.128
0,40,344,7892.128
0,40,345,7892.128
0,40,346,7892.128
0,40,347,7892.128
0,40,348,7892.128
0,40,349,7892.128
0,40,350,7892.128
0,40,351,7892.128
0,40,352,7892.128
0,40,353,7892.128
0,40,354,7892.128
0,40,355,7892.128
0,40,356,7892.128
0,40,357,7892.128
0,40,358,7892.128
0,40,359,7892.128
0,40,360,7892.128
0,41,1,8056.153
0,41,2,8056.153
0,41,3,8056.153
0,41,4,8056.153
0,41,5,8056.153
0,41,6,8056.153
0,41,7,8056.153
0,41,8,8056.153
0,41,9,8056.153
0,41,10,8056.153
0,41,11,8056.153
0,41,12,8056.153
0,41,13,8056.153
0,41,14,8056.153
0,41,15,8056.153
0,41,16,8056.153
0,41,17,8056.153
0,41,18,8056.153
0,41,19,8056.153
0,41,20,8056.153
0,41,21,8056.153
0,41,22,8056.153
0,41,23,8056.153
0,41,24,8056.153
0,41,25,8056.153
0,41,26,8056.153
0,41,27,8056.153
0,41,28,8056.153
0,41,29,8056.153
0,41,30,8056.153
0,41,31,8056.153
0,41,32,8056.153
0,41,33,8056.153
0,41,34,8056.153
0,41,35,8056.153
0,41,36,8056.153
0,41,37,8056.153
0,41,38,8056.153
0,41,39,8056.153
0,41,40,8056.153
0,41,41,8056.153
0,41,42,8056.153
0,41,43,8056.153
0,41,44,8056.153
0,41,45,8056.153
0,41,46,8056.153
2,41,47,8056.153
2,41,48,8056.153
2,41,49,8056.153
2,41,50,8056.153
2,41,51,8056.153
2,41,52,8056.153
2,41,53,8056.153
2,41,54,8056.153
2,41,55,8056.153
2,41,57,8056.153
9,41,113,8056.153
9,41,116,8056.153
9,41,117,8056.153
9,41,118,8056.153
9,41,119,8056.153
9,41,120,8056.153
9,41,121,8056.153
9,41,122,8056.153
9,41,127,8056.153
9,41,128,8056.153
9,41,129,8056.153
9,41,130,8056.153
0,41,131,8056.153
0,41,132,8056.153
0,41,133,8056.153
0,41,134,8056.153
0,41,135,8056.153
0,41,136,8056.153
0,41,137,8056.153
0,41,138,8056.153
0,41,139,8056.153
0,41,140,8056.153
0,41,141,8056.153
0,41,142,8056.153
0,41,143,8056.153
0,41,144,8056.153
0,41,145,8056.153
0,41,146,8056.153
0,41,147,8056.153
0,41,148,8056.153
0,41,149,8056.153
0,41,150,8056.153
0,41,151,8056.153
0,41,152,8056.153
0,41,153,8056.153
0,41,154,8056.153
0,41,155,8056.153
0,41,156,8056.153
0,41,157,8056.153
0,41,158,8056.153
0,41,159,8056.153
0,41,160,8056.153
0,41,161,8056.153
0,41,162,8056.153
0,41,163,8056.153
0,41,164,8056.153
0,41,165,8056.153
0,41,166,8056.153
0,41,167,8056.153
0,41,168,8056.153
24,41,169,8056.153
24,41,170,8056.153
24,41,171,8056.153
24,41,172,8056.153
24,41,173,8056.153
24,41,174,8056.153
24,41,175,8056.153
24,41,176,8056.153
24,41,177,8056.153
24,41,178,8056.153
50,41,321,8056.153
50,41,322,8056.153
52,41,324,8056.153
52,41,325,8056.153
52,41,326,8056.153
52,41,327,8056.153
52,41,328,8056.153
52,41,329,8056.153
52,41,330,8056.153
52,41,331,8056.153
52,41,332,8056.153
52,41,333,8056.153
52,41,334,8056.153
51,41,335,8056.153
51,41,336,8056.153
51,41,337,8056.153
51,41,338,8056.153
0,41,339,8056.153
0,41,340,8056.153
0,41,341,8056.153
0,41,342,8056.153
0,41,343,8056.153
0,41,344,8056.153
0,41,345,8056.153
0,41,346,8056.153
0,41,347,8056.153
0,41,348,8056.153
0,41,349,8056.153
0,41,350,8056.153
0,41,351,8056.153
0,41,352,8056.153
0,41,353,8056.153
0,41,354,8056.153
0,41,355,8056.153
0,41,356,8056.153
0,41,357,8056.153
0,41,358,8056.153
0,41,359,8056.153
0,41,360,8056.153
0,42,1,8217.638
0,42,2,8217.638
0,42,3,8217.638
0,42,4,8217.638
0,42,5,8217.638
0,42,6,8217.638
0,42,7,8217.638
0,42,8,8217.638
0,42,9,8217.638
0,42,10,8217.638
0,42,11,8217.638
0,42,12,8217.638
0,42,13,8217.638
0,42,14,8217.638
0,42,15,8217.638
0,42,16,8217.638
0,42,17,8217.638
0,42,18,8217.638
0,42,19,8217.638
0,42,20,8217.638
0,42,21,8217.638
0,42,22,8217.638
0,42,23,8217.638
0,42,24,8217.638
0,42,25,8217.638
0,42,26,8217.638
0,42,27,8217.638
0,42,28,8217.638
0,42,29,8217.638
0,42,30,8217.638
0,42,31,8217.638
0,42,32,8217.638
0,42,33,8217.638
0,42,34,8217.638
0,42,35,8217.638
0,42,36,8217.638
0,42,37,8217.638
0,42,38,8217.638
0,42,39,8217.638
0,42,40,8217.638
0,42,41,8217.638
0,42,42,8217.638
0,42,43,8217.638
0,42,44,8217.638
0,42,45,8217.638
0,42,46,8217.638
2,42,47,8217.638
2,42,48,8217.638
2,42,49,8217.638
2,42,50,8217.638
2,42,51,8217.638
2,42,52,8217.638
2,42,53,8217.638
2,42,54,8217.638
2,42,55,8217.638
8,42,116,8217.638
8,42,117,8217.638
8,42,118,8217.638
8,42,119,8217.638
8,42,120,8217.638
9,42,121,8217.638
9,42,128,8217.638
9,42,129,8217.638
9,42,130,8217.638
9,42,131,8217.638
9,42,132,8217.638
9,42,133,8217.638
9,42,134,8217.638
9,42,135,8217.638
9,42,136,8217.638
0,42,137,8217.638
0,42,138,8217.638
0,42,139,8217.638
0,42,140,8217.638
0,42,141,8217.638
0,42,142,8217.638
0,42,143,8217.638
0,42,144,8217.638
0,42,145,8217.638
0,42,146,8217.638
0,42,147,8217.638
0,42,148,8217.638
0,42,149,8217.638
0,42,150,8217.638
0,42,151,8217.638
0,42,152,8217.638
0,42,153,8217.638
0,42,154,8217.638
0,42,155,8217.638
0,42,156,8217.638
0,42,157,8217.638
0,42,158,8217.638
0,42,159,8217.638
0,42,160,8217.638
0,42,161,8217.638
0,42,162,8217.638
0,42,163,8217.638
0,42,164,8217.638
0,42,165,8217.638
0,42,166,8217.638
0,42,167,8217.638
0,42,168,8217.638
24,42,169,8217.638
24,42,170,8217.638
24,42,171,8217.638
24,42,172,8217.638
24,42,173,8217.638
24,42,174,8217.638
24,42,175,8217.638
24,42,176,8217.638
50,42,321,8217.638
50,42,322,8217.638
52,42,324,8217.638
52,42,325,8217.638
52,42,326,8217.638
52,42,327,8217.638
52,42,328,8217.638
52,42,329,8217.638
52,42,330,8217.638
52,42,331,8217.638
52,42,332,8217.638
52,42,333,8217.638
51,42,334,8217.638
51,42,335,8217.638
51,42,336,8217.638
51,42,337,8217.638
51,42,338,8217.638
0,42,339,8217.638
0,42,340,8217.638
0,42,341,8217.638
0,42,342,8217.638
0,42,343,8217.638
0,42,344,8217.638
0,42,345,8217.638
0,42,346,8217.638
0,42,347,8217.638
0,42,348,8217.638
0,42,349,8217.638
0,42,350,8217.638
0,42,351,8217.638
0,42,352,8217.638
0,42,353,8217.638
0,42,354,8217.638
0,42,355,8217.638
0,42,356,8217.638
0,42,357,8217.638
0,42,358,8217.638
0,42,359,8217.638
0,42,360,8217.638
0,43,1,8376.536
0,43,2,8376.536
0,43,3,8376.536
0,43,4,8376.536
0,43,5,8376.536
0,43,6,8376.536
0,43,7,8376.536
0,43,8,8376.536
0,43,9,8376.536
0,43,10,8376.536
0,43,11,8376.536
0,43,12,8376.536
0,43,13,8376.536
0,43,14,8376.536
0,43,15,8376.536
0,43,16,8376.536
0,43,17,8376.536
0,43,18,8376.536
0,43,19,8376.536
0,43,20,8376.536
0,43,21,8376.536
0,43,22,8376.536
0,43,23,8376.536
0,43,24,8376.536
0,43,25,8376.536
0,43,26,8376.536
0,43,27,8376.536
0,43,28,8376.536
0,43,29,8376.536
0,43,30,8376.536
0,43,31,8376.536
0,43,32,8376.536
0,43,33,8376.536
0,43,34,8376.536
0,43,35,8376.536
0,43,36,8376.536
0,43,37,8376.536
0,43,38,8376.536
0,43,39,8376.536
0,43,40,8376.536
0,43,41,8376.536
0,43,42,8376.536
0,43,43,8376.536
0,43,44,8376.536
0,43,45,8376.536
0,43,46,8376.536
0,43,47,8376.536
2,43,48,8376.536
2,43,49,8376.536
2,43,50,8376.536
2,43,51,8376.536
2,43,52,8376.536
2,43,53,8376.536
2,43,54,8376.536
3,43,55,8376.536
3,43,56,8376.536
8,43,116,8376.536
8,43,117,8376.536
8,43,118,8376.536
8,43,119,8376.536
8,43,120,8376.536
8,43,121,8376.536
9,43,122,8376.536
9,43,123,8376.536
9,43,124,8376.536
9,43,125,8376.536
9,43,126,8376.536
9,43,128,8376.536
9,43,129,8376.536
9,43,130,8376.536
9,43,131,8376.536
9,43,132,8376.536
9,43,133,8376.536
9,43,134,8376.536
9,43,135,8376.536
9,43,136,8376.536
0,43,137,8376.536
0,43,138,8376.536
0,43,139,8376.536
0,43,140,8376.536
0,43,141,8376.536
0,43,142,8376.536
0,43,143,8376.536
0,43,144,8376.536
0,43,145,8376.536
0,43,146,8376.536
0,43,147,8376.536
0,43,148,8376.536
0,43,149,8376.536
0,43,150,8376.536
0,43,151,8376.536
0,43,152,8376.536
0,43,153,8376.536
0,43,154,8376.536
0,43,155,8376.536
0,43,156,8376.536
0,43,157,8376.536
0,43,158,8376.536
0,43,159,8376.536
0,43,160,8376.536
0,43,161,8376.536
0,43,162,8376.536
0,43,163,8376.536
0,43,164,8376.536
0,43,165,8376.536
0,43,166,8376.536
0,43,167,8376.536
0,43,168,8376.536
24,43,169,8376.536
24,43,170,8376.536
24,43,171,8376.536
24,43,172,8376.536
24,43,173,8376.536
24,43,174,8376.536
24,43,175,8376.536
24,43,176,8376.536
24,43,177,8376.536
24,43,178,8376.536
50,43,320,8376.536
50,43,321,8376.536
50,43,322,8376.536
52,43,324,8376.536
52,43,325,8376.536
52,43,326,8376.536
52,43,327,8376.536
52,43,328,8376.536
52,43,329,8376.536
52,43,330,8376.536
52,43,331,8376.536
51,43,332,8376.536
51,43,333,8376.536
51,43,334,8376.536
51,43,335,8376.536
51,43,336,8376.536
51,43,337,8376.536
0,43,338,8376.536
0,43,339,8376.536
0,43,340,8376.536
0,43,341,8376.536
0,43,342,8376.536
0,43,343,8376.536
0,43,344,8376.536
0,43,345,8376.536
0,43,346,8376.536
0,43,347,8376.536
0,43,348,8376.536
0,43,349,8376.536
0,43,350,8376.536
0,43,351,8376.536
0,43,352,8376.536
0,43,353,8376.536
0,43,354,8376.536
0,43,355,8376.536
0,43,356,8376.536
0,43,357,8376.536
0,43,358,8376.536
0,43,359,8376.536
0,43,360,8376.536
0,44,1,8532.804
0,44,2,8532.804
0,44,3,8532.804
0,44,4,8532.804
0,44,5,8532.804
0,44,6,8532.804
0,44,7,8532.804
0,44,8,8532.804
0,44,9,8532.804
0,44,10,8532.804
0,44,11,8532.804
0,44,12,8532.804
0,44,13,8532.804
0,44,14,8532.804
0,44,15,8532.804
0,44,16,8532.804
0,44,17,8532.804
0,44,18,8532.804
0,44,19,8532.804
0,44,20,8532.804
0,44,21,8532.804
0,44,22,8532.804
0,44,23,8532.804
0,44,24,8532.804
0,44,25,8532.804
0,44,26,8532.804
0,44,27,8532.804
0,44,28,8532.804
0,44,29,8532.804
0,44,30,8532.804
0,44,31,8532.804
0,44,32,8532.804
0,44,33,8532.804
0,44,34,8532.804
0,44,35,8532.804
0,44,36,8532.804
0,44,37,8532.804
0,44,38,8532.804
0,44,39,8532.804
0,44,40,8532.804
0,44,41,8532.804
0,44,42,8532.804
0,44,43,8532.804
0,44,44,8532.804
0,44,45,8532.804
0,44,46,8532.804
0,44,47,8532.804
2,44,48,8532.804
2,44,49,8532.804
2,44,50,8532.804
2,44,51,8532.804
2,44,52,8532.804
2,44,53,8532.804
3,44,54,8532.804
3,44,55,8532.804
3,44,56,8532.804
8,44,118,8532.804
8,44,119,8532.804
8,44,121,8532.804
8,44,122,8532.804
8,44,123,8532.804
9,44,124,8532.804
9,44,125,8532.804
9,44,126,8532.804
9,44,127,8532.804
9,44,128,8532.804
9,44,129,8532.804
9,44,130,8532.804
9,44,131,8532.804
9,44,132,8532.804
9,44,133,8532.804
9,44,134,8532.804
0,44,135,8532.804
0,44,136,8532.804
0,44,137,8532.804
0,44,138,8532.804
0,44,139,8532.804
0,44,140,8532.804
0,44,141,8532.804
0,44,142,8532.804
0,44,143,8532.804
0,44,144,8532.804
0,44,145,8532.804
0,44,146,8532.804
0,44,147,8532.804
0,44,148,8532.804
0,44,149,8532.804
0,44,150,8532.804
0,44,151,8532.804
0,44,152,8532.804
0,44,153,8532.804
0,44,154,8532.804
0,44,155,8532.804
0,44,156,8532.804
0,44,157,8532.804
0,44,158,8532.804
0,44,159,8532.804
0,44,160,8532.804
0,44,161,8532.804
0,44,162,8532.804
0,44,163,8532.804
0,44,164,8532.804
0,44,165,8532.804
0,44,166,8532.804
0,44,167,8532.804
0,44,168,8532.804
0,44,169,8532.804
0,44,170,8532.804
0,44,171,8532.804
0,44,172,8532.804
0,44,173,8532.804
0,44,174,8532.804
0,44,175,8532.804
0,44,176,8532.804
24,44,177,8532.804
24,44,178,8532.804
24,44,179,8532.804
62,44,211,8532.804
62,44,212,8532.804
62,44,213,8532.804
62,44,216,8532.804
62,44,217,8532.804
62,44,218,8532.804
0,44,230,8532.804
0,44,231,8532.804
0,44,232,8532.804
0,44,233,8532.804
50,44,319,8532.804
50,44,320,8532.804
50,44,321,8532.804
50,44,322,8532.804
52,44,323,8532.804
52,44,324,8532.804
52,44,325,8532.804
52,44,326,8532.804
52,44,327,8532.804
52,44,328,8532.804
52,44,329,8532.804
52,44,330,8532.804
51,44,331,8532.804
51,44,332,8532.804
51,44,333,8532.804
51,44,334,8532.804
51,44,335,8532.804
51,44,336,8532.804
0,44,337,8532.804
0,44,338,8532.804
0,44,339,8532.804
0,44,340,8532.804
0,44,341,8532.804
0,44,342,8532.804
0,44,343,8532.804
0,44,344,8532.804
0,44,345,8532.804
0,44,346,8532.804
0,44,347,8532.804
0,44,348,8532.804
0,44,349,8532.804
0,44,350,8532.804
0,44,351,8532.804
0,44,352,8532.804
0,44,353,8532.804
0,44,354,8532.804
0,44,355,8532.804
0,44,356,8532.804
0,44,357,8532.804
0,44,358,8532.804
0,44,359,8532.804
0,44,360,8532.804
0,45,1,8686.396
0,45,2,8686.396
0,45,3,8686.396
0,45,4,8686.396
0,45,5,8686.396
0,45,6,8686.396
0,45,7,8686.396
0,45,8,8686.396
0,45,9,8686.396
0,45,10,8686.396
0,45,11,8686.396
0,45,12,8686.396
0,45,13,8686.396
0,45,14,8686.396
0,45,15,8686.396
0,45,16,8686.396
0,45,17,8686.396
0,45,18,8686.396
0,45,19,8686.396
0,45,20,8686.396
0,45,21,8686.396
0,45,22,8686.396
0,45,23,8686.396
0,45,24,8686.396
0,45,25,8686.396
0,45,26,8686.396
0,45,27,8686.396
0,45,28,8686.396
0,45,29,8686.396
0,45,30,8686.396
0,45,31,8686.396
0,45,32,8686.396
0,45,33,8686.396
0,45,34,8686.396
0,45,35,8686.396
0,45,36,8686.396
0,45,37,8686.396
0,45,38,8686.396
0,45,39,8686.396
0,45,40,8686.396
0,45,41,8686.396
0,45,42,8686.396
0,45,43,8686.396
0,45,44,8686.396
0,45,45,8686.396
0,45,46,8686.396
0,45,47,8686.396
0,45,48,8686.396
2,45,49,8686.396
2,45,50,8686.396
2,45,51,8686.396
3,45,52,8686.396
3,45,53,8686.396
3,45,54,8686.396
3,45,55,8686.396
3,45,56,8686.396
7,45,114,8686.396
7,45,115,8686.396
8,45,119,8686.396
8,45,120,8686.396
8,45,121,8686.396
8,45,122,8686.396
8,45,123,8686.396
8,45,124,8686.396
9,45,125,8686.396
9,45,126,8686.396
9,45,127,8686.396
9,45,128,8686.396
9,45,129,8686.396
9,45,130,8686.396
9,45,131,8686.396
0,45,132,8686.396
0,45,133,8686.396
0,45,134,8686.396
0,45,135,8686.396
0,45,136,8686.396
0,45,137,8686.396
0,45,138,8686.396
0,45,139,8686.396
0,45,140,8686.396
0,45,141,8686.396
0,45,142,8686.396
0,45,143,8686.396
0,45,144,8686.396
0,45,145,8686.396
0,45,146,8686.396
0,45,147,8686.396
0,45,148,8686.396
0,45,149,8686.396
0,45,150,8686.396
0,45,151,8686.396
0,45,152,8686.396
0,45,153,8686.396
0,45,154,8686.396
0,45,155,8686.396
0,45,156,8686.396
0,45,157,8686.396
0,45,158,8686.396
0,45,159,8686.396
0,45,160,8686.396
0,45,161,8686.396
0,45,162,8686.396
0,45,163,8686.396
0,45,164,8686.396
0,45,165,8686.396
0,45,166,8686.396
0,45,167,8686.396
0,45,168,8686.396
0,45,169,8686.396
0,45,170,8686.396
0,45,171,8686.396
0,45,172,8686.396
0,45,173,8686.396
0,45,174,8686.396
0,45,175,8686.396
0,45,176,8686.396
0,45,177,8686.396
24,45,178,8686.396
24,45,179,8686.396
26,45,193,8686.396
26,45,194,8686.396
62,45,210,8686.396
62,45,211,8686.396
62,45,212,8686.396
62,45,213,8686.396
62,45,216,8686.396
62,45,217,8686.396
0,45,228,8686.396
0,45,229,8686.396
0,45,230,8686.396
0,45,231,8686.396
50,45,318,8686.396
50,45,319,8686.396
50,45,320,8686.396
50,45,321,8686.396
50,45,322,8686.396
52,45,323,8686.396
52,45,324,8686.396
52,45,325,8686.396
52,45,326,8686.396
52,45,327,8686.396
52,45,328,8686.396
51,45,329,8686.396
51,45,330,8686.396
51,45,331,8686.396
51,45,332,8686.396
51,45,333,8686.396
51,45,334,8686.396
51,45,335,8686.396
51,45,336,8686.396
0,45,337,8686.396
0,45,338,8686.396
0,45,339,8686.396
0,45,340,8686.396
0,45,341,8686.396
0,45,342,8686.396
0,45,343,8686.396
0,45,344,8686.396
0,45,345,8686.396
0,45,346,8686.396
0,45,347,8686.396
0,45,348,8686.396
0,45,349,8686.396
0,45,350,8686.396
0,45,351,8686.396
0,45,352,8686.396
0,45,353,8686.396
0,45,354,8686.396
0,45,355,8686.396
0,45,356,8686.396
0,45,357,8686.396
0,45,358,8686.396
0,45,359,8686.396
0,45,360,8686.396
0,46,1,8837.269
0,46,2,8837.269
0,46,3,8837.269
0,46,4,8837.269
0,46,5,8837.269
0,46,6,8837.269
0,46,7,8837.269
0,46,8,8837.269
0,46,9,8837.269
0,46,10,8837.269
0,46,11,8837.269
0,46,12,8837.269
0,46,13,8837.269
0,46,14,8837.269
0,46,15,8837.269
0,46,16,8837.269
0,46,17,8837.269
0,46,18,8837.269
0,46,19,8837.269
0,46,20,8837.269
0,46,21,8837.269
0,46,22,8837.269
0,46,23,8837.269
0,46,24,8837.269
0,46,25,8837.269
0,46,26,8837.269
0,46,27,8837.269
0,46,28,8837.269
0,46,29,8837.269
0,46,30,8837.269
0,46,31,8837.269
0,46,32,8837.269
0,46,33,8837.269
0,46,34,8837.269
0,46,35,8837.269
0,46,36,8837.269
0,46,37,8837.269
0,46,38,8837.269
0,46,39,8837.269
0,46,40,8837.269
0,46,41,8837.269
0,46,42,8837.269
0,46,43,8837.269
0,46,44,8837.269
0,46,45,8837.269
0,46,46,8837.269
0,46,47,8837.269
0,46,48,8837.269
2,46,49,8837.269
3,46,50,8837.269
3,46,51,8837.269
3,46,52,8837.269
3,46,53,8837.269
3,46,54,8837.269
3,46,55,8837.269
3,46,56,8837.269
7,46,112,8837.269
7,46,113,8837.269
7,46,114,8837.269
8,46,116,8837.269
8,46,117,8837.269
8,46,118,8837.269
8,46,119,8837.269
8,46,120,8837.269
8,46,121,8837.269
8,46,122,8837.269
0,46,123,8837.269
0,46,124,8837.269
0,46,125,8837.269
0,46,126,8837.269
0,46,127,8837.269
9,46,128,8837.269
9,46,129,8837.269
9,46,130,8837.269
9,46,131,8837.269
0,46,132,8837.269
0,46,133,8837.269
0,46,134,8837.269
0,46,135,8837.269
0,46,136,8837.269
0,46,137,8837.269
0,46,138,8837.269
0,46,139,8837.269
0,46,140,8837.269
0,46,141,8837.269
0,46,142,8837.269
0,46,143,8837.269
0,46,144,8837.269
0,46,145,8837.269
0,46,146,8837.269
0,46,147,8837.269
0,46,148,8837.269
0,46,149,8837.269
0,46,150,8837.269
0,46,151,8837.269
0,46,152,8837.269
0,46,153,8837.269
0,46,154,8837.269
0,46,155,8837.269
0,46,156,8837.269
0,46,157,8837.269
0,46,158,8837.269
0,46,159,8837.269
0,46,160,8837.269
0,46,161,8837.269
0,46,162,8837.269
0,46,163,8837.269
0,46,164,8837.269
0,46,165,8837.269
0,46,166,8837.269
0,46,167,8837.269
0,46,168,8837.269
0,46,169,8837.269
25,46,170,8837.269
25,46,171,8837.269
25,46,172,8837.269
25,46,173,8837.269
25,46,174,8837.269
25,46,175,8837.269
25,46,176,8837.269
25,46,177,8837.269
25,46,178,8837.269
24,46,179,8837.269
26,46,189,8837.269
26,46,190,8837.269
26,46,194,8837.269
26,46,195,8837.269
62,46,210,8837.269
62,46,211,8837.269
62,46,212,8837.269
62,46,213,8837.269
62,46,214,8837.269
62,46,215,8837.269
62,46,216,8837.269
62,46,217,8837.269
62,46,218,8837.269
62,46,219,8837.269
0,46,228,8837.269
0,46,229,8837.269
0,46,230,8837.269
0,46,231,8837.269
50,46,317,8837.269
50,46,318,8837.269
50,46,319,8837.269
50,46,320,8837.269
50,46,321,8837.269
50,46,322,8837.269
52,46,325,8837.269
52,46,326,8837.269
51,46,327,8837.269
51,46,328,8837.269
51,46,329,8837.269
51,46,330,8837.269
51,46,331,8837.269
51,46,332,8837.269
51,46,333,8837.269
51,46,334,8837.269
51,46,335,8837.269
0,46,336,8837.269
0,46,337,8837.269
0,46,338,8837.269
0,46,339,8837.269
0,46,340,8837.269
0,46,341,8837.269
0,46,342,8837.269
0,46,343,8837.269
0,46,344,8837.269
0,46,345,8837.269
0,46,346,8837.269
0,46,347,8837.269
0,46,348,8837.269
0,46,349,8837.269
0,46,350,8837.269
0,46,351,8837.269
0,46,352,8837.269
0,46,353,8837.269
0,46,354,8837.269
0,46,355,8837.269
0,46,356,8837.269
0,46,357,8837.269
0,46,358,8837.269
0,46,359,8837.269
0,46,360,8837.269
0,47,1,8985.38
0,47,2,8985.38
0,47,3,8985.38
0,47,4,8985.38
0,47,5,8985.38
0,47,6,8985.38
0,47,7,8985.38
0,47,8,8985.38
0,47,9,8985.38
0,47,10,8985.38
0,47,11,8985.38
0,47,12,8985.38
0,47,13,8985.38
0,47,14,8985.38
0,47,15,8985.38
0,47,16,8985.38
0,47,17,8985.38
0,47,18,8985.38
0,47,19,8985.38
0,47,20,8985.38
0,47,21,8985.38
0,47,22,8985.38
0,47,23,8985.38
0,47,24,8985.38
0,47,25,8985.38
0,47,26,8985.38
0,47,27,8985.38
0,47,28,8985.38
0,47,29,8985.38
0,47,30,8985.38
0,47,31,8985.38
0,47,32,8985.38
0,47,33,8985.38
0,47,34,8985.38
0,47,35,8985.38
0,47,36,8985.38
0,47,37,8985.38
0,47,38,8985.38
0,47,39,8985.38
0,47,40,8985.38
0,47,41,8985.38
0,47,42,8985.38
0,47,43,8985.38
0,47,44,8985.38
0,47,45,8985.38
0,47,46,8985.38
0,47,47,8985.38
0,47,48,8985.38
3,47,49,8985.38
3,47,50,8985.38
3,47,51,8985.38
3,47,52,8985.38
3,47,53,8985.38
3,47,54,8985.38
3,47,55,8985.38
3,47,56,8985.38
7,47,110,8985.38
7,47,111,8985.38
7,47,112,8985.38
7,47,113,8985.38
7,47,114,8985.38
8,47,115,8985.38
8,47,116,8985.38
8,47,117,8985.38
8,47,118,8985.38
0,47,119,8985.38
0,47,120,8985.38
0,47,121,8985.38
0,47,122,8985.38
0,47,123,8985.38
0,47,124,8985.38
0,47,125,8985.38
0,47,126,8985.38
0,47,127,8985.38
0,47,128,8985.38
0,47,129,8985.38
9,47,130,8985.38
0,47,131,8985.38
0,47,132,8985.38
0,47,133,8985.38
0,47,134,8985.38
0,47,135,8985.38
0,47,136,8985.38
0,47,137,8985.38
0,47,138,8985.38
0,47,139,8985.38
0,47,140,8985.38
0,47,141,8985.38
0,47,142,8985.38
0,47,143,8985.38
0,47,144,8985.38
0,47,145,8985.38
0,47,146,8985.38
0,47,147,8985.38
0,47,148,8985.38
0,47,149,8985.38
0,47,150,8985.38
0,47,151,8985.38
0,47,152,8985.38
0,47,153,8985.38
0,47,154,8985.38
0,47,155,8985.38
0,47,156,8985.38
0,47,157,8985.38
0,47,158,8985.38
0,47,159,8985.38
0,47,160,8985.38
0,47,161,8985.38
0,47,162,8985.38
0,47,163,8985.38
0,47,164,8985.38
0,47,165,8985.38
0,47,166,8985.38
0,47,167,8985.38
0,47,168,8985.38
0,47,169,8985.38
25,47,170,8985.38
25,47,171,8985.38
26,47,184,8985.38
26,47,185,8985.38
26,47,186,8985.38
26,47,187,8985.38
26,47,188,8985.38
26,47,189,8985.38
26,47,190,8985.38
26,47,191,8985.38
26,47,195,8985.38
26,47,196,8985.38
26,47,197,8985.38
62,47,209,8985.38
62,47,210,8985.38
62,47,211,8985.38
62,47,212,8985.38
62,47,213,8985.38
62,47,214,8985.38
62,47,215,8985.38
62,47,216,8985.38
62,47,217,8985.38
62,47,218,8985.38
62,47,219,8985.38
62,47,220,8985.38
62,47,221,8985.38
0,47,229,8985.38
0,47,230,8985.38
0,47,231,8985.38
0,47,232,8985.38
50,47,315,8985.38
50,47,316,8985.38
50,47,317,8985.38
50,47,318,8985.38
50,47,319,8985.38
50,47,320,8985.38
51,47,326,8985.38
51,47,327,8985.38
51,47,328,8985.38
51,47,329,8985.38
51,47,330,8985.38
51,47,331,8985.38
51,47,332,8985.38
51,47,333,8985.38
0,47,334,8985.38
0,47,335,8985.38
0,47,336,8985.38
0,47,337,8985.38
0,47,338,8985.38
0,47,339,8985.38
0,47,340,8985.38
0,47,341,8985.38
0,47,342,8985.38
0,47,343,8985.38
0,47,344,8985.38
0,47,345,8985.38
0,47,346,8985.38
0,47,347,8985.38
0,47,348,8985.38
0,47,349,8985.38
0,47,350,8985.38
0,47,351,8985.38
0,47,352,8985.38
0,47,353,8985.38
0,47,354,8985.38
0,47,355,8985.38
0,47,356,8985.38
0,47,357,8985.38
0,47,358,8985.38
0,47,359,8985.38
0,47,360,8985.38
0,48,1,9130.689
0,48,2,9130.689
0,48,3,9130.689
0,48,4,9130.689
0,48,5,9130.689
0,48,6,9130.689
0,48,7,9130.689
0,48,8,9130.689
0,48,9,9130.689
0,48,10,9130.689
0,48,11,9130.689
0,48,12,9130.689
0,48,13,9130.689
0,48,14,9130.689
0,48,15,9130.689
0,48,16,9130.689
0,48,17,9130.689
0,48,18,9130.689
0,48,19,9130.689
0,48,20,9130.689
0,48,21,9130.689
0,48,22,9130.689
0,48,23,9130.689
0,48,24,9130.689
0,48,25,9130.689
0,48,26,9130.689
0,48,27,9130.689
0,48,28,9130.689
0,48,29,9130.689
0,48,30,9130.689
0,48,31,9130.689
0,48,32,9130.689
0,48,33,9130.689
0,48,34,9130.689
0,48,35,9130.689
0,48,36,9130.689
0,48,37,9130.689
0,48,38,9130.689
0,48,39,9130.689
0,48,40,9130.689
0,48,41,9130.689
0,48,42,9130.689
0,48,43,9130.689
0,48,44,9130.689
0,48,45,9130.689
0,48,46,9130.689
0,48,47,9130.689
0,48,48,9130.689
3,48,49,9130.689
3,48,50,9130.689
3,48,51,9130.689
3,48,52,9130.689
3,48,53,9130.689
3,48,54,9130.689
3,48,55,9130.689
3,48,56,9130.689
7,48,110,9130.689
7,48,111,9130.689
7,48,112,9130.689
7,48,113,9130.689
7,48,114,9130.689
7,48,115,9130.689
0,48,116,9130.689
0,48,117,9130.689
0,48,118,9130.689
0,48,119,9130.689
0,48,120,9130.689
0,48,121,9130.689
0,48,122,9130.689
0,48,123,9130.689
0,48,124,9130.689
0,48,125,9130.689
0,48,126,9130.689
0,48,127,9130.689
0,48,128,9130.689
0,48,129,9130.689
0,48,130,9130.689
0,48,131,9130.689
0,48,132,9130.689
0,48,133,9130.689
0,48,134,9130.689
0,48,135,9130.689
0,48,136,9130.689
0,48,137,9130.689
0,48,138,9130.689
0,48,139,9130.689
0,48,140,9130.689
0,48,141,9130.689
0,48,142,9130.689
0,48,143,9130.689
0,48,144,9130.689
0,48,145,9130.689
0,48,146,9130.689
0,48,147,9130.689
0,48,148,9130.689
0,48,149,9130.689
0,48,150,9130.689
0,48,151,9130.689
0,48,152,9130.689
0,48,153,9130.689
0,48,154,9130.689
0,48,155,9130.689
0,48,156,9130.689
0,48,157,9130.689
0,48,158,9130.689
0,48,159,9130.689
0,48,160,9130.689
0,48,161,9130.689
0,48,162,9130.689
0,48,163,9130.689
0,48,164,9130.689
0,48,165,9130.689
0,48,166,9130.689
0,48,167,9130.689
0,48,168,9130.689
25,48,169,9130.689
25,48,170,9130.689
25,48,171,9130.689
26,48,184,9130.689
26,48,185,9130.689
26,48,186,9130.689
26,48,187,9130.689
26,48,188,9130.689
26,48,189,9130.689
26,48,190,9130.689
26,48,191,9130.689
26,48,192,9130.689
26,48,196,9130.689
26,48,197,9130.689
26,48,198,9130.689
26,48,199,9130.689
62,48,209,9130.689
62,48,210,9130.689
62,48,211,9130.689
62,48,212,9130.689
62,48,213,9130.689
62,48,214,9130.689
62,48,215,9130.689
62,48,216,9130.689
62,48,217,9130.689
62,48,218,9130.689
62,48,219,9130.689
62,48,220,9130.689
62,48,221,9130.689
62,48,222,9130.689
0,48,229,9130.689
0,48,230,9130.689
0,48,231,9130.689
0,48,232,9130.689
0,48,233,9130.689
50,48,311,9130.689
50,48,312,9130.689
50,48,313,9130.689
50,48,314,9130.689
50,48,315,9130.689
50,48,316,9130.689
50,48,317,9130.689
50,48,318,9130.689
50,48,319,9130.689
50,48,320,9130.689
49,48,322,9130.689
49,48,323,9130.689
51,48,324,9130.689
51,48,325,9130.689
51,48,326,9130.689
51,48,327,9130.689
51,48,328,9130.689
51,48,329,9130.689
51,48,330,9130.689
51,48,331,9130.689
0,48,332,9130.689
0,48,333,9130.689
0,48,334,9130.689
0,48,335,9130.689
0,48,336,9130.689
0,48,337,9130.689
0,48,338,9130.689
0,48,339,9130.689
0,48,340,9130.689
0,48,341,9130.689
0,48,342,9130.689
0,48,343,9130.689
0,48,344,9130.689
0,48,345,9130.689
0,48,346,9130.689
0,48,347,9130.689
0,48,348,9130.689
0,48,349,9130.689
0,48,350,9130.689
0,48,351,9130.689
0,48,352,9130.689
0,48,353,9130.689
0,48,354,9130.689
0,48,355,9130.689
0,48,356,9130.689
0,48,357,9130.689
0,48,358,9130.689
0,48,359,9130.689
0,48,360,9130.689
0,49,1,9273.157
0,49,2,9273.157
0,49,3,9273.157
0,49,4,9273.157
0,49,5,9273.157
0,49,6,9273.157
0,49,7,9273.157
0,49,8,9273.157
0,49,9,9273.157
0,49,10,9273.157
0,49,11,9273.157
0,49,12,9273.157
0,49,13,9273.157
0,49,14,9273.157
0,49,15,9273.157
0,49,16,9273.157
0,49,17,9273.157
0,49,18,9273.157
0,49,19,9273.157
0,49,20,9273.157
0,49,21,9273.157
0,49,22,9273.157
0,49,23,9273.157
0,49,24,9273.157
0,49,25,9273.157
0,49,26,9273.157
0,49,27,9273.157
0,49,28,9273.157
0,49,29,9273.157
0,49,30,9273.157
0,49,31,9273.157
0,49,32,9273.157
0,49,33,9273.157
0,49,34,9273.157
0,49,35,9273.157
0,49,36,9273.157
0,49,37,9273.157
0,49,38,9273.157
0,49,39,9273.157
0,49,40,9273.157
0,49,41,9273.157
0,49,42,9273.157
0,49,43,9273.157
0,49,44,9273.157
0,49,45,9273.157
0,49,46,9273.157
0,49,47,9273.157
0,49,48,9273.157
3,49,49,9273.157
3,49,50,9273.157
3,49,51,9273.157
3,49,52,9273.157
3,49,53,9273.157
3,49,54,9273.157
3,49,55,9273.157
3,49,56,9273.157
7,49,108,9273.157
7,49,109,9273.157
7,49,110,9273.157
7,49,111,9273.157
7,49,112,9273.157
7,49,113,9273.157
7,49,114,9273.157
0,49,115,9273.157
0,49,116,9273.157
0,49,117,9273.157
0,49,118,9273.157
0,49,119,9273.157
0,49,120,9273.157
0,49,121,9273.157
0,49,122,9273.157
0,49,123,9273.157
0,49,124,9273.157
0,49,125,9273.157
0,49,126,9273.157
0,49,127,9273.157
0,49,128,9273.157
0,49,129,9273.157
0,49,130,9273.157
0,49,131,9273.157
0,49,132,9273.157
0,49,133,9273.157
0,49,134,9273.157
0,49,135,9273.157
0,49,136,9273.157
0,49,137,9273.157
0,49,138,9273.157
0,49,139,9273.157
0,49,140,9273.157
0,49,141,9273.157
0,49,142,9273.157
0,49,143,9273.157
0,49,144,9273.157
0,49,145,9273.157
0,49,146,9273.157
0,49,147,9273.157
0,49,148,9273.157
0,49,149,9273.157
0,49,150,9273.157
0,49,151,9273.157
0,49,152,9273.157
0,49,153,9273.157
0,49,154,9273.157
0,49,155,9273.157
0,49,156,9273.157
0,49,157,9273.157
0,49,158,9273.157
0,49,159,9273.157
0,49,160,9273.157
0,49,161,9273.157
0,49,162,9273.157
0,49,163,9273.157
0,49,164,9273.157
0,49,165,9273.157
0,49,166,9273.157
0,49,167,9273.157
0,49,168,9273.157
25,49,169,9273.157
25,49,170,9273.157
25,49,171,9273.157
26,49,182,9273.157
26,49,183,9273.157
26,49,184,9273.157
26,49,185,9273.157
26,49,186,9273.157
26,49,187,9273.157
26,49,188,9273.157
26,49,189,9273.157
26,49,190,9273.157
26,49,191,9273.157
26,49,192,9273.157
26,49,193,9273.157
26,49,194,9273.157
26,49,198,9273.157
26,49,199,9273.157
26,49,209,9273.157
62,49,219,9273.157
0,49,230,9273.157
0,49,231,9273.157
0,49,232,9273.157
0,49,233,9273.157
50,49,311,9273.157
50,49,312,9273.157
50,49,313,9273.157
50,49,314,9273.157
50,49,315,9273.157
50,49,316,9273.157
50,49,317,9273.157
50,49,318,9273.157
50,49,319,9273.157
50,49,320,9273.157
49,49,322,9273.157
49,49,323,9273.157
49,49,324,9273.157
51,49,325,9273.157
51,49,326,9273.157
51,49,327,9273.157
51,49,328,9273.157
0,49,329,9273.157
0,49,330,9273.157
0,49,331,9273.157
0,49,332,9273.157
0,49,333,9273.157
0,49,334,9273.157
0,49,335,9273.157
0,49,336,9273.157
0,49,337,9273.157
0,49,338,9273.157
0,49,339,9273.157
0,49,340,9273.157
0,49,341,9273.157
0,49,342,9273.157
0,49,343,9273.157
0,49,344,9273.157
0,49,345,9273.157
0,49,346,9273.157
0,49,347,9273.157
0,49,348,9273.157
0,49,349,9273.157
0,49,350,9273.157
0,49,351,9273.157
0,49,352,9273.157
0,49,353,9273.157
0,49,354,9273.157
0,49,355,9273.157
0,49,356,9273.157
0,49,357,9273.157
0,49,358,9273.157
0,49,359,9273.157
0,49,360,9273.157
0,50,1,9412.744
0,50,2,9412.744
0,50,3,9412.744
0,50,4,9412.744
0,50,5,9412.744
0,50,6,9412.744
0,50,7,9412.744
0,50,8,9412.744
0,50,9,9412.744
0,50,10,9412.744
0,50,11,9412.744
0,50,12,9412.744
0,50,13,9412.744
0,50,14,9412.744
0,50,15,9412.744
0,50,16,9412.744
0,50,17,9412.744
0,50,18,9412.744
0,50,19,9412.744
0,50,20,9412.744
0,50,21,9412.744
0,50,22,9412.744
0,50,23,9412.744
0,50,24,9412.744
0,50,25,9412.744
0,50,26,9412.744
0,50,27,9412.744
0,50,28,9412.744
0,50,29,9412.744
0,50,30,9412.744
0,50,31,9412.744
0,50,32,9412.744
0,50,33,9412.744
0,50,34,9412.744
0,50,35,9412.744
0,50,36,9412.744
0,50,37,9412.744
0,50,38,9412.744
0,50,39,9412.744
0,50,40,9412.744
0,50,41,9412.744
0,50,42,9412.744
0,50,43,9412.744
0,50,44,9412.744
0,50,45,9412.744
0,50,46,9412.744
0,50,47,9412.744
0,50,48,9412.744
3,50,49,9412.744
3,50,50,9412.744
3,50,51,9412.744
3,50,52,9412.744
3,50,53,9412.744
3,50,54,9412.744
3,50,55,9412.744
3,50,56,9412.744
7,50,107,9412.744
7,50,108,9412.744
7,50,109,9412.744
7,50,110,9412.744
7,50,111,9412.744
0,50,112,9412.744
0,50,113,9412.744
0,50,114,9412.744
0,50,115,9412.744
0,50,116,9412.744
0,50,117,9412.744
0,50,118,9412.744
0,50,119,9412.744
0,50,120,9412.744
0,50,121,9412.744
0,50,122,9412.744
0,50,123,9412.744
0,50,124,9412.744
0,50,125,9412.744
0,50,126,9412.744
0,50,127,9412.744
0,50,128,9412.744
0,50,129,9412.744
0,50,130,9412.744
0,50,131,9412.744
0,50,132,9412.744
0,50,133,9412.744
0,50,134,9412.744
0,50,135,9412.744
0,50,136,9412.744
0,50,137,9412.744
0,50,138,9412.744
0,50,139,9412.744
0,50,140,9412.744
0,50,141,9412.744
0,50,142,9412.744
0,50,143,9412.744
0,50,144,9412.744
0,50,145,9412.744
0,50,146,9412.744
0,50,147,9412.744
0,50,148,9412.744
0,50,149,9412.744
0,50,150,9412.744
0,50,151,9412.744
0,50,152,9412.744
0,50,153,9412.744
0,50,154,9412.744
0,50,155,9412.744
0,50,156,9412.744
0,50,157,9412.744
0,50,158,9412.744
0,50,159,9412.744
0,50,160,9412.744
0,50,161,9412.744
0,50,162,9412.744
0,50,163,9412.744
0,50,164,9412.744
0,50,165,9412.744
0,50,166,9412.744
0,50,167,9412.744
0,50,168,9412.744
25,50,169,9412.744
25,50,170,9412.744
25,50,171,9412.744
26,50,181,9412.744
26,50,182,9412.744
26,50,183,9412.744
26,50,184,9412.744
26,50,185,9412.744
26,50,186,9412.744
26,50,187,9412.744
26,50,188,9412.744
26,50,191,9412.744
26,50,192,9412.744
26,50,193,9412.744
26,50,194,9412.744
26,50,195,9412.744
26,50,198,9412.744
26,50,199,9412.744
26,50,200,9412.744
26,50,204,9412.744
26,50,205,9412.744
26,50,206,9412.744
0,50,231,9412.744
0,50,232,9412.744
0,50,233,9412.744
48,50,301,9412.744
48,50,302,9412.744
50,50,309,9412.744
50,50,310,9412.744
50,50,311,9412.744
50,50,312,9412.744
50,50,313,9412.744
50,50,314,9412.744
50,50,315,9412.744
50,50,316,9412.744
50,50,317,9412.744
50,50,318,9412.744
50,50,319,9412.744
50,50,320,9412.744
49,50,323,9412.744
49,50,324,9412.744
49,50,325,9412.744
49,50,326,9412.744
0,50,327,9412.744
0,50,328,9412.744
0,50,329,9412.744
0,50,330,9412.744
0,50,331,9412.744
0,50,332,9412.744
0,50,333,9412.744
0,50,334,9412.744
0,50,335,9412.744
0,50,336,9412.744
0,50,337,9412.744
0,50,338,9412.744
0,50,339,9412.744
0,50,340,9412.744
0,50,341,9412.744
0,50,342,9412.744
0,50,343,9412.744
0,50,344,9412.744
0,50,345,9412.744
0,50,346,9412.744
0,50,347,9412.744
0,50,348,9412.744
0,50,349,9412.744
0,50,350,9412.744
0,50,351,9412.744
0,50,352,9412.744
0,50,353,9412.744
0,50,354,9412.744
0,50,355,9412.744
0,50,356,9412.744
0,50,357,9412.744
0,50,358,9412.744
0,50,359,9412.744
0,50,360,9412.744
0,51,1,9549.411
0,51,2,9549.411
0,51,3,9549.411
0,51,4,9549.411
0,51,5,9549.411
0,51,6,9549.411
0,51,7,9549.411
0,51,8,9549.411
0,51,9,9549.411
0,51,10,9549.411
0,51,11,9549.411
0,51,12,9549.411
0,51,13,9549.411
0,51,14,9549.411
0,51,15,9549.411
0,51,16,9549.411
0,51,17,9549.411
0,51,18,9549.411
0,51,19,9549.411
0,51,20,9549.411
0,51,21,9549.411
0,51,22,9549.411
0,51,23,9549.411
0,51,24,9549.411
0,51,25,9549.411
0,51,26,9549.411
0,51,27,9549.411
0,51,28,9549.411
0,51,29,9549.411
0,51,30,9549.411
0,51,31,9549.411
0,51,32,9549.411
0,51,33,9549.411
0,51,34,9549.411
0,51,35,9549.411
0,51,36,9549.411
0,51,37,9549.411
0,51,38,9549.411
0,51,39,9549.411
0,51,40,9549.411
0,51,41,9549.411
0,51,42,9549.411
0,51,43,9549.411
0,51,44,9549.411
0,51,45,9549.411
0,51,46,9549.411
0,51,47,9549.411
0,51,48,9549.411
0,51,49,9549.411
3,51,50,9549.411
3,51,51,9549.411
3,51,52,9549.411
3,51,53,9549.411
3,51,54,9549.411
3,51,55,9549.411
3,51,56,9549.411
7,51,106,9549.411
7,51,107,9549.411
0,51,108,9549.411
0,51,109,9549.411
0,51,110,9549.411
0,51,111,9549.411
0,51,112,9549.411
0,51,113,9549.411
0,51,114,9549.411
0,51,115,9549.411
0,51,116,9549.411
0,51,117,9549.411
0,51,118,9549.411
0,51,119,9549.411
0,51,120,9549.411
0,51,121,9549.411
0,51,122,9549.411
0,51,123,9549.411
0,51,124,9549.411
0,51,125,9549.411
0,51,126,9549.411
0,51,127,9549.411
0,51,128,9549.411
0,51,129,9549.411
0,51,130,9549.411
0,51,131,9549.411
0,51,132,9549.411
0,51,133,9549.411
0,51,134,9549.411
0,51,135,9549.411
0,51,136,9549.411
0,51,137,9549.411
0,51,138,9549.411
0,51,139,9549.411
0,51,140,9549.411
0,51,141,9549.411
0,51,142,9549.411
0,51,143,9549.411
0,51,144,9549.411
0,51,145,9549.411
0,51,146,9549.411
0,51,147,9549.411
0,51,148,9549.411
0,51,149,9549.411
0,51,150,9549.411
0,51,151,9549.411
0,51,152,9549.411
0,51,153,9549.411
0,51,154,9549.411
0,51,155,9549.411
0,51,156,9549.411
0,51,157,9549.411
0,51,158,9549.411
0,51,159,9549.411
0,51,160,9549.411
0,51,161,9549.411
0,51,162,9549.411
0,51,163,9549.411
0,51,164,9549.411
0,51,165,9549.411
0,51,166,9549.411
0,51,167,9549.411
0,51,168,9549.411
25,51,169,9549.411
25,51,170,9549.411
25,51,171,9549.411
26,51,181,9549.411
26,51,182,9549.411
26,51,183,9549.411
26,51,184,9549.411
26,51,185,9549.411
26,51,186,9549.411
26,51,187,9549.411
26,51,188,9549.411
26,51,189,9549.411
26,51,190,9549.411
26,51,191,9549.411
26,51,192,9549.411
26,51,193,9549.411
26,51,194,9549.411
26,51,195,9549.411
26,51,196,9549.411
26,51,198,9549.411
26,51,199,9549.411
26,51,200,9549.411
26,51,201,9549.411
26,51,204,9549.411
26,51,205,9549.411
26,51,206,9549.411
26,51,207,9549.411
0,51,230,9549.411
0,51,231,9549.411
0,51,232,9549.411
0,51,233,9549.411
0,51,234,9549.411
48,51,299,9549.411
48,51,300,9549.411
48,51,301,9549.411
48,51,302,9549.411
48,51,303,9549.411
48,51,304,9549.411
48,51,305,9549.411
50,51,309,9549.411
50,51,310,9549.411
50,51,311,9549.411
50,51,312,9549.411
50,51,313,9549.411
50,51,314,9549.411
50,51,315,9549.411
50,51,316,9549.411
50,51,317,9549.411
50,51,318,9549.411
50,51,319,9549.411
50,51,320,9549.411
49,51,323,9549.411
49,51,324,9549.411
49,51,325,9549.411
49,51,326,9549.411
0,51,327,9549.411
0,51,328,9549.411
0,51,329,9549.411
0,51,330,9549.411
0,51,331,9549.411
0,51,332,9549.411
0,51,333,9549.411
0,51,334,9549.411
0,51,335,9549.411
0,51,336,9549.411
0,51,337,9549.411
0,51,338,9549.411
0,51,339,9549.411
0,51,340,9549.411
0,51,341,9549.411
0,51,342,9549.411
0,51,343,9549.411
0,51,344,9549.411
0,51,345,9549.411
0,51,346,9549.411
0,51,347,9549.411
0,51,348,9549.411
0,51,349,9549.411
0,51,350,9549.411
0,51,351,9549.411
0,51,352,9549.411
0,51,353,9549.411
0,51,354,9549.411
0,51,355,9549.411
0,51,356,9549.411
0,51,357,9549.411
0,51,358,9549.411
0,51,359,9549.411
0,51,360,9549.411
0,52,1,9683.121
0,52,2,9683.121
0,52,3,9683.121
0,52,4,9683.121
0,52,5,9683.121
0,52,6,9683.121
0,52,7,9683.121
0,52,8,9683.121
0,52,9,9683.121
0,52,10,9683.121
0,52,11,9683.121
0,52,12,9683.121
0,52,13,9683.121
0,52,14,9683.121
0,52,15,9683.121
0,52,16,9683.121
0,52,17,9683.121
0,52,18,9683.121
0,52,19,9683.121
0,52,20,9683.121
0,52,21,9683.121
0,52,22,9683.121
0,52,23,9683.121
0,52,24,9683.121
0,52,25,9683.121
0,52,26,9683.121
0,52,27,9683.121
0,52,28,9683.121
0,52,29,9683.121
0,52,30,9683.121
0,52,31,9683.121
0,52,32,9683.121
0,52,33,9683.121
0,52,34,9683.121
0,52,35,9683.121
0,52,36,9683.121
0,52,37,9683.121
0,52,38,9683.121
0,52,39,9683.121
0,52,40,9683.121
0,52,41,9683.121
0,52,42,9683.121
0,52,43,9683.121
0,52,44,9683.121
0,52,45,9683.121
0,52,46,9683.121
0,52,47,9683.121
0,52,48,9683.121
0,52,49,9683.121
3,52,50,9683.121
3,52,51,9683.121
3,52,52,9683.121
3,52,53,9683.121
3,52,54,9683.121
3,52,55,9683.121
3,52,56,9683.121
3,52,57,9683.121
7,52,106,9683.121
0,52,107,9683.121
0,52,108,9683.121
0,52,109,9683.121
0,52,110,9683.121
0,52,111,9683.121
0,52,112,9683.121
0,52,113,9683.121
0,52,114,9683.121
0,52,115,9683.121
0,52,116,9683.121
0,52,117,9683.121
0,52,118,9683.121
0,52,119,9683.121
0,52,120,9683.121
0,52,121,9683.121
0,52,122,9683.121
0,52,123,9683.121
0,52,124,9683.121
0,52,125,9683.121
0,52,126,9683.121
0,52,127,9683.121
0,52,128,9683.121
0,52,129,9683.121
0,52,130,9683.121
0,52,131,9683.121
0,52,132,9683.121
0,52,133,9683.121
0,52,134,9683.121
0,52,135,9683.121
0,52,136,9683.121
0,52,137,9683.121
0,52,138,9683.121
0,52,139,9683.121
0,52,140,9683.121
0,52,141,9683.121
0,52,142,9683.121
0,52,143,9683.121
0,52,144,9683.121
0,52,145,9683.121
0,52,146,9683.121
0,52,147,9683.121
0,52,148,9683.121
0,52,149,9683.121
0,52,150,9683.121
0,52,151,9683.121
0,52,152,9683.121
0,52,153,9683.121
0,52,154,9683.121
0,52,155,9683.121
0,52,156,9683.121
0,52,157,9683.121
0,52,158,9683.121
0,52,159,9683.121
0,52,160,9683.121
0,52,161,9683.121
0,52,162,9683.121
0,52,163,9683.121
0,52,164,9683.121
0,52,165,9683.121
0,52,166,9683.121
0,52,167,9683.121
0,52,168,9683.121
25,52,169,9683.121
25,52,170,9683.121
25,52,171,9683.121
26,52,180,9683.121
26,52,181,9683.121
26,52,182,9683.121
26,52,183,9683.121
26,52,184,9683.121
26,52,185,9683.121
26,52,186,9683.121
26,52,187,9683.121
26,52,188,9683.121
26,52,189,9683.121
26,52,190,9683.121
26,52,191,9683.121
26,52,192,9683.121
26,52,193,9683.121
26,52,196,9683.121
26,52,197,9683.121
26,52,198,9683.121
26,52,199,9683.121
26,52,200,9683.121
26,52,201,9683.121
26,52,205,9683.121
26,52,206,9683.121
26,52,207,9683.121
0,52,230,9683.121
0,52,231,9683.121
0,52,232,9683.121
0,52,233,9683.121
0,52,234,9683.121
48,52,300,9683.121
48,52,301,9683.121
48,52,302,9683.121
48,52,303,9683.121
48,52,304,9683.121
48,52,305,9683.121
50,52,310,9683.121
50,52,311,9683.121
50,52,312,9683.121
50,52,313,9683.121
50,52,314,9683.121
50,52,315,9683.121
50,52,316,9683.121
50,52,317,9683.121
50,52,318,9683.121
50,52,319,9683.121
49,52,322,9683.121
49,52,323,9683.121
49,52,324,9683.121
49,52,325,9683.121
49,52,326,9683.121
0,52,327,9683.121
0,52,328,9683.121
0,52,329,9683.121
0,52,330,9683.121
0,52,331,9683.121
0,52,332,9683.121
0,52,333,9683.121
0,52,334,9683.121
0,52,335,9683.121
0,52,336,9683.121
0,52,337,9683.121
0,52,338,9683.121
0,52,339,9683.121
0,52,340,9683.121
0,52,341,9683.121
0,52,342,9683.121
0,52,343,9683.121
0,52,344,9683.121
0,52,345,9683.121
0,52,346,9683.121
0,52,347,9683.121
0,52,348,9683.121
0,52,349,9683.121
0,52,350,9683.121
0,52,351,9683.121
0,52,352,9683.121
0,52,353,9683.121
0,52,354,9683.121
0,52,355,9683.121
0,52,356,9683.121
0,52,357,9683.121
0,52,358,9683.121
0,52,359,9683.121
0,52,360,9683.121
0,53,1,9813.84
0,53,2,9813.84
0,53,3,9813.84
0,53,4,9813.84
0,53,5,9813.84
0,53,6,9813.84
0,53,7,9813.84
0,53,8,9813.84
0,53,9,9813.84
0,53,10,9813.84
0,53,11,9813.84
0,53,12,9813.84
0,53,13,9813.84
0,53,14,9813.84
0,53,15,9813.84
0,53,16,9813.84
0,53,17,9813.84
0,53,18,9813.84
0,53,19,9813.84
0,53,20,9813.84
0,53,21,9813.84
0,53,22,9813.84
0,53,23,9813.84
0,53,24,9813.84
0,53,25,9813.84
0,53,26,9813.84
0,53,27,9813.84
0,53,28,9813.84
0,53,29,9813.84
0,53,30,9813.84
0,53,31,9813.84
0,53,32,9813.84
0,53,33,9813.84
0,53,34,9813.84
0,53,35,9813.84
0,53,36,9813.84
0,53,37,9813.84
0,53,38,9813.84
0,53,39,9813.84
0,53,40,9813.84
0,53,41,9813.84
0,53,42,9813.84
0,53,43,9813.84
0,53,44,9813.84
0,53,45,9813.84
0,53,46,9813.84
0,53,47,9813.84
0,53,48,9813.84
0,53,49,9813.84
0,53,50,9813.84
3,53,51,9813.84
3,53,52,9813.84
3,53,53,9813.84
3,53,54,9813.84
3,53,55,9813.84
3,53,56,9813.84
3,53,57,9813.84
3,53,58,9813.84
7,53,105,9813.84
7,53,106,9813.84
0,53,107,9813.84
0,53,108,9813.84
0,53,109,9813.84
0,53,110,9813.84
0,53,111,9813.84
0,53,112,9813.84
0,53,113,9813.84
0,53,114,9813.84
0,53,115,9813.84
0,53,116,9813.84
0,53,117,9813.84
0,53,118,9813.84
0,53,119,9813.84
0,53,120,9813.84
0,53,121,9813.84
0,53,122,9813.84
0,53,123,9813.84
0,53,124,9813.84
0,53,125,9813.84
0,53,126,9813.84
0,53,127,9813.84
0,53,128,9813.84
0,53,129,9813.84
0,53,130,9813.84
0,53,131,9813.84
0,53,132,9813.84
0,53,133,9813.84
0,53,134,9813.84
0,53,135,9813.84
0,53,136,9813.84
0,53,137,9813.84
0,53,138,9813.84
0,53,139,9813.84
0,53,140,9813.84
0,53,141,9813.84
0,53,142,9813.84
0,53,143,9813.84
0,53,144,9813.84
0,53,145,9813.84
0,53,146,9813.84
0,53,147,9813.84
0,53,148,9813.84
0,53,149,9813.84
0,53,150,9813.84
0,53,151,9813.84
0,53,152,9813.84
0,53,153,9813.84
0,53,154,9813.84
0,53,155,9813.84
0,53,156,9813.84
0,53,157,9813.84
0,53,158,9813.84
0,53,159,9813.84
0,53,160,9813.84
0,53,161,9813.84
0,53,162,9813.84
0,53,163,9813.84
0,53,164,9813.84
0,53,165,9813.84
0,53,166,9813.84
0,53,167,9813.84
0,53,168,9813.84
0,53,169,9813.84
0,53,170,9813.84
25,53,171,9813.84
25,53,172,9813.84
25,53,173,9813.84
26,53,179,9813.84
26,53,180,9813.84
26,53,181,9813.84
26,53,182,9813.84
26,53,183,9813.84
26,53,184,9813.84
26,53,185,9813.84
26,53,186,9813.84
26,53,187,9813.84
26,53,188,9813.84
26,53,189,9813.84
26,53,191,9813.84
26,53,192,9813.84
26,53,193,9813.84
26,53,194,9813.84
26,53,196,9813.84
26,53,197,9813.84
26,53,198,9813.84
26,53,199,9813.84
26,53,200,9813.84
26,53,201,9813.84
26,53,202,9813.84
26,53,204,9813.84
26,53,205,9813.84
26,53,206,9813.84
26,53,207,9813.84
26,53,208,9813.84
0,53,232,9813.84
0,53,233,9813.84
0,53,234,9813.84
48,53,303,9813.84
48,53,304,9813.84
48,53,305,9813.84
48,53,306,9813.84
48,53,307,9813.84
50,53,310,9813.84
50,53,311,9813.84
50,53,312,9813.84
50,53,313,9813.84
50,53,314,9813.84
50,53,315,9813.84
50,53,316,9813.84
50,53,317,9813.84
50,53,318,9813.84
49,53,322,9813.84
49,53,323,9813.84
49,53,324,9813.84
49,53,325,9813.84
49,53,326,9813.84
0,53,327,9813.84
0,53,328,9813.84
0,53,329,9813.84
0,53,330,9813.84
0,53,331,9813.84
0,53,332,9813.84
0,53,333,9813.84
0,53,334,9813.84
0,53,335,9813.84
0,53,336,9813.84
0,53,337,9813.84
0,53,338,9813.84
0,53,339,9813.84
0,53,340,9813.84
0,53,341,9813.84
0,53,342,9813.84
0,53,343,9813.84
0,53,344,9813.84
0,53,345,9813.84
0,53,346,9813.84
0,53,347,9813.84
0,53,348,9813.84
0,53,349,9813.84
0,53,350,9813.84
0,53,351,9813.84
0,53,352,9813.84
0,53,353,9813.84
0,53,354,9813.84
0,53,355,9813.84
0,53,356,9813.84
0,53,357,9813.84
0,53,358,9813.84
0,53,359,9813.84
0,53,360,9813.84
0,54,1,9941.53
0,54,2,9941.53
0,54,3,9941.53
0,54,4,9941.53
0,54,5,9941.53
0,54,6,9941.53
0,54,7,9941.53
0,54,8,9941.53
0,54,9,9941.53
0,54,10,9941.53
0,54,11,9941.53
0,54,12,9941.53
0,54,13,9941.53
0,54,14,9941.53
0,54,15,9941.53
0,54,16,9941.53
0,54,17,9941.53
0,54,18,9941.53
0,54,19,9941.53
0,54,20,9941.53
0,54,21,9941.53
0,54,22,9941.53
0,54,23,9941.53
0,54,24,9941.53
0,54,25,9941.53
0,54,26,9941.53
0,54,27,9941.53
0,54,28,9941.53
0,54,29,9941.53
0,54,30,9941.53
0,54,31,9941.53
0,54,32,9941.53
0,54,33,9941.53
0,54,34,9941.53
0,54,35,9941.53
0,54,36,9941.53
0,54,37,9941.53
0,54,38,9941.53
0,54,39,9941.53
0,54,40,9941.53
0,54,41,9941.53
0,54,42,9941.53
0,54,43,9941.53
0,54,44,9941.53
0,54,45,9941.53
0,54,46,9941.53
0,54,47,9941.53
0,54,48,9941.53
0,54,49,9941.53
0,54,50,9941.53
3,54,51,9941.53
3,54,52,9941.53
3,54,53,9941.53
3,54,54,9941.53
3,54,55,9941.53
3,54,56,9941.53
3,54,57,9941.53
3,54,58,9941.53
7,54,105,9941.53
0,54,106,9941.53
0,54,107,9941.53
0,54,108,9941.53
0,54,109,9941.53
0,54,110,9941.53
0,54,111,9941.53
0,54,112,9941.53
0,54,113,9941.53
0,54,114,9941.53
0,54,115,9941.53
0,54,116,9941.53
0,54,117,9941.53
0,54,118,9941.53
0,54,119,9941.53
0,54,120,9941.53
0,54,121,9941.53
0,54,122,9941.53
0,54,123,9941.53
0,54,124,9941.53
0,54,125,9941.53
0,54,126,9941.53
0,54,127,9941.53
0,54,128,9941.53
0,54,129,9941.53
0,54,130,9941.53
0,54,131,9941.53
0,54,132,9941.53
0,54,133,9941.53
0,54,134,9941.53
0,54,135,9941.53
0,54,136,9941.53
0,54,137,9941.53
0,54,138,9941.53
0,54,139,9941.53
0,54,140,9941.53
0,54,141,9941.53
0,54,142,9941.53
0,54,143,9941.53
0,54,144,9941.53
0,54,145,9941.53
0,54,146,9941.53
0,54,147,9941.53
0,54,148,9941.53
0,54,149,9941.53
0,54,150,9941.53
0,54,151,9941.53
0,54,152,9941.53
0,54,153,9941.53
0,54,154,9941.53
0,54,155,9941.53
0,54,156,9941.53
0,54,157,9941.53
0,54,158,9941.53
0,54,159,9941.53
0,54,160,9941.53
0,54,161,9941.53
0,54,162,9941.53
0,54,163,9941.53
0,54,164,9941.53
0,54,165,9941.53
0,54,166,9941.53
0,54,167,9941.53
0,54,168,9941.53
0,54,169,9941.53
0,54,170,9941.53
0,54,171,9941.53
25,54,172,9941.53
25,54,173,9941.53
27,54,174,9941.53
26,54,176,9941.53
26,54,177,9941.53
26,54,178,9941.53
26,54,179,9941.53
26,54,180,9941.53
26,54,192,9941.53
26,54,193,9941.53
26,54,194,9941.53
26,54,195,9941.53
26,54,196,9941.53
26,54,197,9941.53
26,54,198,9941.53
26,54,199,9941.53
26,54,200,9941.53
26,54,201,9941.53
26,54,202,9941.53
26,54,203,9941.53
26,54,204,9941.53
26,54,205,9941.53
26,54,206,9941.53
26,54,207,9941.53
26,54,208,9941.53
26,54,209,9941.53
26,54,210,9941.53
26,54,211,9941.53
26,54,212,9941.53
26,54,213,9941.53
26,54,214,9941.53
26,54,215,9941.53
26,54,216,9941.53
48,54,301,9941.53
48,54,302,9941.53
48,54,303,9941.53
48,54,304,9941.53
48,54,305,9941.53
48,54,306,9941.53
48,54,307,9941.53
50,54,310,9941.53
50,54,311,9941.53
50,54,312,9941.53
50,54,313,9941.53
50,54,314,9941.53
50,54,315,9941.53
50,54,316,9941.53
49,54,322,9941.53
49,54,323,9941.53
49,54,324,9941.53
49,54,325,9941.53
0,54,326,9941.53
0,54,327,9941.53
0,54,328,9941.53
0,54,329,9941.53
0,54,330,9941.53
0,54,331,9941.53
0,54,332,9941.53
0,54,333,9941.53
0,54,334,9941.53
0,54,335,9941.53
0,54,336,9941.53
0,54,337,9941.53
0,54,338,9941.53
0,54,339,9941.53
0,54,340,9941.53
0,54,341,9941.53
0,54,342,9941.53
0,54,343,9941.53
0,54,344,9941.53
0,54,345,9941.53
0,54,346,9941.53
0,54,347,9941.53
0,54,348,9941.53
0,54,349,9941.53
0,54,350,9941.53
0,54,351,9941.53
0,54,352,9941.53
0,54,353,9941.53
0,54,354,9941.53
0,54,355,9941.53
0,54,356,9941.53
0,54,357,9941.53
0,54,358,9941.53
0,54,359,9941.53
0,54,360,9941.53
0,55,1,10066.16
0,55,2,10066.16
0,55,3,10066.16
0,55,4,10066.16
0,55,5,10066.16
0,55,6,10066.16
0,55,7,10066.16
0,55,8,10066.16
0,55,9,10066.16
0,55,10,10066.16
0,55,11,10066.16
0,55,12,10066.16
0,55,13,10066.16
0,55,14,10066.16
0,55,15,10066.16
0,55,16,10066.16
0,55,17,10066.16
0,55,18,10066.16
0,55,19,10066.16
0,55,20,10066.16
0,55,21,10066.16
0,55,22,10066.16
0,55,23,10066.16
0,55,24,10066.16
0,55,25,10066.16
0,55,26,10066.16
0,55,27,10066.16
0,55,28,10066.16
0,55,29,10066.16
0,55,30,10066.16
0,55,31,10066.16
0,55,32,10066.16
0,55,33,10066.16
0,55,34,10066.16
0,55,35,10066.16
0,55,36,10066.16
0,55,37,10066.16
0,55,38,10066.16
0,55,39,10066.16
0,55,40,10066.16
0,55,41,10066.16
0,55,42,10066.16
0,55,43,10066.16
0,55,44,10066.16
0,55,45,10066.16
0,55,46,10066.16
0,55,47,10066.16
0,55,48,10066.16
0,55,49,10066.16
0,55,50,10066.16
0,55,51,10066.16
3,55,52,10066.16
3,55,53,10066.16
3,55,54,10066.16
3,55,55,10066.16
3,55,56,10066.16
3,55,57,10066.16
3,55,58,10066.16
3,55,59,10066.16
6,55,104,10066.16
6,55,105,10066.16
0,55,106,10066.16
0,55,107,10066.16
0,55,108,10066.16
0,55,109,10066.16
0,55,110,10066.16
0,55,111,10066.16
0,55,112,10066.16
0,55,113,10066.16
0,55,114,10066.16
0,55,115,10066.16
0,55,116,10066.16
0,55,117,10066.16
0,55,118,10066.16
0,55,119,10066.16
0,55,120,10066.16
0,55,121,10066.16
0,55,122,10066.16
0,55,123,10066.16
0,55,124,10066.16
0,55,125,10066.16
0,55,126,10066.16
0,55,127,10066.16
0,55,128,10066.16
0,55,129,10066.16
0,55,130,10066.16
0,55,131,10066.16
0,55,132,10066.16
0,55,133,10066.16
0,55,134,10066.16
0,55,135,10066.16
0,55,136,10066.16
0,55,137,10066.16
0,55,138,10066.16
0,55,139,10066.16
0,55,140,10066.16
0,55,141,10066.16
0,55,142,10066.16
0,55,143,10066.16
0,55,144,10066.16
0,55,145,10066.16
0,55,146,10066.16
0,55,147,10066.16
0,55,148,10066.16
0,55,149,10066.16
0,55,150,10066.16
0,55,151,10066.16
0,55,152,10066.16
0,55,153,10066.16
0,55,154,10066.16
0,55,155,10066.16
0,55,156,10066.16
0,55,157,10066.16
0,55,158,10066.16
0,55,159,10066.16
0,55,160,10066.16
0,55,161,10066.16
0,55,162,10066.16
0,55,163,10066.16
0,55,164,10066.16
0,55,165,10066.16
0,55,166,10066.16
0,55,167,10066.16
0,55,168,10066.16
0,55,169,10066.16
27,55,170,10066.16
27,55,171,10066.16
27,55,172,10066.16
27,55,173,10066.16
27,55,174,10066.16
26,55,192,10066.16
26,55,193,10066.16
26,55,194,10066.16
26,55,195,10066.16
26,55,196,10066.16
26,55,197,10066.16
26,55,198,10066.16
26,55,199,10066.16
26,55,200,10066.16
26,55,201,10066.16
26,55,202,10066.16
26,55,203,10066.16
26,55,204,10066.16
26,55,205,10066.16
26,55,206,10066.16
26,55,207,10066.16
26,55,208,10066.16
26,55,209,10066.16
26,55,210,10066.16
26,55,211,10066.16
26,55,212,10066.16
26,55,213,10066.16
26,55,215,10066.16
26,55,216,10066.16
48,55,300,10066.16
48,55,301,10066.16
48,55,302,10066.16
48,55,303,10066.16
48,55,304,10066.16
48,55,305,10066.16
48,55,306,10066.16
47,55,310,10066.16
50,55,311,10066.16
50,55,312,10066.16
49,55,320,10066.16
49,55,321,10066.16
49,55,322,10066.16
49,55,323,10066.16
49,55,324,10066.16
0,55,325,10066.16
0,55,326,10066.16
0,55,327,10066.16
0,55,328,10066.16
0,55,329,10066.16
0,55,330,10066.16
0,55,331,10066.16
0,55,332,10066.16
0,55,333,10066.16
0,55,334,10066.16
0,55,335,10066.16
0,55,336,10066.16
0,55,337,10066.16
0,55,338,10066.16
0,55,339,10066.16
0,55,340,10066.16
0,55,341,10066.16
0,55,342,10066.16
0,55,343,10066.16
0,55,344,10066.16
0,55,345,10066.16
0,55,346,10066.16
0,55,347,10066.16
0,55,348,10066.16
0,55,349,10066.16
0,55,350,10066.16
0,55,351,10066.16
0,55,352,10066.16
0,55,353,10066.16
0,55,354,10066.16
0,55,355,10066.16
0,55,356,10066.16
0,55,357,10066.16
0,55,358,10066.16
0,55,359,10066.16
0,55,360,10066.16
0,56,1,10187.7
0,56,2,10187.7
0,56,3,10187.7
0,56,4,10187.7
0,56,5,10187.7
0,56,6,10187.7
0,56,7,10187.7
0,56,8,10187.7
0,56,9,10187.7
0,56,10,10187.7
0,56,11,10187.7
0,56,12,10187.7
0,56,13,10187.7
0,56,14,10187.7
0,56,15,10187.7
0,56,16,10187.7
0,56,17,10187.7
0,56,18,10187.7
0,56,19,10187.7
0,56,20,10187.7
0,56,21,10187.7
0,56,22,10187.7
0,56,23,10187.7
0,56,24,10187.7
0,56,25,10187.7
0,56,26,10187.7
0,56,27,10187.7
0,56,28,10187.7
0,56,29,10187.7
0,56,30,10187.7
0,56,31,10187.7
0,56,32,10187.7
0,56,33,10187.7
0,56,34,10187.7
0,56,35,10187.7
0,56,36,10187.7
0,56,37,10187.7
0,56,38,10187.7
0,56,39,10187.7
0,56,40,10187.7
0,56,41,10187.7
0,56,42,10187.7
0,56,43,10187.7
0,56,44,10187.7
0,56,45,10187.7
0,56,46,10187.7
0,56,47,10187.7
0,56,48,10187.7
0,56,49,10187.7
0,56,50,10187.7
0,56,51,10187.7
3,56,52,10187.7
3,56,53,10187.7
3,56,54,10187.7
3,56,55,10187.7
3,56,56,10187.7
3,56,57,10187.7
3,56,58,10187.7
3,56,59,10187.7
3,56,60,10187.7
3,56,61,10187.7
6,56,103,10187.7
6,56,104,10187.7
0,56,105,10187.7
0,56,106,10187.7
0,56,107,10187.7
0,56,108,10187.7
0,56,109,10187.7
0,56,110,10187.7
0,56,111,10187.7
0,56,112,10187.7
0,56,113,10187.7
0,56,114,10187.7
0,56,115,10187.7
0,56,116,10187.7
0,56,117,10187.7
0,56,118,10187.7
0,56,119,10187.7
0,56,120,10187.7
0,56,121,10187.7
0,56,122,10187.7
0,56,123,10187.7
0,56,124,10187.7
0,56,125,10187.7
0,56,126,10187.7
0,56,127,10187.7
0,56,128,10187.7
0,56,129,10187.7
0,56,130,10187.7
0,56,131,10187.7
0,56,132,10187.7
0,56,133,10187.7
0,56,134,10187.7
0,56,135,10187.7
0,56,136,10187.7
0,56,137,10187.7
0,56,138,10187.7
0,56,139,10187.7
0,56,140,10187.7
0,56,141,10187.7
0,56,142,10187.7
0,56,143,10187.7
0,56,144,10187.7
0,56,145,10187.7
0,56,146,10187.7
0,56,147,10187.7
0,56,148,10187.7
0,56,149,10187.7
0,56,150,10187.7
0,56,151,10187.7
0,56,152,10187.7
0,56,153,10187.7
0,56,154,10187.7
0,56,155,10187.7
0,56,156,10187.7
0,56,157,10187.7
0,56,158,10187.7
0,56,159,10187.7
0,56,160,10187.7
0,56,161,10187.7
0,56,162,10187.7
0,56,163,10187.7
0,56,164,10187.7
0,56,165,10187.7
0,56,166,10187.7
0,56,167,10187.7
0,56,168,10187.7
27,56,169,10187.7
27,56,170,10187.7
27,56,171,10187.7
27,56,172,10187.7
27,56,173,10187.7
26,56,191,10187.7
26,56,192,10187.7
26,56,193,10187.7
26,56,194,10187.7
26,56,195,10187.7
26,56,196,10187.7
26,56,197,10187.7
26,56,198,10187.7
26,56,199,10187.7
26,56,200,10187.7
26,56,201,10187.7
26,56,202,10187.7
26,56,203,10187.7
26,56,204,10187.7
26,56,205,10187.7
26,56,206,10187.7
26,56,207,10187.7
26,56,208,10187.7
26,56,209,10187.7
26,56,210,10187.7
26,56,211,10187.7
26,56,212,10187.7
26,56,213,10187.7
26,56,214,10187.7
26,56,215,10187.7
26,56,216,10187.7
48,56,301,10187.7
48,56,302,10187.7
48,56,303,10187.7
48,56,304,10187.7
48,56,305,10187.7
48,56,306,10187.7
47,56,307,10187.7
47,56,308,10187.7
47,56,309,10187.7
47,56,310,10187.7
47,56,311,10187.7
49,56,317,10187.7
49,56,318,10187.7
49,56,319,10187.7
49,56,320,10187.7
49,56,321,10187.7
49,56,322,10187.7
49,56,323,10187.7
0,56,324,10187.7
0,56,325,10187.7
0,56,326,10187.7
0,56,327,10187.7
0,56,328,10187.7
0,56,329,10187.7
0,56,330,10187.7
0,56,331,10187.7
0,56,332,10187.7
0,56,333,10187.7
0,56,334,10187.7
0,56,335,10187.7
0,56,336,10187.7
0,56,337,10187.7
0,56,338,10187.7
0,56,339,10187.7
0,56,340,10187.7
0,56,341,10187.7
0,56,342,10187.7
0,56,343,10187.7
0,56,344,10187.7
0,56,345,10187.7
0,56,346,10187.7
0,56,347,10187.7
0,56,348,10187.7
0,56,349,10187.7
0,56,350,10187.7
0,56,351,10187.7
0,56,352,10187.7
0,56,353,10187.7
0,56,354,10187.7
0,56,355,10187.7
0,56,356,10187.7
0,56,357,10187.7
0,56,358,10187.7
0,56,359,10187.7
0,56,360,10187.7
0,57,1,10306.1
0,57,2,10306.1
0,57,3,10306.1
0,57,4,10306.1
0,57,5,10306.1
0,57,6,10306.1
0,57,7,10306.1
0,57,8,10306.1
0,57,9,10306.1
0,57,10,10306.1
0,57,11,10306.1
0,57,12,10306.1
0,57,13,10306.1
0,57,14,10306.1
0,57,15,10306.1
0,57,16,10306.1
0,57,17,10306.1
0,57,18,10306.1
0,57,19,10306.1
0,57,20,10306.1
0,57,21,10306.1
0,57,22,10306.1
0,57,23,10306.1
0,57,24,10306.1
0,57,25,10306.1
0,57,26,10306.1
0,57,27,10306.1
0,57,28,10306.1
0,57,29,10306.1
0,57,30,10306.1
0,57,31,10306.1
0,57,32,10306.1
0,57,33,10306.1
0,57,34,10306.1
0,57,35,10306.1
0,57,36,10306.1
0,57,37,10306.1
0,57,38,10306.1
0,57,39,10306.1
0,57,40,10306.1
0,57,41,10306.1
0,57,42,10306.1
0,57,43,10306.1
0,57,44,10306.1
0,57,45,10306.1
0,57,46,10306.1
0,57,47,10306.1
0,57,48,10306.1
0,57,49,10306.1
0,57,50,10306.1
0,57,51,10306.1
0,57,52,10306.1
3,57,53,10306.1
3,57,54,10306.1
3,57,55,10306.1
3,57,56,10306.1
3,57,57,10306.1
3,57,58,10306.1
3,57,59,10306.1
3,57,60,10306.1
3,57,61,10306.1
3,57,62,10306.1
3,57,63,10306.1
6,57,101,10306.1
6,57,102,10306.1
6,57,103,10306.1
6,57,104,10306.1
0,57,105,10306.1
0,57,106,10306.1
0,57,107,10306.1
0,57,108,10306.1
0,57,109,10306.1
0,57,110,10306.1
0,57,111,10306.1
0,57,112,10306.1
0,57,113,10306.1
0,57,114,10306.1
0,57,115,10306.1
0,57,116,10306.1
0,57,117,10306.1
0,57,118,10306.1
0,57,119,10306.1
0,57,120,10306.1
0,57,121,10306.1
0,57,122,10306.1
0,57,123,10306.1
0,57,124,10306.1
0,57,125,10306.1
0,57,126,10306.1
0,57,127,10306.1
0,57,128,10306.1
0,57,129,10306.1
0,57,130,10306.1
0,57,131,10306.1
0,57,132,10306.1
0,57,133,10306.1
0,57,134,10306.1
0,57,135,10306.1
0,57,136,10306.1
0,57,137,10306.1
0,57,138,10306.1
0,57,139,10306.1
0,57,140,10306.1
0,57,141,10306.1
0,57,142,10306.1
0,57,143,10306.1
0,57,144,10306.1
0,57,145,10306.1
0,57,146,10306.1
0,57,147,10306.1
0,57,148,10306.1
0,57,149,10306.1
0,57,150,10306.1
0,57,151,10306.1
0,57,152,10306.1
0,57,153,10306.1
0,57,154,10306.1
0,57,155,10306.1
0,57,156,10306.1
0,57,157,10306.1
0,57,158,10306.1
0,57,159,10306.1
0,57,160,10306.1
0,57,161,10306.1
0,57,162,10306.1
0,57,163,10306.1
0,57,164,10306.1
0,57,165,10306.1
0,57,166,10306.1
0,57,167,10306.1
27,57,168,10306.1
27,57,169,10306.1
27,57,170,10306.1
27,57,171,10306.1
26,57,193,10306.1
26,57,194,10306.1
26,57,195,10306.1
26,57,196,10306.1
26,57,197,10306.1
26,57,198,10306.1
26,57,199,10306.1
26,57,200,10306.1
26,57,201,10306.1
26,57,202,10306.1
26,57,203,10306.1
26,57,204,10306.1
26,57,205,10306.1
26,57,206,10306.1
26,57,207,10306.1
26,57,208,10306.1
26,57,209,10306.1
26,57,210,10306.1
26,57,211,10306.1
26,57,212,10306.1
26,57,213,10306.1
26,57,214,10306.1
26,57,215,10306.1
48,57,302,10306.1
48,57,303,10306.1
48,57,304,10306.1
48,57,305,10306.1
47,57,306,10306.1
47,57,307,10306.1
47,57,308,10306.1
47,57,309,10306.1
47,57,310,10306.1
49,57,313,10306.1
49,57,314,10306.1
49,57,315,10306.1
49,57,316,10306.1
49,57,317,10306.1
49,57,318,10306.1
49,57,319,10306.1
49,57,320,10306.1
49,57,321,10306.1
49,57,322,10306.1
0,57,323,10306.1
0,57,324,10306.1
0,57,325,10306.1
0,57,326,10306.1
0,57,327,10306.1
0,57,328,10306.1
0,57,329,10306.1
0,57,330,10306.1
0,57,331,10306.1
0,57,332,10306.1
0,57,333,10306.1
0,57,334,10306.1
0,57,335,10306.1
0,57,336,10306.1
0,57,337,10306.1
0,57,338,10306.1
0,57,339,10306.1
0,57,340,10306.1
0,57,341,10306.1
0,57,342,10306.1
0,57,343,10306.1
0,57,344,10306.1
0,57,345,10306.1
0,57,346,10306.1
0,57,347,10306.1
0,57,348,10306.1
0,57,349,10306.1
0,57,350,10306.1
0,57,351,10306.1
0,57,352,10306.1
0,57,353,10306.1
0,57,354,10306.1
0,57,355,10306.1
0,57,356,10306.1
0,57,357,10306.1
0,57,358,10306.1
0,57,359,10306.1
0,57,360,10306.1
0,58,1,10421.36
0,58,2,10421.36
0,58,3,10421.36
0,58,4,10421.36
0,58,5,10421.36
0,58,6,10421.36
0,58,7,10421.36
0,58,8,10421.36
0,58,9,10421.36
0,58,10,10421.36
0,58,11,10421.36
0,58,12,10421.36
0,58,13,10421.36
0,58,14,10421.36
0,58,15,10421.36
0,58,16,10421.36
0,58,17,10421.36
0,58,18,10421.36
0,58,19,10421.36
0,58,20,10421.36
0,58,21,10421.36
0,58,22,10421.36
0,58,23,10421.36
0,58,24,10421.36
0,58,25,10421.36
0,58,26,10421.36
0,58,27,10421.36
0,58,28,10421.36
0,58,29,10421.36
0,58,30,10421.36
0,58,31,10421.36
0,58,32,10421.36
0,58,33,10421.36
0,58,34,10421.36
0,58,35,10421.36
0,58,36,10421.36
0,58,37,10421.36
0,58,38,10421.36
0,58,39,10421.36
0,58,40,10421.36
0,58,41,10421.36
0,58,42,10421.36
0,58,43,10421.36
0,58,44,10421.36
0,58,45,10421.36
0,58,46,10421.36
0,58,47,10421.36
0,58,48,10421.36
0,58,49,10421.36
0,58,50,10421.36
0,58,51,10421.36
0,58,52,10421.36
3,58,53,10421.36
3,58,54,10421.36
3,58,55,10421.36
3,58,56,10421.36
3,58,57,10421.36
3,58,58,10421.36
3,58,59,10421.36
3,58,60,10421.36
3,58,61,10421.36
3,58,62,10421.36
3,58,63,10421.36
6,58,100,10421.36
6,58,101,10421.36
6,58,102,10421.36
6,58,103,10421.36
0,58,104,10421.36
0,58,105,10421.36
0,58,106,10421.36
0,58,107,10421.36
0,58,108,10421.36
0,58,109,10421.36
0,58,110,10421.36
0,58,111,10421.36
0,58,112,10421.36
0,58,113,10421.36
0,58,114,10421.36
0,58,115,10421.36
0,58,116,10421.36
0,58,117,10421.36
0,58,118,10421.36
0,58,119,10421.36
0,58,120,10421.36
0,58,121,10421.36
0,58,122,10421.36
0,58,123,10421.36
0,58,124,10421.36
0,58,125,10421.36
0,58,126,10421.36
0,58,127,10421.36
0,58,128,10421.36
0,58,129,10421.36
0,58,130,10421.36
0,58,131,10421.36
0,58,132,10421.36
0,58,133,10421.36
0,58,134,10421.36
0,58,135,10421.36
0,58,136,10421.36
0,58,137,10421.36
0,58,138,10421.36
0,58,139,10421.36
0,58,140,10421.36
0,58,141,10421.36
0,58,142,10421.36
0,58,143,10421.36
0,58,144,10421.36
0,58,145,10421.36
0,58,146,10421.36
0,58,147,10421.36
0,58,148,10421.36
0,58,149,10421.36
0,58,150,10421.36
0,58,151,10421.36
0,58,152,10421.36
0,58,153,10421.36
0,58,154,10421.36
0,58,155,10421.36
0,58,156,10421.36
0,58,157,10421.36
0,58,158,10421.36
0,58,159,10421.36
0,58,160,10421.36
0,58,161,10421.36
0,58,162,10421.36
0,58,163,10421.36
0,58,164,10421.36
0,58,165,10421.36
0,58,166,10421.36
0,58,167,10421.36
27,58,168,10421.36
27,58,169,10421.36
27,58,170,10421.36
27,58,171,10421.36
26,58,196,10421.36
26,58,197,10421.36
26,58,198,10421.36
26,58,199,10421.36
26,58,200,10421.36
26,58,205,10421.36
26,58,206,10421.36
26,58,207,10421.36
26,58,208,10421.36
26,58,209,10421.36
26,58,210,10421.36
26,58,211,10421.36
26,58,212,10421.36
26,58,213,10421.36
26,58,214,10421.36
26,58,215,10421.36
47,58,303,10421.36
47,58,304,10421.36
47,58,305,10421.36
47,58,306,10421.36
47,58,307,10421.36
47,58,308,10421.36
47,58,309,10421.36
47,58,310,10421.36
49,58,313,10421.36
49,58,314,10421.36
49,58,315,10421.36
49,58,316,10421.36
49,58,317,10421.36
49,58,318,10421.36
49,58,319,10421.36
49,58,320,10421.36
49,58,321,10421.36
0,58,322,10421.36
0,58,323,10421.36
0,58,324,10421.36
0,58,325,10421.36
0,58,326,10421.36
0,58,327,10421.36
0,58,328,10421.36
0,58,329,10421.36
0,58,330,10421.36
0,58,331,10421.36
0,58,332,10421.36
0,58,333,10421.36
0,58,334,10421.36
0,58,335,10421.36
0,58,336,10421.36
0,58,337,10421.36
0,58,338,10421.36
0,58,339,10421.36
0,58,340,10421.36
0,58,341,10421.36
0,58,342,10421.36
0,58,343,10421.36
0,58,344,10421.36
0,58,345,10421.36
0,58,346,10421.36
0,58,347,10421.36
0,58,348,10421.36
0,58,349,10421.36
0,58,350,10421.36
0,58,351,10421.36
0,58,352,10421.36
0,58,353,10421.36
0,58,354,10421.36
0,58,355,10421.36
0,58,356,10421.36
0,58,357,10421.36
0,58,358,10421.36
0,58,359,10421.36
0,58,360,10421.36
0,59,1,10533.42
0,59,2,10533.42
0,59,3,10533.42
0,59,4,10533.42
0,59,5,10533.42
0,59,6,10533.42
0,59,7,10533.42
0,59,8,10533.42
0,59,9,10533.42
0,59,10,10533.42
0,59,11,10533.42
0,59,12,10533.42
0,59,13,10533.42
0,59,14,10533.42
0,59,15,10533.42
0,59,16,10533.42
0,59,17,10533.42
0,59,18,10533.42
0,59,19,10533.42
0,59,20,10533.42
0,59,21,10533.42
0,59,22,10533.42
0,59,23,10533.42
0,59,24,10533.42
0,59,25,10533.42
0,59,26,10533.42
0,59,27,10533.42
0,59,28,10533.42
0,59,29,10533.42
0,59,30,10533.42
0,59,31,10533.42
0,59,32,10533.42
0,59,33,10533.42
0,59,34,10533.42
0,59,35,10533.42
0,59,36,10533.42
0,59,37,10533.42
0,59,38,10533.42
0,59,39,10533.42
0,59,40,10533.42
0,59,41,10533.42
0,59,42,10533.42
0,59,43,10533.42
0,59,44,10533.42
0,59,45,10533.42
0,59,46,10533.42
0,59,47,10533.42
0,59,48,10533.42
0,59,49,10533.42
0,59,50,10533.42
0,59,51,10533.42
0,59,52,10533.42
0,59,53,10533.42
3,59,54,10533.42
3,59,55,10533.42
3,59,56,10533.42
3,59,57,10533.42
3,59,58,10533.42
3,59,59,10533.42
3,59,60,10533.42
3,59,61,10533.42
3,59,62,10533.42
3,59,63,10533.42
3,59,64,10533.42
4,59,66,10533.42
4,59,67,10533.42
6,59,100,10533.42
6,59,101,10533.42
6,59,102,10533.42
6,59,103,10533.42
0,59,104,10533.42
0,59,105,10533.42
0,59,106,10533.42
0,59,107,10533.42
0,59,108,10533.42
0,59,109,10533.42
0,59,110,10533.42
0,59,111,10533.42
0,59,112,10533.42
0,59,113,10533.42
0,59,114,10533.42
0,59,115,10533.42
0,59,116,10533.42
0,59,117,10533.42
0,59,118,10533.42
0,59,119,10533.42
0,59,120,10533.42
0,59,121,10533.42
0,59,122,10533.42
0,59,123,10533.42
0,59,124,10533.42
0,59,125,10533.42
0,59,126,10533.42
0,59,127,10533.42
0,59,128,10533.42
0,59,129,10533.42
0,59,130,10533.42
0,59,131,10533.42
0,59,132,10533.42
0,59,133,10533.42
0,59,134,10533.42
0,59,135,10533.42
0,59,136,10533.42
0,59,137,10533.42
0,59,138,10533.42
0,59,139,10533.42
0,59,140,10533.42
0,59,141,10533.42
0,59,142,10533.42
0,59,143,10533.42
0,59,144,10533.42
0,59,145,10533.42
0,59,146,10533.42
0,59,147,10533.42
0,59,148,10533.42
0,59,149,10533.42
0,59,150,10533.42
0,59,151,10533.42
0,59,152,10533.42
0,59,153,10533.42
0,59,154,10533.42
0,59,155,10533.42
0,59,156,10533.42
0,59,157,10533.42
0,59,158,10533.42
0,59,159,10533.42
0,59,160,10533.42
0,59,161,10533.42
0,59,162,10533.42
0,59,163,10533.42
0,59,164,10533.42
0,59,165,10533.42
0,59,166,10533.42
27,59,167,10533.42
27,59,168,10533.42
27,59,169,10533.42
27,59,170,10533.42
26,59,198,10533.42
26,59,199,10533.42
26,59,200,10533.42
26,59,209,10533.42
26,59,210,10533.42
47,59,303,10533.42
47,59,304,10533.42
47,59,305,10533.42
47,59,306,10533.42
47,59,307,10533.42
47,59,308,10533.42
47,59,309,10533.42
47,59,310,10533.42
47,59,311,10533.42
49,59,312,10533.42
49,59,313,10533.42
49,59,314,10533.42
49,59,315,10533.42
49,59,316,10533.42
49,59,317,10533.42
49,59,318,10533.42
49,59,319,10533.42
0,59,320,10533.42
0,59,321,10533.42
0,59,322,10533.42
0,59,323,10533.42
0,59,324,10533.42
0,59,325,10533.42
0,59,326,10533.42
0,59,327,10533.42
0,59,328,10533.42
0,59,329,10533.42
0,59,330,10533.42
0,59,331,10533.42
0,59,332,10533.42
0,59,333,10533.42
0,59,334,10533.42
0,59,335,10533.42
0,59,336,10533.42
0,59,337,10533.42
0,59,338,10533.42
0,59,339,10533.42
0,59,340,10533.42
0,59,341,10533.42
0,59,342,10533.42
0,59,343,10533.42
0,59,344,10533.42
0,59,345,10533.42
0,59,346,10533.42
0,59,347,10533.42
0,59,348,10533.42
0,59,349,10533.42
0,59,350,10533.42
0,59,351,10533.42
0,59,352,10533.42
0,59,353,10533.42
0,59,354,10533.42
0,59,355,10533.42
0,59,356,10533.42
0,59,357,10533.42
0,59,358,10533.42
0,59,359,10533.42
0,59,360,10533.42
0,60,1,10642.27
0,60,2,10642.27
0,60,3,10642.27
0,60,4,10642.27
0,60,5,10642.27
0,60,6,10642.27
0,60,7,10642.27
0,60,8,10642.27
0,60,9,10642.27
0,60,10,10642.27
0,60,11,10642.27
0,60,12,10642.27
0,60,13,10642.27
0,60,14,10642.27
0,60,15,10642.27
0,60,16,10642.27
0,60,17,10642.27
0,60,18,10642.27
0,60,19,10642.27
0,60,20,10642.27
0,60,21,10642.27
0,60,22,10642.27
0,60,23,10642.27
0,60,24,10642.27
0,60,25,10642.27
0,60,26,10642.27
0,60,27,10642.27
0,60,28,10642.27
0,60,29,10642.27
0,60,30,10642.27
0,60,31,10642.27
0,60,32,10642.27
0,60,33,10642.27
0,60,34,10642.27
0,60,35,10642.27
0,60,36,10642.27
0,60,37,10642.27
0,60,38,10642.27
0,60,39,10642.27
0,60,40,10642.27
0,60,41,10642.27
0,60,42,10642.27
0,60,43,10642.27
0,60,44,10642.27
0,60,45,10642.27
0,60,46,10642.27
0,60,47,10642.27
0,60,48,10642.27
0,60,49,10642.27
0,60,50,10642.27
0,60,51,10642.27
0,60,52,10642.27
0,60,53,10642.27
0,60,54,10642.27
3,60,55,10642.27
3,60,56,10642.27
3,60,57,10642.27
3,60,58,10642.27
3,60,59,10642.27
3,60,60,10642.27
3,60,61,10642.27
3,60,62,10642.27
3,60,63,10642.27
3,60,64,10642.27
4,60,67,10642.27
5,60,92,10642.27
5,60,93,10642.27
5,60,94,10642.27
6,60,100,10642.27
6,60,101,10642.27
6,60,102,10642.27
6,60,103,10642.27
0,60,104,10642.27
0,60,105,10642.27
0,60,106,10642.27
0,60,107,10642.27
0,60,108,10642.27
0,60,109,10642.27
0,60,110,10642.27
0,60,111,10642.27
0,60,112,10642.27
0,60,113,10642.27
0,60,114,10642.27
0,60,115,10642.27
0,60,116,10642.27
0,60,117,10642.27
0,60,118,10642.27
0,60,119,10642.27
0,60,120,10642.27
0,60,121,10642.27
0,60,122,10642.27
0,60,123,10642.27
0,60,124,10642.27
0,60,125,10642.27
0,60,126,10642.27
0,60,127,10642.27
0,60,128,10642.27
0,60,129,10642.27
0,60,130,10642.27
0,60,131,10642.27
0,60,132,10642.27
0,60,133,10642.27
0,60,134,10642.27
0,60,135,10642.27
0,60,136,10642.27
0,60,137,10642.27
0,60,138,10642.27
0,60,139,10642.27
0,60,140,10642.27
0,60,141,10642.27
0,60,142,10642.27
0,60,143,10642.27
0,60,144,10642.27
0,60,145,10642.27
0,60,146,10642.27
0,60,147,10642.27
0,60,148,10642.27
0,60,149,10642.27
0,60,150,10642.27
0,60,151,10642.27
0,60,152,10642.27
0,60,153,10642.27
0,60,154,10642.27
0,60,155,10642.27
0,60,156,10642.27
0,60,157,10642.27
0,60,158,10642.27
0,60,159,10642.27
0,60,160,10642.27
0,60,161,10642.27
0,60,162,10642.27
0,60,163,10642.27
0,60,164,10642.27
27,60,165,10642.27
27,60,166,10642.27
27,60,167,10642.27
27,60,168,10642.27
27,60,169,10642.27
27,60,170,10642.27
32,60,230,10642.27
47,60,303,10642.27
47,60,304,10642.27
47,60,305,10642.27
47,60,306,10642.27
47,60,307,10642.27
47,60,308,10642.27
47,60,309,10642.27
47,60,310,10642.27
49,60,311,10642.27
49,60,312,10642.27
49,60,313,10642.27
49,60,314,10642.27
49,60,315,10642.27
49,60,316,10642.27
49,60,317,10642.27
0,60,318,10642.27
0,60,319,10642.27
0,60,320,10642.27
0,60,321,10642.27
0,60,322,10642.27
0,60,323,10642.27
0,60,324,10642.27
0,60,325,10642.27
0,60,326,10642.27
0,60,327,10642.27
0,60,328,10642.27
0,60,329,10642.27
0,60,330,10642.27
0,60,331,10642.27
0,60,332,10642.27
0,60,333,10642.27
0,60,334,10642.27
0,60,335,10642.27
0,60,336,10642.27
0,60,337,10642.27
0,60,338,10642.27
0,60,339,10642.27
0,60,340,10642.27
0,60,341,10642.27
0,60,342,10642.27
0,60,343,10642.27
0,60,344,10642.27
0,60,345,10642.27
0,60,346,10642.27
0,60,347,10642.27
0,60,348,10642.27
0,60,349,10642.27
0,60,350,10642.27
0,60,351,10642.27
0,60,352,10642.27
0,60,353,10642.27
0,60,354,10642.27
0,60,355,10642.27
0,60,356,10642.27
0,60,357,10642.27
0,60,358,10642.27
0,60,359,10642.27
0,60,360,10642.27
0,61,1,10747.88
0,61,2,10747.88
10,61,3,10747.88
0,61,4,10747.88
0,61,5,10747.88
0,61,6,10747.88
0,61,7,10747.88
0,61,8,10747.88
0,61,9,10747.88
0,61,10,10747.88
0,61,11,10747.88
0,61,12,10747.88
0,61,13,10747.88
0,61,14,10747.88
0,61,15,10747.88
0,61,16,10747.88
0,61,17,10747.88
0,61,18,10747.88
0,61,19,10747.88
0,61,20,10747.88
0,61,21,10747.88
0,61,22,10747.88
0,61,23,10747.88
0,61,24,10747.88
0,61,25,10747.88
0,61,26,10747.88
0,61,27,10747.88
0,61,28,10747.88
0,61,29,10747.88
0,61,30,10747.88
0,61,31,10747.88
0,61,32,10747.88
0,61,33,10747.88
0,61,34,10747.88
0,61,35,10747.88
0,61,36,10747.88
0,61,37,10747.88
0,61,38,10747.88
0,61,39,10747.88
0,61,40,10747.88
0,61,41,10747.88
0,61,42,10747.88
0,61,43,10747.88
0,61,44,10747.88
0,61,45,10747.88
0,61,46,10747.88
0,61,47,10747.88
0,61,48,10747.88
0,61,49,10747.88
0,61,50,10747.88
0,61,51,10747.88
0,61,52,10747.88
0,61,53,10747.88
0,61,54,10747.88
0,61,55,10747.88
3,61,56,10747.88
3,61,57,10747.88
3,61,58,10747.88
3,61,59,10747.88
3,61,60,10747.88
3,61,61,10747.88
3,61,62,10747.88
3,61,63,10747.88
3,61,64,10747.88
3,61,65,10747.88
4,61,68,10747.88
5,61,86,10747.88
5,61,87,10747.88
5,61,88,10747.88
5,61,89,10747.88
5,61,90,10747.88
5,61,91,10747.88
5,61,92,10747.88
5,61,93,10747.88
5,61,94,10747.88
5,61,95,10747.88
5,61,96,10747.88
5,61,97,10747.88
6,61,100,10747.88
6,61,101,10747.88
6,61,102,10747.88
0,61,103,10747.88
0,61,104,10747.88
0,61,105,10747.88
0,61,106,10747.88
0,61,107,10747.88
0,61,108,10747.88
0,61,109,10747.88
0,61,110,10747.88
0,61,111,10747.88
0,61,112,10747.88
0,61,113,10747.88
0,61,114,10747.88
0,61,115,10747.88
0,61,116,10747.88
0,61,117,10747.88
0,61,118,10747.88
0,61,119,10747.88
0,61,120,10747.88
0,61,121,10747.88
0,61,122,10747.88
0,61,123,10747.88
0,61,124,10747.88
0,61,125,10747.88
0,61,126,10747.88
0,61,127,10747.88
0,61,128,10747.88
0,61,129,10747.88
0,61,130,10747.88
0,61,131,10747.88
0,61,132,10747.88
0,61,133,10747.88
0,61,134,10747.88
0,61,135,10747.88
0,61,136,10747.88
0,61,137,10747.88
0,61,138,10747.88
0,61,139,10747.88
0,61,140,10747.88
0,61,141,10747.88
0,61,142,10747.88
0,61,143,10747.88
0,61,144,10747.88
0,61,145,10747.88
0,61,146,10747.88
0,61,147,10747.88
0,61,148,10747.88
0,61,149,10747.88
0,61,150,10747.88
0,61,151,10747.88
0,61,152,10747.88
0,61,153,10747.88
0,61,154,10747.88
0,61,155,10747.88
0,61,156,10747.88
0,61,157,10747.88
0,61,158,10747.88
0,61,159,10747.88
0,61,160,10747.88
0,61,161,10747.88
0,61,162,10747.88
0,61,163,10747.88
27,61,164,10747.88
27,61,165,10747.88
27,61,166,10747.88
27,61,167,10747.88
27,61,168,10747.88
27,61,169,10747.88
32,61,229,10747.88
32,61,230,10747.88
32,61,231,10747.88
47,61,303,10747.88
47,61,304,10747.88
47,61,305,10747.88
47,61,306,10747.88
47,61,307,10747.88
47,61,308,10747.88
47,61,309,10747.88
47,61,310,10747.88
49,61,311,10747.88
49,61,312,10747.88
49,61,313,10747.88
49,61,314,10747.88
49,61,315,10747.88
49,61,316,10747.88
0,61,317,10747.88
0,61,318,10747.88
0,61,319,10747.88
0,61,320,10747.88
0,61,321,10747.88
0,61,322,10747.88
0,61,323,10747.88
0,61,324,10747.88
0,61,325,10747.88
0,61,326,10747.88
0,61,327,10747.88
0,61,328,10747.88
0,61,329,10747.88
0,61,330,10747.88
0,61,331,10747.88
0,61,332,10747.88
0,61,333,10747.88
0,61,334,10747.88
0,61,335,10747.88
0,61,336,10747.88
0,61,337,10747.88
0,61,338,10747.88
0,61,339,10747.88
0,61,340,10747.88
0,61,341,10747.88
0,61,342,10747.88
0,61,343,10747.88
0,61,344,10747.88
0,61,345,10747.88
0,61,346,10747.88
0,61,347,10747.88
0,61,348,10747.88
0,61,349,10747.88
0,61,350,10747.88
0,61,351,10747.88
0,61,352,10747.88
0,61,353,10747.88
0,61,354,10747.88
0,61,355,10747.88
0,61,356,10747.88
0,61,357,10747.88
0,61,358,10747.88
0,61,359,10747.88
0,61,360,10747.88
10,62,1,10850.21
10,62,2,10850.21
10,62,3,10850.21
10,62,4,10850.21
10,62,5,10850.21
10,62,6,10850.21
10,62,7,10850.21
0,62,8,10850.21
0,62,9,10850.21
0,62,10,10850.21
0,62,11,10850.21
0,62,12,10850.21
0,62,13,10850.21
0,62,14,10850.21
0,62,15,10850.21
0,62,16,10850.21
0,62,17,10850.21
0,62,18,10850.21
0,62,19,10850.21
0,62,20,10850.21
0,62,21,10850.21
0,62,22,10850.21
0,62,23,10850.21
0,62,24,10850.21
0,62,25,10850.21
0,62,26,10850.21
0,62,27,10850.21
0,62,28,10850.21
0,62,29,10850.21
0,62,30,10850.21
0,62,31,10850.21
0,62,32,10850.21
0,62,33,10850.21
0,62,34,10850.21
0,62,35,10850.21
0,62,36,10850.21
0,62,37,10850.21
0,62,38,10850.21
0,62,39,10850.21
0,62,40,10850.21
0,62,41,10850.21
0,62,42,10850.21
0,62,43,10850.21
0,62,44,10850.21
0,62,45,10850.21
0,62,46,10850.21
0,62,47,10850.21
0,62,48,10850.21
0,62,49,10850.21
0,62,50,10850.21
0,62,51,10850.21
0,62,52,10850.21
0,62,53,10850.21
0,62,54,10850.21
0,62,55,10850.21
3,62,56,10850.21
3,62,57,10850.21
3,62,58,10850.21
3,62,59,10850.21
3,62,60,10850.21
3,62,61,10850.21
3,62,62,10850.21
3,62,63,10850.21
3,62,64,10850.21
3,62,65,10850.21
3,62,66,10850.21
4,62,68,10850.21
4,62,69,10850.21
5,62,84,10850.21
5,62,85,10850.21
5,62,86,10850.21
5,62,87,10850.21
5,62,88,10850.21
5,62,89,10850.21
5,62,90,10850.21
5,62,91,10850.21
5,62,92,10850.21
5,62,93,10850.21
5,62,94,10850.21
5,62,95,10850.21
5,62,96,10850.21
5,62,97,10850.21
6,62,100,10850.21
6,62,101,10850.21
6,62,102,10850.21
0,62,103,10850.21
0,62,104,10850.21
0,62,105,10850.21
0,62,106,10850.21
0,62,107,10850.21
0,62,108,10850.21
0,62,109,10850.21
0,62,110,10850.21
0,62,111,10850.21
0,62,112,10850.21
0,62,113,10850.21
0,62,114,10850.21
0,62,115,10850.21
0,62,116,10850.21
0,62,117,10850.21
0,62,118,10850.21
0,62,119,10850.21
0,62,120,10850.21
0,62,121,10850.21
0,62,122,10850.21
0,62,123,10850.21
0,62,124,10850.21
0,62,125,10850.21
0,62,126,10850.21
0,62,127,10850.21
0,62,128,10850.21
0,62,129,10850.21
0,62,130,10850.21
0,62,131,10850.21
0,62,132,10850.21
0,62,133,10850.21
0,62,134,10850.21
0,62,135,10850.21
0,62,136,10850.21
0,62,137,10850.21
0,62,138,10850.21
0,62,139,10850.21
0,62,140,10850.21
0,62,141,10850.21
0,62,142,10850.21
0,62,143,10850.21
0,62,144,10850.21
0,62,145,10850.21
0,62,146,10850.21
0,62,147,10850.21
0,62,148,10850.21
0,62,149,10850.21
0,62,150,10850.21
0,62,151,10850.21
0,62,152,10850.21
0,62,153,10850.21
0,62,154,10850.21
0,62,155,10850.21
0,62,156,10850.21
0,62,157,10850.21
0,62,158,10850.21
0,62,159,10850.21
0,62,160,10850.21
0,62,161,10850.21
0,62,162,10850.21
0,62,163,10850.21
27,62,164,10850.21
27,62,165,10850.21
27,62,166,10850.21
27,62,167,10850.21
27,62,168,10850.21
33,62,215,10850.21
32,62,230,10850.21
32,62,231,10850.21
32,62,232,10850.21
47,62,302,10850.21
47,62,303,10850.21
47,62,304,10850.21
47,62,305,10850.21
47,62,306,10850.21
47,62,307,10850.21
47,62,308,10850.21
47,62,309,10850.21
49,62,310,10850.21
49,62,311,10850.21
49,62,312,10850.21
49,62,313,10850.21
49,62,314,10850.21
0,62,315,10850.21
0,62,316,10850.21
0,62,317,10850.21
0,62,318,10850.21
0,62,319,10850.21
0,62,320,10850.21
0,62,321,10850.21
0,62,322,10850.21
0,62,323,10850.21
0,62,324,10850.21
0,62,325,10850.21
0,62,326,10850.21
0,62,327,10850.21
0,62,328,10850.21
0,62,329,10850.21
0,62,330,10850.21
0,62,331,10850.21
0,62,332,10850.21
0,62,333,10850.21
0,62,334,10850.21
0,62,335,10850.21
0,62,336,10850.21
0,62,337,10850.21
0,62,338,10850.21
0,62,339,10850.21
0,62,340,10850.21
0,62,341,10850.21
0,62,342,10850.21
0,62,343,10850.21
0,62,344,10850.21
0,62,345,10850.21
0,62,346,10850.21
0,62,347,10850.21
0,62,348,10850.21
0,62,349,10850.21
0,62,350,10850.21
0,62,351,10850.21
0,62,352,10850.21
0,62,353,10850.21
0,62,354,10850.21
0,62,355,10850.21
0,62,356,10850.21
0,62,357,10850.21
0,62,358,10850.21
0,62,359,10850.21
0,62,360,10850.21
0,63,1,10949.25
10,63,2,10949.25
10,63,3,10949.25
10,63,4,10949.25
10,63,5,10949.25
10,63,6,10949.25
10,63,7,10949.25
10,63,8,10949.25
10,63,9,10949.25
10,63,10,10949.25
0,63,11,10949.25
0,63,12,10949.25
0,63,13,10949.25
0,63,14,10949.25
0,63,15,10949.25
0,63,16,10949.25
0,63,17,10949.25
0,63,18,10949.25
0,63,19,10949.25
0,63,20,10949.25
0,63,21,10949.25
0,63,22,10949.25
0,63,23,10949.25
0,63,24,10949.25
0,63,25,10949.25
0,63,26,10949.25
0,63,27,10949.25
0,63,28,10949.25
0,63,29,10949.25
0,63,30,10949.25
0,63,31,10949.25
0,63,32,10949.25
0,63,33,10949.25
0,63,34,10949.25
0,63,35,10949.25
0,63,36,10949.25
0,63,37,10949.25
0,63,38,10949.25
0,63,39,10949.25
0,63,40,10949.25
0,63,41,10949.25
0,63,42,10949.25
0,63,43,10949.25
0,63,44,10949.25
0,63,45,10949.25
0,63,46,10949.25
0,63,47,10949.25
0,63,48,10949.25
0,63,49,10949.25
0,63,50,10949.25
0,63,51,10949.25
0,63,52,10949.25
0,63,53,10949.25
0,63,54,10949.25
0,63,55,10949.25
0,63,56,10949.25
3,63,57,10949.25
3,63,58,10949.25
3,63,59,10949.25
3,63,60,10949.25
3,63,61,10949.25
3,63,62,10949.25
3,63,63,10949.25
3,63,64,10949.25
3,63,65,10949.25
3,63,66,10949.25
4,63,69,10949.25
4,63,70,10949.25
5,63,84,10949.25
5,63,85,10949.25
5,63,86,10949.25
5,63,87,10949.25
5,63,88,10949.25
5,63,89,10949.25
5,63,90,10949.25
5,63,91,10949.25
5,63,92,10949.25
5,63,93,10949.25
5,63,94,10949.25
5,63,95,10949.25
5,63,96,10949.25
5,63,97,10949.25
5,63,98,10949.25
6,63,101,10949.25
6,63,102,10949.25
0,63,103,10949.25
0,63,104,10949.25
0,63,105,10949.25
0,63,106,10949.25
0,63,107,10949.25
0,63,108,10949.25
0,63,109,10949.25
0,63,110,10949.25
0,63,111,10949.25
0,63,112,10949.25
0,63,113,10949.25
0,63,114,10949.25
0,63,115,10949.25
0,63,116,10949.25
0,63,117,10949.25
0,63,118,10949.25
0,63,119,10949.25
0,63,120,10949.25
0,63,121,10949.25
0,63,122,10949.25
0,63,123,10949.25
0,63,124,10949.25
0,63,125,10949.25
0,63,126,10949.25
0,63,127,10949.25
0,63,128,10949.25
0,63,129,10949.25
0,63,130,10949.25
0,63,131,10949.25
0,63,132,10949.25
0,63,133,10949.25
0,63,134,10949.25
0,63,135,10949.25
0,63,136,10949.25
0,63,137,10949.25
0,63,138,10949.25
0,63,139,10949.25
0,63,140,10949.25
0,63,141,10949.25
0,63,142,10949.25
0,63,143,10949.25
0,63,144,10949.25
0,63,145,10949.25
0,63,146,10949.25
0,63,147,10949.25
0,63,148,10949.25
0,63,149,10949.25
0,63,150,10949.25
0,63,151,10949.25
0,63,152,10949.25
0,63,153,10949.25
0,63,154,10949.25
0,63,155,10949.25
0,63,156,10949.25
0,63,157,10949.25
0,63,158,10949.25
0,63,159,10949.25
0,63,160,10949.25
0,63,161,10949.25
0,63,162,10949.25
27,63,163,10949.25
27,63,164,10949.25
27,63,165,10949.25
27,63,166,10949.25
27,63,167,10949.25
33,63,215,10949.25
33,63,216,10949.25
32,63,231,10949.25
32,63,232,10949.25
32,63,233,10949.25
32,63,237,10949.25
47,63,301,10949.25
47,63,302,10949.25
47,63,303,10949.25
47,63,304,10949.25
47,63,305,10949.25
47,63,306,10949.25
47,63,307,10949.25
47,63,308,10949.25
49,63,309,10949.25
49,63,310,10949.25
49,63,311,10949.25
49,63,312,10949.25
49,63,313,10949.25
0,63,314,10949.25
0,63,315,10949.25
0,63,316,10949.25
0,63,317,10949.25
0,63,318,10949.25
0,63,319,10949.25
0,63,320,10949.25
0,63,321,10949.25
0,63,322,10949.25
0,63,323,10949.25
0,63,324,10949.25
0,63,325,10949.25
0,63,326,10949.25
0,63,327,10949.25
0,63,328,10949.25
0,63,329,10949.25
0,63,330,10949.25
0,63,331,10949.25
0,63,332,10949.25
0,63,333,10949.25
0,63,334,10949.25
0,63,335,10949.25
0,63,336,10949.25
0,63,337,10949.25
0,63,338,10949.25
0,63,339,10949.25
0,63,340,10949.25
0,63,341,10949.25
0,63,342,10949.25
0,63,343,10949.25
0,63,344,10949.25
0,63,345,10949.25
0,63,346,10949.25
0,63,347,10949.25
0,63,348,10949.25
0,63,349,10949.25
0,63,350,10949.25
0,63,351,10949.25
0,63,352,10949.25
0,63,353,10949.25
0,63,354,10949.25
0,63,355,10949.25
0,63,356,10949.25
0,63,357,10949.25
0,63,358,10949.25
0,63,359,10949.25
0,63,360,10949.25
0,64,1,11044.97
0,64,2,11044.97
10,64,3,11044.97
10,64,4,11044.97
10,64,5,11044.97
10,64,6,11044.97
10,64,7,11044.97
10,64,8,11044.97
10,64,9,11044.97
10,64,10,11044.97
10,64,11,11044.97
10,64,12,11044.97
10,64,13,11044.97
0,64,14,11044.97
0,64,15,11044.97
0,64,16,11044.97
0,64,17,11044.97
0,64,18,11044.97
0,64,19,11044.97
0,64,20,11044.97
0,64,21,11044.97
0,64,22,11044.97
0,64,23,11044.97
0,64,24,11044.97
0,64,25,11044.97
0,64,26,11044.97
0,64,27,11044.97
0,64,28,11044.97
0,64,29,11044.97
0,64,30,11044.97
0,64,31,11044.97
0,64,32,11044.97
0,64,33,11044.97
0,64,34,11044.97
0,64,35,11044.97
0,64,36,11044.97
0,64,37,11044.97
0,64,38,11044.97
0,64,39,11044.97
0,64,40,11044.97
0,64,41,11044.97
0,64,42,11044.97
0,64,43,11044.97
0,64,44,11044.97
0,64,45,11044.97
0,64,46,11044.97
0,64,47,11044.97
0,64,48,11044.97
0,64,49,11044.97
0,64,50,11044.97
0,64,51,11044.97
0,64,52,11044.97
0,64,53,11044.97
0,64,54,11044.97
0,64,55,11044.97
0,64,56,11044.97
0,64,57,11044.97
3,64,58,11044.97
3,64,59,11044.97
3,64,60,11044.97
3,64,61,11044.97
3,64,62,11044.97
3,64,63,11044.97
3,64,64,11044.97
3,64,65,11044.97
3,64,66,11044.97
3,64,67,11044.97
3,64,68,11044.97
4,64,70,11044.97
4,64,71,11044.97
5,64,84,11044.97
5,64,85,11044.97
5,64,86,11044.97
5,64,87,11044.97
5,64,88,11044.97
5,64,89,11044.97
5,64,90,11044.97
5,64,91,11044.97
5,64,92,11044.97
5,64,93,11044.97
5,64,94,11044.97
5,64,95,11044.97
5,64,96,11044.97
5,64,97,11044.97
5,64,98,11044.97
6,64,101,11044.97
12,64,102,11044.97
12,64,103,11044.97
0,64,104,11044.97
0,64,105,11044.97
0,64,106,11044.97
0,64,107,11044.97
0,64,108,11044.97
0,64,109,11044.97
0,64,110,11044.97
0,64,111,11044.97
0,64,112,11044.97
0,64,113,11044.97
0,64,114,11044.97
0,64,115,11044.97
0,64,116,11044.97
0,64,117,11044.97
0,64,118,11044.97
0,64,119,11044.97
0,64,120,11044.97
0,64,121,11044.97
0,64,122,11044.97
0,64,123,11044.97
0,64,124,11044.97
0,64,125,11044.97
0,64,126,11044.97
0,64,127,11044.97
0,64,128,11044.97
0,64,129,11044.97
0,64,130,11044.97
0,64,131,11044.97
0,64,132,11044.97
0,64,133,11044.97
0,64,134,11044.97
0,64,135,11044.97
0,64,136,11044.97
0,64,137,11044.97
0,64,138,11044.97
0,64,139,11044.97
0,64,140,11044.97
0,64,141,11044.97
0,64,142,11044.97
0,64,143,11044.97
0,64,144,11044.97
0,64,145,11044.97
0,64,146,11044.97
0,64,147,11044.97
0,64,148,11044.97
0,64,149,11044.97
0,64,150,11044.97
0,64,151,11044.97
0,64,152,11044.97
0,64,153,11044.97
0,64,154,11044.97
0,64,155,11044.97
0,64,156,11044.97
0,64,157,11044.97
0,64,158,11044.97
0,64,159,11044.97
0,64,160,11044.97
0,64,161,11044.97
27,64,162,11044.97
27,64,163,11044.97
27,64,164,11044.97
27,64,165,11044.97
27,64,166,11044.97
33,64,215,11044.97
33,64,216,11044.97
33,64,217,11044.97
32,64,231,11044.97
32,64,232,11044.97
32,64,233,11044.97
32,64,234,11044.97
32,64,235,11044.97
32,64,236,11044.97
32,64,237,11044.97
47,64,301,11044.97
47,64,302,11044.97
47,64,303,11044.97
47,64,304,11044.97
47,64,305,11044.97
47,64,306,11044.97
47,64,307,11044.97
49,64,308,11044.97
49,64,309,11044.97
49,64,310,11044.97
49,64,311,11044.97
49,64,312,11044.97
49,64,313,11044.97
0,64,314,11044.97
0,64,315,11044.97
0,64,316,11044.97
0,64,317,11044.97
0,64,318,11044.97
0,64,319,11044.97
0,64,320,11044.97
0,64,321,11044.97
0,64,322,11044.97
0,64,323,11044.97
0,64,324,11044.97
0,64,325,11044.97
0,64,326,11044.97
0,64,327,11044.97
0,64,328,11044.97
0,64,329,11044.97
0,64,330,11044.97
0,64,331,11044.97
0,64,332,11044.97
0,64,333,11044.97
0,64,334,11044.97
0,64,335,11044.97
0,64,336,11044.97
0,64,337,11044.97
0,64,338,11044.97
0,64,339,11044.97
0,64,340,11044.97
0,64,341,11044.97
0,64,342,11044.97
0,64,343,11044.97
0,64,344,11044.97
0,64,345,11044.97
0,64,346,11044.97
0,64,347,11044.97
0,64,348,11044.97
0,64,349,11044.97
0,64,350,11044.97
0,64,351,11044.97
0,64,352,11044.97
0,64,353,11044.97
0,64,354,11044.97
0,64,355,11044.97
0,64,356,11044.97
0,64,357,11044.97
0,64,358,11044.97
0,64,359,11044.97
0,64,360,11044.97
0,65,1,11137.34
0,65,2,11137.34
0,65,3,11137.34
0,65,4,11137.34
10,65,5,11137.34
10,65,6,11137.34
10,65,7,11137.34
10,65,8,11137.34
10,65,9,11137.34
10,65,10,11137.34
10,65,11,11137.34
10,65,12,11137.34
10,65,13,11137.34
10,65,14,11137.34
10,65,15,11137.34
10,65,16,11137.34
10,65,17,11137.34
0,65,18,11137.34
0,65,19,11137.34
0,65,20,11137.34
0,65,21,11137.34
0,65,22,11137.34
0,65,23,11137.34
0,65,24,11137.34
0,65,25,11137.34
0,65,26,11137.34
0,65,27,11137.34
0,65,28,11137.34
0,65,29,11137.34
0,65,30,11137.34
0,65,31,11137.34
0,65,32,11137.34
0,65,33,11137.34
0,65,34,11137.34
0,65,35,11137.34
0,65,36,11137.34
0,65,37,11137.34
0,65,38,11137.34
0,65,39,11137.34
0,65,40,11137.34
0,65,41,11137.34
0,65,42,11137.34
0,65,43,11137.34
0,65,44,11137.34
0,65,45,11137.34
0,65,46,11137.34
0,65,47,11137.34
0,65,48,11137.34
0,65,49,11137.34
0,65,50,11137.34
0,65,51,11137.34
0,65,52,11137.34
0,65,53,11137.34
0,65,54,11137.34
0,65,55,11137.34
0,65,56,11137.34
0,65,57,11137.34
0,65,58,11137.34
3,65,59,11137.34
3,65,60,11137.34
3,65,61,11137.34
3,65,62,11137.34
3,65,63,11137.34
3,65,64,11137.34
3,65,65,11137.34
3,65,66,11137.34
3,65,67,11137.34
3,65,68,11137.34
4,65,70,11137.34
4,65,71,11137.34
4,65,72,11137.34
5,65,84,11137.34
5,65,85,11137.34
5,65,86,11137.34
5,65,87,11137.34
5,65,88,11137.34
5,65,89,11137.34
5,65,90,11137.34
5,65,91,11137.34
5,65,92,11137.34
5,65,93,11137.34
5,65,94,11137.34
5,65,95,11137.34
5,65,96,11137.34
5,65,97,11137.34
5,65,98,11137.34
5,65,99,11137.34
12,65,100,11137.34
12,65,101,11137.34
12,65,102,11137.34
12,65,103,11137.34
12,65,104,11137.34
0,65,105,11137.34
0,65,106,11137.34
0,65,107,11137.34
0,65,108,11137.34
0,65,109,11137.34
0,65,110,11137.34
0,65,111,11137.34
0,65,112,11137.34
0,65,113,11137.34
0,65,114,11137.34
0,65,115,11137.34
0,65,116,11137.34
0,65,117,11137.34
0,65,118,11137.34
0,65,119,11137.34
0,65,120,11137.34
0,65,121,11137.34
0,65,122,11137.34
0,65,123,11137.34
0,65,124,11137.34
0,65,125,11137.34
0,65,126,11137.34
0,65,127,11137.34
0,65,128,11137.34
0,65,129,11137.34
0,65,130,11137.34
0,65,131,11137.34
0,65,132,11137.34
0,65,133,11137.34
0,65,134,11137.34
0,65,135,11137.34
0,65,136,11137.34
0,65,137,11137.34
0,65,138,11137.34
0,65,139,11137.34
0,65,140,11137.34
0,65,141,11137.34
0,65,142,11137.34
0,65,143,11137.34
0,65,144,11137.34
0,65,145,11137.34
0,65,146,11137.34
0,65,147,11137.34
0,65,148,11137.34
0,65,149,11137.34
0,65,150,11137.34
0,65,151,11137.34
0,65,152,11137.34
0,65,153,11137.34
0,65,154,11137.34
0,65,155,11137.34
0,65,156,11137.34
0,65,157,11137.34
0,65,158,11137.34
0,65,159,11137.34
0,65,160,11137.34
0,65,161,11137.34
27,65,162,11137.34
27,65,163,11137.34
27,65,164,11137.34
27,65,165,11137.34
33,65,216,11137.34
33,65,217,11137.34
32,65,233,11137.34
32,65,234,11137.34
32,65,235,11137.34
32,65,237,11137.34
32,65,238,11137.34
32,65,239,11137.34
32,65,240,11137.34
32,65,241,11137.34
32,65,242,11137.34
32,65,243,11137.34
32,65,244,11137.34
32,65,245,11137.34
32,65,246,11137.34
32,65,247,11137.34
47,65,300,11137.34
47,65,301,11137.34
47,65,303,11137.34
47,65,304,11137.34
49,65,305,11137.34
49,65,306,11137.34
49,65,307,11137.34
49,65,308,11137.34
49,65,309,11137.34
49,65,310,11137.34
49,65,311,11137.34
49,65,312,11137.34
0,65,313,11137.34
0,65,314,11137.34
0,65,315,11137.34
0,65,316,11137.34
0,65,317,11137.34
0,65,318,11137.34
0,65,319,11137.34
0,65,320,11137.34
0,65,321,11137.34
0,65,322,11137.34
0,65,323,11137.34
0,65,324,11137.34
0,65,325,11137.34
0,65,326,11137.34
0,65,327,11137.34
0,65,328,11137.34
0,65,329,11137.34
0,65,330,11137.34
0,65,331,11137.34
0,65,332,11137.34
0,65,333,11137.34
0,65,334,11137.34
0,65,335,11137.34
0,65,336,11137.34
0,65,337,11137.34
0,65,338,11137.34
0,65,339,11137.34
0,65,340,11137.34
0,65,341,11137.34
0,65,342,11137.34
0,65,343,11137.34
0,65,344,11137.34
0,65,345,11137.34
0,65,346,11137.34
0,65,347,11137.34
0,65,348,11137.34
0,65,349,11137.34
0,65,350,11137.34
0,65,351,11137.34
0,65,352,11137.34
0,65,353,11137.34
0,65,354,11137.34
0,65,355,11137.34
0,65,356,11137.34
0,65,357,11137.34
0,65,358,11137.34
0,65,359,11137.34
0,65,360,11137.34
0,66,1,11226.34
0,66,2,11226.34
0,66,3,11226.34
0,66,4,11226.34
0,66,5,11226.34
0,66,6,11226.34
0,66,7,11226.34
10,66,8,11226.34
10,66,9,11226.34
10,66,10,11226.34
10,66,11,11226.34
10,66,12,11226.34
10,66,13,11226.34
10,66,14,11226.34
10,66,15,11226.34
10,66,16,11226.34
10,66,17,11226.34
10,66,18,11226.34
10,66,19,11226.34
0,66,20,11226.34
0,66,21,11226.34
0,66,22,11226.34
0,66,23,11226.34
0,66,24,11226.34
0,66,25,11226.34
0,66,26,11226.34
0,66,27,11226.34
0,66,28,11226.34
0,66,29,11226.34
0,66,30,11226.34
0,66,31,11226.34
0,66,32,11226.34
0,66,33,11226.34
0,66,34,11226.34
0,66,35,11226.34
0,66,36,11226.34
0,66,37,11226.34
0,66,38,11226.34
0,66,39,11226.34
0,66,40,11226.34
0,66,41,11226.34
0,66,42,11226.34
0,66,43,11226.34
0,66,44,11226.34
0,66,45,11226.34
0,66,46,11226.34
0,66,47,11226.34
0,66,48,11226.34
0,66,49,11226.34
0,66,50,11226.34
0,66,51,11226.34
0,66,52,11226.34
0,66,53,11226.34
0,66,54,11226.34
0,66,55,11226.34
0,66,56,11226.34
0,66,57,11226.34
0,66,58,11226.34
0,66,59,11226.34
3,66,60,11226.34
3,66,61,11226.34
3,66,62,11226.34
3,66,63,11226.34
3,66,64,11226.34
3,66,65,11226.34
3,66,66,11226.34
3,66,67,11226.34
3,66,68,11226.34
3,66,69,11226.34
4,66,71,11226.34
4,66,72,11226.34
4,66,73,11226.34
5,66,83,11226.34
5,66,84,11226.34
5,66,85,11226.34
5,66,86,11226.34
5,66,87,11226.34
5,66,88,11226.34
5,66,89,11226.34
5,66,90,11226.34
5,66,91,11226.34
5,66,92,11226.34
5,66,93,11226.34
5,66,94,11226.34
5,66,95,11226.34
5,66,96,11226.34
5,66,97,11226.34
5,66,98,11226.34
12,66,99,11226.34
12,66,100,11226.34
12,66,101,11226.34
12,66,102,11226.34
12,66,103,11226.34
12,66,104,11226.34
12,66,105,11226.34
0,66,106,11226.34
0,66,107,11226.34
0,66,108,11226.34
0,66,109,11226.34
0,66,110,11226.34
0,66,111,11226.34
0,66,112,11226.34
0,66,113,11226.34
0,66,114,11226.34
0,66,115,11226.34
0,66,116,11226.34
0,66,117,11226.34
0,66,118,11226.34
0,66,119,11226.34
0,66,120,11226.34
0,66,121,11226.34
0,66,122,11226.34
0,66,123,11226.34
0,66,124,11226.34
0,66,125,11226.34
0,66,126,11226.34
0,66,127,11226.34
0,66,128,11226.34
0,66,129,11226.34
0,66,130,11226.34
0,66,131,11226.34
0,66,132,11226.34
0,66,133,11226.34
0,66,134,11226.34
0,66,135,11226.34
0,66,136,11226.34
0,66,137,11226.34
0,66,138,11226.34
0,66,139,11226.34
0,66,140,11226.34
0,66,141,11226.34
0,66,142,11226.34
0,66,143,11226.34
0,66,144,11226.34
0,66,145,11226.34
0,66,146,11226.34
0,66,147,11226.34
0,66,148,11226.34
0,66,149,11226.34
0,66,150,11226.34
0,66,151,11226.34
0,66,152,11226.34
0,66,153,11226.34
0,66,154,11226.34
0,66,155,11226.34
0,66,156,11226.34
0,66,157,11226.34
0,66,158,11226.34
0,66,159,11226.34
0,66,160,11226.34
0,66,161,11226.34
27,66,162,11226.34
27,66,163,11226.34
27,66,164,11226.34
33,66,216,11226.34
33,66,217,11226.34
33,66,218,11226.34
32,66,238,11226.34
32,66,239,11226.34
32,66,240,11226.34
32,66,241,11226.34
32,66,242,11226.34
32,66,243,11226.34
32,66,244,11226.34
32,66,245,11226.34
32,66,246,11226.34
32,66,247,11226.34
32,66,248,11226.34
36,66,299,11226.34
36,66,300,11226.34
49,66,303,11226.34
49,66,304,11226.34
49,66,305,11226.34
49,66,306,11226.34
49,66,307,11226.34
49,66,308,11226.34
49,66,309,11226.34
49,66,310,11226.34
0,66,311,11226.34
0,66,312,11226.34
0,66,313,11226.34
0,66,314,11226.34
0,66,315,11226.34
0,66,316,11226.34
0,66,317,11226.34
0,66,318,11226.34
0,66,319,11226.34
0,66,320,11226.34
0,66,321,11226.34
0,66,322,11226.34
0,66,323,11226.34
0,66,324,11226.34
0,66,325,11226.34
0,66,326,11226.34
0,66,327,11226.34
0,66,328,11226.34
0,66,329,11226.34
0,66,330,11226.34
0,66,331,11226.34
0,66,332,11226.34
0,66,333,11226.34
0,66,334,11226.34
0,66,335,11226.34
0,66,336,11226.34
0,66,337,11226.34
0,66,338,11226.34
0,66,339,11226.34
0,66,340,11226.34
0,66,341,11226.34
0,66,342,11226.34
0,66,343,11226.34
0,66,344,11226.34
0,66,345,11226.34
0,66,346,11226.34
0,66,347,11226.34
0,66,348,11226.34
0,66,349,11226.34
0,66,350,11226.34
0,66,351,11226.34
0,66,352,11226.34
0,66,353,11226.34
0,66,354,11226.34
0,66,355,11226.34
0,66,356,11226.34
0,66,357,11226.34
0,66,358,11226.34
0,66,359,11226.34
0,66,360,11226.34
0,67,1,11311.96
0,67,2,11311.96
0,67,3,11311.96
0,67,4,11311.96
0,67,5,11311.96
0,67,6,11311.96
0,67,7,11311.96
0,67,8,11311.96
0,67,9,11311.96
0,67,10,11311.96
0,67,11,11311.96
0,67,12,11311.96
10,67,13,11311.96
10,67,14,11311.96
10,67,15,11311.96
10,67,16,11311.96
10,67,17,11311.96
10,67,18,11311.96
10,67,19,11311.96
10,67,20,11311.96
10,67,21,11311.96
0,67,22,11311.96
0,67,23,11311.96
0,67,24,11311.96
0,67,25,11311.96
0,67,26,11311.96
0,67,27,11311.96
0,67,28,11311.96
0,67,29,11311.96
0,67,30,11311.96
0,67,31,11311.96
0,67,32,11311.96
0,67,33,11311.96
0,67,34,11311.96
0,67,35,11311.96
0,67,36,11311.96
0,67,37,11311.96
0,67,38,11311.96
0,67,39,11311.96
0,67,40,11311.96
0,67,41,11311.96
0,67,42,11311.96
0,67,43,11311.96
0,67,44,11311.96
0,67,45,11311.96
0,67,46,11311.96
0,67,47,11311.96
0,67,48,11311.96
0,67,49,11311.96
0,67,50,11311.96
0,67,51,11311.96
0,67,52,11311.96
0,67,53,11311.96
0,67,54,11311.96
0,67,55,11311.96
0,67,56,11311.96
0,67,57,11311.96
0,67,58,11311.96
0,67,59,11311.96
0,67,60,11311.96
0,67,61,11311.96
3,67,62,11311.96
3,67,63,11311.96
3,67,64,11311.96
3,67,65,11311.96
3,67,66,11311.96
3,67,67,11311.96
3,67,68,11311.96
3,67,69,11311.96
3,67,70,11311.96
4,67,71,11311.96
4,67,72,11311.96
4,67,73,11311.96
4,67,74,11311.96
5,67,83,11311.96
5,67,84,11311.96
5,67,85,11311.96
5,67,86,11311.96
5,67,87,11311.96
5,67,88,11311.96
5,67,89,11311.96
5,67,90,11311.96
5,67,91,11311.96
5,67,92,11311.96
5,67,93,11311.96
5,67,94,11311.96
5,67,95,11311.96
12,67,96,11311.96
12,67,97,11311.96
12,67,98,11311.96
12,67,100,11311.96
12,67,101,11311.96
12,67,102,11311.96
12,67,103,11311.96
12,67,104,11311.96
12,67,105,11311.96
12,67,106,11311.96
0,67,107,11311.96
0,67,108,11311.96
0,67,109,11311.96
0,67,110,11311.96
0,67,111,11311.96
0,67,112,11311.96
0,67,113,11311.96
0,67,114,11311.96
0,67,115,11311.96
0,67,116,11311.96
0,67,117,11311.96
0,67,118,11311.96
0,67,119,11311.96
0,67,120,11311.96
0,67,121,11311.96
0,67,122,11311.96
0,67,123,11311.96
0,67,124,11311.96
0,67,125,11311.96
0,67,126,11311.96
0,67,127,11311.96
0,67,128,11311.96
0,67,129,11311.96
0,67,130,11311.96
0,67,131,11311.96
0,67,132,11311.96
0,67,133,11311.96
0,67,134,11311.96
0,67,135,11311.96
0,67,136,11311.96
0,67,137,11311.96
0,67,138,11311.96
0,67,139,11311.96
0,67,140,11311.96
0,67,141,11311.96
0,67,142,11311.96
0,67,143,11311.96
0,67,144,11311.96
0,67,145,11311.96
0,67,146,11311.96
0,67,147,11311.96
0,67,148,11311.96
0,67,149,11311.96
0,67,150,11311.96
0,67,151,11311.96
0,67,152,11311.96
0,67,153,11311.96
0,67,154,11311.96
0,67,155,11311.96
0,67,156,11311.96
0,67,157,11311.96
0,67,158,11311.96
0,67,159,11311.96
0,67,160,11311.96
27,67,161,11311.96
27,67,162,11311.96
27,67,163,11311.96
27,67,164,11311.96
33,67,217,11311.96
33,67,218,11311.96
33,67,219,11311.96
32,67,240,11311.96
32,67,241,11311.96
32,67,242,11311.96
32,67,243,11311.96
32,67,244,11311.96
32,67,245,11311.96
32,67,246,11311.96
32,67,247,11311.96
32,67,248,11311.96
32,67,249,11311.96
36,67,297,11311.96
36,67,298,11311.96
36,67,299,11311.96
36,67,300,11311.96
49,67,302,11311.96
49,67,303,11311.96
49,67,304,11311.96
49,67,305,11311.96
49,67,306,11311.96
49,67,307,11311.96
49,67,308,11311.96
49,67,309,11311.96
0,67,310,11311.96
0,67,311,11311.96
0,67,312,11311.96
0,67,313,11311.96
0,67,314,11311.96
0,67,315,11311.96
0,67,316,11311.96
0,67,317,11311.96
0,67,318,11311.96
0,67,319,11311.96
0,67,320,11311.96
0,67,321,11311.96
0,67,322,11311.96
0,67,323,11311.96
0,67,324,11311.96
0,67,325,11311.96
0,67,326,11311.96
0,67,327,11311.96
0,67,328,11311.96
0,67,329,11311.96
0,67,330,11311.96
0,67,331,11311.96
0,67,332,11311.96
0,67,333,11311.96
0,67,334,11311.96
0,67,335,11311.96
0,67,336,11311.96
0,67,337,11311.96
0,67,338,11311.96
0,67,339,11311.96
0,67,340,11311.96
0,67,341,11311.96
0,67,342,11311.96
0,67,343,11311.96
0,67,344,11311.96
0,67,345,11311.96
0,67,346,11311.96
0,67,347,11311.96
0,67,348,11311.96
0,67,349,11311.96
0,67,350,11311.96
0,67,351,11311.96
0,67,352,11311.96
0,67,353,11311.96
0,67,354,11311.96
0,67,355,11311.96
0,67,356,11311.96
0,67,357,11311.96
0,67,358,11311.96
0,67,359,11311.96
0,67,360,11311.96
0,68,1,11394.16
0,68,2,11394.16
0,68,3,11394.16
0,68,4,11394.16
0,68,5,11394.16
0,68,6,11394.16
0,68,7,11394.16
0,68,8,11394.16
0,68,9,11394.16
0,68,10,11394.16
0,68,11,11394.16
0,68,12,11394.16
0,68,13,11394.16
0,68,14,11394.16
0,68,15,11394.16
0,68,16,11394.16
10,68,17,11394.16
10,68,18,11394.16
10,68,19,11394.16
10,68,20,11394.16
10,68,21,11394.16
10,68,22,11394.16
10,68,23,11394.16
0,68,24,11394.16
0,68,25,11394.16
0,68,26,11394.16
0,68,27,11394.16
0,68,28,11394.16
0,68,29,11394.16
0,68,30,11394.16
0,68,31,11394.16
0,68,32,11394.16
0,68,33,11394.16
0,68,34,11394.16
0,68,35,11394.16
0,68,36,11394.16
0,68,37,11394.16
0,68,38,11394.16
0,68,39,11394.16
0,68,40,11394.16
0,68,41,11394.16
0,68,42,11394.16
0,68,43,11394.16
0,68,44,11394.16
0,68,45,11394.16
0,68,46,11394.16
0,68,47,11394.16
0,68,48,11394.16
0,68,49,11394.16
0,68,50,11394.16
0,68,51,11394.16
0,68,52,11394.16
0,68,53,11394.16
0,68,54,11394.16
0,68,55,11394.16
0,68,56,11394.16
0,68,57,11394.16
0,68,58,11394.16
0,68,59,11394.16
0,68,60,11394.16
0,68,61,11394.16
0,68,62,11394.16
0,68,63,11394.16
0,68,64,11394.16
0,68,65,11394.16
11,68,66,11394.16
3,68,67,11394.16
3,68,68,11394.16
3,68,69,11394.16
3,68,70,11394.16
3,68,71,11394.16
4,68,72,11394.16
11,68,73,11394.16
11,68,74,11394.16
5,68,83,11394.16
5,68,84,11394.16
5,68,85,11394.16
5,68,86,11394.16
5,68,87,11394.16
5,68,88,11394.16
5,68,89,11394.16
5,68,90,11394.16
5,68,91,11394.16
5,68,92,11394.16
5,68,93,11394.16
5,68,94,11394.16
12,68,95,11394.16
12,68,96,11394.16
12,68,97,11394.16
12,68,98,11394.16
12,68,99,11394.16
12,68,103,11394.16
12,68,104,11394.16
12,68,105,11394.16
12,68,106,11394.16
12,68,107,11394.16
12,68,108,11394.16
12,68,109,11394.16
0,68,110,11394.16
0,68,111,11394.16
0,68,112,11394.16
0,68,113,11394.16
0,68,114,11394.16
0,68,115,11394.16
0,68,116,11394.16
0,68,117,11394.16
0,68,118,11394.16
0,68,119,11394.16
0,68,120,11394.16
0,68,121,11394.16
0,68,122,11394.16
0,68,123,11394.16
0,68,124,11394.16
0,68,125,11394.16
0,68,126,11394.16
0,68,127,11394.16
0,68,128,11394.16
0,68,129,11394.16
0,68,130,11394.16
0,68,131,11394.16
0,68,132,11394.16
0,68,133,11394.16
0,68,134,11394.16
0,68,135,11394.16
0,68,136,11394.16
0,68,137,11394.16
0,68,138,11394.16
0,68,139,11394.16
0,68,140,11394.16
0,68,141,11394.16
0,68,142,11394.16
0,68,143,11394.16
0,68,144,11394.16
0,68,145,11394.16
0,68,146,11394.16
0,68,147,11394.16
0,68,148,11394.16
0,68,149,11394.16
0,68,150,11394.16
0,68,151,11394.16
0,68,152,11394.16
0,68,153,11394.16
0,68,154,11394.16
0,68,155,11394.16
0,68,156,11394.16
0,68,157,11394.16
0,68,158,11394.16
0,68,159,11394.16
0,68,160,11394.16
27,68,161,11394.16
27,68,162,11394.16
27,68,163,11394.16
33,68,218,11394.16
33,68,219,11394.16
32,68,241,11394.16
32,68,242,11394.16
32,68,243,11394.16
32,68,244,11394.16
32,68,245,11394.16
32,68,246,11394.16
32,68,247,11394.16
32,68,248,11394.16
32,68,249,11394.16
34,68,271,11394.16
34,68,272,11394.16
36,68,294,11394.16
36,68,295,11394.16
36,68,296,11394.16
36,68,297,11394.16
36,68,298,11394.16
36,68,299,11394.16
36,68,300,11394.16
36,68,301,11394.16
49,68,302,11394.16
49,68,303,11394.16
49,68,304,11394.16
49,68,305,11394.16
0,68,306,11394.16
0,68,307,11394.16
0,68,308,11394.16
0,68,309,11394.16
0,68,310,11394.16
0,68,311,11394.16
0,68,312,11394.16
0,68,313,11394.16
0,68,314,11394.16
0,68,315,11394.16
0,68,316,11394.16
0,68,317,11394.16
0,68,318,11394.16
0,68,319,11394.16
0,68,320,11394.16
0,68,321,11394.16
0,68,322,11394.16
0,68,323,11394.16
0,68,324,11394.16
0,68,325,11394.16
0,68,326,11394.16
0,68,327,11394.16
0,68,328,11394.16
0,68,329,11394.16
0,68,330,11394.16
0,68,331,11394.16
0,68,332,11394.16
0,68,333,11394.16
0,68,334,11394.16
0,68,335,11394.16
0,68,336,11394.16
0,68,337,11394.16
0,68,338,11394.16
0,68,339,11394.16
0,68,340,11394.16
0,68,341,11394.16
0,68,342,11394.16
0,68,343,11394.16
0,68,344,11394.16
0,68,345,11394.16
0,68,346,11394.16
0,68,347,11394.16
0,68,348,11394.16
0,68,349,11394.16
0,68,350,11394.16
0,68,351,11394.16
0,68,352,11394.16
0,68,353,11394.16
0,68,354,11394.16
0,68,355,11394.16
0,68,356,11394.16
0,68,357,11394.16
0,68,358,11394.16
0,68,359,11394.16
0,68,360,11394.16
0,69,1,11472.93
0,69,2,11472.93
0,69,3,11472.93
0,69,4,11472.93
0,69,5,11472.93
0,69,6,11472.93
0,69,7,11472.93
0,69,8,11472.93
0,69,9,11472.93
0,69,10,11472.93
0,69,11,11472.93
0,69,12,11472.93
0,69,13,11472.93
0,69,14,11472.93
0,69,15,11472.93
0,69,16,11472.93
0,69,17,11472.93
0,69,18,11472.93
10,69,19,11472.93
10,69,20,11472.93
10,69,21,11472.93
10,69,22,11472.93
10,69,23,11472.93
10,69,24,11472.93
10,69,25,11472.93
0,69,26,11472.93
0,69,27,11472.93
0,69,28,11472.93
0,69,29,11472.93
0,69,30,11472.93
0,69,31,11472.93
0,69,32,11472.93
0,69,33,11472.93
0,69,34,11472.93
0,69,35,11472.93
0,69,36,11472.93
0,69,37,11472.93
0,69,38,11472.93
0,69,39,11472.93
0,69,40,11472.93
0,69,41,11472.93
0,69,42,11472.93
0,69,43,11472.93
0,69,44,11472.93
0,69,45,11472.93
0,69,46,11472.93
0,69,47,11472.93
0,69,48,11472.93
0,69,49,11472.93
0,69,50,11472.93
0,69,51,11472.93
0,69,52,11472.93
0,69,53,11472.93
0,69,54,11472.93
0,69,55,11472.93
0,69,56,11472.93
0,69,57,11472.93
0,69,58,11472.93
0,69,59,11472.93
0,69,60,11472.93
0,69,61,11472.93
0,69,62,11472.93
0,69,63,11472.93
0,69,64,11472.93
0,69,65,11472.93
0,69,66,11472.93
11,69,67,11472.93
11,69,68,11472.93
11,69,69,11472.93
11,69,70,11472.93
11,69,71,11472.93
11,69,72,11472.93
11,69,73,11472.93
11,69,74,11472.93
11,69,75,11472.93
5,69,84,11472.93
5,69,85,11472.93
5,69,86,11472.93
5,69,87,11472.93
5,69,88,11472.93
5,69,89,11472.93
5,69,90,11472.93
12,69,94,11472.93
12,69,95,11472.93
12,69,96,11472.93
12,69,97,11472.93
12,69,98,11472.93
12,69,99,11472.93
12,69,100,11472.93
12,69,101,11472.93
12,69,102,11472.93
12,69,105,11472.93
12,69,106,11472.93
12,69,107,11472.93
12,69,108,11472.93
12,69,109,11472.93
12,69,110,11472.93
0,69,111,11472.93
0,69,112,11472.93
0,69,113,11472.93
0,69,114,11472.93
0,69,115,11472.93
0,69,116,11472.93
0,69,117,11472.93
0,69,118,11472.93
0,69,119,11472.93
0,69,120,11472.93
0,69,121,11472.93
0,69,122,11472.93
0,69,123,11472.93
0,69,124,11472.93
0,69,125,11472.93
0,69,126,11472.93
0,69,127,11472.93
0,69,128,11472.93
0,69,129,11472.93
0,69,130,11472.93
0,69,131,11472.93
0,69,132,11472.93
0,69,133,11472.93
0,69,134,11472.93
0,69,135,11472.93
0,69,136,11472.93
0,69,137,11472.93
0,69,138,11472.93
0,69,139,11472.93
0,69,140,11472.93
0,69,141,11472.93
0,69,142,11472.93
0,69,143,11472.93
0,69,144,11472.93
0,69,145,11472.93
0,69,146,11472.93
0,69,147,11472.93
0,69,148,11472.93
0,69,149,11472.93
0,69,150,11472.93
0,69,151,11472.93
0,69,152,11472.93
0,69,153,11472.93
0,69,154,11472.93
0,69,155,11472.93
0,69,156,11472.93
0,69,157,11472.93
0,69,158,11472.93
0,69,159,11472.93
0,69,160,11472.93
27,69,161,11472.93
27,69,162,11472.93
27,69,163,11472.93
33,69,218,11472.93
33,69,219,11472.93
32,69,240,11472.93
32,69,241,11472.93
32,69,242,11472.93
32,69,243,11472.93
32,69,244,11472.93
32,69,245,11472.93
32,69,246,11472.93
32,69,247,11472.93
32,69,248,11472.93
32,69,249,11472.93
32,69,250,11472.93
32,69,253,11472.93
34,69,268,11472.93
34,69,269,11472.93
34,69,270,11472.93
34,69,271,11472.93
34,69,272,11472.93
36,69,288,11472.93
36,69,289,11472.93
36,69,290,11472.93
36,69,291,11472.93
36,69,292,11472.93
36,69,293,11472.93
36,69,294,11472.93
36,69,295,11472.93
36,69,296,11472.93
36,69,297,11472.93
36,69,298,11472.93
36,69,299,11472.93
36,69,300,11472.93
36,69,301,11472.93
0,69,302,11472.93
0,69,303,11472.93
0,69,304,11472.93
0,69,305,11472.93
0,69,306,11472.93
0,69,307,11472.93
0,69,308,11472.93
0,69,309,11472.93
0,69,310,11472.93
0,69,311,11472.93
0,69,312,11472.93
0,69,313,11472.93
0,69,314,11472.93
0,69,315,11472.93
0,69,316,11472.93
0,69,317,11472.93
0,69,318,11472.93
0,69,319,11472.93
0,69,320,11472.93
0,69,321,11472.93
0,69,322,11472.93
0,69,323,11472.93
0,69,324,11472.93
0,69,325,11472.93
0,69,326,11472.93
0,69,327,11472.93
0,69,328,11472.93
0,69,329,11472.93
0,69,330,11472.93
0,69,331,11472.93
0,69,332,11472.93
0,69,333,11472.93
0,69,334,11472.93
0,69,335,11472.93
0,69,336,11472.93
0,69,337,11472.93
0,69,338,11472.93
0,69,339,11472.93
0,69,340,11472.93
0,69,341,11472.93
0,69,342,11472.93
0,69,343,11472.93
0,69,344,11472.93
0,69,345,11472.93
0,69,346,11472.93
0,69,347,11472.93
0,69,348,11472.93
0,69,349,11472.93
0,69,350,11472.93
0,69,351,11472.93
0,69,352,11472.93
0,69,353,11472.93
0,69,354,11472.93
0,69,355,11472.93
0,69,356,11472.93
0,69,357,11472.93
0,69,358,11472.93
0,69,359,11472.93
0,69,360,11472.93
0,70,1,11548.24
0,70,2,11548.24
0,70,3,11548.24
0,70,4,11548.24
0,70,5,11548.24
0,70,6,11548.24
0,70,7,11548.24
0,70,8,11548.24
0,70,9,11548.24
0,70,10,11548.24
0,70,11,11548.24
0,70,12,11548.24
0,70,13,11548.24
0,70,14,11548.24
0,70,15,11548.24
0,70,16,11548.24
0,70,17,11548.24
0,70,18,11548.24
0,70,19,11548.24
0,70,20,11548.24
10,70,21,11548.24
10,70,22,11548.24
10,70,23,11548.24
10,70,24,11548.24
10,70,26,11548.24
0,70,27,11548.24
0,70,28,11548.24
0,70,29,11548.24
0,70,30,11548.24
0,70,31,11548.24
0,70,32,11548.24
0,70,33,11548.24
0,70,34,11548.24
0,70,35,11548.24
0,70,36,11548.24
0,70,37,11548.24
0,70,38,11548.24
0,70,39,11548.24
0,70,40,11548.24
0,70,41,11548.24
0,70,42,11548.24
0,70,43,11548.24
0,70,44,11548.24
0,70,45,11548.24
0,70,46,11548.24
0,70,47,11548.24
0,70,48,11548.24
0,70,49,11548.24
0,70,50,11548.24
0,70,51,11548.24
0,70,52,11548.24
0,70,53,11548.24
0,70,54,11548.24
0,70,55,11548.24
0,70,56,11548.24
0,70,57,11548.24
0,70,58,11548.24
0,70,59,11548.24
0,70,60,11548.24
0,70,61,11548.24
0,70,62,11548.24
0,70,63,11548.24
0,70,64,11548.24
0,70,65,11548.24
0,70,66,11548.24
0,70,67,11548.24
0,70,68,11548.24
11,70,69,11548.24
11,70,70,11548.24
11,70,71,11548.24
11,70,72,11548.24
11,70,73,11548.24
11,70,74,11548.24
11,70,75,11548.24
5,70,84,11548.24
5,70,85,11548.24
5,70,86,11548.24
5,70,87,11548.24
5,70,88,11548.24
5,70,89,11548.24
12,70,94,11548.24
12,70,95,11548.24
12,70,96,11548.24
12,70,97,11548.24
12,70,98,11548.24
12,70,99,11548.24
12,70,100,11548.24
12,70,101,11548.24
12,70,102,11548.24
12,70,103,11548.24
12,70,106,11548.24
12,70,107,11548.24
12,70,108,11548.24
12,70,109,11548.24
12,70,110,11548.24
12,70,111,11548.24
0,70,112,11548.24
0,70,113,11548.24
0,70,114,11548.24
0,70,115,11548.24
0,70,116,11548.24
0,70,117,11548.24
0,70,118,11548.24
0,70,119,11548.24
0,70,120,11548.24
0,70,121,11548.24
0,70,122,11548.24
0,70,123,11548.24
0,70,124,11548.24
0,70,125,11548.24
0,70,126,11548.24
0,70,127,11548.24
0,70,128,11548.24
0,70,129,11548.24
0,70,130,11548.24
0,70,131,11548.24
0,70,132,11548.24
0,70,133,11548.24
0,70,134,11548.24
0,70,135,11548.24
0,70,136,11548.24
0,70,137,11548.24
0,70,138,11548.24
0,70,139,11548.24
0,70,140,11548.24
0,70,141,11548.24
0,70,142,11548.24
0,70,143,11548.24
0,70,144,11548.24
0,70,145,11548.24
0,70,146,11548.24
0,70,147,11548.24
0,70,148,11548.24
0,70,149,11548.24
0,70,150,11548.24
0,70,151,11548.24
0,70,152,11548.24
0,70,153,11548.24
0,70,154,11548.24
0,70,155,11548.24
0,70,156,11548.24
0,70,157,11548.24
0,70,158,11548.24
0,70,159,11548.24
0,70,160,11548.24
27,70,161,11548.24
27,70,162,11548.24
27,70,163,11548.24
27,70,164,11548.24
33,70,218,11548.24
33,70,219,11548.24
33,70,220,11548.24
32,70,239,11548.24
32,70,240,11548.24
32,70,241,11548.24
32,70,242,11548.24
32,70,243,11548.24
32,70,244,11548.24
32,70,245,11548.24
32,70,246,11548.24
32,70,247,11548.24
32,70,248,11548.24
32,70,249,11548.24
32,70,250,11548.24
32,70,251,11548.24
32,70,252,11548.24
32,70,253,11548.24
34,70,267,11548.24
34,70,268,11548.24
34,70,269,11548.24
34,70,270,11548.24
34,70,271,11548.24
34,70,272,11548.24
34,70,273,11548.24
36,70,287,11548.24
36,70,288,11548.24
36,70,289,11548.24
36,70,290,11548.24
36,70,292,11548.24
36,70,293,11548.24
36,70,294,11548.24
36,70,295,11548.24
36,70,296,11548.24
36,70,297,11548.24
36,70,298,11548.24
36,70,299,11548.24
36,70,300,11548.24
36,70,301,11548.24
0,70,302,11548.24
0,70,303,11548.24
0,70,304,11548.24
0,70,305,11548.24
0,70,306,11548.24
0,70,307,11548.24
0,70,308,11548.24
0,70,309,11548.24
0,70,310,11548.24
0,70,311,11548.24
0,70,312,11548.24
0,70,313,11548.24
0,70,314,11548.24
0,70,315,11548.24
0,70,316,11548.24
0,70,317,11548.24
0,70,318,11548.24
0,70,319,11548.24
0,70,320,11548.24
0,70,321,11548.24
0,70,322,11548.24
0,70,323,11548.24
0,70,324,11548.24
0,70,325,11548.24
0,70,326,11548.24
0,70,327,11548.24
0,70,328,11548.24
0,70,329,11548.24
0,70,330,11548.24
0,70,331,11548.24
0,70,332,11548.24
0,70,333,11548.24
0,70,334,11548.24
0,70,335,11548.24
0,70,336,11548.24
0,70,337,11548.24
0,70,338,11548.24
0,70,339,11548.24
0,70,340,11548.24
0,70,341,11548.24
0,70,342,11548.24
0,70,343,11548.24
0,70,344,11548.24
0,70,345,11548.24
0,70,346,11548.24
0,70,347,11548.24
0,70,348,11548.24
0,70,349,11548.24
0,70,350,11548.24
0,70,351,11548.24
0,70,352,11548.24
0,70,353,11548.24
0,70,354,11548.24
0,70,355,11548.24
0,70,356,11548.24
0,70,357,11548.24
0,70,358,11548.24
0,70,359,11548.24
0,70,360,11548.24
0,71,1,11620.09
0,71,2,11620.09
0,71,3,11620.09
0,71,4,11620.09
0,71,5,11620.09
0,71,6,11620.09
0,71,7,11620.09
0,71,8,11620.09
0,71,9,11620.09
0,71,10,11620.09
0,71,11,11620.09
0,71,12,11620.09
0,71,13,11620.09
0,71,14,11620.09
0,71,15,11620.09
0,71,16,11620.09
0,71,17,11620.09
0,71,18,11620.09
0,71,19,11620.09
0,71,20,11620.09
0,71,21,11620.09
10,71,22,11620.09
10,71,23,11620.09
10,71,24,11620.09
10,71,25,11620.09
10,71,26,11620.09
0,71,27,11620.09
0,71,28,11620.09
0,71,29,11620.09
0,71,30,11620.09
0,71,31,11620.09
0,71,32,11620.09
0,71,33,11620.09
0,71,34,11620.09
0,71,35,11620.09
0,71,36,11620.09
0,71,37,11620.09
0,71,38,11620.09
0,71,39,11620.09
0,71,40,11620.09
0,71,41,11620.09
0,71,42,11620.09
0,71,43,11620.09
0,71,44,11620.09
0,71,45,11620.09
0,71,46,11620.09
0,71,47,11620.09
0,71,48,11620.09
0,71,49,11620.09
0,71,50,11620.09
0,71,51,11620.09
0,71,52,11620.09
0,71,53,11620.09
0,71,54,11620.09
0,71,55,11620.09
0,71,56,11620.09
0,71,57,11620.09
0,71,58,11620.09
0,71,59,11620.09
0,71,60,11620.09
0,71,61,11620.09
0,71,62,11620.09
0,71,63,11620.09
0,71,64,11620.09
0,71,65,11620.09
0,71,66,11620.09
0,71,67,11620.09
0,71,68,11620.09
0,71,69,11620.09
11,71,70,11620.09
11,71,71,11620.09
11,71,72,11620.09
11,71,73,11620.09
11,71,74,11620.09
11,71,75,11620.09
11,71,76,11620.09
5,71,85,11620.09
5,71,86,11620.09
5,71,87,11620.09
5,71,88,11620.09
5,71,89,11620.09
12,71,93,11620.09
12,71,94,11620.09
12,71,95,11620.09
12,71,96,11620.09
12,71,97,11620.09
12,71,98,11620.09
12,71,99,11620.09
12,71,100,11620.09
12,71,101,11620.09
12,71,102,11620.09
12,71,103,11620.09
12,71,104,11620.09
12,71,105,11620.09
12,71,106,11620.09
12,71,107,11620.09
12,71,112,11620.09
12,71,113,11620.09
0,71,114,11620.09
0,71,115,11620.09
0,71,116,11620.09
0,71,117,11620.09
0,71,118,11620.09
0,71,119,11620.09
0,71,120,11620.09
0,71,121,11620.09
0,71,122,11620.09
0,71,123,11620.09
0,71,124,11620.09
0,71,125,11620.09
0,71,126,11620.09
0,71,127,11620.09
0,71,128,11620.09
0,71,129,11620.09
0,71,130,11620.09
0,71,131,11620.09
0,71,132,11620.09
0,71,133,11620.09
0,71,134,11620.09
0,71,135,11620.09
0,71,136,11620.09
0,71,137,11620.09
0,71,138,11620.09
0,71,139,11620.09
0,71,140,11620.09
0,71,141,11620.09
0,71,142,11620.09
0,71,143,11620.09
0,71,144,11620.09
0,71,145,11620.09
0,71,146,11620.09
0,71,147,11620.09
0,71,148,11620.09
0,71,149,11620.09
0,71,150,11620.09
0,71,151,11620.09
0,71,152,11620.09
0,71,153,11620.09
0,71,154,11620.09
0,71,155,11620.09
0,71,156,11620.09
0,71,157,11620.09
0,71,158,11620.09
0,71,159,11620.09
27,71,160,11620.09
27,71,161,11620.09
27,71,162,11620.09
27,71,163,11620.09
27,71,164,11620.09
33,71,218,11620.09
33,71,219,11620.09
33,71,220,11620.09
33,71,221,11620.09
32,71,238,11620.09
32,71,239,11620.09
32,71,240,11620.09
32,71,241,11620.09
32,71,242,11620.09
32,71,243,11620.09
32,71,244,11620.09
32,71,245,11620.09
32,71,246,11620.09
32,71,247,11620.09
32,71,248,11620.09
32,71,249,11620.09
32,71,250,11620.09
32,71,251,11620.09
32,71,252,11620.09
32,71,253,11620.09
34,71,266,11620.09
34,71,267,11620.09
34,71,268,11620.09
34,71,269,11620.09
34,71,270,11620.09
34,71,271,11620.09
34,71,272,11620.09
34,71,273,11620.09
34,71,274,11620.09
36,71,287,11620.09
36,71,288,11620.09
36,71,289,11620.09
36,71,292,11620.09
36,71,293,11620.09
36,71,294,11620.09
36,71,295,11620.09
36,71,296,11620.09
36,71,297,11620.09
36,71,298,11620.09
36,71,299,11620.09
36,71,300,11620.09
36,71,301,11620.09
0,71,302,11620.09
0,71,303,11620.09
0,71,304,11620.09
0,71,305,11620.09
0,71,306,11620.09
0,71,307,11620.09
0,71,308,11620.09
0,71,309,11620.09
0,71,310,11620.09
0,71,311,11620.09
0,71,312,11620.09
0,71,313,11620.09
0,71,314,11620.09
0,71,315,11620.09
0,71,316,11620.09
0,71,317,11620.09
0,71,318,11620.09
0,71,319,11620.09
0,71,320,11620.09
0,71,321,11620.09
0,71,322,11620.09
0,71,323,11620.09
0,71,324,11620.09
0,71,325,11620.09
0,71,326,11620.09
0,71,327,11620.09
0,71,328,11620.09
0,71,329,11620.09
0,71,330,11620.09
0,71,331,11620.09
0,71,332,11620.09
0,71,333,11620.09
0,71,334,11620.09
0,71,335,11620.09
0,71,336,11620.09
0,71,337,11620.09
0,71,338,11620.09
0,71,339,11620.09
0,71,340,11620.09
0,71,341,11620.09
0,71,342,11620.09
0,71,343,11620.09
0,71,344,11620.09
0,71,345,11620.09
0,71,346,11620.09
0,71,347,11620.09
0,71,348,11620.09
0,71,349,11620.09
0,71,350,11620.09
0,71,351,11620.09
0,71,352,11620.09
0,71,353,11620.09
0,71,354,11620.09
0,71,355,11620.09
0,71,356,11620.09
0,71,357,11620.09
0,71,358,11620.09
0,71,359,11620.09
0,71,360,11620.09
0,72,1,11688.46
0,72,2,11688.46
0,72,3,11688.46
0,72,4,11688.46
0,72,5,11688.46
0,72,6,11688.46
0,72,7,11688.46
0,72,8,11688.46
0,72,9,11688.46
0,72,10,11688.46
0,72,11,11688.46
0,72,12,11688.46
0,72,13,11688.46
0,72,14,11688.46
0,72,15,11688.46
0,72,16,11688.46
0,72,17,11688.46
0,72,18,11688.46
0,72,19,11688.46
0,72,20,11688.46
0,72,21,11688.46
0,72,22,11688.46
0,72,23,11688.46
10,72,24,11688.46
10,72,25,11688.46
10,72,26,11688.46
0,72,27,11688.46
0,72,28,11688.46
0,72,29,11688.46
0,72,30,11688.46
0,72,31,11688.46
0,72,32,11688.46
0,72,33,11688.46
0,72,34,11688.46
0,72,35,11688.46
0,72,36,11688.46
0,72,37,11688.46
0,72,38,11688.46
0,72,39,11688.46
0,72,40,11688.46
0,72,41,11688.46
0,72,42,11688.46
0,72,43,11688.46
0,72,44,11688.46
0,72,45,11688.46
0,72,46,11688.46
0,72,47,11688.46
0,72,48,11688.46
0,72,49,11688.46
0,72,50,11688.46
0,72,51,11688.46
0,72,52,11688.46
0,72,53,11688.46
0,72,54,11688.46
0,72,55,11688.46
0,72,56,11688.46
0,72,57,11688.46
0,72,58,11688.46
0,72,59,11688.46
0,72,60,11688.46
0,72,61,11688.46
0,72,62,11688.46
0,72,63,11688.46
0,72,64,11688.46
0,72,65,11688.46
0,72,66,11688.46
0,72,67,11688.46
0,72,68,11688.46
0,72,69,11688.46
0,72,70,11688.46
11,72,71,11688.46
11,72,72,11688.46
11,72,73,11688.46
11,72,74,11688.46
11,72,75,11688.46
11,72,76,11688.46
11,72,77,11688.46
12,72,93,11688.46
12,72,94,11688.46
12,72,95,11688.46
12,72,96,11688.46
12,72,97,11688.46
12,72,98,11688.46
12,72,99,11688.46
12,72,100,11688.46
12,72,101,11688.46
12,72,102,11688.46
12,72,104,11688.46
12,72,105,11688.46
12,72,106,11688.46
12,72,107,11688.46
12,72,108,11688.46
12,72,110,11688.46
12,72,111,11688.46
12,72,112,11688.46
12,72,113,11688.46
12,72,115,11688.46
12,72,116,11688.46
12,72,117,11688.46
0,72,118,11688.46
0,72,119,11688.46
0,72,120,11688.46
0,72,121,11688.46
0,72,122,11688.46
0,72,123,11688.46
0,72,124,11688.46
0,72,125,11688.46
0,72,126,11688.46
0,72,127,11688.46
0,72,128,11688.46
0,72,129,11688.46
0,72,130,11688.46
0,72,131,11688.46
0,72,132,11688.46
0,72,133,11688.46
0,72,134,11688.46
0,72,135,11688.46
0,72,136,11688.46
0,72,137,11688.46
0,72,138,11688.46
0,72,139,11688.46
0,72,140,11688.46
0,72,141,11688.46
0,72,142,11688.46
0,72,143,11688.46
0,72,144,11688.46
0,72,145,11688.46
0,72,146,11688.46
0,72,147,11688.46
0,72,148,11688.46
0,72,149,11688.46
0,72,150,11688.46
0,72,151,11688.46
0,72,152,11688.46
0,72,153,11688.46
0,72,154,11688.46
0,72,155,11688.46
0,72,156,11688.46
0,72,157,11688.46
0,72,158,11688.46
0,72,159,11688.46
0,72,160,11688.46
27,72,161,11688.46
27,72,162,11688.46
27,72,163,11688.46
27,72,164,11688.46
33,72,219,11688.46
33,72,220,11688.46
33,72,221,11688.46
33,72,222,11688.46
32,72,237,11688.46
32,72,238,11688.46
32,72,239,11688.46
32,72,240,11688.46
32,72,241,11688.46
32,72,242,11688.46
32,72,243,11688.46
32,72,244,11688.46
32,72,245,11688.46
32,72,246,11688.46
32,72,247,11688.46
32,72,248,11688.46
32,72,249,11688.46
32,72,250,11688.46
32,72,251,11688.46
32,72,252,11688.46
32,72,253,11688.46
34,72,265,11688.46
34,72,266,11688.46
34,72,267,11688.46
34,72,268,11688.46
34,72,269,11688.46
34,72,270,11688.46
34,72,271,11688.46
34,72,272,11688.46
34,72,273,11688.46
34,72,274,11688.46
36,72,287,11688.46
36,72,288,11688.46
36,72,289,11688.46
36,72,290,11688.46
36,72,291,11688.46
36,72,292,11688.46
36,72,293,11688.46
36,72,294,11688.46
36,72,295,11688.46
36,72,296,11688.46
36,72,297,11688.46
36,72,298,11688.46
36,72,299,11688.46
36,72,300,11688.46
0,72,303,11688.46
0,72,304,11688.46
0,72,305,11688.46
0,72,306,11688.46
0,72,307,11688.46
0,72,308,11688.46
0,72,309,11688.46
0,72,310,11688.46
0,72,311,11688.46
0,72,312,11688.46
0,72,313,11688.46
0,72,314,11688.46
0,72,315,11688.46
0,72,316,11688.46
0,72,317,11688.46
0,72,318,11688.46
0,72,319,11688.46
0,72,320,11688.46
0,72,321,11688.46
0,72,322,11688.46
0,72,323,11688.46
0,72,324,11688.46
0,72,325,11688.46
0,72,326,11688.46
0,72,327,11688.46
0,72,328,11688.46
0,72,329,11688.46
0,72,330,11688.46
0,72,331,11688.46
0,72,332,11688.46
0,72,333,11688.46
0,72,334,11688.46
0,72,335,11688.46
0,72,336,11688.46
0,72,337,11688.46
0,72,338,11688.46
0,72,339,11688.46
0,72,340,11688.46
0,72,341,11688.46
0,72,342,11688.46
0,72,343,11688.46
0,72,344,11688.46
0,72,345,11688.46
0,72,346,11688.46
0,72,347,11688.46
0,72,348,11688.46
0,72,349,11688.46
0,72,350,11688.46
0,72,351,11688.46
0,72,352,11688.46
0,72,353,11688.46
0,72,354,11688.46
0,72,355,11688.46
0,72,356,11688.46
0,72,357,11688.46
0,72,358,11688.46
0,72,359,11688.46
0,72,360,11688.46
0,73,1,11753.31
0,73,2,11753.31
0,73,3,11753.31
0,73,4,11753.31
0,73,5,11753.31
0,73,6,11753.31
0,73,7,11753.31
0,73,8,11753.31
0,73,9,11753.31
0,73,10,11753.31
0,73,11,11753.31
0,73,12,11753.31
0,73,13,11753.31
0,73,14,11753.31
0,73,15,11753.31
0,73,16,11753.31
0,73,17,11753.31
0,73,18,11753.31
0,73,19,11753.31
0,73,20,11753.31
0,73,21,11753.31
0,73,22,11753.31
0,73,23,11753.31
0,73,24,11753.31
0,73,25,11753.31
0,73,26,11753.31
0,73,27,11753.31
0,73,28,11753.31
0,73,29,11753.31
0,73,30,11753.31
0,73,31,11753.31
0,73,32,11753.31
0,73,33,11753.31
0,73,34,11753.31
0,73,35,11753.31
0,73,36,11753.31
0,73,37,11753.31
0,73,38,11753.31
0,73,39,11753.31
0,73,40,11753.31
0,73,41,11753.31
0,73,42,11753.31
0,73,43,11753.31
0,73,44,11753.31
0,73,45,11753.31
0,73,46,11753.31
0,73,47,11753.31
0,73,48,11753.31
0,73,49,11753.31
0,73,50,11753.31
0,73,51,11753.31
0,73,52,11753.31
0,73,53,11753.31
0,73,54,11753.31
0,73,55,11753.31
0,73,56,11753.31
0,73,57,11753.31
0,73,58,11753.31
0,73,59,11753.31
0,73,60,11753.31
0,73,61,11753.31
0,73,62,11753.31
0,73,63,11753.31
0,73,64,11753.31
0,73,65,11753.31
0,73,66,11753.31
0,73,67,11753.31
0,73,68,11753.31
0,73,69,11753.31
0,73,70,11753.31
0,73,71,11753.31
0,73,72,11753.31
11,73,73,11753.31
11,73,74,11753.31
11,73,75,11753.31
11,73,76,11753.31
11,73,77,11753.31
11,73,78,11753.31
11,73,79,11753.31
11,73,80,11753.31
12,73,93,11753.31
12,73,94,11753.31
12,73,95,11753.31
12,73,96,11753.31
12,73,97,11753.31
12,73,98,11753.31
12,73,99,11753.31
12,73,100,11753.31
12,73,101,11753.31
12,73,102,11753.31
12,73,103,11753.31
12,73,104,11753.31
12,73,105,11753.31
12,73,106,11753.31
12,73,107,11753.31
12,73,108,11753.31
12,73,109,11753.31
12,73,110,11753.31
12,73,111,11753.31
12,73,112,11753.31
12,73,113,11753.31
12,73,114,11753.31
12,73,115,11753.31
12,73,116,11753.31
12,73,117,11753.31
12,73,118,11753.31
0,73,119,11753.31
0,73,120,11753.31
0,73,121,11753.31
0,73,122,11753.31
0,73,123,11753.31
0,73,124,11753.31
0,73,125,11753.31
0,73,126,11753.31
0,73,127,11753.31
0,73,128,11753.31
0,73,129,11753.31
0,73,130,11753.31
0,73,131,11753.31
0,73,132,11753.31
0,73,133,11753.31
0,73,134,11753.31
0,73,135,11753.31
0,73,136,11753.31
0,73,137,11753.31
0,73,138,11753.31
0,73,139,11753.31
0,73,140,11753.31
0,73,141,11753.31
0,73,142,11753.31
0,73,143,11753.31
0,73,144,11753.31
0,73,145,11753.31
0,73,146,11753.31
0,73,147,11753.31
0,73,148,11753.31
0,73,149,11753.31
0,73,150,11753.31
0,73,151,11753.31
0,73,152,11753.31
0,73,153,11753.31
0,73,154,11753.31
0,73,155,11753.31
0,73,156,11753.31
0,73,157,11753.31
0,73,158,11753.31
0,73,159,11753.31
0,73,160,11753.31
27,73,161,11753.31
27,73,162,11753.31
27,73,163,11753.31
27,73,164,11753.31
33,73,220,11753.31
33,73,221,11753.31
33,73,222,11753.31
32,73,236,11753.31
32,73,237,11753.31
32,73,238,11753.31
32,73,239,11753.31
32,73,240,11753.31
32,73,241,11753.31
32,73,242,11753.31
32,73,243,11753.31
32,73,244,11753.31
32,73,245,11753.31
32,73,246,11753.31
32,73,247,11753.31
32,73,248,11753.31
32,73,249,11753.31
32,73,250,11753.31
32,73,251,11753.31
32,73,252,11753.31
32,73,253,11753.31
34,73,263,11753.31
34,73,264,11753.31
34,73,265,11753.31
34,73,266,11753.31
34,73,267,11753.31
34,73,268,11753.31
34,73,269,11753.31
34,73,270,11753.31
34,73,271,11753.31
34,73,272,11753.31
34,73,273,11753.31
34,73,274,11753.31
36,73,288,11753.31
36,73,289,11753.31
36,73,290,11753.31
36,73,291,11753.31
36,73,292,11753.31
36,73,293,11753.31
36,73,294,11753.31
36,73,295,11753.31
36,73,296,11753.31
36,73,297,11753.31
36,73,298,11753.31
36,73,299,11753.31
36,73,300,11753.31
0,73,303,11753.31
0,73,304,11753.31
0,73,305,11753.31
0,73,306,11753.31
0,73,307,11753.31
0,73,308,11753.31
0,73,309,11753.31
0,73,310,11753.31
0,73,311,11753.31
0,73,312,11753.31
0,73,313,11753.31
0,73,314,11753.31
0,73,315,11753.31
0,73,316,11753.31
0,73,317,11753.31
0,73,318,11753.31
0,73,319,11753.31
0,73,320,11753.31
0,73,321,11753.31
0,73,322,11753.31
0,73,323,11753.31
0,73,324,11753.31
0,73,325,11753.31
0,73,326,11753.31
0,73,327,11753.31
0,73,328,11753.31
0,73,329,11753.31
0,73,330,11753.31
0,73,331,11753.31
0,73,332,11753.31
0,73,333,11753.31
0,73,334,11753.31
0,73,335,11753.31
0,73,336,11753.31
0,73,337,11753.31
0,73,338,11753.31
0,73,339,11753.31
0,73,340,11753.31
0,73,341,11753.31
0,73,342,11753.31
0,73,343,11753.31
0,73,344,11753.31
0,73,345,11753.31
0,73,346,11753.31
0,73,347,11753.31
0,73,348,11753.31
0,73,349,11753.31
0,73,350,11753.31
0,73,351,11753.31
0,73,352,11753.31
0,73,353,11753.31
0,73,354,11753.31
0,73,355,11753.31
0,73,356,11753.31
0,73,357,11753.31
0,73,358,11753.31
0,73,359,11753.31
0,73,360,11753.31
0,74,1,11814.66
0,74,2,11814.66
0,74,3,11814.66
0,74,4,11814.66
0,74,5,11814.66
0,74,6,11814.66
0,74,7,11814.66
0,74,8,11814.66
0,74,9,11814.66
0,74,10,11814.66
0,74,11,11814.66
0,74,12,11814.66
0,74,13,11814.66
0,74,14,11814.66
0,74,15,11814.66
0,74,16,11814.66
0,74,17,11814.66
0,74,18,11814.66
0,74,19,11814.66
0,74,20,11814.66
0,74,21,11814.66
0,74,22,11814.66
0,74,23,11814.66
0,74,24,11814.66
0,74,25,11814.66
0,74,26,11814.66
0,74,27,11814.66
0,74,28,11814.66
0,74,29,11814.66
0,74,30,11814.66
0,74,31,11814.66
0,74,32,11814.66
0,74,33,11814.66
0,74,34,11814.66
0,74,35,11814.66
0,74,36,11814.66
0,74,37,11814.66
0,74,38,11814.66
0,74,39,11814.66
0,74,40,11814.66
0,74,41,11814.66
0,74,42,11814.66
0,74,43,11814.66
0,74,44,11814.66
0,74,45,11814.66
0,74,46,11814.66
0,74,47,11814.66
0,74,48,11814.66
0,74,49,11814.66
0,74,50,11814.66
0,74,51,11814.66
0,74,52,11814.66
0,74,53,11814.66
0,74,54,11814.66
0,74,55,11814.66
0,74,56,11814.66
0,74,57,11814.66
0,74,58,11814.66
0,74,59,11814.66
0,74,60,11814.66
0,74,61,11814.66
0,74,62,11814.66
0,74,63,11814.66
0,74,64,11814.66
0,74,65,11814.66
0,74,66,11814.66
0,74,67,11814.66
0,74,68,11814.66
0,74,69,11814.66
0,74,70,11814.66
0,74,71,11814.66
0,74,72,11814.66
0,74,73,11814.66
0,74,74,11814.66
11,74,75,11814.66
11,74,76,11814.66
11,74,77,11814.66
11,74,78,11814.66
11,74,79,11814.66
11,74,80,11814.66
11,74,81,11814.66
11,74,82,11814.66
11,74,86,11814.66
12,74,92,11814.66
12,74,93,11814.66
12,74,94,11814.66
12,74,95,11814.66
12,74,96,11814.66
12,74,97,11814.66
12,74,98,11814.66
12,74,99,11814.66
12,74,100,11814.66
12,74,101,11814.66
12,74,102,11814.66
12,74,103,11814.66
12,74,104,11814.66
12,74,105,11814.66
12,74,106,11814.66
12,74,107,11814.66
12,74,108,11814.66
12,74,109,11814.66
12,74,110,11814.66
12,74,111,11814.66
12,74,112,11814.66
12,74,113,11814.66
12,74,114,11814.66
12,74,115,11814.66
12,74,116,11814.66
12,74,117,11814.66
12,74,118,11814.66
12,74,119,11814.66
0,74,120,11814.66
0,74,121,11814.66
0,74,122,11814.66
0,74,123,11814.66
0,74,124,11814.66
0,74,125,11814.66
0,74,126,11814.66
0,74,127,11814.66
0,74,128,11814.66
0,74,129,11814.66
0,74,130,11814.66
0,74,131,11814.66
0,74,132,11814.66
0,74,133,11814.66
0,74,134,11814.66
0,74,135,11814.66
0,74,136,11814.66
0,74,137,11814.66
0,74,138,11814.66
0,74,139,11814.66
0,74,140,11814.66
0,74,141,11814.66
0,74,142,11814.66
0,74,143,11814.66
0,74,144,11814.66
0,74,145,11814.66
0,74,146,11814.66
0,74,147,11814.66
0,74,148,11814.66
0,74,149,11814.66
0,74,150,11814.66
0,74,151,11814.66
0,74,152,11814.66
0,74,153,11814.66
0,74,154,11814.66
0,74,155,11814.66
0,74,156,11814.66
0,74,157,11814.66
0,74,158,11814.66
0,74,159,11814.66
0,74,160,11814.66
27,74,161,11814.66
27,74,162,11814.66
27,74,163,11814.66
33,74,220,11814.66
33,74,221,11814.66
33,74,222,11814.66
33,74,223,11814.66
32,74,233,11814.66
32,74,234,11814.66
32,74,235,11814.66
32,74,236,11814.66
32,74,237,11814.66
32,74,238,11814.66
32,74,239,11814.66
32,74,240,11814.66
32,74,241,11814.66
32,74,242,11814.66
32,74,243,11814.66
32,74,244,11814.66
32,74,245,11814.66
32,74,246,11814.66
32,74,247,11814.66
32,74,248,11814.66
32,74,249,11814.66
32,74,250,11814.66
32,74,251,11814.66
32,74,252,11814.66
32,74,253,11814.66
32,74,254,11814.66
34,74,262,11814.66
34,74,263,11814.66
34,74,264,11814.66
34,74,265,11814.66
34,74,266,11814.66
34,74,267,11814.66
34,74,268,11814.66
34,74,269,11814.66
34,74,270,11814.66
34,74,271,11814.66
34,74,272,11814.66
34,74,273,11814.66
34,74,274,11814.66
34,74,275,11814.66
34,74,277,11814.66
34,74,278,11814.66
36,74,289,11814.66
36,74,290,11814.66
36,74,291,11814.66
36,74,292,11814.66
36,74,293,11814.66
36,74,294,11814.66
36,74,295,11814.66
36,74,296,11814.66
36,74,297,11814.66
36,74,298,11814.66
36,74,299,11814.66
36,74,300,11814.66
0,74,303,11814.66
0,74,304,11814.66
0,74,305,11814.66
0,74,306,11814.66
0,74,307,11814.66
0,74,308,11814.66
0,74,309,11814.66
0,74,310,11814.66
0,74,311,11814.66
0,74,312,11814.66
0,74,313,11814.66
0,74,314,11814.66
0,74,315,11814.66
0,74,316,11814.66
0,74,317,11814.66
0,74,318,11814.66
0,74,319,11814.66
0,74,320,11814.66
0,74,321,11814.66
0,74,322,11814.66
0,74,323,11814.66
0,74,324,11814.66
0,74,325,11814.66
0,74,326,11814.66
0,74,327,11814.66
0,74,328,11814.66
0,74,329,11814.66
0,74,330,11814.66
0,74,331,11814.66
0,74,332,11814.66
0,74,333,11814.66
0,74,334,11814.66
0,74,335,11814.66
0,74,336,11814.66
0,74,337,11814.66
0,74,338,11814.66
0,74,339,11814.66
0,74,340,11814.66
0,74,341,11814.66
0,74,342,11814.66
0,74,343,11814.66
0,74,344,11814.66
0,74,345,11814.66
0,74,346,11814.66
0,74,347,11814.66
0,74,348,11814.66
0,74,349,11814.66
0,74,350,11814.66
0,74,351,11814.66
0,74,352,11814.66
0,74,353,11814.66
0,74,354,11814.66
0,74,355,11814.66
0,74,356,11814.66
0,74,357,11814.66
0,74,358,11814.66
0,74,359,11814.66
0,74,360,11814.66
0,75,1,11872.46
0,75,2,11872.46
0,75,3,11872.46
0,75,4,11872.46
0,75,5,11872.46
0,75,6,11872.46
0,75,7,11872.46
0,75,8,11872.46
0,75,9,11872.46
0,75,10,11872.46
0,75,11,11872.46
0,75,12,11872.46
0,75,13,11872.46
0,75,14,11872.46
0,75,15,11872.46
0,75,16,11872.46
0,75,17,11872.46
0,75,18,11872.46
0,75,19,11872.46
0,75,20,11872.46
0,75,21,11872.46
0,75,22,11872.46
0,75,23,11872.46
0,75,24,11872.46
0,75,25,11872.46
0,75,26,11872.46
0,75,27,11872.46
0,75,28,11872.46
0,75,29,11872.46
0,75,30,11872.46
0,75,31,11872.46
0,75,32,11872.46
0,75,33,11872.46
0,75,34,11872.46
0,75,35,11872.46
0,75,36,11872.46
0,75,37,11872.46
0,75,38,11872.46
0,75,39,11872.46
0,75,40,11872.46
0,75,41,11872.46
0,75,42,11872.46
0,75,43,11872.46
0,75,44,11872.46
0,75,45,11872.46
0,75,46,11872.46
0,75,47,11872.46
0,75,48,11872.46
0,75,49,11872.46
0,75,50,11872.46
0,75,51,11872.46
0,75,52,11872.46
0,75,53,11872.46
0,75,54,11872.46
0,75,55,11872.46
0,75,56,11872.46
0,75,57,11872.46
0,75,58,11872.46
0,75,59,11872.46
0,75,60,11872.46
0,75,61,11872.46
0,75,62,11872.46
0,75,63,11872.46
0,75,64,11872.46
0,75,65,11872.46
0,75,66,11872.46
0,75,67,11872.46
0,75,68,11872.46
0,75,69,11872.46
0,75,70,11872.46
0,75,71,11872.46
0,75,72,11872.46
0,75,73,11872.46
0,75,74,11872.46
0,75,75,11872.46
0,75,76,11872.46
11,75,77,11872.46
11,75,78,11872.46
11,75,79,11872.46
11,75,80,11872.46
11,75,81,11872.46
11,75,82,11872.46
11,75,83,11872.46
11,75,84,11872.46
11,75,85,11872.46
11,75,86,11872.46
11,75,87,11872.46
12,75,98,11872.46
12,75,99,11872.46
12,75,100,11872.46
12,75,101,11872.46
12,75,102,11872.46
12,75,103,11872.46
12,75,104,11872.46
12,75,105,11872.46
12,75,106,11872.46
12,75,107,11872.46
12,75,108,11872.46
12,75,109,11872.46
12,75,110,11872.46
12,75,111,11872.46
12,75,112,11872.46
12,75,113,11872.46
12,75,114,11872.46
12,75,115,11872.46
12,75,116,11872.46
12,75,117,11872.46
12,75,118,11872.46
12,75,119,11872.46
0,75,120,11872.46
0,75,121,11872.46
0,75,122,11872.46
0,75,123,11872.46
0,75,124,11872.46
0,75,125,11872.46
0,75,126,11872.46
0,75,127,11872.46
0,75,128,11872.46
0,75,129,11872.46
0,75,130,11872.46
0,75,131,11872.46
0,75,132,11872.46
0,75,133,11872.46
0,75,134,11872.46
0,75,135,11872.46
0,75,136,11872.46
0,75,137,11872.46
0,75,138,11872.46
0,75,139,11872.46
0,75,140,11872.46
0,75,141,11872.46
0,75,142,11872.46
0,75,143,11872.46
0,75,144,11872.46
0,75,145,11872.46
0,75,146,11872.46
0,75,147,11872.46
0,75,148,11872.46
0,75,149,11872.46
0,75,150,11872.46
0,75,151,11872.46
0,75,152,11872.46
0,75,153,11872.46
0,75,154,11872.46
0,75,155,11872.46
0,75,156,11872.46
0,75,157,11872.46
0,75,158,11872.46
0,75,159,11872.46
0,75,160,11872.46
27,75,161,11872.46
27,75,162,11872.46
27,75,163,11872.46
33,75,221,11872.46
33,75,222,11872.46
33,75,223,11872.46
32,75,232,11872.46
32,75,233,11872.46
32,75,234,11872.46
32,75,235,11872.46
32,75,236,11872.46
32,75,237,11872.46
32,75,238,11872.46
32,75,239,11872.46
32,75,240,11872.46
32,75,241,11872.46
32,75,242,11872.46
32,75,243,11872.46
32,75,244,11872.46
32,75,245,11872.46
32,75,246,11872.46
32,75,247,11872.46
32,75,248,11872.46
32,75,249,11872.46
32,75,250,11872.46
32,75,251,11872.46
32,75,252,11872.46
32,75,253,11872.46
32,75,254,11872.46
34,75,261,11872.46
34,75,262,11872.46
34,75,263,11872.46
34,75,264,11872.46
34,75,265,11872.46
34,75,266,11872.46
34,75,267,11872.46
34,75,268,11872.46
34,75,269,11872.46
34,75,270,11872.46
34,75,271,11872.46
34,75,272,11872.46
34,75,273,11872.46
34,75,274,11872.46
34,75,275,11872.46
34,75,276,11872.46
34,75,277,11872.46
34,75,278,11872.46
36,75,290,11872.46
36,75,291,11872.46
36,75,292,11872.46
36,75,293,11872.46
36,75,294,11872.46
36,75,295,11872.46
36,75,296,11872.46
36,75,297,11872.46
36,75,298,11872.46
36,75,299,11872.46
36,75,300,11872.46
0,75,303,11872.46
0,75,304,11872.46
0,75,305,11872.46
0,75,306,11872.46
0,75,307,11872.46
0,75,308,11872.46
0,75,309,11872.46
0,75,310,11872.46
0,75,311,11872.46
0,75,312,11872.46
0,75,313,11872.46
0,75,314,11872.46
0,75,315,11872.46
0,75,316,11872.46
0,75,317,11872.46
0,75,318,11872.46
0,75,319,11872.46
0,75,320,11872.46
0,75,321,11872.46
0,75,322,11872.46
0,75,323,11872.46
0,75,324,11872.46
0,75,325,11872.46
0,75,326,11872.46
0,75,327,11872.46
0,75,328,11872.46
0,75,329,11872.46
0,75,330,11872.46
0,75,331,11872.46
0,75,332,11872.46
0,75,333,11872.46
0,75,334,11872.46
0,75,335,11872.46
0,75,336,11872.46
0,75,337,11872.46
0,75,338,11872.46
0,75,339,11872.46
0,75,340,11872.46
0,75,341,11872.46
0,75,342,11872.46
0,75,343,11872.46
0,75,344,11872.46
0,75,345,11872.46
0,75,346,11872.46
0,75,347,11872.46
0,75,348,11872.46
0,75,349,11872.46
0,75,350,11872.46
0,75,351,11872.46
0,75,352,11872.46
0,75,353,11872.46
0,75,354,11872.46
0,75,355,11872.46
0,75,356,11872.46
0,75,357,11872.46
0,75,358,11872.46
0,75,359,11872.46
0,75,360,11872.46
0,76,1,11926.72
0,76,2,11926.72
0,76,3,11926.72
0,76,4,11926.72
0,76,5,11926.72
0,76,6,11926.72
0,76,7,11926.72
0,76,8,11926.72
0,76,9,11926.72
0,76,10,11926.72
0,76,11,11926.72
0,76,12,11926.72
0,76,13,11926.72
0,76,14,11926.72
0,76,15,11926.72
0,76,16,11926.72
0,76,17,11926.72
0,76,18,11926.72
0,76,19,11926.72
0,76,20,11926.72
0,76,21,11926.72
0,76,22,11926.72
0,76,23,11926.72
0,76,24,11926.72
0,76,25,11926.72
0,76,26,11926.72
0,76,27,11926.72
0,76,28,11926.72
0,76,29,11926.72
0,76,30,11926.72
0,76,31,11926.72
0,76,32,11926.72
0,76,33,11926.72
0,76,34,11926.72
0,76,35,11926.72
0,76,36,11926.72
0,76,37,11926.72
0,76,38,11926.72
0,76,39,11926.72
0,76,40,11926.72
0,76,41,11926.72
0,76,42,11926.72
0,76,43,11926.72
0,76,44,11926.72
0,76,45,11926.72
0,76,46,11926.72
0,76,47,11926.72
0,76,48,11926.72
0,76,49,11926.72
0,76,50,11926.72
0,76,51,11926.72
0,76,52,11926.72
0,76,53,11926.72
0,76,54,11926.72
0,76,55,11926.72
0,76,56,11926.72
0,76,57,11926.72
0,76,58,11926.72
0,76,59,11926.72
0,76,60,11926.72
0,76,61,11926.72
0,76,62,11926.72
0,76,63,11926.72
0,76,64,11926.72
0,76,65,11926.72
0,76,66,11926.72
0,76,67,11926.72
0,76,68,11926.72
0,76,69,11926.72
0,76,70,11926.72
0,76,71,11926.72
0,76,72,11926.72
0,76,73,11926.72
0,76,74,11926.72
0,76,75,11926.72
0,76,76,11926.72
0,76,77,11926.72
0,76,78,11926.72
0,76,79,11926.72
11,76,80,11926.72
11,76,81,11926.72
11,76,82,11926.72
11,76,83,11926.72
11,76,84,11926.72
11,76,85,11926.72
11,76,86,11926.72
11,76,87,11926.72
11,76,88,11926.72
11,76,89,11926.72
12,76,98,11926.72
12,76,99,11926.72
12,76,100,11926.72
12,76,101,11926.72
12,76,102,11926.72
12,76,103,11926.72
12,76,104,11926.72
12,76,105,11926.72
12,76,106,11926.72
12,76,107,11926.72
12,76,108,11926.72
12,76,109,11926.72
12,76,110,11926.72
12,76,111,11926.72
12,76,112,11926.72
12,76,113,11926.72
12,76,114,11926.72
12,76,115,11926.72
12,76,116,11926.72
12,76,117,11926.72
12,76,118,11926.72
12,76,119,11926.72
12,76,120,11926.72
0,76,121,11926.72
0,76,122,11926.72
0,76,123,11926.72
0,76,124,11926.72
0,76,125,11926.72
0,76,126,11926.72
0,76,127,11926.72
0,76,128,11926.72
0,76,129,11926.72
0,76,130,11926.72
0,76,131,11926.72
0,76,132,11926.72
0,76,133,11926.72
0,76,134,11926.72
0,76,135,11926.72
0,76,136,11926.72
0,76,137,11926.72
0,76,138,11926.72
0,76,139,11926.72
0,76,140,11926.72
0,76,141,11926.72
0,76,142,11926.72
0,76,143,11926.72
0,76,144,11926.72
0,76,145,11926.72
0,76,146,11926.72
0,76,147,11926.72
0,76,148,11926.72
0,76,149,11926.72
0,76,150,11926.72
0,76,151,11926.72
0,76,152,11926.72
0,76,153,11926.72
0,76,154,11926.72
0,76,155,11926.72
0,76,156,11926.72
0,76,157,11926.72
0,76,158,11926.72
0,76,159,11926.72
0,76,160,11926.72
27,76,161,11926.72
27,76,162,11926.72
27,76,163,11926.72
33,76,223,11926.72
32,76,229,11926.72
32,76,230,11926.72
32,76,231,11926.72
32,76,232,11926.72
32,76,233,11926.72
32,76,234,11926.72
32,76,235,11926.72
32,76,236,11926.72
32,76,237,11926.72
32,76,238,11926.72
32,76,239,11926.72
32,76,240,11926.72
32,76,241,11926.72
32,76,242,11926.72
32,76,243,11926.72
32,76,244,11926.72
32,76,245,11926.72
32,76,246,11926.72
32,76,247,11926.72
32,76,248,11926.72
32,76,249,11926.72
32,76,250,11926.72
32,76,251,11926.72
32,76,252,11926.72
32,76,253,11926.72
32,76,254,11926.72
32,76,255,11926.72
34,76,261,11926.72
34,76,262,11926.72
34,76,263,11926.72
34,76,264,11926.72
34,76,265,11926.72
34,76,266,11926.72
34,76,267,11926.72
34,76,268,11926.72
34,76,269,11926.72
34,76,270,11926.72
34,76,271,11926.72
34,76,272,11926.72
34,76,273,11926.72
34,76,274,11926.72
34,76,275,11926.72
34,76,276,11926.72
34,76,277,11926.72
34,76,278,11926.72
36,76,290,11926.72
36,76,291,11926.72
36,76,292,11926.72
36,76,293,11926.72
36,76,294,11926.72
36,76,295,11926.72
36,76,296,11926.72
36,76,297,11926.72
36,76,298,11926.72
36,76,299,11926.72
36,76,300,11926.72
37,76,301,11926.72
0,76,304,11926.72
0,76,305,11926.72
0,76,306,11926.72
0,76,307,11926.72
0,76,308,11926.72
0,76,309,11926.72
0,76,310,11926.72
0,76,311,11926.72
0,76,312,11926.72
0,76,313,11926.72
0,76,314,11926.72
0,76,315,11926.72
0,76,316,11926.72
0,76,317,11926.72
0,76,318,11926.72
0,76,319,11926.72
0,76,320,11926.72
0,76,321,11926.72
0,76,322,11926.72
0,76,323,11926.72
0,76,324,11926.72
0,76,325,11926.72
0,76,326,11926.72
0,76,327,11926.72
0,76,328,11926.72
0,76,329,11926.72
0,76,330,11926.72
0,76,331,11926.72
0,76,332,11926.72
0,76,333,11926.72
0,76,334,11926.72
0,76,335,11926.72
0,76,336,11926.72
0,76,337,11926.72
0,76,338,11926.72
0,76,339,11926.72
0,76,340,11926.72
0,76,341,11926.72
0,76,342,11926.72
0,76,343,11926.72
0,76,344,11926.72
0,76,345,11926.72
0,76,346,11926.72
0,76,347,11926.72
0,76,348,11926.72
0,76,349,11926.72
0,76,350,11926.72
0,76,351,11926.72
0,76,352,11926.72
0,76,353,11926.72
0,76,354,11926.72
0,76,355,11926.72
0,76,356,11926.72
0,76,357,11926.72
0,76,358,11926.72
0,76,359,11926.72
0,76,360,11926.72
0,77,1,11977.42
0,77,2,11977.42
0,77,3,11977.42
0,77,4,11977.42
0,77,5,11977.42
0,77,6,11977.42
0,77,7,11977.42
0,77,8,11977.42
0,77,9,11977.42
0,77,10,11977.42
0,77,11,11977.42
0,77,12,11977.42
0,77,13,11977.42
0,77,14,11977.42
0,77,15,11977.42
0,77,16,11977.42
0,77,17,11977.42
0,77,18,11977.42
0,77,19,11977.42
0,77,20,11977.42
0,77,21,11977.42
0,77,22,11977.42
0,77,23,11977.42
0,77,24,11977.42
0,77,25,11977.42
0,77,26,11977.42
0,77,27,11977.42
0,77,28,11977.42
0,77,29,11977.42
0,77,30,11977.42
0,77,31,11977.42
0,77,32,11977.42
0,77,33,11977.42
0,77,34,11977.42
0,77,35,11977.42
0,77,36,11977.42
0,77,37,11977.42
0,77,38,11977.42
0,77,39,11977.42
0,77,40,11977.42
0,77,41,11977.42
0,77,42,11977.42
0,77,43,11977.42
0,77,44,11977.42
0,77,45,11977.42
0,77,46,11977.42
0,77,47,11977.42
0,77,48,11977.42
0,77,49,11977.42
0,77,50,11977.42
0,77,51,11977.42
0,77,52,11977.42
0,77,53,11977.42
0,77,54,11977.42
0,77,55,11977.42
0,77,56,11977.42
0,77,57,11977.42
0,77,58,11977.42
0,77,59,11977.42
0,77,60,11977.42
0,77,61,11977.42
0,77,62,11977.42
0,77,63,11977.42
0,77,64,11977.42
0,77,65,11977.42
0,77,66,11977.42
0,77,67,11977.42
0,77,68,11977.42
0,77,69,11977.42
0,77,70,11977.42
0,77,71,11977.42
0,77,72,11977.42
0,77,73,11977.42
0,77,74,11977.42
0,77,75,11977.42
0,77,76,11977.42
0,77,77,11977.42
0,77,78,11977.42
0,77,79,11977.42
0,77,80,11977.42
0,77,81,11977.42
11,77,82,11977.42
11,77,83,11977.42
11,77,84,11977.42
11,77,85,11977.42
11,77,86,11977.42
11,77,87,11977.42
11,77,88,11977.42
11,77,89,11977.42
11,77,90,11977.42
11,77,91,11977.42
11,77,92,11977.42
12,77,97,11977.42
12,77,98,11977.42
12,77,99,11977.42
12,77,100,11977.42
12,77,101,11977.42
12,77,102,11977.42
12,77,103,11977.42
12,77,104,11977.42
12,77,105,11977.42
12,77,106,11977.42
12,77,107,11977.42
12,77,108,11977.42
12,77,109,11977.42
12,77,110,11977.42
12,77,111,11977.42
12,77,112,11977.42
12,77,113,11977.42
12,77,114,11977.42
12,77,115,11977.42
12,77,116,11977.42
12,77,117,11977.42
12,77,118,11977.42
12,77,119,11977.42
12,77,120,11977.42
0,77,121,11977.42
0,77,122,11977.42
0,77,123,11977.42
0,77,124,11977.42
0,77,125,11977.42
0,77,126,11977.42
0,77,127,11977.42
0,77,128,11977.42
0,77,129,11977.42
0,77,130,11977.42
0,77,131,11977.42
0,77,132,11977.42
0,77,133,11977.42
0,77,134,11977.42
0,77,135,11977.42
0,77,136,11977.42
0,77,137,11977.42
0,77,138,11977.42
0,77,139,11977.42
0,77,140,11977.42
0,77,141,11977.42
0,77,142,11977.42
0,77,143,11977.42
0,77,144,11977.42
0,77,145,11977.42
0,77,146,11977.42
0,77,147,11977.42
0,77,148,11977.42
0,77,149,11977.42
0,77,150,11977.42
0,77,151,11977.42
0,77,152,11977.42
0,77,153,11977.42
0,77,154,11977.42
0,77,155,11977.42
0,77,156,11977.42
0,77,157,11977.42
0,77,158,11977.42
0,77,159,11977.42
0,77,160,11977.42
27,77,161,11977.42
27,77,162,11977.42
27,77,163,11977.42
32,77,226,11977.42
32,77,227,11977.42
32,77,228,11977.42
32,77,229,11977.42
32,77,230,11977.42
32,77,231,11977.42
32,77,232,11977.42
32,77,233,11977.42
32,77,234,11977.42
32,77,235,11977.42
32,77,236,11977.42
32,77,237,11977.42
32,77,238,11977.42
32,77,239,11977.42
32,77,240,11977.42
32,77,241,11977.42
32,77,242,11977.42
32,77,243,11977.42
32,77,244,11977.42
32,77,245,11977.42
32,77,246,11977.42
32,77,247,11977.42
32,77,248,11977.42
32,77,249,11977.42
32,77,250,11977.42
32,77,251,11977.42
32,77,252,11977.42
32,77,253,11977.42
32,77,254,11977.42
32,77,255,11977.42
34,77,261,11977.42
34,77,262,11977.42
34,77,263,11977.42
34,77,264,11977.42
34,77,265,11977.42
34,77,266,11977.42
34,77,267,11977.42
34,77,268,11977.42
34,77,269,11977.42
34,77,270,11977.42
34,77,271,11977.42
34,77,272,11977.42
34,77,273,11977.42
34,77,274,11977.42
34,77,275,11977.42
34,77,276,11977.42
34,77,277,11977.42
34,77,278,11977.42
34,77,279,11977.42
35,77,281,11977.42
36,77,290,11977.42
36,77,291,11977.42
36,77,292,11977.42
36,77,293,11977.42
36,77,294,11977.42
36,77,295,11977.42
36,77,296,11977.42
36,77,297,11977.42
36,77,298,11977.42
36,77,299,11977.42
36,77,300,11977.42
37,77,301,11977.42
37,77,302,11977.42
37,77,303,11977.42
37,77,304,11977.42
0,77,305,11977.42
0,77,306,11977.42
0,77,307,11977.42
0,77,308,11977.42
0,77,309,11977.42
0,77,310,11977.42
0,77,311,11977.42
0,77,312,11977.42
0,77,313,11977.42
0,77,314,11977.42
0,77,315,11977.42
0,77,316,11977.42
0,77,317,11977.42
0,77,318,11977.42
0,77,319,11977.42
0,77,320,11977.42
0,77,321,11977.42
0,77,322,11977.42
0,77,323,11977.42
0,77,324,11977.42
0,77,325,11977.42
0,77,326,11977.42
0,77,327,11977.42
0,77,328,11977.42
0,77,329,11977.42
0,77,330,11977.42
0,77,331,11977.42
0,77,332,11977.42
0,77,333,11977.42
0,77,334,11977.42
0,77,335,11977.42
0,77,336,11977.42
0,77,337,11977.42
0,77,338,11977.42
0,77,339,11977.42
0,77,340,11977.42
0,77,341,11977.42
0,77,342,11977.42
0,77,343,11977.42
0,77,344,11977.42
0,77,345,11977.42
0,77,346,11977.42
0,77,347,11977.42
0,77,348,11977.42
0,77,349,11977.42
0,77,350,11977.42
0,77,351,11977.42
0,77,352,11977.42
0,77,353,11977.42
0,77,354,11977.42
0,77,355,11977.42
0,77,356,11977.42
0,77,357,11977.42
0,77,358,11977.42
0,77,359,11977.42
0,77,360,11977.42
0,78,1,12024.55
0,78,2,12024.55
0,78,3,12024.55
0,78,4,12024.55
0,78,5,12024.55
0,78,6,12024.55
0,78,7,12024.55
0,78,8,12024.55
0,78,9,12024.55
0,78,10,12024.55
0,78,11,12024.55
0,78,12,12024.55
0,78,13,12024.55
0,78,14,12024.55
0,78,15,12024.55
0,78,16,12024.55
0,78,17,12024.55
0,78,18,12024.55
0,78,19,12024.55
0,78,20,12024.55
0,78,21,12024.55
0,78,22,12024.55
0,78,23,12024.55
0,78,24,12024.55
0,78,25,12024.55
0,78,26,12024.55
0,78,27,12024.55
0,78,28,12024.55
0,78,29,12024.55
0,78,30,12024.55
0,78,31,12024.55
0,78,32,12024.55
0,78,33,12024.55
0,78,34,12024.55
0,78,35,12024.55
0,78,36,12024.55
0,78,37,12024.55
0,78,38,12024.55
0,78,39,12024.55
0,78,40,12024.55
0,78,41,12024.55
0,78,42,12024.55
0,78,43,12024.55
0,78,44,12024.55
0,78,45,12024.55
0,78,46,12024.55
0,78,47,12024.55
0,78,48,12024.55
0,78,49,12024.55
0,78,50,12024.55
0,78,51,12024.55
0,78,52,12024.55
0,78,53,12024.55
0,78,54,12024.55
0,78,55,12024.55
0,78,56,12024.55
0,78,57,12024.55
0,78,58,12024.55
0,78,59,12024.55
0,78,60,12024.55
0,78,61,12024.55
0,78,62,12024.55
0,78,63,12024.55
0,78,64,12024.55
0,78,65,12024.55
0,78,66,12024.55
0,78,67,12024.55
0,78,68,12024.55
0,78,69,12024.55
0,78,70,12024.55
0,78,71,12024.55
0,78,72,12024.55
0,78,73,12024.55
0,78,74,12024.55
0,78,75,12024.55
0,78,76,12024.55
0,78,77,12024.55
0,78,78,12024.55
0,78,79,12024.55
0,78,80,12024.55
0,78,81,12024.55
0,78,82,12024.55
0,78,83,12024.55
0,78,84,12024.55
11,78,85,12024.55
11,78,86,12024.55
11,78,87,12024.55
11,78,88,12024.55
11,78,89,12024.55
11,78,90,12024.55
11,78,91,12024.55
11,78,92,12024.55
11,78,93,12024.55
12,78,97,12024.55
12,78,98,12024.55
12,78,99,12024.55
12,78,100,12024.55
12,78,101,12024.55
12,78,102,12024.55
12,78,103,12024.55
12,78,104,12024.55
12,78,105,12024.55
12,78,106,12024.55
12,78,107,12024.55
12,78,108,12024.55
12,78,110,12024.55
12,78,111,12024.55
12,78,112,12024.55
12,78,113,12024.55
12,78,114,12024.55
12,78,115,12024.55
12,78,116,12024.55
12,78,117,12024.55
12,78,118,12024.55
12,78,119,12024.55
12,78,120,12024.55
17,78,121,12024.55
17,78,122,12024.55
0,78,123,12024.55
0,78,124,12024.55
0,78,125,12024.55
0,78,126,12024.55
0,78,127,12024.55
0,78,128,12024.55
0,78,129,12024.55
0,78,130,12024.55
0,78,131,12024.55
0,78,132,12024.55
0,78,133,12024.55
0,78,134,12024.55
0,78,135,12024.55
0,78,136,12024.55
0,78,137,12024.55
0,78,138,12024.55
0,78,139,12024.55
0,78,140,12024.55
0,78,141,12024.55
0,78,142,12024.55
0,78,143,12024.55
0,78,144,12024.55
0,78,145,12024.55
0,78,146,12024.55
0,78,147,12024.55
0,78,148,12024.55
0,78,149,12024.55
0,78,150,12024.55
0,78,151,12024.55
0,78,152,12024.55
0,78,153,12024.55
0,78,154,12024.55
0,78,155,12024.55
0,78,156,12024.55
0,78,157,12024.55
0,78,158,12024.55
0,78,159,12024.55
0,78,160,12024.55
27,78,161,12024.55
27,78,162,12024.55
27,78,163,12024.55
27,78,164,12024.55
32,78,224,12024.55
32,78,225,12024.55
32,78,226,12024.55
32,78,227,12024.55
32,78,228,12024.55
32,78,229,12024.55
32,78,230,12024.55
32,78,231,12024.55
32,78,232,12024.55
32,78,233,12024.55
32,78,234,12024.55
32,78,235,12024.55
32,78,236,12024.55
32,78,237,12024.55
32,78,238,12024.55
32,78,239,12024.55
32,78,240,12024.55
32,78,241,12024.55
32,78,242,12024.55
32,78,243,12024.55
32,78,244,12024.55
32,78,245,12024.55
32,78,246,12024.55
32,78,247,12024.55
32,78,248,12024.55
32,78,249,12024.55
32,78,250,12024.55
32,78,251,12024.55
32,78,252,12024.55
32,78,253,12024.55
32,78,254,12024.55
32,78,255,12024.55
34,78,261,12024.55
34,78,262,12024.55
34,78,263,12024.55
34,78,264,12024.55
34,78,265,12024.55
34,78,266,12024.55
34,78,267,12024.55
34,78,268,12024.55
34,78,269,12024.55
34,78,270,12024.55
34,78,271,12024.55
34,78,272,12024.55
34,78,273,12024.55
34,78,274,12024.55
34,78,275,12024.55
34,78,276,12024.55
34,78,277,12024.55
34,78,278,12024.55
34,78,279,12024.55
35,78,281,12024.55
35,78,282,12024.55
35,78,283,12024.55
36,78,290,12024.55
36,78,291,12024.55
36,78,292,12024.55
36,78,293,12024.55
36,78,294,12024.55
36,78,295,12024.55
36,78,296,12024.55
36,78,297,12024.55
36,78,298,12024.55
36,78,299,12024.55
36,78,300,12024.55
37,78,301,12024.55
37,78,302,12024.55
37,78,303,12024.55
37,78,304,12024.55
37,78,305,12024.55
0,78,306,12024.55
0,78,307,12024.55
0,78,308,12024.55
0,78,309,12024.55
0,78,310,12024.55
0,78,311,12024.55
0,78,312,12024.55
0,78,313,12024.55
0,78,314,12024.55
0,78,315,12024.55
0,78,316,12024.55
0,78,317,12024.55
0,78,318,12024.55
0,78,319,12024.55
0,78,320,12024.55
0,78,321,12024.55
0,78,322,12024.55
0,78,323,12024.55
0,78,324,12024.55
0,78,325,12024.55
0,78,326,12024.55
0,78,327,12024.55
0,78,328,12024.55
0,78,329,12024.55
0,78,330,12024.55
0,78,331,12024.55
0,78,332,12024.55
0,78,333,12024.55
0,78,334,12024.55
0,78,335,12024.55
0,78,336,12024.55
0,78,337,12024.55
0,78,338,12024.55
0,78,339,12024.55
0,78,340,12024.55
0,78,341,12024.55
0,78,342,12024.55
0,78,343,12024.55
0,78,344,12024.55
0,78,345,12024.55
0,78,346,12024.55
0,78,347,12024.55
0,78,348,12024.55
0,78,349,12024.55
0,78,350,12024.55
0,78,351,12024.55
0,78,352,12024.55
0,78,353,12024.55
0,78,354,12024.55
0,78,355,12024.55
0,78,356,12024.55
0,78,357,12024.55
0,78,358,12024.55
0,78,359,12024.55
0,78,360,12024.55
0,79,1,12068.1
0,79,2,12068.1
0,79,3,12068.1
0,79,4,12068.1
0,79,5,12068.1
0,79,6,12068.1
0,79,7,12068.1
0,79,8,12068.1
0,79,9,12068.1
0,79,10,12068.1
0,79,11,12068.1
0,79,12,12068.1
0,79,13,12068.1
0,79,14,12068.1
0,79,15,12068.1
0,79,16,12068.1
0,79,17,12068.1
0,79,18,12068.1
0,79,19,12068.1
0,79,20,12068.1
0,79,21,12068.1
0,79,22,12068.1
0,79,23,12068.1
0,79,24,12068.1
0,79,25,12068.1
0,79,26,12068.1
0,79,27,12068.1
0,79,28,12068.1
0,79,29,12068.1
0,79,30,12068.1
0,79,31,12068.1
0,79,32,12068.1
0,79,33,12068.1
0,79,34,12068.1
0,79,35,12068.1
0,79,36,12068.1
0,79,37,12068.1
0,79,38,12068.1
0,79,39,12068.1
0,79,40,12068.1
0,79,41,12068.1
0,79,42,12068.1
0,79,43,12068.1
0,79,44,12068.1
0,79,45,12068.1
0,79,46,12068.1
0,79,47,12068.1
0,79,48,12068.1
0,79,49,12068.1
0,79,50,12068.1
0,79,51,12068.1
0,79,52,12068.1
0,79,53,12068.1
0,79,54,12068.1
0,79,55,12068.1
0,79,56,12068.1
0,79,57,12068.1
0,79,58,12068.1
0,79,59,12068.1
0,79,60,12068.1
0,79,61,12068.1
0,79,62,12068.1
0,79,63,12068.1
0,79,64,12068.1
0,79,65,12068.1
0,79,66,12068.1
0,79,67,12068.1
0,79,68,12068.1
0,79,69,12068.1
0,79,70,12068.1
0,79,71,12068.1
0,79,72,12068.1
0,79,73,12068.1
0,79,74,12068.1
0,79,75,12068.1
0,79,76,12068.1
0,79,77,12068.1
0,79,78,12068.1
0,79,79,12068.1
0,79,80,12068.1
0,79,81,12068.1
0,79,82,12068.1
0,79,83,12068.1
0,79,84,12068.1
0,79,85,12068.1
0,79,86,12068.1
0,79,87,12068.1
0,79,88,12068.1
11,79,89,12068.1
11,79,90,12068.1
11,79,91,12068.1
11,79,92,12068.1
11,79,93,12068.1
11,79,94,12068.1
12,79,97,12068.1
12,79,98,12068.1
12,79,99,12068.1
12,79,100,12068.1
12,79,101,12068.1
12,79,102,12068.1
12,79,103,12068.1
12,79,104,12068.1
12,79,105,12068.1
12,79,109,12068.1
12,79,113,12068.1
12,79,114,12068.1
12,79,115,12068.1
12,79,116,12068.1
12,79,117,12068.1
12,79,118,12068.1
12,79,119,12068.1
12,79,120,12068.1
17,79,121,12068.1
17,79,122,12068.1
17,79,123,12068.1
17,79,124,12068.1
0,79,125,12068.1
0,79,126,12068.1
0,79,127,12068.1
0,79,128,12068.1
0,79,129,12068.1
0,79,130,12068.1
0,79,131,12068.1
0,79,132,12068.1
0,79,133,12068.1
0,79,134,12068.1
0,79,135,12068.1
0,79,136,12068.1
0,79,137,12068.1
0,79,138,12068.1
0,79,139,12068.1
0,79,140,12068.1
0,79,141,12068.1
0,79,142,12068.1
0,79,143,12068.1
0,79,144,12068.1
0,79,145,12068.1
0,79,146,12068.1
0,79,147,12068.1
0,79,148,12068.1
0,79,149,12068.1
0,79,150,12068.1
0,79,151,12068.1
0,79,152,12068.1
0,79,153,12068.1
0,79,154,12068.1
0,79,155,12068.1
0,79,156,12068.1
0,79,157,12068.1
0,79,158,12068.1
0,79,159,12068.1
0,79,160,12068.1
28,79,161,12068.1
28,79,162,12068.1
28,79,163,12068.1
28,79,164,12068.1
28,79,165,12068.1
32,79,225,12068.1
32,79,226,12068.1
32,79,227,12068.1
32,79,232,12068.1
0,79,233,12068.1
0,79,234,12068.1
0,79,235,12068.1
0,79,236,12068.1
0,79,237,12068.1
32,79,238,12068.1
32,79,239,12068.1
32,79,240,12068.1
32,79,241,12068.1
32,79,242,12068.1
32,79,243,12068.1
32,79,244,12068.1
32,79,245,12068.1
32,79,246,12068.1
32,79,247,12068.1
32,79,248,12068.1
32,79,249,12068.1
32,79,250,12068.1
32,79,251,12068.1
32,79,252,12068.1
32,79,253,12068.1
32,79,254,12068.1
32,79,255,12068.1
32,79,256,12068.1
34,79,261,12068.1
34,79,262,12068.1
34,79,263,12068.1
34,79,264,12068.1
34,79,265,12068.1
34,79,266,12068.1
34,79,267,12068.1
34,79,268,12068.1
34,79,269,12068.1
34,79,270,12068.1
34,79,271,12068.1
34,79,272,12068.1
34,79,273,12068.1
34,79,274,12068.1
34,79,275,12068.1
34,79,276,12068.1
34,79,277,12068.1
34,79,278,12068.1
34,79,279,12068.1
35,79,280,12068.1
35,79,281,12068.1
35,79,282,12068.1
35,79,283,12068.1
36,79,289,12068.1
36,79,290,12068.1
36,79,291,12068.1
36,79,292,12068.1
36,79,293,12068.1
36,79,294,12068.1
36,79,295,12068.1
36,79,296,12068.1
36,79,297,12068.1
36,79,298,12068.1
36,79,299,12068.1
37,79,300,12068.1
37,79,301,12068.1
37,79,302,12068.1
37,79,304,12068.1
37,79,305,12068.1
37,79,306,12068.1
0,79,307,12068.1
0,79,308,12068.1
0,79,309,12068.1
0,79,310,12068.1
0,79,311,12068.1
0,79,312,12068.1
0,79,313,12068.1
0,79,314,12068.1
0,79,315,12068.1
0,79,316,12068.1
0,79,317,12068.1
0,79,318,12068.1
0,79,319,12068.1
0,79,320,12068.1
0,79,321,12068.1
0,79,322,12068.1
0,79,323,12068.1
0,79,324,12068.1
0,79,325,12068.1
0,79,326,12068.1
0,79,327,12068.1
0,79,328,12068.1
0,79,329,12068.1
0,79,330,12068.1
0,79,331,12068.1
0,79,332,12068.1
0,79,333,12068.1
0,79,334,12068.1
0,79,335,12068.1
0,79,336,12068.1
0,79,337,12068.1
0,79,338,12068.1
0,79,339,12068.1
0,79,340,12068.1
0,79,341,12068.1
0,79,342,12068.1
0,79,343,12068.1
0,79,344,12068.1
0,79,345,12068.1
0,79,346,12068.1
0,79,347,12068.1
0,79,348,12068.1
0,79,349,12068.1
0,79,350,12068.1
0,79,351,12068.1
0,79,352,12068.1
0,79,353,12068.1
0,79,354,12068.1
0,79,355,12068.1
0,79,356,12068.1
0,79,357,12068.1
0,79,358,12068.1
0,79,359,12068.1
0,79,360,12068.1
0,80,1,12108.05
0,80,2,12108.05
0,80,3,12108.05
0,80,4,12108.05
0,80,5,12108.05
0,80,6,12108.05
0,80,7,12108.05
0,80,8,12108.05
0,80,9,12108.05
0,80,10,12108.05
0,80,11,12108.05
0,80,12,12108.05
0,80,13,12108.05
0,80,14,12108.05
0,80,15,12108.05
0,80,16,12108.05
0,80,17,12108.05
0,80,18,12108.05
0,80,19,12108.05
0,80,20,12108.05
0,80,21,12108.05
0,80,22,12108.05
0,80,23,12108.05
0,80,24,12108.05
0,80,25,12108.05
0,80,26,12108.05
0,80,27,12108.05
0,80,28,12108.05
0,80,29,12108.05
0,80,30,12108.05
0,80,31,12108.05
0,80,32,12108.05
0,80,33,12108.05
0,80,34,12108.05
0,80,35,12108.05
0,80,36,12108.05
0,80,37,12108.05
0,80,38,12108.05
0,80,39,12108.05
0,80,40,12108.05
0,80,41,12108.05
0,80,42,12108.05
0,80,43,12108.05
0,80,44,12108.05
0,80,45,12108.05
0,80,46,12108.05
0,80,47,12108.05
0,80,48,12108.05
0,80,49,12108.05
0,80,50,12108.05
0,80,51,12108.05
0,80,52,12108.05
0,80,53,12108.05
0,80,54,12108.05
0,80,55,12108.05
0,80,56,12108.05
0,80,57,12108.05
0,80,58,12108.05
0,80,59,12108.05
0,80,60,12108.05
0,80,61,12108.05
0,80,62,12108.05
0,80,63,12108.05
0,80,64,12108.05
0,80,65,12108.05
0,80,66,12108.05
0,80,67,12108.05
0,80,68,12108.05
0,80,69,12108.05
0,80,70,12108.05
0,80,71,12108.05
0,80,72,12108.05
0,80,73,12108.05
0,80,74,12108.05
0,80,75,12108.05
0,80,76,12108.05
0,80,77,12108.05
0,80,78,12108.05
0,80,79,12108.05
0,80,80,12108.05
0,80,81,12108.05
0,80,82,12108.05
0,80,83,12108.05
0,80,84,12108.05
0,80,85,12108.05
0,80,86,12108.05
0,80,87,12108.05
0,80,88,12108.05
0,80,89,12108.05
0,80,90,12108.05
11,80,91,12108.05
11,80,92,12108.05
11,80,93,12108.05
11,80,94,12108.05
12,80,98,12108.05
12,80,99,12108.05
12,80,100,12108.05
12,80,101,12108.05
12,80,102,12108.05
12,80,103,12108.05
12,80,104,12108.05
12,80,109,12108.05
12,80,119,12108.05
17,80,120,12108.05
17,80,121,12108.05
17,80,122,12108.05
17,80,123,12108.05
17,80,124,12108.05
17,80,125,12108.05
0,80,126,12108.05
0,80,127,12108.05
0,80,128,12108.05
0,80,129,12108.05
0,80,130,12108.05
0,80,131,12108.05
0,80,132,12108.05
0,80,133,12108.05
0,80,134,12108.05
0,80,135,12108.05
0,80,136,12108.05
0,80,137,12108.05
0,80,138,12108.05
0,80,139,12108.05
0,80,140,12108.05
0,80,141,12108.05
0,80,142,12108.05
0,80,143,12108.05
0,80,144,12108.05
0,80,145,12108.05
0,80,146,12108.05
0,80,147,12108.05
0,80,148,12108.05
0,80,149,12108.05
0,80,150,12108.05
0,80,151,12108.05
0,80,152,12108.05
0,80,153,12108.05
0,80,154,12108.05
0,80,155,12108.05
0,80,156,12108.05
0,80,157,12108.05
0,80,158,12108.05
0,80,159,12108.05
0,80,160,12108.05
0,80,161,12108.05
28,80,162,12108.05
28,80,163,12108.05
28,80,164,12108.05
28,80,165,12108.05
28,80,166,12108.05
31,80,232,12108.05
0,80,233,12108.05
0,80,234,12108.05
0,80,235,12108.05
0,80,236,12108.05
0,80,237,12108.05
0,80,238,12108.05
0,80,239,12108.05
0,80,240,12108.05
0,80,241,12108.05
0,80,242,12108.05
0,80,243,12108.05
32,80,244,12108.05
32,80,245,12108.05
32,80,246,12108.05
32,80,247,12108.05
32,80,248,12108.05
32,80,249,12108.05
32,80,250,12108.05
32,80,251,12108.05
32,80,252,12108.05
32,80,253,12108.05
32,80,254,12108.05
32,80,255,12108.05
32,80,256,12108.05
34,80,260,12108.05
34,80,261,12108.05
34,80,262,12108.05
34,80,263,12108.05
34,80,264,12108.05
34,80,265,12108.05
34,80,266,12108.05
34,80,267,12108.05
34,80,268,12108.05
34,80,269,12108.05
34,80,270,12108.05
34,80,271,12108.05
34,80,272,12108.05
34,80,273,12108.05
34,80,274,12108.05
34,80,275,12108.05
34,80,276,12108.05
34,80,277,12108.05
34,80,278,12108.05
34,80,279,12108.05
35,80,280,12108.05
35,80,281,12108.05
35,80,282,12108.05
35,80,283,12108.05
35,80,284,12108.05
35,80,285,12108.05
36,80,288,12108.05
36,80,289,12108.05
36,80,290,12108.05
36,80,291,12108.05
36,80,292,12108.05
36,80,293,12108.05
36,80,294,12108.05
36,80,295,12108.05
36,80,296,12108.05
36,80,297,12108.05
36,80,298,12108.05
36,80,299,12108.05
37,80,300,12108.05
37,80,301,12108.05
37,80,302,12108.05
37,80,303,12108.05
37,80,305,12108.05
37,80,306,12108.05
0,80,307,12108.05
0,80,308,12108.05
0,80,309,12108.05
0,80,310,12108.05
0,80,311,12108.05
0,80,312,12108.05
0,80,313,12108.05
0,80,314,12108.05
0,80,315,12108.05
0,80,316,12108.05
0,80,317,12108.05
0,80,318,12108.05
0,80,319,12108.05
0,80,320,12108.05
0,80,321,12108.05
0,80,322,12108.05
0,80,323,12108.05
0,80,324,12108.05
0,80,325,12108.05
0,80,326,12108.05
0,80,327,12108.05
0,80,328,12108.05
0,80,329,12108.05
0,80,330,12108.05
0,80,331,12108.05
0,80,332,12108.05
0,80,333,12108.05
0,80,334,12108.05
0,80,335,12108.05
0,80,336,12108.05
0,80,337,12108.05
0,80,338,12108.05
0,80,339,12108.05
0,80,340,12108.05
0,80,341,12108.05
0,80,342,12108.05
0,80,343,12108.05
0,80,344,12108.05
0,80,345,12108.05
0,80,346,12108.05
0,80,347,12108.05
0,80,348,12108.05
0,80,349,12108.05
0,80,350,12108.05
0,80,351,12108.05
0,80,352,12108.05
0,80,353,12108.05
0,80,354,12108.05
0,80,355,12108.05
0,80,356,12108.05
0,80,357,12108.05
0,80,358,12108.05
0,80,359,12108.05
0,80,360,12108.05
0,81,1,12144.4
0,81,2,12144.4
0,81,3,12144.4
0,81,4,12144.4
0,81,5,12144.4
0,81,6,12144.4
0,81,7,12144.4
0,81,8,12144.4
0,81,9,12144.4
0,81,10,12144.4
0,81,11,12144.4
0,81,12,12144.4
0,81,13,12144.4
0,81,14,12144.4
0,81,15,12144.4
0,81,16,12144.4
0,81,17,12144.4
0,81,18,12144.4
0,81,19,12144.4
0,81,20,12144.4
0,81,21,12144.4
0,81,22,12144.4
0,81,23,12144.4
0,81,24,12144.4
0,81,25,12144.4
0,81,26,12144.4
0,81,27,12144.4
0,81,28,12144.4
0,81,29,12144.4
0,81,30,12144.4
0,81,31,12144.4
0,81,32,12144.4
0,81,33,12144.4
0,81,34,12144.4
0,81,35,12144.4
0,81,36,12144.4
0,81,37,12144.4
0,81,38,12144.4
0,81,39,12144.4
0,81,40,12144.4
0,81,41,12144.4
0,81,42,12144.4
0,81,43,12144.4
0,81,44,12144.4
0,81,45,12144.4
0,81,46,12144.4
0,81,47,12144.4
0,81,48,12144.4
0,81,49,12144.4
0,81,50,12144.4
0,81,51,12144.4
0,81,52,12144.4
0,81,53,12144.4
0,81,54,12144.4
0,81,55,12144.4
0,81,56,12144.4
0,81,57,12144.4
0,81,58,12144.4
0,81,59,12144.4
0,81,60,12144.4
0,81,61,12144.4
0,81,62,12144.4
0,81,63,12144.4
0,81,64,12144.4
0,81,65,12144.4
0,81,66,12144.4
0,81,67,12144.4
0,81,68,12144.4
0,81,69,12144.4
0,81,70,12144.4
0,81,71,12144.4
0,81,72,12144.4
0,81,73,12144.4
0,81,74,12144.4
0,81,75,12144.4
0,81,76,12144.4
0,81,77,12144.4
0,81,78,12144.4
0,81,79,12144.4
0,81,80,12144.4
0,81,81,12144.4
0,81,82,12144.4
0,81,83,12144.4
0,81,84,12144.4
0,81,85,12144.4
0,81,86,12144.4
0,81,87,12144.4
0,81,88,12144.4
0,81,89,12144.4
0,81,90,12144.4
0,81,91,12144.4
0,81,92,12144.4
11,81,93,12144.4
11,81,94,12144.4
11,81,95,12144.4
11,81,96,12144.4
12,81,99,12144.4
12,81,103,12144.4
12,81,104,12144.4
17,81,120,12144.4
17,81,121,12144.4
17,81,122,12144.4
17,81,123,12144.4
17,81,124,12144.4
17,81,125,12144.4
17,81,126,12144.4
17,81,127,12144.4
0,81,128,12144.4
0,81,129,12144.4
0,81,130,12144.4
0,81,131,12144.4
0,81,132,12144.4
0,81,133,12144.4
0,81,134,12144.4
0,81,135,12144.4
0,81,136,12144.4
0,81,137,12144.4
0,81,138,12144.4
0,81,139,12144.4
0,81,140,12144.4
0,81,141,12144.4
0,81,142,12144.4
0,81,143,12144.4
0,81,144,12144.4
0,81,145,12144.4
0,81,146,12144.4
0,81,147,12144.4
0,81,148,12144.4
0,81,149,12144.4
0,81,150,12144.4
0,81,151,12144.4
0,81,152,12144.4
0,81,153,12144.4
0,81,154,12144.4
0,81,155,12144.4
0,81,156,12144.4
0,81,157,12144.4
0,81,158,12144.4
0,81,159,12144.4
0,81,160,12144.4
0,81,161,12144.4
28,81,162,12144.4
28,81,163,12144.4
28,81,164,12144.4
28,81,165,12144.4
28,81,166,12144.4
28,81,167,12144.4
31,81,232,12144.4
0,81,233,12144.4
0,81,234,12144.4
0,81,235,12144.4
0,81,236,12144.4
0,81,237,12144.4
0,81,238,12144.4
0,81,239,12144.4
0,81,240,12144.4
0,81,241,12144.4
0,81,242,12144.4
0,81,243,12144.4
0,81,244,12144.4
0,81,245,12144.4
0,81,246,12144.4
32,81,247,12144.4
32,81,248,12144.4
32,81,249,12144.4
32,81,250,12144.4
32,81,251,12144.4
32,81,252,12144.4
32,81,253,12144.4
32,81,254,12144.4
32,81,255,12144.4
32,81,256,12144.4
32,81,257,12144.4
34,81,259,12144.4
34,81,260,12144.4
34,81,262,12144.4
34,81,263,12144.4
34,81,264,12144.4
34,81,265,12144.4
34,81,266,12144.4
34,81,267,12144.4
34,81,268,12144.4
34,81,269,12144.4
34,81,270,12144.4
34,81,271,12144.4
34,81,272,12144.4
34,81,273,12144.4
34,81,274,12144.4
34,81,275,12144.4
34,81,276,12144.4
34,81,277,12144.4
34,81,278,12144.4
35,81,281,12144.4
35,81,282,12144.4
35,81,283,12144.4
35,81,284,12144.4
35,81,285,12144.4
36,81,287,12144.4
36,81,288,12144.4
36,81,289,12144.4
36,81,290,12144.4
36,81,291,12144.4
36,81,292,12144.4
36,81,293,12144.4
36,81,294,12144.4
36,81,295,12144.4
36,81,296,12144.4
36,81,297,12144.4
36,81,298,12144.4
37,81,299,12144.4
37,81,300,12144.4
37,81,301,12144.4
37,81,302,12144.4
37,81,303,12144.4
37,81,304,12144.4
37,81,305,12144.4
0,81,307,12144.4
0,81,308,12144.4
0,81,309,12144.4
0,81,310,12144.4
0,81,311,12144.4
0,81,312,12144.4
0,81,313,12144.4
0,81,314,12144.4
0,81,315,12144.4
0,81,316,12144.4
0,81,317,12144.4
0,81,318,12144.4
0,81,319,12144.4
0,81,320,12144.4
0,81,321,12144.4
0,81,322,12144.4
0,81,323,12144.4
0,81,324,12144.4
0,81,325,12144.4
0,81,326,12144.4
0,81,327,12144.4
0,81,328,12144.4
0,81,329,12144.4
0,81,330,12144.4
0,81,331,12144.4
0,81,332,12144.4
0,81,333,12144.4
0,81,334,12144.4
0,81,335,12144.4
0,81,336,12144.4
0,81,337,12144.4
0,81,338,12144.4
0,81,339,12144.4
0,81,340,12144.4
0,81,341,12144.4
0,81,342,12144.4
0,81,343,12144.4
0,81,344,12144.4
0,81,345,12144.4
0,81,346,12144.4
0,81,347,12144.4
0,81,348,12144.4
0,81,349,12144.4
0,81,350,12144.4
0,81,351,12144.4
0,81,352,12144.4
0,81,353,12144.4
0,81,354,12144.4
0,81,355,12144.4
0,81,356,12144.4
0,81,357,12144.4
0,81,358,12144.4
0,81,359,12144.4
0,81,360,12144.4
0,82,1,12177.14
0,82,2,12177.14
0,82,3,12177.14
0,82,4,12177.14
0,82,5,12177.14
0,82,6,12177.14
0,82,7,12177.14
0,82,8,12177.14
0,82,9,12177.14
0,82,10,12177.14
0,82,11,12177.14
0,82,12,12177.14
0,82,13,12177.14
0,82,14,12177.14
0,82,15,12177.14
0,82,16,12177.14
0,82,17,12177.14
0,82,18,12177.14
0,82,19,12177.14
0,82,20,12177.14
0,82,21,12177.14
0,82,22,12177.14
0,82,23,12177.14
0,82,24,12177.14
0,82,25,12177.14
0,82,26,12177.14
0,82,27,12177.14
0,82,28,12177.14
0,82,29,12177.14
0,82,30,12177.14
0,82,31,12177.14
0,82,32,12177.14
0,82,33,12177.14
0,82,34,12177.14
0,82,35,12177.14
0,82,36,12177.14
0,82,37,12177.14
0,82,38,12177.14
0,82,39,12177.14
0,82,40,12177.14
0,82,41,12177.14
0,82,42,12177.14
0,82,43,12177.14
0,82,44,12177.14
0,82,45,12177.14
0,82,46,12177.14
0,82,47,12177.14
0,82,48,12177.14
0,82,49,12177.14
0,82,50,12177.14
0,82,51,12177.14
0,82,52,12177.14
0,82,53,12177.14
0,82,54,12177.14
0,82,55,12177.14
0,82,56,12177.14
0,82,57,12177.14
0,82,58,12177.14
0,82,59,12177.14
0,82,60,12177.14
0,82,61,12177.14
0,82,62,12177.14
0,82,63,12177.14
0,82,64,12177.14
0,82,65,12177.14
0,82,66,12177.14
0,82,67,12177.14
0,82,68,12177.14
0,82,69,12177.14
0,82,70,12177.14
0,82,71,12177.14
0,82,72,12177.14
0,82,73,12177.14
0,82,74,12177.14
0,82,75,12177.14
0,82,76,12177.14
0,82,77,12177.14
0,82,78,12177.14
0,82,79,12177.14
0,82,80,12177.14
0,82,81,12177.14
0,82,82,12177.14
0,82,83,12177.14
0,82,84,12177.14
0,82,85,12177.14
0,82,86,12177.14
0,82,87,12177.14
0,82,88,12177.14
0,82,89,12177.14
0,82,90,12177.14
0,82,91,12177.14
0,82,92,12177.14
0,82,93,12177.14
11,82,94,12177.14
11,82,95,12177.14
11,82,96,12177.14
11,82,97,12177.14
11,82,98,12177.14
11,82,101,12177.14
11,82,102,12177.14
17,82,122,12177.14
17,82,123,12177.14
17,82,124,12177.14
17,82,125,12177.14
17,82,126,12177.14
17,82,127,12177.14
17,82,128,12177.14
0,82,129,12177.14
0,82,130,12177.14
0,82,131,12177.14
0,82,132,12177.14
0,82,133,12177.14
0,82,134,12177.14
0,82,135,12177.14
0,82,136,12177.14
0,82,137,12177.14
0,82,138,12177.14
0,82,139,12177.14
0,82,140,12177.14
0,82,141,12177.14
0,82,142,12177.14
0,82,143,12177.14
0,82,144,12177.14
0,82,145,12177.14
0,82,146,12177.14
0,82,147,12177.14
0,82,148,12177.14
0,82,149,12177.14
0,82,150,12177.14
0,82,151,12177.14
0,82,152,12177.14
0,82,153,12177.14
0,82,154,12177.14
0,82,155,12177.14
0,82,156,12177.14
0,82,157,12177.14
0,82,158,12177.14
0,82,159,12177.14
0,82,160,12177.14
0,82,161,12177.14
28,82,162,12177.14
28,82,163,12177.14
28,82,164,12177.14
28,82,165,12177.14
28,82,166,12177.14
28,82,167,12177.14
31,82,231,12177.14
31,82,232,12177.14
0,82,233,12177.14
0,82,234,12177.14
0,82,235,12177.14
0,82,236,12177.14
0,82,237,12177.14
0,82,238,12177.14
0,82,239,12177.14
0,82,240,12177.14
0,82,241,12177.14
0,82,242,12177.14
0,82,243,12177.14
0,82,244,12177.14
0,82,245,12177.14
0,82,246,12177.14
0,82,247,12177.14
0,82,248,12177.14
0,82,249,12177.14
0,82,250,12177.14
32,82,251,12177.14
32,82,252,12177.14
32,82,253,12177.14
32,82,254,12177.14
32,82,255,12177.14
32,82,256,12177.14
32,82,257,12177.14
32,82,258,12177.14
34,82,259,12177.14
34,82,260,12177.14
34,82,263,12177.14
34,82,264,12177.14
34,82,265,12177.14
34,82,266,12177.14
34,82,267,12177.14
34,82,268,12177.14
34,82,269,12177.14
34,82,270,12177.14
34,82,271,12177.14
34,82,272,12177.14
34,82,273,12177.14
34,82,274,12177.14
34,82,275,12177.14
34,82,276,12177.14
34,82,277,12177.14
34,82,278,12177.14
34,82,279,12177.14
35,82,281,12177.14
35,82,282,12177.14
35,82,283,12177.14
35,82,284,12177.14
35,82,285,12177.14
36,82,286,12177.14
36,82,287,12177.14
36,82,288,12177.14
36,82,289,12177.14
36,82,290,12177.14
36,82,291,12177.14
36,82,292,12177.14
36,82,293,12177.14
36,82,294,12177.14
36,82,295,12177.14
36,82,296,12177.14
36,82,297,12177.14
37,82,298,12177.14
37,82,299,12177.14
37,82,300,12177.14
37,82,301,12177.14
37,82,302,12177.14
37,82,303,12177.14
0,82,307,12177.14
0,82,308,12177.14
0,82,309,12177.14
0,82,310,12177.14
0,82,311,12177.14
0,82,312,12177.14
0,82,313,12177.14
0,82,314,12177.14
0,82,315,12177.14
0,82,316,12177.14
0,82,317,12177.14
0,82,318,12177.14
0,82,319,12177.14
0,82,320,12177.14
0,82,321,12177.14
0,82,322,12177.14
0,82,323,12177.14
0,82,324,12177.14
0,82,325,12177.14
0,82,326,12177.14
0,82,327,12177.14
0,82,328,12177.14
0,82,329,12177.14
0,82,330,12177.14
0,82,331,12177.14
0,82,332,12177.14
0,82,333,12177.14
0,82,334,12177.14
0,82,335,12177.14
0,82,336,12177.14
0,82,337,12177.14
0,82,338,12177.14
0,82,339,12177.14
0,82,340,12177.14
0,82,341,12177.14
0,82,342,12177.14
0,82,343,12177.14
0,82,344,12177.14
0,82,345,12177.14
0,82,346,12177.14
0,82,347,12177.14
0,82,348,12177.14
0,82,349,12177.14
0,82,350,12177.14
0,82,351,12177.14
0,82,352,12177.14
0,82,353,12177.14
0,82,354,12177.14
0,82,355,12177.14
0,82,356,12177.14
0,82,357,12177.14
0,82,358,12177.14
0,82,359,12177.14
0,82,360,12177.14
0,83,1,12206.26
0,83,2,12206.26
0,83,3,12206.26
0,83,4,12206.26
0,83,5,12206.26
0,83,6,12206.26
0,83,7,12206.26
0,83,8,12206.26
0,83,9,12206.26
0,83,10,12206.26
0,83,11,12206.26
0,83,12,12206.26
0,83,13,12206.26
0,83,14,12206.26
0,83,15,12206.26
0,83,16,12206.26
0,83,17,12206.26
0,83,18,12206.26
0,83,19,12206.26
0,83,20,12206.26
0,83,21,12206.26
0,83,22,12206.26
0,83,23,12206.26
0,83,24,12206.26
0,83,25,12206.26
0,83,26,12206.26
0,83,27,12206.26
0,83,28,12206.26
0,83,29,12206.26
0,83,30,12206.26
0,83,31,12206.26
0,83,32,12206.26
0,83,33,12206.26
0,83,34,12206.26
0,83,35,12206.26
0,83,36,12206.26
0,83,37,12206.26
0,83,38,12206.26
0,83,39,12206.26
0,83,40,12206.26
0,83,41,12206.26
0,83,42,12206.26
0,83,43,12206.26
0,83,44,12206.26
0,83,45,12206.26
0,83,46,12206.26
0,83,47,12206.26
0,83,48,12206.26
0,83,49,12206.26
0,83,50,12206.26
0,83,51,12206.26
0,83,52,12206.26
0,83,53,12206.26
0,83,54,12206.26
0,83,55,12206.26
0,83,56,12206.26
0,83,57,12206.26
0,83,58,12206.26
0,83,59,12206.26
0,83,60,12206.26
0,83,61,12206.26
0,83,62,12206.26
0,83,63,12206.26
0,83,64,12206.26
0,83,65,12206.26
0,83,66,12206.26
0,83,67,12206.26
0,83,68,12206.26
0,83,69,12206.26
0,83,70,12206.26
0,83,71,12206.26
0,83,72,12206.26
0,83,73,12206.26
0,83,74,12206.26
0,83,75,12206.26
0,83,76,12206.26
0,83,77,12206.26
0,83,78,12206.26
0,83,79,12206.26
0,83,80,12206.26
0,83,81,12206.26
0,83,82,12206.26
0,83,83,12206.26
0,83,84,12206.26
0,83,85,12206.26
0,83,86,12206.26
0,83,87,12206.26
0,83,88,12206.26
0,83,89,12206.26
0,83,90,12206.26
0,83,91,12206.26
0,83,92,12206.26
0,83,93,12206.26
0,83,94,12206.26
11,83,95,12206.26
11,83,96,12206.26
11,83,97,12206.26
11,83,98,12206.26
11,83,99,12206.26
11,83,100,12206.26
11,83,101,12206.26
11,83,102,12206.26
17,83,123,12206.26
17,83,124,12206.26
17,83,125,12206.26
17,83,126,12206.26
17,83,127,12206.26
17,83,128,12206.26
17,83,129,12206.26
17,83,130,12206.26
17,83,131,12206.26
0,83,132,12206.26
0,83,133,12206.26
0,83,134,12206.26
0,83,135,12206.26
0,83,136,12206.26
0,83,137,12206.26
0,83,138,12206.26
0,83,139,12206.26
0,83,140,12206.26
0,83,141,12206.26
0,83,142,12206.26
0,83,143,12206.26
0,83,144,12206.26
0,83,145,12206.26
0,83,146,12206.26
0,83,147,12206.26
0,83,148,12206.26
0,83,149,12206.26
0,83,150,12206.26
0,83,151,12206.26
0,83,152,12206.26
0,83,153,12206.26
0,83,154,12206.26
0,83,155,12206.26
0,83,156,12206.26
0,83,157,12206.26
0,83,158,12206.26
0,83,159,12206.26
0,83,160,12206.26
0,83,161,12206.26
0,83,162,12206.26
28,83,163,12206.26
28,83,164,12206.26
28,83,165,12206.26
28,83,166,12206.26
28,83,167,12206.26
28,83,168,12206.26
31,83,230,12206.26
31,83,231,12206.26
0,83,232,12206.26
0,83,233,12206.26
0,83,234,12206.26
0,83,235,12206.26
0,83,236,12206.26
0,83,237,12206.26
0,83,238,12206.26
0,83,239,12206.26
0,83,240,12206.26
0,83,241,12206.26
0,83,242,12206.26
0,83,243,12206.26
0,83,244,12206.26
0,83,245,12206.26
0,83,246,12206.26
0,83,247,12206.26
0,83,248,12206.26
0,83,249,12206.26
0,83,250,12206.26
0,83,251,12206.26
0,83,252,12206.26
0,83,253,12206.26
32,83,254,12206.26
32,83,255,12206.26
32,83,256,12206.26
32,83,257,12206.26
32,83,258,12206.26
34,83,259,12206.26
34,83,260,12206.26
34,83,263,12206.26
34,83,264,12206.26
34,83,265,12206.26
34,83,266,12206.26
34,83,267,12206.26
34,83,268,12206.26
34,83,269,12206.26
34,83,270,12206.26
34,83,271,12206.26
34,83,272,12206.26
34,83,273,12206.26
34,83,274,12206.26
34,83,275,12206.26
34,83,276,12206.26
34,83,277,12206.26
34,83,278,12206.26
34,83,279,12206.26
34,83,280,12206.26
35,83,282,12206.26
35,83,283,12206.26
35,83,284,12206.26
35,83,285,12206.26
36,83,286,12206.26
36,83,287,12206.26
36,83,288,12206.26
36,83,289,12206.26
36,83,290,12206.26
36,83,291,12206.26
36,83,292,12206.26
36,83,293,12206.26
36,83,294,12206.26
36,83,295,12206.26
36,83,296,12206.26
36,83,297,12206.26
37,83,298,12206.26
37,83,299,12206.26
37,83,300,12206.26
37,83,301,12206.26
37,83,302,12206.26
37,83,303,12206.26
37,83,304,12206.26
0,83,307,12206.26
0,83,308,12206.26
0,83,309,12206.26
0,83,310,12206.26
0,83,311,12206.26
0,83,312,12206.26
0,83,313,12206.26
0,83,314,12206.26
0,83,315,12206.26
0,83,316,12206.26
0,83,317,12206.26
0,83,318,12206.26
0,83,319,12206.26
0,83,320,12206.26
0,83,321,12206.26
0,83,322,12206.26
0,83,323,12206.26
0,83,324,12206.26
0,83,325,12206.26
0,83,326,12206.26
0,83,327,12206.26
0,83,328,12206.26
0,83,329,12206.26
0,83,330,12206.26
0,83,331,12206.26
0,83,332,12206.26
0,83,333,12206.26
0,83,334,12206.26
0,83,335,12206.26
0,83,336,12206.26
0,83,337,12206.26
0,83,338,12206.26
0,83,339,12206.26
0,83,340,12206.26
0,83,341,12206.26
0,83,342,12206.26
0,83,343,12206.26
0,83,344,12206.26
0,83,345,12206.26
0,83,346,12206.26
0,83,347,12206.26
0,83,348,12206.26
0,83,349,12206.26
0,83,350,12206.26
0,83,351,12206.26
0,83,352,12206.26
0,83,353,12206.26
0,83,354,12206.26
0,83,355,12206.26
0,83,356,12206.26
0,83,357,12206.26
0,83,358,12206.26
0,83,359,12206.26
0,83,360,12206.26
0,84,1,12231.75
0,84,2,12231.75
0,84,3,12231.75
0,84,4,12231.75
0,84,5,12231.75
0,84,6,12231.75
0,84,7,12231.75
0,84,8,12231.75
0,84,9,12231.75
0,84,10,12231.75
0,84,11,12231.75
0,84,12,12231.75
0,84,13,12231.75
0,84,14,12231.75
0,84,15,12231.75
0,84,16,12231.75
0,84,17,12231.75
0,84,18,12231.75
0,84,19,12231.75
0,84,20,12231.75
0,84,21,12231.75
0,84,22,12231.75
0,84,23,12231.75
0,84,24,12231.75
0,84,25,12231.75
0,84,26,12231.75
0,84,27,12231.75
0,84,28,12231.75
0,84,29,12231.75
0,84,30,12231.75
0,84,31,12231.75
0,84,32,12231.75
0,84,33,12231.75
0,84,34,12231.75
0,84,35,12231.75
0,84,36,12231.75
0,84,37,12231.75
0,84,38,12231.75
0,84,39,12231.75
0,84,40,12231.75
0,84,41,12231.75
0,84,42,12231.75
0,84,43,12231.75
0,84,44,12231.75
0,84,45,12231.75
0,84,46,12231.75
0,84,47,12231.75
0,84,48,12231.75
0,84,49,12231.75
0,84,50,12231.75
0,84,51,12231.75
0,84,52,12231.75
0,84,53,12231.75
0,84,54,12231.75
0,84,55,12231.75
0,84,56,12231.75
0,84,57,12231.75
0,84,58,12231.75
0,84,59,12231.75
0,84,60,12231.75
0,84,61,12231.75
0,84,62,12231.75
0,84,63,12231.75
0,84,64,12231.75
0,84,65,12231.75
0,84,66,12231.75
0,84,67,12231.75
0,84,68,12231.75
0,84,69,12231.75
0,84,70,12231.75
0,84,71,12231.75
0,84,72,12231.75
0,84,73,12231.75
0,84,74,12231.75
0,84,75,12231.75
0,84,76,12231.75
0,84,77,12231.75
0,84,78,12231.75
0,84,79,12231.75
0,84,80,12231.75
0,84,81,12231.75
0,84,82,12231.75
0,84,83,12231.75
0,84,84,12231.75
0,84,85,12231.75
0,84,86,12231.75
0,84,87,12231.75
0,84,88,12231.75
0,84,89,12231.75
0,84,90,12231.75
0,84,91,12231.75
0,84,92,12231.75
0,84,93,12231.75
0,84,94,12231.75
0,84,95,12231.75
11,84,96,12231.75
11,84,97,12231.75
11,84,98,12231.75
11,84,99,12231.75
11,84,100,12231.75
11,84,101,12231.75
11,84,102,12231.75
11,84,103,12231.75
17,84,124,12231.75
17,84,125,12231.75
17,84,126,12231.75
17,84,127,12231.75
17,84,128,12231.75
17,84,129,12231.75
17,84,130,12231.75
17,84,131,12231.75
17,84,132,12231.75
0,84,133,12231.75
0,84,134,12231.75
0,84,135,12231.75
0,84,136,12231.75
0,84,137,12231.75
0,84,138,12231.75
0,84,139,12231.75
0,84,140,12231.75
0,84,141,12231.75
0,84,142,12231.75
0,84,143,12231.75
0,84,144,12231.75
0,84,145,12231.75
0,84,146,12231.75
0,84,147,12231.75
0,84,148,12231.75
0,84,149,12231.75
0,84,150,12231.75
0,84,151,12231.75
0,84,152,12231.75
0,84,153,12231.75
0,84,154,12231.75
0,84,155,12231.75
0,84,156,12231.75
0,84,157,12231.75
0,84,158,12231.75
0,84,159,12231.75
0,84,160,12231.75
0,84,161,12231.75
0,84,162,12231.75
28,84,163,12231.75
28,84,164,12231.75
28,84,165,12231.75
28,84,166,12231.75
28,84,167,12231.75
28,84,168,12231.75
28,84,169,12231.75
28,84,170,12231.75
28,84,182,12231.75
28,84,183,12231.75
28,84,184,12231.75
28,84,185,12231.75
31,84,230,12231.75
31,84,231,12231.75
0,84,232,12231.75
0,84,233,12231.75
0,84,234,12231.75
0,84,235,12231.75
0,84,236,12231.75
0,84,237,12231.75
0,84,238,12231.75
0,84,239,12231.75
0,84,240,12231.75
0,84,241,12231.75
0,84,242,12231.75
0,84,243,12231.75
0,84,244,12231.75
0,84,245,12231.75
0,84,246,12231.75
0,84,247,12231.75
0,84,248,12231.75
0,84,249,12231.75
0,84,250,12231.75
0,84,251,12231.75
0,84,252,12231.75
0,84,253,12231.75
0,84,254,12231.75
0,84,255,12231.75
0,84,256,12231.75
32,84,257,12231.75
0,84,258,12231.75
34,84,259,12231.75
34,84,260,12231.75
34,84,262,12231.75
34,84,263,12231.75
34,84,264,12231.75
34,84,265,12231.75
34,84,266,12231.75
34,84,267,12231.75
34,84,268,12231.75
34,84,269,12231.75
34,84,270,12231.75
34,84,271,12231.75
34,84,272,12231.75
34,84,273,12231.75
34,84,274,12231.75
34,84,275,12231.75
34,84,276,12231.75
34,84,277,12231.75
34,84,278,12231.75
34,84,279,12231.75
34,84,280,12231.75
35,84,283,12231.75
35,84,284,12231.75
35,84,285,12231.75
36,84,286,12231.75
36,84,287,12231.75
36,84,288,12231.75
36,84,289,12231.75
36,84,290,12231.75
36,84,291,12231.75
36,84,292,12231.75
36,84,293,12231.75
36,84,294,12231.75
36,84,295,12231.75
36,84,296,12231.75
37,84,299,12231.75
37,84,300,12231.75
37,84,301,12231.75
37,84,302,12231.75
37,84,303,12231.75
37,84,304,12231.75
37,84,305,12231.75
37,84,306,12231.75
37,84,307,12231.75
0,84,308,12231.75
0,84,309,12231.75
0,84,310,12231.75
0,84,311,12231.75
0,84,312,12231.75
0,84,313,12231.75
0,84,314,12231.75
0,84,315,12231.75
0,84,316,12231.75
0,84,317,12231.75
0,84,318,12231.75
0,84,319,12231.75
0,84,320,12231.75
0,84,321,12231.75
0,84,322,12231.75
0,84,323,12231.75
0,84,324,12231.75
0,84,325,12231.75
0,84,326,12231.75
0,84,327,12231.75
0,84,328,12231.75
0,84,329,12231.75
0,84,330,12231.75
0,84,331,12231.75
0,84,332,12231.75
0,84,333,12231.75
0,84,334,12231.75
0,84,335,12231.75
0,84,336,12231.75
0,84,337,12231.75
0,84,338,12231.75
0,84,339,12231.75
0,84,340,12231.75
0,84,341,12231.75
0,84,342,12231.75
0,84,343,12231.75
0,84,344,12231.75
0,84,345,12231.75
0,84,346,12231.75
0,84,347,12231.75
0,84,348,12231.75
0,84,349,12231.75
0,84,350,12231.75
0,84,351,12231.75
0,84,352,12231.75
0,84,353,12231.75
0,84,354,12231.75
0,84,355,12231.75
0,84,356,12231.75
0,84,357,12231.75
0,84,358,12231.75
0,84,359,12231.75
0,84,360,12231.75
0,85,1,12253.62
0,85,2,12253.62
0,85,3,12253.62
0,85,4,12253.62
0,85,5,12253.62
0,85,6,12253.62
0,85,7,12253.62
0,85,8,12253.62
0,85,9,12253.62
0,85,10,12253.62
0,85,11,12253.62
0,85,12,12253.62
0,85,13,12253.62
0,85,14,12253.62
0,85,15,12253.62
0,85,16,12253.62
0,85,17,12253.62
0,85,18,12253.62
0,85,19,12253.62
0,85,20,12253.62
0,85,21,12253.62
0,85,22,12253.62
0,85,23,12253.62
0,85,24,12253.62
0,85,25,12253.62
0,85,26,12253.62
0,85,27,12253.62
0,85,28,12253.62
0,85,29,12253.62
0,85,30,12253.62
0,85,31,12253.62
0,85,32,12253.62
0,85,33,12253.62
0,85,34,12253.62
0,85,35,12253.62
0,85,36,12253.62
0,85,37,12253.62
0,85,38,12253.62
0,85,39,12253.62
0,85,40,12253.62
0,85,41,12253.62
0,85,42,12253.62
0,85,43,12253.62
0,85,44,12253.62
0,85,45,12253.62
0,85,46,12253.62
0,85,47,12253.62
0,85,48,12253.62
0,85,49,12253.62
0,85,50,12253.62
0,85,51,12253.62
0,85,52,12253.62
0,85,53,12253.62
0,85,54,12253.62
0,85,55,12253.62
0,85,56,12253.62
0,85,57,12253.62
0,85,58,12253.62
0,85,59,12253.62
0,85,60,12253.62
0,85,61,12253.62
0,85,62,12253.62
0,85,63,12253.62
0,85,64,12253.62
0,85,65,12253.62
0,85,66,12253.62
0,85,67,12253.62
0,85,68,12253.62
0,85,69,12253.62
0,85,70,12253.62
0,85,71,12253.62
0,85,72,12253.62
0,85,73,12253.62
0,85,74,12253.62
0,85,75,12253.62
0,85,76,12253.62
0,85,77,12253.62
0,85,78,12253.62
0,85,79,12253.62
0,85,80,12253.62
0,85,81,12253.62
0,85,82,12253.62
0,85,83,12253.62
0,85,84,12253.62
0,85,85,12253.62
0,85,86,12253.62
0,85,87,12253.62
0,85,88,12253.62
0,85,89,12253.62
0,85,90,12253.62
0,85,91,12253.62
0,85,92,12253.62
0,85,93,12253.62
0,85,94,12253.62
0,85,95,12253.62
0,85,96,12253.62
11,85,97,12253.62
11,85,98,12253.62
11,85,99,12253.62
11,85,100,12253.62
11,85,101,12253.62
11,85,102,12253.62
11,85,103,12253.62
17,85,129,12253.62
17,85,130,12253.62
17,85,131,12253.62
17,85,132,12253.62
0,85,133,12253.62
0,85,134,12253.62
0,85,135,12253.62
0,85,136,12253.62
0,85,137,12253.62
0,85,138,12253.62
0,85,139,12253.62
0,85,140,12253.62
0,85,141,12253.62
0,85,142,12253.62
0,85,143,12253.62
0,85,144,12253.62
0,85,145,12253.62
0,85,146,12253.62
0,85,147,12253.62
0,85,148,12253.62
0,85,149,12253.62
0,85,150,12253.62
0,85,151,12253.62
0,85,152,12253.62
0,85,153,12253.62
0,85,154,12253.62
0,85,155,12253.62
0,85,156,12253.62
0,85,157,12253.62
0,85,158,12253.62
0,85,159,12253.62
0,85,160,12253.62
0,85,161,12253.62
0,85,162,12253.62
0,85,163,12253.62
28,85,164,12253.62
28,85,165,12253.62
28,85,166,12253.62
28,85,167,12253.62
28,85,168,12253.62
28,85,169,12253.62
28,85,170,12253.62
28,85,171,12253.62
28,85,175,12253.62
28,85,176,12253.62
28,85,177,12253.62
28,85,180,12253.62
28,85,181,12253.62
28,85,182,12253.62
28,85,183,12253.62
28,85,184,12253.62
28,85,185,12253.62
31,85,229,12253.62
31,85,230,12253.62
31,85,231,12253.62
0,85,232,12253.62
0,85,233,12253.62
0,85,234,12253.62
0,85,235,12253.62
0,85,236,12253.62
0,85,237,12253.62
0,85,238,12253.62
0,85,239,12253.62
0,85,240,12253.62
0,85,241,12253.62
0,85,242,12253.62
0,85,243,12253.62
0,85,244,12253.62
0,85,245,12253.62
0,85,246,12253.62
0,85,247,12253.62
0,85,248,12253.62
0,85,249,12253.62
0,85,250,12253.62
0,85,251,12253.62
0,85,252,12253.62
0,85,253,12253.62
0,85,254,12253.62
0,85,255,12253.62
0,85,256,12253.62
0,85,257,12253.62
0,85,258,12253.62
0,85,259,12253.62
34,85,260,12253.62
34,85,261,12253.62
34,85,262,12253.62
34,85,263,12253.62
34,85,264,12253.62
34,85,265,12253.62
34,85,266,12253.62
34,85,267,12253.62
34,85,268,12253.62
34,85,269,12253.62
34,85,270,12253.62
34,85,271,12253.62
34,85,272,12253.62
34,85,273,12253.62
34,85,274,12253.62
34,85,275,12253.62
34,85,279,12253.62
34,85,280,12253.62
35,85,284,12253.62
35,85,285,12253.62
36,85,286,12253.62
36,85,287,12253.62
36,85,288,12253.62
36,85,289,12253.62
36,85,290,12253.62
36,85,291,12253.62
36,85,292,12253.62
36,85,293,12253.62
36,85,294,12253.62
36,85,295,12253.62
37,85,300,12253.62
37,85,301,12253.62
37,85,302,12253.62
37,85,303,12253.62
37,85,304,12253.62
37,85,305,12253.62
37,85,306,12253.62
37,85,307,12253.62
0,85,308,12253.62
0,85,309,12253.62
0,85,310,12253.62
0,85,311,12253.62
0,85,312,12253.62
0,85,313,12253.62
0,85,314,12253.62
0,85,315,12253.62
0,85,316,12253.62
0,85,317,12253.62
0,85,318,12253.62
0,85,319,12253.62
0,85,320,12253.62
0,85,321,12253.62
0,85,322,12253.62
0,85,323,12253.62
0,85,324,12253.62
0,85,325,12253.62
0,85,326,12253.62
0,85,327,12253.62
0,85,328,12253.62
0,85,329,12253.62
0,85,330,12253.62
0,85,331,12253.62
0,85,332,12253.62
0,85,333,12253.62
0,85,334,12253.62
0,85,335,12253.62
0,85,336,12253.62
0,85,337,12253.62
0,85,338,12253.62
0,85,339,12253.62
0,85,340,12253.62
0,85,341,12253.62
0,85,342,12253.62
0,85,343,12253.62
0,85,344,12253.62
0,85,345,12253.62
0,85,346,12253.62
0,85,347,12253.62
0,85,348,12253.62
0,85,349,12253.62
0,85,350,12253.62
0,85,351,12253.62
0,85,352,12253.62
0,85,353,12253.62
0,85,354,12253.62
0,85,355,12253.62
0,85,356,12253.62
0,85,357,12253.62
0,85,358,12253.62
0,85,359,12253.62
0,85,360,12253.62
0,86,1,12271.85
0,86,2,12271.85
0,86,3,12271.85
0,86,4,12271.85
0,86,5,12271.85
0,86,6,12271.85
0,86,7,12271.85
0,86,8,12271.85
0,86,9,12271.85
0,86,10,12271.85
0,86,11,12271.85
0,86,12,12271.85
0,86,13,12271.85
0,86,14,12271.85
0,86,15,12271.85
0,86,16,12271.85
0,86,17,12271.85
0,86,18,12271.85
0,86,19,12271.85
0,86,20,12271.85
0,86,21,12271.85
0,86,22,12271.85
0,86,23,12271.85
0,86,24,12271.85
0,86,25,12271.85
0,86,26,12271.85
0,86,27,12271.85
0,86,28,12271.85
0,86,29,12271.85
0,86,30,12271.85
0,86,31,12271.85
0,86,32,12271.85
0,86,33,12271.85
0,86,34,12271.85
0,86,35,12271.85
0,86,36,12271.85
0,86,37,12271.85
0,86,38,12271.85
0,86,39,12271.85
0,86,40,12271.85
0,86,41,12271.85
0,86,42,12271.85
0,86,43,12271.85
0,86,44,12271.85
0,86,45,12271.85
0,86,46,12271.85
0,86,47,12271.85
0,86,48,12271.85
0,86,49,12271.85
0,86,50,12271.85
0,86,51,12271.85
0,86,52,12271.85
0,86,53,12271.85
0,86,54,12271.85
0,86,55,12271.85
0,86,56,12271.85
0,86,57,12271.85
0,86,58,12271.85
0,86,59,12271.85
0,86,60,12271.85
0,86,61,12271.85
0,86,62,12271.85
0,86,63,12271.85
0,86,64,12271.85
0,86,65,12271.85
0,86,66,12271.85
0,86,67,12271.85
0,86,68,12271.85
0,86,69,12271.85
0,86,70,12271.85
0,86,71,12271.85
0,86,72,12271.85
0,86,73,12271.85
0,86,74,12271.85
0,86,75,12271.85
0,86,76,12271.85
0,86,77,12271.85
0,86,78,12271.85
0,86,79,12271.85
0,86,80,12271.85
0,86,81,12271.85
0,86,82,12271.85
0,86,83,12271.85
0,86,84,12271.85
0,86,85,12271.85
0,86,86,12271.85
0,86,87,12271.85
0,86,88,12271.85
0,86,89,12271.85
0,86,90,12271.85
0,86,91,12271.85
0,86,92,12271.85
0,86,93,12271.85
0,86,94,12271.85
0,86,95,12271.85
0,86,96,12271.85
11,86,97,12271.85
11,86,98,12271.85
11,86,99,12271.85
11,86,100,12271.85
11,86,101,12271.85
11,86,102,12271.85
11,86,103,12271.85
17,86,130,12271.85
17,86,131,12271.85
17,86,132,12271.85
17,86,133,12271.85
0,86,134,12271.85
0,86,135,12271.85
0,86,136,12271.85
0,86,137,12271.85
0,86,138,12271.85
0,86,139,12271.85
0,86,140,12271.85
0,86,141,12271.85
0,86,142,12271.85
0,86,143,12271.85
0,86,144,12271.85
0,86,145,12271.85
0,86,146,12271.85
0,86,147,12271.85
0,86,148,12271.85
0,86,149,12271.85
0,86,150,12271.85
0,86,151,12271.85
0,86,152,12271.85
0,86,153,12271.85
0,86,154,12271.85
0,86,155,12271.85
0,86,156,12271.85
0,86,157,12271.85
0,86,158,12271.85
0,86,159,12271.85
0,86,160,12271.85
0,86,161,12271.85
0,86,162,12271.85
0,86,163,12271.85
0,86,164,12271.85
28,86,165,12271.85
28,86,166,12271.85
28,86,167,12271.85
28,86,168,12271.85
28,86,169,12271.85
28,86,170,12271.85
28,86,171,12271.85
28,86,172,12271.85
28,86,173,12271.85
28,86,174,12271.85
28,86,175,12271.85
28,86,176,12271.85
28,86,177,12271.85
28,86,178,12271.85
28,86,179,12271.85
28,86,180,12271.85
28,86,181,12271.85
28,86,182,12271.85
28,86,183,12271.85
28,86,184,12271.85
28,86,185,12271.85
28,86,186,12271.85
28,86,187,12271.85
28,86,188,12271.85
28,86,189,12271.85
31,86,229,12271.85
31,86,230,12271.85
0,86,231,12271.85
0,86,232,12271.85
0,86,233,12271.85
0,86,234,12271.85
0,86,235,12271.85
0,86,236,12271.85
0,86,237,12271.85
0,86,238,12271.85
0,86,239,12271.85
0,86,240,12271.85
0,86,241,12271.85
0,86,242,12271.85
0,86,243,12271.85
0,86,244,12271.85
0,86,245,12271.85
0,86,246,12271.85
0,86,247,12271.85
0,86,248,12271.85
0,86,249,12271.85
0,86,250,12271.85
0,86,251,12271.85
0,86,252,12271.85
0,86,253,12271.85
0,86,254,12271.85
0,86,255,12271.85
0,86,256,12271.85
0,86,257,12271.85
0,86,258,12271.85
0,86,259,12271.85
0,86,260,12271.85
0,86,261,12271.85
0,86,262,12271.85
0,86,263,12271.85
34,86,264,12271.85
34,86,265,12271.85
34,86,266,12271.85
34,86,267,12271.85
34,86,268,12271.85
34,86,269,12271.85
34,86,270,12271.85
34,86,271,12271.85
34,86,272,12271.85
34,86,273,12271.85
34,86,274,12271.85
34,86,275,12271.85
34,86,276,12271.85
34,86,280,12271.85
34,86,281,12271.85
35,86,284,12271.85
36,86,285,12271.85
36,86,286,12271.85
36,86,287,12271.85
36,86,288,12271.85
36,86,289,12271.85
36,86,290,12271.85
36,86,291,12271.85
36,86,292,12271.85
36,86,293,12271.85
36,86,294,12271.85
37,86,299,12271.85
37,86,300,12271.85
37,86,301,12271.85
37,86,302,12271.85
37,86,303,12271.85
37,86,304,12271.85
37,86,305,12271.85
37,86,306,12271.85
37,86,307,12271.85
0,86,308,12271.85
0,86,309,12271.85
0,86,310,12271.85
0,86,311,12271.85
0,86,312,12271.85
0,86,313,12271.85
0,86,314,12271.85
0,86,315,12271.85
0,86,316,12271.85
0,86,317,12271.85
0,86,318,12271.85
0,86,319,12271.85
0,86,320,12271.85
0,86,321,12271.85
0,86,322,12271.85
0,86,323,12271.85
0,86,324,12271.85
0,86,325,12271.85
0,86,326,12271.85
0,86,327,12271.85
0,86,328,12271.85
0,86,329,12271.85
0,86,330,12271.85
0,86,331,12271.85
0,86,332,12271.85
0,86,333,12271.85
0,86,334,12271.85
0,86,335,12271.85
0,86,336,12271.85
0,86,337,12271.85
0,86,338,12271.85
0,86,339,12271.85
0,86,340,12271.85
0,86,341,12271.85
0,86,342,12271.85
0,86,343,12271.85
0,86,344,12271.85
0,86,345,12271.85
0,86,346,12271.85
0,86,347,12271.85
0,86,348,12271.85
0,86,349,12271.85
0,86,350,12271.85
0,86,351,12271.85
0,86,352,12271.85
0,86,353,12271.85
0,86,354,12271.85
0,86,355,12271.85
0,86,356,12271.85
0,86,357,12271.85
0,86,358,12271.85
0,86,359,12271.85
0,86,360,12271.85
0,87,1,12286.43
0,87,2,12286.43
0,87,3,12286.43
0,87,4,12286.43
0,87,5,12286.43
0,87,6,12286.43
0,87,7,12286.43
0,87,8,12286.43
0,87,9,12286.43
0,87,10,12286.43
0,87,11,12286.43
0,87,12,12286.43
0,87,13,12286.43
0,87,14,12286.43
0,87,15,12286.43
0,87,16,12286.43
0,87,17,12286.43
0,87,18,12286.43
0,87,19,12286.43
0,87,20,12286.43
0,87,21,12286.43
0,87,22,12286.43
0,87,23,12286.43
0,87,24,12286.43
0,87,25,12286.43
0,87,26,12286.43
0,87,27,12286.43
0,87,28,12286.43
0,87,29,12286.43
0,87,30,12286.43
0,87,31,12286.43
0,87,32,12286.43
0,87,33,12286.43
0,87,34,12286.43
0,87,35,12286.43
0,87,36,12286.43
0,87,37,12286.43
0,87,38,12286.43
0,87,39,12286.43
0,87,40,12286.43
0,87,41,12286.43
0,87,42,12286.43
0,87,43,12286.43
0,87,44,12286.43
0,87,45,12286.43
0,87,46,12286.43
0,87,47,12286.43
0,87,48,12286.43
0,87,49,12286.43
0,87,50,12286.43
0,87,51,12286.43
0,87,52,12286.43
0,87,53,12286.43
0,87,54,12286.43
0,87,55,12286.43
0,87,56,12286.43
0,87,57,12286.43
0,87,58,12286.43
0,87,59,12286.43
0,87,60,12286.43
0,87,61,12286.43
0,87,62,12286.43
0,87,63,12286.43
0,87,64,12286.43
0,87,65,12286.43
0,87,66,12286.43
0,87,67,12286.43
0,87,68,12286.43
0,87,69,12286.43
0,87,70,12286.43
0,87,71,12286.43
0,87,72,12286.43
0,87,73,12286.43
0,87,74,12286.43
0,87,75,12286.43
0,87,76,12286.43
0,87,77,12286.43
0,87,78,12286.43
0,87,79,12286.43
0,87,80,12286.43
0,87,81,12286.43
0,87,82,12286.43
0,87,83,12286.43
0,87,84,12286.43
0,87,85,12286.43
0,87,86,12286.43
0,87,87,12286.43
0,87,88,12286.43
0,87,89,12286.43
0,87,90,12286.43
0,87,91,12286.43
0,87,92,12286.43
0,87,93,12286.43
0,87,94,12286.43
0,87,95,12286.43
0,87,96,12286.43
0,87,97,12286.43
11,87,98,12286.43
11,87,99,12286.43
11,87,100,12286.43
11,87,101,12286.43
11,87,102,12286.43
17,87,130,12286.43
17,87,131,12286.43
17,87,132,12286.43
17,87,133,12286.43
0,87,134,12286.43
0,87,135,12286.43
0,87,136,12286.43
0,87,137,12286.43
0,87,138,12286.43
0,87,139,12286.43
0,87,140,12286.43
0,87,141,12286.43
0,87,142,12286.43
0,87,143,12286.43
0,87,144,12286.43
0,87,145,12286.43
0,87,146,12286.43
0,87,147,12286.43
0,87,148,12286.43
0,87,149,12286.43
0,87,150,12286.43
0,87,151,12286.43
0,87,152,12286.43
0,87,153,12286.43
0,87,154,12286.43
0,87,155,12286.43
0,87,156,12286.43
0,87,157,12286.43
0,87,158,12286.43
0,87,159,12286.43
0,87,160,12286.43
0,87,161,12286.43
0,87,162,12286.43
0,87,163,12286.43
0,87,164,12286.43
0,87,165,12286.43
0,87,166,12286.43
28,87,167,12286.43
28,87,168,12286.43
28,87,169,12286.43
28,87,170,12286.43
28,87,171,12286.43
28,87,172,12286.43
28,87,173,12286.43
28,87,174,12286.43
28,87,175,12286.43
28,87,176,12286.43
28,87,177,12286.43
28,87,178,12286.43
28,87,179,12286.43
28,87,180,12286.43
28,87,181,12286.43
28,87,182,12286.43
28,87,183,12286.43
28,87,184,12286.43
28,87,185,12286.43
28,87,186,12286.43
28,87,187,12286.43
28,87,188,12286.43
28,87,189,12286.43
28,87,190,12286.43
31,87,228,12286.43
31,87,229,12286.43
31,87,230,12286.43
0,87,231,12286.43
0,87,232,12286.43
0,87,233,12286.43
0,87,234,12286.43
0,87,235,12286.43
0,87,236,12286.43
0,87,237,12286.43
0,87,238,12286.43
0,87,239,12286.43
0,87,240,12286.43
0,87,241,12286.43
0,87,242,12286.43
0,87,243,12286.43
0,87,244,12286.43
0,87,245,12286.43
0,87,246,12286.43
0,87,247,12286.43
0,87,248,12286.43
0,87,249,12286.43
0,87,250,12286.43
0,87,251,12286.43
0,87,252,12286.43
0,87,253,12286.43
0,87,254,12286.43
0,87,255,12286.43
0,87,256,12286.43
0,87,257,12286.43
0,87,258,12286.43
0,87,259,12286.43
0,87,260,12286.43
0,87,261,12286.43
0,87,262,12286.43
0,87,263,12286.43
0,87,264,12286.43
0,87,265,12286.43
34,87,266,12286.43
34,87,267,12286.43
34,87,268,12286.43
34,87,269,12286.43
34,87,270,12286.43
34,87,271,12286.43
34,87,272,12286.43
34,87,273,12286.43
34,87,274,12286.43
34,87,275,12286.43
34,87,276,12286.43
34,87,277,12286.43
34,87,281,12286.43
36,87,285,12286.43
36,87,286,12286.43
36,87,287,12286.43
36,87,288,12286.43
36,87,289,12286.43
36,87,290,12286.43
36,87,291,12286.43
36,87,292,12286.43
36,87,293,12286.43
37,87,299,12286.43
37,87,300,12286.43
37,87,301,12286.43
37,87,302,12286.43
37,87,303,12286.43
37,87,304,12286.43
37,87,305,12286.43
37,87,306,12286.43
37,87,307,12286.43
37,87,308,12286.43
0,87,309,12286.43
0,87,310,12286.43
0,87,311,12286.43
0,87,312,12286.43
0,87,313,12286.43
0,87,314,12286.43
0,87,315,12286.43
0,87,316,12286.43
0,87,317,12286.43
0,87,318,12286.43
0,87,319,12286.43
0,87,320,12286.43
0,87,321,12286.43
0,87,322,12286.43
0,87,323,12286.43
0,87,324,12286.43
0,87,325,12286.43
0,87,326,12286.43
0,87,327,12286.43
0,87,328,12286.43
0,87,329,12286.43
0,87,330,12286.43
0,87,331,12286.43
0,87,332,12286.43
0,87,333,12286.43
0,87,334,12286.43
0,87,335,12286.43
0,87,336,12286.43
0,87,337,12286.43
0,87,338,12286.43
0,87,339,12286.43
0,87,340,12286.43
0,87,341,12286.43
0,87,342,12286.43
0,87,343,12286.43
0,87,344,12286.43
0,87,345,12286.43
0,87,346,12286.43
0,87,347,12286.43
0,87,348,12286.43
0,87,349,12286.43
0,87,350,12286.43
0,87,351,12286.43
0,87,352,12286.43
0,87,353,12286.43
0,87,354,12286.43
0,87,355,12286.43
0,87,356,12286.43
0,87,357,12286.43
0,87,358,12286.43
0,87,359,12286.43
0,87,360,12286.43
0,88,1,12297.38
0,88,2,12297.38
0,88,3,12297.38
0,88,4,12297.38
0,88,5,12297.38
0,88,6,12297.38
0,88,7,12297.38
0,88,8,12297.38
0,88,9,12297.38
0,88,10,12297.38
0,88,11,12297.38
0,88,12,12297.38
0,88,13,12297.38
0,88,14,12297.38
0,88,15,12297.38
0,88,16,12297.38
0,88,17,12297.38
0,88,18,12297.38
0,88,19,12297.38
0,88,20,12297.38
0,88,21,12297.38
0,88,22,12297.38
0,88,23,12297.38
0,88,24,12297.38
0,88,25,12297.38
0,88,26,12297.38
0,88,27,12297.38
0,88,28,12297.38
0,88,29,12297.38
0,88,30,12297.38
0,88,31,12297.38
0,88,32,12297.38
0,88,33,12297.38
0,88,34,12297.38
0,88,35,12297.38
0,88,36,12297.38
0,88,37,12297.38
0,88,38,12297.38
0,88,39,12297.38
0,88,40,12297.38
0,88,41,12297.38
0,88,42,12297.38
0,88,43,12297.38
0,88,44,12297.38
0,88,45,12297.38
0,88,46,12297.38
0,88,47,12297.38
0,88,48,12297.38
0,88,49,12297.38
0,88,50,12297.38
0,88,51,12297.38
0,88,52,12297.38
0,88,53,12297.38
0,88,54,12297.38
0,88,55,12297.38
0,88,56,12297.38
0,88,57,12297.38
0,88,58,12297.38
0,88,59,12297.38
0,88,60,12297.38
0,88,61,12297.38
0,88,62,12297.38
0,88,63,12297.38
0,88,64,12297.38
0,88,65,12297.38
0,88,66,12297.38
0,88,67,12297.38
0,88,68,12297.38
0,88,69,12297.38
0,88,70,12297.38
0,88,71,12297.38
0,88,72,12297.38
0,88,73,12297.38
0,88,74,12297.38
0,88,75,12297.38
0,88,76,12297.38
0,88,77,12297.38
0,88,78,12297.38
0,88,79,12297.38
0,88,80,12297.38
0,88,81,12297.38
0,88,82,12297.38
0,88,83,12297.38
0,88,84,12297.38
0,88,85,12297.38
0,88,86,12297.38
0,88,87,12297.38
0,88,88,12297.38
0,88,89,12297.38
0,88,90,12297.38
0,88,91,12297.38
0,88,92,12297.38
0,88,93,12297.38
0,88,94,12297.38
0,88,95,12297.38
0,88,96,12297.38
0,88,97,12297.38
11,88,98,12297.38
11,88,99,12297.38
11,88,100,12297.38
11,88,101,12297.38
17,88,131,12297.38
17,88,132,12297.38
17,88,133,12297.38
17,88,134,12297.38
0,88,135,12297.38
0,88,136,12297.38
0,88,137,12297.38
0,88,138,12297.38
0,88,139,12297.38
0,88,140,12297.38
0,88,141,12297.38
0,88,142,12297.38
0,88,143,12297.38
0,88,144,12297.38
0,88,145,12297.38
0,88,146,12297.38
0,88,147,12297.38
0,88,148,12297.38
0,88,149,12297.38
0,88,150,12297.38
0,88,151,12297.38
0,88,152,12297.38
0,88,153,12297.38
0,88,154,12297.38
0,88,155,12297.38
0,88,156,12297.38
0,88,157,12297.38
0,88,158,12297.38
0,88,159,12297.38
0,88,160,12297.38
0,88,161,12297.38
0,88,162,12297.38
0,88,163,12297.38
0,88,164,12297.38
0,88,165,12297.38
0,88,166,12297.38
0,88,167,12297.38
28,88,168,12297.38
28,88,169,12297.38
28,88,170,12297.38
28,88,171,12297.38
28,88,172,12297.38
28,88,173,12297.38
28,88,174,12297.38
28,88,175,12297.38
28,88,176,12297.38
28,88,177,12297.38
28,88,178,12297.38
28,88,179,12297.38
0,88,180,12297.38
0,88,181,12297.38
0,88,182,12297.38
0,88,183,12297.38
0,88,184,12297.38
28,88,185,12297.38
28,88,186,12297.38
28,88,187,12297.38
28,88,188,12297.38
28,88,189,12297.38
28,88,190,12297.38
31,88,226,12297.38
31,88,227,12297.38
31,88,228,12297.38
31,88,229,12297.38
0,88,230,12297.38
0,88,231,12297.38
0,88,232,12297.38
0,88,233,12297.38
0,88,234,12297.38
0,88,235,12297.38
0,88,236,12297.38
0,88,237,12297.38
0,88,238,12297.38
0,88,239,12297.38
0,88,240,12297.38
0,88,241,12297.38
0,88,242,12297.38
0,88,243,12297.38
0,88,244,12297.38
0,88,245,12297.38
0,88,246,12297.38
0,88,247,12297.38
0,88,248,12297.38
0,88,249,12297.38
0,88,250,12297.38
0,88,251,12297.38
0,88,252,12297.38
0,88,253,12297.38
0,88,254,12297.38
0,88,255,12297.38
0,88,256,12297.38
0,88,257,12297.38
0,88,258,12297.38
0,88,259,12297.38
0,88,260,12297.38
0,88,261,12297.38
0,88,262,12297.38
0,88,263,12297.38
0,88,264,12297.38
0,88,265,12297.38
0,88,266,12297.38
0,88,267,12297.38
0,88,268,12297.38
0,88,269,12297.38
0,88,270,12297.38
0,88,271,12297.38
0,88,272,12297.38
0,88,273,12297.38
0,88,274,12297.38
34,88,275,12297.38
34,88,276,12297.38
0,88,277,12297.38
0,88,278,12297.38
34,88,282,12297.38
36,88,285,12297.38
36,88,286,12297.38
36,88,287,12297.38
36,88,288,12297.38
36,88,289,12297.38
36,88,290,12297.38
36,88,291,12297.38
37,88,299,12297.38
37,88,300,12297.38
37,88,301,12297.38
37,88,302,12297.38
37,88,303,12297.38
37,88,304,12297.38
37,88,305,12297.38
37,88,306,12297.38
38,88,307,12297.38
38,88,308,12297.38
38,88,309,12297.38
0,88,310,12297.38
0,88,311,12297.38
0,88,312,12297.38
0,88,313,12297.38
0,88,314,12297.38
0,88,315,12297.38
0,88,316,12297.38
0,88,317,12297.38
0,88,318,12297.38
0,88,319,12297.38
0,88,320,12297.38
0,88,321,12297.38
0,88,322,12297.38
0,88,323,12297.38
0,88,324,12297.38
0,88,325,12297.38
0,88,326,12297.38
0,88,327,12297.38
0,88,328,12297.38
0,88,329,12297.38
0,88,330,12297.38
0,88,331,12297.38
0,88,332,12297.38
0,88,333,12297.38
0,88,334,12297.38
0,88,335,12297.38
0,88,336,12297.38
0,88,337,12297.38
0,88,338,12297.38
0,88,339,12297.38
0,88,340,12297.38
0,88,341,12297.38
0,88,342,12297.38
0,88,343,12297.38
0,88,344,12297.38
0,88,345,12297.38
0,88,346,12297.38
0,88,347,12297.38
0,88,348,12297.38
0,88,349,12297.38
0,88,350,12297.38
0,88,351,12297.38
0,88,352,12297.38
0,88,353,12297.38
0,88,354,12297.38
0,88,355,12297.38
0,88,356,12297.38
0,88,357,12297.38
0,88,358,12297.38
0,88,359,12297.38
0,88,360,12297.38
0,89,1,12304.67
0,89,2,12304.67
0,89,3,12304.67
0,89,4,12304.67
0,89,5,12304.67
0,89,6,12304.67
0,89,7,12304.67
0,89,8,12304.67
0,89,9,12304.67
0,89,10,12304.67
0,89,11,12304.67
0,89,12,12304.67
0,89,13,12304.67
0,89,14,12304.67
0,89,15,12304.67
0,89,16,12304.67
0,89,17,12304.67
0,89,18,12304.67
0,89,19,12304.67
0,89,20,12304.67
0,89,21,12304.67
0,89,22,12304.67
0,89,23,12304.67
0,89,24,12304.67
0,89,25,12304.67
0,89,26,12304.67
0,89,27,12304.67
0,89,28,12304.67
0,89,29,12304.67
0,89,30,12304.67
0,89,31,12304.67
0,89,32,12304.67
0,89,33,12304.67
0,89,34,12304.67
0,89,35,12304.67
0,89,36,12304.67
0,89,37,12304.67
0,89,38,12304.67
0,89,39,12304.67
0,89,40,12304.67
0,89,41,12304.67
0,89,42,12304.67
0,89,43,12304.67
0,89,44,12304.67
0,89,45,12304.67
0,89,46,12304.67
0,89,47,12304.67
0,89,48,12304.67
0,89,49,12304.67
0,89,50,12304.67
0,89,51,12304.67
0,89,52,12304.67
0,89,53,12304.67
0,89,54,12304.67
0,89,55,12304.67
0,89,56,12304.67
0,89,57,12304.67
0,89,58,12304.67
0,89,59,12304.67
0,89,60,12304.67
0,89,61,12304.67
0,89,62,12304.67
0,89,63,12304.67
0,89,64,12304.67
0,89,65,12304.67
0,89,66,12304.67
0,89,67,12304.67
0,89,68,12304.67
0,89,69,12304.67
0,89,70,12304.67
0,89,71,12304.67
0,89,72,12304.67
0,89,73,12304.67
0,89,74,12304.67
0,89,75,12304.67
0,89,76,12304.67
0,89,77,12304.67
0,89,78,12304.67
0,89,79,12304.67
0,89,80,12304.67
0,89,81,12304.67
0,89,82,12304.67
0,89,83,12304.67
0,89,84,12304.67
0,89,85,12304.67
0,89,86,12304.67
0,89,87,12304.67
0,89,88,12304.67
0,89,89,12304.67
0,89,90,12304.67
0,89,91,12304.67
0,89,92,12304.67
0,89,93,12304.67
0,89,94,12304.67
0,89,95,12304.67
0,89,96,12304.67
0,89,97,12304.67
11,89,98,12304.67
11,89,99,12304.67
11,89,100,12304.67
11,89,101,12304.67
17,89,131,12304.67
17,89,132,12304.67
17,89,133,12304.67
17,89,134,12304.67
17,89,135,12304.67
0,89,136,12304.67
0,89,137,12304.67
0,89,138,12304.67
0,89,139,12304.67
0,89,140,12304.67
0,89,141,12304.67
0,89,142,12304.67
0,89,143,12304.67
0,89,144,12304.67
0,89,145,12304.67
0,89,146,12304.67
0,89,147,12304.67
0,89,148,12304.67
0,89,149,12304.67
0,89,150,12304.67
0,89,151,12304.67
0,89,152,12304.67
0,89,153,12304.67
0,89,154,12304.67
0,89,155,12304.67
0,89,156,12304.67
0,89,157,12304.67
0,89,158,12304.67
0,89,159,12304.67
0,89,160,12304.67
0,89,161,12304.67
0,89,162,12304.67
0,89,163,12304.67
0,89,164,12304.67
0,89,165,12304.67
0,89,166,12304.67
0,89,167,12304.67
0,89,168,12304.67
0,89,169,12304.67
0,89,170,12304.67
0,89,171,12304.67
0,89,172,12304.67
0,89,173,12304.67
0,89,174,12304.67
0,89,175,12304.67
0,89,176,12304.67
0,89,177,12304.67
0,89,178,12304.67
0,89,179,12304.67
0,89,180,12304.67
0,89,181,12304.67
0,89,182,12304.67
0,89,183,12304.67
0,89,184,12304.67
0,89,185,12304.67
28,89,186,12304.67
28,89,187,12304.67
28,89,188,12304.67
28,89,189,12304.67
28,89,190,12304.67
31,89,225,12304.67
31,89,226,12304.67
31,89,227,12304.67
31,89,228,12304.67
0,89,229,12304.67
0,89,230,12304.67
0,89,231,12304.67
0,89,232,12304.67
0,89,233,12304.67
0,89,234,12304.67
0,89,235,12304.67
0,89,236,12304.67
0,89,237,12304.67
0,89,238,12304.67
0,89,239,12304.67
0,89,240,12304.67
0,89,241,12304.67
0,89,242,12304.67
0,89,243,12304.67
0,89,244,12304.67
0,89,245,12304.67
0,89,246,12304.67
0,89,247,12304.67
0,89,248,12304.67
0,89,249,12304.67
0,89,250,12304.67
0,89,251,12304.67
0,89,252,12304.67
0,89,253,12304.67
0,89,254,12304.67
0,89,255,12304.67
0,89,256,12304.67
0,89,257,12304.67
0,89,258,12304.67
0,89,259,12304.67
0,89,260,12304.67
0,89,261,12304.67
0,89,262,12304.67
0,89,263,12304.67
0,89,264,12304.67
0,89,265,12304.67
0,89,266,12304.67
0,89,267,12304.67
0,89,268,12304.67
0,89,269,12304.67
0,89,270,12304.67
0,89,271,12304.67
0,89,272,12304.67
0,89,273,12304.67
0,89,274,12304.67
0,89,275,12304.67
0,89,276,12304.67
0,89,277,12304.67
0,89,278,12304.67
0,89,279,12304.67
36,89,284,12304.67
36,89,285,12304.67
36,89,286,12304.67
36,89,287,12304.67
36,89,288,12304.67
36,89,289,12304.67
37,89,300,12304.67
37,89,303,12304.67
37,89,304,12304.67
38,89,306,12304.67
38,89,307,12304.67
38,89,308,12304.67
38,89,309,12304.67
38,89,310,12304.67
0,89,311,12304.67
0,89,312,12304.67
0,89,313,12304.67
0,89,314,12304.67
0,89,315,12304.67
0,89,316,12304.67
0,89,317,12304.67
0,89,318,12304.67
0,89,319,12304.67
0,89,320,12304.67
0,89,321,12304.67
0,89,322,12304.67
0,89,323,12304.67
0,89,324,12304.67
0,89,325,12304.67
0,89,326,12304.67
0,89,327,12304.67
0,89,328,12304.67
0,89,329,12304.67
0,89,330,12304.67
0,89,331,12304.67
0,89,332,12304.67
0,89,333,12304.67
0,89,334,12304.67
0,89,335,12304.67
0,89,336,12304.67
0,89,337,12304.67
0,89,338,12304.67
0,89,339,12304.67
0,89,340,12304.67
0,89,341,12304.67
0,89,342,12304.67
0,89,343,12304.67
0,89,344,12304.67
0,89,345,12304.67
0,89,346,12304.67
0,89,347,12304.67
0,89,348,12304.67
0,89,349,12304.67
0,89,350,12304.67
0,89,351,12304.67
0,89,352,12304.67
0,89,353,12304.67
0,89,354,12304.67
0,89,355,12304.67
0,89,356,12304.67
0,89,357,12304.67
0,89,358,12304.67
0,89,359,12304.67
0,89,360,12304.67
0,90,1,12308.32
0,90,2,12308.32
0,90,3,12308.32
0,90,4,12308.32
0,90,5,12308.32
0,90,6,12308.32
0,90,7,12308.32
0,90,8,12308.32
0,90,9,12308.32
0,90,10,12308.32
0,90,11,12308.32
0,90,12,12308.32
0,90,13,12308.32
0,90,14,12308.32
0,90,15,12308.32
0,90,16,12308.32
0,90,17,12308.32
0,90,18,12308.32
0,90,19,12308.32
0,90,20,12308.32
0,90,21,12308.32
0,90,22,12308.32
0,90,23,12308.32
0,90,24,12308.32
0,90,25,12308.32
0,90,26,12308.32
0,90,27,12308.32
0,90,28,12308.32
0,90,29,12308.32
0,90,30,12308.32
0,90,31,12308.32
0,90,32,12308.32
0,90,33,12308.32
0,90,34,12308.32
0,90,35,12308.32
0,90,36,12308.32
0,90,37,12308.32
0,90,38,12308.32
0,90,39,12308.32
0,90,40,12308.32
0,90,41,12308.32
0,90,42,12308.32
0,90,43,12308.32
0,90,44,12308.32
0,90,45,12308.32
0,90,46,12308.32
0,90,47,12308.32
0,90,48,12308.32
0,90,49,12308.32
0,90,50,12308.32
0,90,51,12308.32
0,90,52,12308.32
0,90,53,12308.32
0,90,54,12308.32
0,90,55,12308.32
0,90,56,12308.32
0,90,57,12308.32
0,90,58,12308.32
0,90,59,12308.32
0,90,60,12308.32
0,90,61,12308.32
0,90,62,12308.32
0,90,63,12308.32
0,90,64,12308.32
0,90,65,12308.32
0,90,66,12308.32
0,90,67,12308.32
0,90,68,12308.32
0,90,69,12308.32
0,90,70,12308.32
0,90,71,12308.32
0,90,72,12308.32
0,90,73,12308.32
0,90,74,12308.32
0,90,75,12308.32
0,90,76,12308.32
0,90,77,12308.32
0,90,78,12308.32
0,90,79,12308.32
0,90,80,12308.32
0,90,81,12308.32
0,90,82,12308.32
0,90,83,12308.32
0,90,84,12308.32
0,90,85,12308.32
0,90,86,12308.32
0,90,87,12308.32
0,90,88,12308.32
0,90,89,12308.32
0,90,90,12308.32
0,90,91,12308.32
0,90,92,12308.32
0,90,93,12308.32
0,90,94,12308.32
0,90,95,12308.32
0,90,96,12308.32
0,90,97,12308.32
11,90,98,12308.32
11,90,99,12308.32
11,90,100,12308.32
17,90,131,12308.32
17,90,132,12308.32
17,90,133,12308.32
17,90,134,12308.32
17,90,135,12308.32
17,90,136,12308.32
17,90,137,12308.32
17,90,138,12308.32
17,90,139,12308.32
16,90,140,12308.32
16,90,141,12308.32
0,90,142,12308.32
0,90,143,12308.32
0,90,144,12308.32
0,90,145,12308.32
0,90,146,12308.32
0,90,147,12308.32
0,90,148,12308.32
0,90,149,12308.32
0,90,150,12308.32
0,90,151,12308.32
0,90,152,12308.32
0,90,153,12308.32
0,90,154,12308.32
0,90,155,12308.32
0,90,156,12308.32
0,90,157,12308.32
0,90,158,12308.32
0,90,159,12308.32
0,90,160,12308.32
0,90,161,12308.32
0,90,162,12308.32
0,90,163,12308.32
0,90,164,12308.32
0,90,165,12308.32
0,90,166,12308.32
0,90,167,12308.32
0,90,168,12308.32
0,90,169,12308.32
0,90,170,12308.32
0,90,171,12308.32
0,90,172,12308.32
0,90,173,12308.32
0,90,174,12308.32
0,90,175,12308.32
0,90,176,12308.32
0,90,177,12308.32
0,90,178,12308.32
0,90,179,12308.32
0,90,180,12308.32
0,90,181,12308.32
0,90,182,12308.32
0,90,183,12308.32
0,90,184,12308.32
0,90,185,12308.32
0,90,186,12308.32
28,90,187,12308.32
28,90,188,12308.32
28,90,189,12308.32
31,90,224,12308.32
31,90,225,12308.32
31,90,226,12308.32
31,90,227,12308.32
0,90,228,12308.32
0,90,229,12308.32
0,90,230,12308.32
0,90,231,12308.32
0,90,232,12308.32
0,90,233,12308.32
0,90,234,12308.32
0,90,235,12308.32
0,90,236,12308.32
0,90,237,12308.32
0,90,238,12308.32
0,90,239,12308.32
0,90,240,12308.32
0,90,241,12308.32
0,90,242,12308.32
0,90,243,12308.32
0,90,244,12308.32
0,90,245,12308.32
0,90,246,12308.32
0,90,247,12308.32
0,90,248,12308.32
0,90,249,12308.32
0,90,250,12308.32
0,90,251,12308.32
0,90,252,12308.32
0,90,253,12308.32
0,90,254,12308.32
0,90,255,12308.32
0,90,256,12308.32
0,90,257,12308.32
0,90,258,12308.32
0,90,259,12308.32
0,90,260,12308.32
0,90,261,12308.32
0,90,262,12308.32
0,90,263,12308.32
0,90,264,12308.32
0,90,265,12308.32
0,90,266,12308.32
0,90,267,12308.32
0,90,268,12308.32
0,90,269,12308.32
0,90,270,12308.32
0,90,271,12308.32
0,90,272,12308.32
0,90,273,12308.32
0,90,274,12308.32
0,90,275,12308.32
0,90,276,12308.32
0,90,277,12308.32
0,90,278,12308.32
0,90,279,12308.32
0,90,280,12308.32
36,90,285,12308.32
36,90,286,12308.32
36,90,287,12308.32
36,90,288,12308.32
36,90,289,12308.32
38,90,299,12308.32
38,90,300,12308.32
38,90,301,12308.32
38,90,302,12308.32
38,90,303,12308.32
38,90,304,12308.32
38,90,305,12308.32
38,90,306,12308.32
38,90,307,12308.32
38,90,308,12308.32
38,90,309,12308.32
38,90,310,12308.32
38,90,311,12308.32
0,90,312,12308.32
0,90,313,12308.32
0,90,314,12308.32
0,90,315,12308.32
0,90,316,12308.32
0,90,317,12308.32
0,90,318,12308.32
0,90,319,12308.32
0,90,320,12308.32
0,90,321,12308.32
0,90,322,12308.32
0,90,323,12308.32
0,90,324,12308.32
0,90,325,12308.32
0,90,326,12308.32
0,90,327,12308.32
0,90,328,12308.32
0,90,329,12308.32
0,90,330,12308.32
0,90,331,12308.32
0,90,332,12308.32
0,90,333,12308.32
0,90,334,12308.32
0,90,335,12308.32
0,90,336,12308.32
0,90,337,12308.32
0,90,338,12308.32
0,90,339,12308.32
0,90,340,12308.32
0,90,341,12308.32
0,90,342,12308.32
0,90,343,12308.32
0,90,344,12308.32
0,90,345,12308.32
0,90,346,12308.32
0,90,347,12308.32
0,90,348,12308.32
0,90,349,12308.32
0,90,350,12308.32
0,90,351,12308.32
0,90,352,12308.32
0,90,353,12308.32
0,90,354,12308.32
0,90,355,12308.32
0,90,356,12308.32
0,90,357,12308.32
0,90,358,12308.32
0,90,359,12308.32
0,90,360,12308.32
0,91,1,12308.32
0,91,2,12308.32
0,91,3,12308.32
0,91,4,12308.32
0,91,5,12308.32
0,91,6,12308.32
0,91,7,12308.32
0,91,8,12308.32
0,91,9,12308.32
0,91,10,12308.32
0,91,11,12308.32
0,91,12,12308.32
0,91,13,12308.32
0,91,14,12308.32
0,91,15,12308.32
0,91,16,12308.32
0,91,17,12308.32
0,91,18,12308.32
0,91,19,12308.32
0,91,20,12308.32
0,91,21,12308.32
0,91,22,12308.32
0,91,23,12308.32
0,91,24,12308.32
0,91,25,12308.32
0,91,26,12308.32
0,91,27,12308.32
0,91,28,12308.32
0,91,29,12308.32
0,91,30,12308.32
0,91,31,12308.32
0,91,32,12308.32
0,91,33,12308.32
0,91,34,12308.32
0,91,35,12308.32
0,91,36,12308.32
0,91,37,12308.32
0,91,38,12308.32
0,91,39,12308.32
0,91,40,12308.32
0,91,41,12308.32
0,91,42,12308.32
0,91,43,12308.32
0,91,44,12308.32
0,91,45,12308.32
0,91,46,12308.32
0,91,47,12308.32
0,91,48,12308.32
0,91,49,12308.32
0,91,50,12308.32
0,91,51,12308.32
0,91,52,12308.32
0,91,53,12308.32
0,91,54,12308.32
0,91,55,12308.32
0,91,56,12308.32
0,91,57,12308.32
0,91,58,12308.32
0,91,59,12308.32
0,91,60,12308.32
0,91,61,12308.32
0,91,62,12308.32
0,91,63,12308.32
0,91,64,12308.32
0,91,65,12308.32
0,91,66,12308.32
0,91,67,12308.32
0,91,68,12308.32
0,91,69,12308.32
0,91,70,12308.32
0,91,71,12308.32
0,91,72,12308.32
0,91,73,12308.32
0,91,74,12308.32
0,91,75,12308.32
0,91,76,12308.32
0,91,77,12308.32
0,91,78,12308.32
0,91,79,12308.32
0,91,80,12308.32
0,91,81,12308.32
0,91,82,12308.32
0,91,83,12308.32
0,91,84,12308.32
0,91,85,12308.32
0,91,86,12308.32
0,91,87,12308.32
0,91,88,12308.32
0,91,89,12308.32
0,91,90,12308.32
0,91,91,12308.32
0,91,92,12308.32
0,91,93,12308.32
0,91,94,12308.32
0,91,95,12308.32
0,91,96,12308.32
0,91,97,12308.32
11,91,98,12308.32
11,91,99,12308.32
17,91,134,12308.32
17,91,135,12308.32
17,91,136,12308.32
17,91,137,12308.32
17,91,138,12308.32
17,91,139,12308.32
16,91,140,12308.32
16,91,141,12308.32
16,91,142,12308.32
16,91,143,12308.32
0,91,144,12308.32
0,91,145,12308.32
0,91,146,12308.32
0,91,147,12308.32
0,91,148,12308.32
0,91,149,12308.32
0,91,150,12308.32
0,91,151,12308.32
0,91,152,12308.32
0,91,153,12308.32
0,91,154,12308.32
0,91,155,12308.32
0,91,156,12308.32
0,91,157,12308.32
0,91,158,12308.32
0,91,159,12308.32
0,91,160,12308.32
0,91,161,12308.32
0,91,162,12308.32
0,91,163,12308.32
0,91,164,12308.32
0,91,165,12308.32
0,91,166,12308.32
0,91,167,12308.32
0,91,168,12308.32
0,91,169,12308.32
0,91,170,12308.32
0,91,171,12308.32
0,91,172,12308.32
0,91,173,12308.32
0,91,174,12308.32
0,91,175,12308.32
0,91,176,12308.32
0,91,177,12308.32
0,91,178,12308.32
0,91,179,12308.32
0,91,180,12308.32
0,91,181,12308.32
0,91,182,12308.32
0,91,183,12308.32
0,91,184,12308.32
0,91,185,12308.32
0,91,186,12308.32
28,91,187,12308.32
28,91,188,12308.32
28,91,189,12308.32
31,91,223,12308.32
31,91,224,12308.32
31,91,225,12308.32
31,91,226,12308.32
0,91,227,12308.32
0,91,228,12308.32
0,91,229,12308.32
0,91,230,12308.32
0,91,231,12308.32
0,91,232,12308.32
0,91,233,12308.32
0,91,234,12308.32
0,91,235,12308.32
0,91,236,12308.32
0,91,237,12308.32
0,91,238,12308.32
0,91,239,12308.32
0,91,240,12308.32
0,91,241,12308.32
0,91,242,12308.32
0,91,243,12308.32
0,91,244,12308.32
0,91,245,12308.32
0,91,246,12308.32
0,91,247,12308.32
0,91,248,12308.32
0,91,249,12308.32
0,91,250,12308.32
0,91,251,12308.32
0,91,252,12308.32
0,91,253,12308.32
0,91,254,12308.32
0,91,255,12308.32
0,91,256,12308.32
0,91,257,12308.32
0,91,258,12308.32
0,91,259,12308.32
0,91,260,12308.32
0,91,261,12308.32
0,91,262,12308.32
0,91,263,12308.32
0,91,264,12308.32
0,91,265,12308.32
0,91,266,12308.32
0,91,267,12308.32
0,91,268,12308.32
0,91,269,12308.32
0,91,270,12308.32
0,91,271,12308.32
0,91,272,12308.32
0,91,273,12308.32
0,91,274,12308.32
0,91,275,12308.32
0,91,276,12308.32
0,91,277,12308.32
0,91,278,12308.32
0,91,279,12308.32
0,91,280,12308.32
36,91,285,12308.32
36,91,286,12308.32
36,91,287,12308.32
36,91,288,12308.32
36,91,289,12308.32
36,91,290,12308.32
38,91,298,12308.32
38,91,299,12308.32
38,91,300,12308.32
38,91,301,12308.32
38,91,302,12308.32
38,91,304,12308.32
38,91,305,12308.32
38,91,306,12308.32
38,91,307,12308.32
38,91,308,12308.32
38,91,309,12308.32
38,91,310,12308.32
38,91,311,12308.32
0,91,315,12308.32
0,91,316,12308.32
0,91,317,12308.32
0,91,318,12308.32
0,91,319,12308.32
0,91,320,12308.32
0,91,321,12308.32
0,91,322,12308.32
0,91,323,12308.32
0,91,324,12308.32
0,91,325,12308.32
0,91,326,12308.32
0,91,327,12308.32
0,91,328,12308.32
0,91,329,12308.32
0,91,330,12308.32
0,91,331,12308.32
0,91,332,12308.32
0,91,333,12308.32
0,91,334,12308.32
0,91,335,12308.32
0,91,336,12308.32
0,91,337,12308.32
0,91,338,12308.32
0,91,339,12308.32
0,91,340,12308.32
0,91,341,12308.32
0,91,342,12308.32
0,91,343,12308.32
0,91,344,12308.32
0,91,345,12308.32
0,91,346,12308.32
0,91,347,12308.32
0,91,348,12308.32
0,91,349,12308.32
0,91,350,12308.32
0,91,351,12308.32
0,91,352,12308.32
0,91,353,12308.32
0,91,354,12308.32
0,91,355,12308.32
0,91,356,12308.32
0,91,357,12308.32
0,91,358,12308.32
0,91,359,12308.32
0,91,360,12308.32
0,92,1,12304.67
0,92,2,12304.67
0,92,3,12304.67
0,92,4,12304.67
0,92,5,12304.67
0,92,6,12304.67
0,92,7,12304.67
0,92,8,12304.67
0,92,9,12304.67
0,92,10,12304.67
0,92,11,12304.67
0,92,12,12304.67
0,92,13,12304.67
0,92,14,12304.67
0,92,15,12304.67
0,92,16,12304.67
0,92,17,12304.67
0,92,18,12304.67
0,92,19,12304.67
0,92,20,12304.67
0,92,21,12304.67
0,92,22,12304.67
0,92,23,12304.67
0,92,24,12304.67
0,92,25,12304.67
0,92,26,12304.67
0,92,27,12304.67
0,92,28,12304.67
0,92,29,12304.67
0,92,30,12304.67
0,92,31,12304.67
0,92,32,12304.67
0,92,33,12304.67
0,92,34,12304.67
0,92,35,12304.67
0,92,36,12304.67
0,92,37,12304.67
0,92,38,12304.67
0,92,39,12304.67
0,92,40,12304.67
0,92,41,12304.67
0,92,42,12304.67
0,92,43,12304.67
0,92,44,12304.67
0,92,45,12304.67
0,92,46,12304.67
0,92,47,12304.67
0,92,48,12304.67
0,92,49,12304.67
0,92,50,12304.67
0,92,51,12304.67
0,92,52,12304.67
0,92,53,12304.67
0,92,54,12304.67
0,92,55,12304.67
0,92,56,12304.67
0,92,57,12304.67
0,92,58,12304.67
0,92,59,12304.67
0,92,60,12304.67
0,92,61,12304.67
0,92,62,12304.67
0,92,63,12304.67
0,92,64,12304.67
0,92,65,12304.67
0,92,66,12304.67
0,92,67,12304.67
0,92,68,12304.67
0,92,69,12304.67
0,92,70,12304.67
0,92,71,12304.67
0,92,72,12304.67
0,92,73,12304.67
0,92,74,12304.67
0,92,75,12304.67
0,92,76,12304.67
0,92,77,12304.67
0,92,78,12304.67
0,92,79,12304.67
0,92,80,12304.67
0,92,81,12304.67
0,92,82,12304.67
0,92,83,12304.67
0,92,84,12304.67
0,92,85,12304.67
0,92,86,12304.67
0,92,87,12304.67
0,92,88,12304.67
0,92,89,12304.67
0,92,90,12304.67
0,92,91,12304.67
0,92,92,12304.67
0,92,93,12304.67
0,92,94,12304.67
0,92,95,12304.67
0,92,96,12304.67
0,92,97,12304.67
0,92,98,12304.67
11,92,99,12304.67
17,92,136,12304.67
17,92,137,12304.67
17,92,138,12304.67
17,92,139,12304.67
16,92,140,12304.67
16,92,141,12304.67
16,92,142,12304.67
16,92,143,12304.67
16,92,144,12304.67
16,92,145,12304.67
16,92,146,12304.67
0,92,147,12304.67
0,92,148,12304.67
0,92,149,12304.67
0,92,150,12304.67
0,92,151,12304.67
0,92,152,12304.67
0,92,153,12304.67
0,92,154,12304.67
0,92,155,12304.67
0,92,156,12304.67
0,92,157,12304.67
0,92,158,12304.67
0,92,159,12304.67
0,92,160,12304.67
0,92,161,12304.67
0,92,162,12304.67
0,92,163,12304.67
0,92,164,12304.67
0,92,165,12304.67
0,92,166,12304.67
0,92,167,12304.67
0,92,168,12304.67
0,92,169,12304.67
0,92,170,12304.67
0,92,171,12304.67
0,92,172,12304.67
0,92,173,12304.67
0,92,174,12304.67
0,92,175,12304.67
0,92,176,12304.67
0,92,177,12304.67
0,92,178,12304.67
0,92,179,12304.67
0,92,180,12304.67
0,92,181,12304.67
0,92,182,12304.67
0,92,183,12304.67
0,92,184,12304.67
0,92,185,12304.67
0,92,186,12304.67
28,92,187,12304.67
28,92,188,12304.67
28,92,189,12304.67
31,92,222,12304.67
31,92,223,12304.67
31,92,224,12304.67
31,92,225,12304.67
0,92,226,12304.67
0,92,227,12304.67
0,92,228,12304.67
0,92,229,12304.67
0,92,230,12304.67
0,92,231,12304.67
0,92,232,12304.67
0,92,233,12304.67
0,92,234,12304.67
0,92,235,12304.67
0,92,236,12304.67
0,92,237,12304.67
0,92,238,12304.67
0,92,239,12304.67
0,92,240,12304.67
0,92,241,12304.67
0,92,242,12304.67
0,92,243,12304.67
0,92,244,12304.67
0,92,245,12304.67
0,92,246,12304.67
0,92,247,12304.67
0,92,248,12304.67
0,92,249,12304.67
0,92,250,12304.67
0,92,251,12304.67
0,92,252,12304.67
0,92,253,12304.67
0,92,254,12304.67
0,92,255,12304.67
0,92,256,12304.67
0,92,257,12304.67
0,92,258,12304.67
0,92,259,12304.67
0,92,260,12304.67
0,92,261,12304.67
0,92,262,12304.67
0,92,263,12304.67
0,92,264,12304.67
0,92,265,12304.67
0,92,266,12304.67
0,92,267,12304.67
0,92,268,12304.67
0,92,269,12304.67
0,92,270,12304.67
0,92,271,12304.67
0,92,272,12304.67
0,92,273,12304.67
0,92,274,12304.67
0,92,275,12304.67
0,92,276,12304.67
0,92,277,12304.67
0,92,278,12304.67
0,92,279,12304.67
0,92,280,12304.67
0,92,281,12304.67
36,92,287,12304.67
36,92,288,12304.67
36,92,289,12304.67
36,92,290,12304.67
38,92,297,12304.67
38,92,298,12304.67
38,92,299,12304.67
38,92,303,12304.67
38,92,304,12304.67
38,92,305,12304.67
38,92,306,12304.67
38,92,307,12304.67
38,92,308,12304.67
38,92,309,12304.67
38,92,310,12304.67
38,92,311,12304.67
38,92,312,12304.67
0,92,315,12304.67
0,92,316,12304.67
0,92,317,12304.67
0,92,320,12304.67
0,92,321,12304.67
0,92,322,12304.67
0,92,323,12304.67
0,92,324,12304.67
0,92,325,12304.67
0,92,326,12304.67
0,92,327,12304.67
0,92,328,12304.67
0,92,329,12304.67
0,92,330,12304.67
0,92,331,12304.67
0,92,332,12304.67
0,92,333,12304.67
0,92,334,12304.67
0,92,335,12304.67
0,92,336,12304.67
0,92,337,12304.67
0,92,338,12304.67
0,92,339,12304.67
0,92,340,12304.67
0,92,341,12304.67
0,92,342,12304.67
0,92,343,12304.67
0,92,344,12304.67
0,92,345,12304.67
0,92,346,12304.67
0,92,347,12304.67
0,92,348,12304.67
0,92,349,12304.67
0,92,350,12304.67
0,92,351,12304.67
0,92,352,12304.67
0,92,353,12304.67
0,92,354,12304.67
0,92,355,12304.67
0,92,356,12304.67
0,92,357,12304.67
0,92,358,12304.67
0,92,359,12304.67
0,92,360,12304.67
0,93,1,12297.38
0,93,2,12297.38
0,93,3,12297.38
0,93,4,12297.38
0,93,5,12297.38
0,93,6,12297.38
0,93,7,12297.38
0,93,8,12297.38
0,93,9,12297.38
0,93,10,12297.38
0,93,11,12297.38
0,93,12,12297.38
0,93,13,12297.38
0,93,14,12297.38
0,93,15,12297.38
0,93,16,12297.38
0,93,17,12297.38
0,93,18,12297.38
0,93,19,12297.38
0,93,20,12297.38
0,93,21,12297.38
0,93,22,12297.38
0,93,23,12297.38
0,93,24,12297.38
0,93,25,12297.38
0,93,26,12297.38
0,93,27,12297.38
0,93,28,12297.38
0,93,29,12297.38
0,93,30,12297.38
0,93,31,12297.38
0,93,32,12297.38
0,93,33,12297.38
0,93,34,12297.38
0,93,35,12297.38
0,93,36,12297.38
0,93,37,12297.38
0,93,38,12297.38
0,93,39,12297.38
0,93,40,12297.38
0,93,41,12297.38
0,93,42,12297.38
0,93,43,12297.38
0,93,44,12297.38
0,93,45,12297.38
0,93,46,12297.38
0,93,47,12297.38
0,93,48,12297.38
0,93,49,12297.38
0,93,50,12297.38
0,93,51,12297.38
0,93,52,12297.38
0,93,53,12297.38
0,93,54,12297.38
0,93,55,12297.38
0,93,56,12297.38
0,93,57,12297.38
0,93,58,12297.38
0,93,59,12297.38
0,93,60,12297.38
0,93,61,12297.38
0,93,62,12297.38
0,93,63,12297.38
0,93,64,12297.38
0,93,65,12297.38
0,93,66,12297.38
0,93,67,12297.38
0,93,68,12297.38
0,93,69,12297.38
0,93,70,12297.38
0,93,71,12297.38
0,93,72,12297.38
0,93,73,12297.38
0,93,74,12297.38
0,93,75,12297.38
0,93,76,12297.38
0,93,77,12297.38
0,93,78,12297.38
0,93,79,12297.38
0,93,80,12297.38
0,93,81,12297.38
0,93,82,12297.38
0,93,83,12297.38
0,93,84,12297.38
0,93,85,12297.38
0,93,86,12297.38
0,93,87,12297.38
0,93,88,12297.38
0,93,89,12297.38
0,93,90,12297.38
0,93,91,12297.38
0,93,92,12297.38
0,93,93,12297.38
0,93,94,12297.38
0,93,95,12297.38
0,93,96,12297.38
0,93,97,12297.38
0,93,98,12297.38
11,93,99,12297.38
11,93,100,12297.38
16,93,141,12297.38
16,93,142,12297.38
16,93,143,12297.38
16,93,144,12297.38
16,93,145,12297.38
16,93,146,12297.38
16,93,147,12297.38
0,93,148,12297.38
0,93,149,12297.38
0,93,150,12297.38
0,93,151,12297.38
0,93,152,12297.38
0,93,153,12297.38
0,93,154,12297.38
0,93,155,12297.38
0,93,156,12297.38
0,93,157,12297.38
0,93,158,12297.38
0,93,159,12297.38
0,93,160,12297.38
0,93,161,12297.38
0,93,162,12297.38
0,93,163,12297.38
0,93,164,12297.38
0,93,165,12297.38
0,93,166,12297.38
0,93,167,12297.38
0,93,168,12297.38
0,93,169,12297.38
0,93,170,12297.38
0,93,171,12297.38
0,93,172,12297.38
0,93,173,12297.38
0,93,174,12297.38
0,93,175,12297.38
0,93,176,12297.38
0,93,177,12297.38
0,93,178,12297.38
0,93,179,12297.38
0,93,180,12297.38
0,93,181,12297.38
0,93,182,12297.38
0,93,183,12297.38
0,93,184,12297.38
0,93,185,12297.38
0,93,186,12297.38
0,93,187,12297.38
28,93,188,12297.38
28,93,189,12297.38
28,93,190,12297.38
31,93,221,12297.38
31,93,222,12297.38
31,93,223,12297.38
31,93,224,12297.38
0,93,225,12297.38
0,93,226,12297.38
0,93,227,12297.38
0,93,228,12297.38
0,93,229,12297.38
0,93,230,12297.38
0,93,231,12297.38
0,93,232,12297.38
0,93,233,12297.38
0,93,234,12297.38
0,93,235,12297.38
0,93,236,12297.38
0,93,237,12297.38
0,93,238,12297.38
0,93,239,12297.38
0,93,240,12297.38
0,93,241,12297.38
0,93,242,12297.38
0,93,243,12297.38
0,93,244,12297.38
0,93,245,12297.38
0,93,246,12297.38
0,93,247,12297.38
0,93,248,12297.38
0,93,249,12297.38
0,93,250,12297.38
0,93,251,12297.38
0,93,252,12297.38
0,93,253,12297.38
0,93,254,12297.38
0,93,255,12297.38
0,93,256,12297.38
0,93,257,12297.38
0,93,258,12297.38
0,93,259,12297.38
0,93,260,12297.38
0,93,261,12297.38
0,93,262,12297.38
0,93,263,12297.38
0,93,264,12297.38
0,93,265,12297.38
0,93,266,12297.38
0,93,267,12297.38
0,93,268,12297.38
0,93,269,12297.38
0,93,270,12297.38
0,93,271,12297.38
0,93,272,12297.38
0,93,273,12297.38
0,93,274,12297.38
0,93,275,12297.38
0,93,276,12297.38
0,93,277,12297.38
0,93,278,12297.38
0,93,279,12297.38
0,93,280,12297.38
0,93,281,12297.38
38,93,287,12297.38
38,93,288,12297.38
38,93,289,12297.38
38,93,290,12297.38
38,93,291,12297.38
38,93,297,12297.38
38,93,298,12297.38
38,93,299,12297.38
38,93,303,12297.38
38,93,304,12297.38
38,93,305,12297.38
38,93,306,12297.38
38,93,307,12297.38
38,93,308,12297.38
38,93,309,12297.38
38,93,311,12297.38
38,93,312,12297.38
38,93,313,12297.38
0,93,316,12297.38
0,93,323,12297.38
0,93,324,12297.38
0,93,325,12297.38
0,93,326,12297.38
0,93,327,12297.38
0,93,328,12297.38
0,93,329,12297.38
0,93,330,12297.38
0,93,331,12297.38
0,93,332,12297.38
0,93,333,12297.38
0,93,334,12297.38
0,93,335,12297.38
0,93,336,12297.38
0,93,337,12297.38
0,93,338,12297.38
0,93,339,12297.38
0,93,340,12297.38
0,93,341,12297.38
0,93,342,12297.38
0,93,343,12297.38
0,93,344,12297.38
0,93,345,12297.38
0,93,346,12297.38
0,93,347,12297.38
0,93,348,12297.38
0,93,349,12297.38
0,93,350,12297.38
0,93,351,12297.38
0,93,352,12297.38
0,93,353,12297.38
0,93,354,12297.38
0,93,355,12297.38
0,93,356,12297.38
0,93,357,12297.38
0,93,358,12297.38
0,93,359,12297.38
0,93,360,12297.38
0,94,1,12286.43
0,94,2,12286.43
0,94,3,12286.43
0,94,4,12286.43
0,94,5,12286.43
0,94,6,12286.43
0,94,7,12286.43
0,94,8,12286.43
0,94,9,12286.43
0,94,10,12286.43
0,94,11,12286.43
0,94,12,12286.43
0,94,13,12286.43
0,94,14,12286.43
0,94,15,12286.43
0,94,16,12286.43
0,94,17,12286.43
0,94,18,12286.43
0,94,19,12286.43
0,94,20,12286.43
0,94,21,12286.43
0,94,22,12286.43
0,94,23,12286.43
0,94,24,12286.43
0,94,25,12286.43
0,94,26,12286.43
0,94,27,12286.43
0,94,28,12286.43
0,94,29,12286.43
0,94,30,12286.43
0,94,31,12286.43
0,94,32,12286.43
0,94,33,12286.43
0,94,34,12286.43
0,94,35,12286.43
0,94,36,12286.43
0,94,37,12286.43
0,94,38,12286.43
0,94,39,12286.43
0,94,40,12286.43
0,94,41,12286.43
0,94,42,12286.43
0,94,43,12286.43
0,94,44,12286.43
0,94,45,12286.43
0,94,46,12286.43
0,94,47,12286.43
0,94,48,12286.43
0,94,49,12286.43
0,94,50,12286.43
0,94,51,12286.43
0,94,52,12286.43
0,94,53,12286.43
0,94,54,12286.43
0,94,55,12286.43
0,94,56,12286.43
0,94,57,12286.43
0,94,58,12286.43
0,94,59,12286.43
0,94,60,12286.43
0,94,61,12286.43
0,94,62,12286.43
0,94,63,12286.43
0,94,64,12286.43
0,94,65,12286.43
0,94,66,12286.43
0,94,67,12286.43
0,94,68,12286.43
0,94,69,12286.43
0,94,70,12286.43
0,94,71,12286.43
0,94,72,12286.43
0,94,73,12286.43
0,94,74,12286.43
0,94,75,12286.43
0,94,76,12286.43
0,94,77,12286.43
0,94,78,12286.43
0,94,79,12286.43
0,94,80,12286.43
0,94,81,12286.43
0,94,82,12286.43
0,94,83,12286.43
0,94,84,12286.43
0,94,85,12286.43
0,94,86,12286.43
0,94,87,12286.43
0,94,88,12286.43
0,94,89,12286.43
0,94,90,12286.43
0,94,91,12286.43
0,94,92,12286.43
0,94,93,12286.43
0,94,94,12286.43
0,94,95,12286.43
0,94,96,12286.43
0,94,97,12286.43
0,94,98,12286.43
11,94,99,12286.43
16,94,143,12286.43
16,94,144,12286.43
16,94,145,12286.43
16,94,146,12286.43
16,94,147,12286.43
16,94,148,12286.43
0,94,149,12286.43
0,94,150,12286.43
0,94,151,12286.43
0,94,152,12286.43
0,94,153,12286.43
0,94,154,12286.43
0,94,155,12286.43
0,94,156,12286.43
0,94,157,12286.43
0,94,158,12286.43
0,94,159,12286.43
0,94,160,12286.43
0,94,161,12286.43
0,94,162,12286.43
0,94,163,12286.43
0,94,164,12286.43
0,94,165,12286.43
0,94,166,12286.43
0,94,167,12286.43
0,94,168,12286.43
0,94,169,12286.43
0,94,170,12286.43
0,94,171,12286.43
0,94,172,12286.43
0,94,173,12286.43
0,94,174,12286.43
0,94,175,12286.43
0,94,176,12286.43
0,94,177,12286.43
0,94,178,12286.43
0,94,179,12286.43
0,94,180,12286.43
0,94,181,12286.43
0,94,182,12286.43
0,94,183,12286.43
0,94,184,12286.43
0,94,185,12286.43
0,94,186,12286.43
0,94,187,12286.43
28,94,188,12286.43
28,94,189,12286.43
28,94,190,12286.43
28,94,191,12286.43
31,94,221,12286.43
31,94,222,12286.43
31,94,223,12286.43
31,94,224,12286.43
0,94,225,12286.43
0,94,226,12286.43
0,94,227,12286.43
0,94,228,12286.43
0,94,229,12286.43
0,94,230,12286.43
0,94,231,12286.43
0,94,232,12286.43
0,94,233,12286.43
0,94,234,12286.43
0,94,235,12286.43
0,94,236,12286.43
0,94,237,12286.43
0,94,238,12286.43
0,94,239,12286.43
0,94,240,12286.43
0,94,241,12286.43
0,94,242,12286.43
0,94,243,12286.43
0,94,244,12286.43
0,94,245,12286.43
0,94,246,12286.43
0,94,247,12286.43
0,94,248,12286.43
0,94,249,12286.43
0,94,250,12286.43
0,94,251,12286.43
0,94,252,12286.43
0,94,253,12286.43
0,94,254,12286.43
0,94,255,12286.43
0,94,256,12286.43
0,94,257,12286.43
0,94,258,12286.43
0,94,259,12286.43
0,94,260,12286.43
0,94,261,12286.43
0,94,262,12286.43
0,94,263,12286.43
0,94,264,12286.43
0,94,265,12286.43
0,94,266,12286.43
0,94,267,12286.43
0,94,268,12286.43
0,94,269,12286.43
0,94,270,12286.43
0,94,271,12286.43
0,94,272,12286.43
0,94,273,12286.43
0,94,274,12286.43
0,94,275,12286.43
0,94,276,12286.43
0,94,277,12286.43
0,94,278,12286.43
0,94,279,12286.43
0,94,280,12286.43
0,94,281,12286.43
0,94,282,12286.43
38,94,287,12286.43
38,94,288,12286.43
38,94,289,12286.43
38,94,290,12286.43
38,94,291,12286.43
38,94,292,12286.43
38,94,293,12286.43
38,94,294,12286.43
38,94,295,12286.43
38,94,296,12286.43
38,94,297,12286.43
38,94,298,12286.43
38,94,299,12286.43
38,94,300,12286.43
38,94,301,12286.43
38,94,304,12286.43
38,94,305,12286.43
38,94,306,12286.43
38,94,307,12286.43
38,94,308,12286.43
38,94,309,12286.43
38,94,310,12286.43
38,94,311,12286.43
38,94,312,12286.43
38,94,313,12286.43
38,94,314,12286.43
0,94,326,12286.43
0,94,327,12286.43
0,94,328,12286.43
0,94,329,12286.43
0,94,330,12286.43
0,94,331,12286.43
0,94,332,12286.43
0,94,333,12286.43
0,94,334,12286.43
0,94,335,12286.43
0,94,336,12286.43
0,94,337,12286.43
0,94,338,12286.43
0,94,339,12286.43
0,94,340,12286.43
0,94,341,12286.43
0,94,342,12286.43
0,94,343,12286.43
0,94,344,12286.43
0,94,345,12286.43
0,94,346,12286.43
0,94,347,12286.43
0,94,348,12286.43
0,94,349,12286.43
0,94,350,12286.43
0,94,351,12286.43
0,94,352,12286.43
0,94,353,12286.43
0,94,354,12286.43
0,94,355,12286.43
0,94,356,12286.43
0,94,357,12286.43
0,94,358,12286.43
0,94,359,12286.43
0,94,360,12286.43
0,95,1,12271.85
0,95,2,12271.85
0,95,3,12271.85
0,95,4,12271.85
0,95,5,12271.85
0,95,6,12271.85
0,95,7,12271.85
0,95,8,12271.85
0,95,9,12271.85
0,95,10,12271.85
0,95,11,12271.85
0,95,12,12271.85
0,95,13,12271.85
0,95,14,12271.85
0,95,15,12271.85
0,95,16,12271.85
0,95,17,12271.85
0,95,18,12271.85
0,95,19,12271.85
0,95,20,12271.85
0,95,21,12271.85
0,95,22,12271.85
0,95,23,12271.85
0,95,24,12271.85
0,95,25,12271.85
0,95,26,12271.85
0,95,27,12271.85
0,95,28,12271.85
0,95,29,12271.85
0,95,30,12271.85
0,95,31,12271.85
0,95,32,12271.85
0,95,33,12271.85
0,95,34,12271.85
0,95,35,12271.85
0,95,36,12271.85
0,95,37,12271.85
0,95,38,12271.85
0,95,39,12271.85
0,95,40,12271.85
0,95,41,12271.85
0,95,42,12271.85
0,95,43,12271.85
0,95,44,12271.85
0,95,45,12271.85
0,95,46,12271.85
0,95,47,12271.85
0,95,48,12271.85
0,95,49,12271.85
0,95,50,12271.85
0,95,51,12271.85
0,95,52,12271.85
0,95,53,12271.85
0,95,54,12271.85
0,95,55,12271.85
0,95,56,12271.85
0,95,57,12271.85
0,95,58,12271.85
0,95,59,12271.85
0,95,60,12271.85
0,95,61,12271.85
0,95,62,12271.85
0,95,63,12271.85
0,95,64,12271.85
0,95,65,12271.85
0,95,66,12271.85
0,95,67,12271.85
0,95,68,12271.85
0,95,69,12271.85
0,95,70,12271.85
0,95,71,12271.85
0,95,72,12271.85
0,95,73,12271.85
0,95,74,12271.85
0,95,75,12271.85
0,95,76,12271.85
0,95,77,12271.85
0,95,78,12271.85
0,95,79,12271.85
0,95,80,12271.85
0,95,81,12271.85
0,95,82,12271.85
0,95,83,12271.85
0,95,84,12271.85
0,95,85,12271.85
0,95,86,12271.85
0,95,87,12271.85
0,95,88,12271.85
0,95,89,12271.85
0,95,90,12271.85
0,95,91,12271.85
0,95,92,12271.85
0,95,93,12271.85
0,95,94,12271.85
0,95,95,12271.85
0,95,96,12271.85
0,95,97,12271.85
0,95,98,12271.85
13,95,99,12271.85
16,95,144,12271.85
16,95,145,12271.85
16,95,146,12271.85
16,95,147,12271.85
16,95,148,12271.85
0,95,149,12271.85
0,95,150,12271.85
0,95,151,12271.85
0,95,152,12271.85
0,95,153,12271.85
0,95,154,12271.85
0,95,155,12271.85
0,95,156,12271.85
0,95,157,12271.85
0,95,158,12271.85
0,95,159,12271.85
0,95,160,12271.85
0,95,161,12271.85
0,95,162,12271.85
0,95,163,12271.85
0,95,164,12271.85
0,95,165,12271.85
0,95,166,12271.85
0,95,167,12271.85
0,95,168,12271.85
0,95,169,12271.85
0,95,170,12271.85
0,95,171,12271.85
0,95,172,12271.85
0,95,173,12271.85
0,95,174,12271.85
0,95,175,12271.85
0,95,176,12271.85
0,95,177,12271.85
0,95,178,12271.85
0,95,179,12271.85
0,95,180,12271.85
0,95,181,12271.85
0,95,182,12271.85
0,95,183,12271.85
0,95,184,12271.85
0,95,185,12271.85
0,95,186,12271.85
0,95,187,12271.85
0,95,188,12271.85
28,95,189,12271.85
28,95,190,12271.85
28,95,191,12271.85
28,95,192,12271.85
31,95,220,12271.85
31,95,221,12271.85
31,95,222,12271.85
31,95,223,12271.85
0,95,224,12271.85
0,95,225,12271.85
0,95,226,12271.85
0,95,227,12271.85
0,95,228,12271.85
0,95,229,12271.85
0,95,230,12271.85
0,95,231,12271.85
0,95,232,12271.85
0,95,233,12271.85
0,95,234,12271.85
0,95,235,12271.85
0,95,236,12271.85
0,95,237,12271.85
0,95,238,12271.85
0,95,239,12271.85
0,95,240,12271.85
0,95,241,12271.85
0,95,242,12271.85
0,95,243,12271.85
0,95,244,12271.85
0,95,245,12271.85
0,95,246,12271.85
0,95,247,12271.85
0,95,248,12271.85
0,95,249,12271.85
0,95,250,12271.85
0,95,251,12271.85
0,95,252,12271.85
0,95,253,12271.85
0,95,254,12271.85
0,95,255,12271.85
0,95,256,12271.85
0,95,257,12271.85
0,95,258,12271.85
0,95,259,12271.85
0,95,260,12271.85
0,95,261,12271.85
0,95,262,12271.85
0,95,263,12271.85
0,95,264,12271.85
0,95,265,12271.85
0,95,266,12271.85
0,95,267,12271.85
0,95,268,12271.85
0,95,269,12271.85
0,95,270,12271.85
0,95,271,12271.85
0,95,272,12271.85
0,95,273,12271.85
0,95,274,12271.85
0,95,275,12271.85
0,95,276,12271.85
0,95,277,12271.85
0,95,278,12271.85
0,95,279,12271.85
0,95,280,12271.85
0,95,281,12271.85
0,95,282,12271.85
0,95,283,12271.85
0,95,284,12271.85
38,95,287,12271.85
38,95,288,12271.85
38,95,289,12271.85
38,95,290,12271.85
38,95,291,12271.85
38,95,292,12271.85
38,95,293,12271.85
38,95,294,12271.85
38,95,295,12271.85
38,95,296,12271.85
38,95,297,12271.85
38,95,298,12271.85
38,95,299,12271.85
38,95,301,12271.85
38,95,302,12271.85
38,95,303,12271.85
38,95,304,12271.85
38,95,305,12271.85
38,95,306,12271.85
38,95,307,12271.85
38,95,308,12271.85
38,95,309,12271.85
38,95,310,12271.85
38,95,311,12271.85
38,95,312,12271.85
38,95,313,12271.85
38,95,314,12271.85
38,95,315,12271.85
0,95,316,12271.85
0,95,317,12271.85
0,95,327,12271.85
0,95,328,12271.85
0,95,329,12271.85
0,95,330,12271.85
0,95,331,12271.85
0,95,333,12271.85
0,95,334,12271.85
0,95,335,12271.85
0,95,336,12271.85
0,95,337,12271.85
0,95,338,12271.85
0,95,339,12271.85
0,95,340,12271.85
0,95,341,12271.85
0,95,342,12271.85
0,95,343,12271.85
0,95,344,12271.85
0,95,345,12271.85
0,95,346,12271.85
0,95,347,12271.85
0,95,348,12271.85
0,95,349,12271.85
0,95,350,12271.85
0,95,351,12271.85
0,95,352,12271.85
0,95,353,12271.85
0,95,354,12271.85
0,95,355,12271.85
0,95,356,12271.85
0,95,357,12271.85
0,95,358,12271.85
0,95,359,12271.85
0,95,360,12271.85
0,96,1,12253.62
0,96,2,12253.62
0,96,3,12253.62
0,96,4,12253.62
0,96,5,12253.62
0,96,6,12253.62
0,96,7,12253.62
0,96,8,12253.62
0,96,9,12253.62
0,96,10,12253.62
0,96,11,12253.62
0,96,12,12253.62
0,96,13,12253.62
0,96,14,12253.62
0,96,15,12253.62
0,96,16,12253.62
0,96,17,12253.62
0,96,18,12253.62
0,96,19,12253.62
0,96,20,12253.62
0,96,21,12253.62
0,96,22,12253.62
0,96,23,12253.62
0,96,24,12253.62
0,96,25,12253.62
0,96,26,12253.62
0,96,27,12253.62
0,96,28,12253.62
0,96,29,12253.62
0,96,30,12253.62
0,96,31,12253.62
0,96,32,12253.62
0,96,33,12253.62
0,96,34,12253.62
0,96,35,12253.62
0,96,36,12253.62
0,96,37,12253.62
0,96,38,12253.62
0,96,39,12253.62
0,96,40,12253.62
0,96,41,12253.62
0,96,42,12253.62
0,96,43,12253.62
0,96,44,12253.62
0,96,45,12253.62
0,96,46,12253.62
0,96,47,12253.62
0,96,48,12253.62
0,96,49,12253.62
0,96,50,12253.62
0,96,51,12253.62
0,96,52,12253.62
0,96,53,12253.62
0,96,54,12253.62
0,96,55,12253.62
0,96,56,12253.62
0,96,57,12253.62
0,96,58,12253.62
0,96,59,12253.62
0,96,60,12253.62
0,96,61,12253.62
0,96,62,12253.62
0,96,63,12253.62
0,96,64,12253.62
0,96,65,12253.62
0,96,66,12253.62
0,96,67,12253.62
0,96,68,12253.62
0,96,69,12253.62
0,96,70,12253.62
0,96,71,12253.62
0,96,72,12253.62
0,96,73,12253.62
0,96,74,12253.62
0,96,75,12253.62
0,96,76,12253.62
0,96,77,12253.62
0,96,78,12253.62
0,96,79,12253.62
0,96,80,12253.62
0,96,81,12253.62
0,96,82,12253.62
0,96,83,12253.62
0,96,84,12253.62
0,96,85,12253.62
0,96,86,12253.62
0,96,87,12253.62
0,96,88,12253.62
0,96,89,12253.62
0,96,90,12253.62
0,96,91,12253.62
0,96,92,12253.62
0,96,93,12253.62
0,96,94,12253.62
0,96,95,12253.62
0,96,96,12253.62
0,96,97,12253.62
0,96,98,12253.62
13,96,99,12253.62
16,96,146,12253.62
16,96,147,12253.62
16,96,148,12253.62
0,96,149,12253.62
0,96,150,12253.62
0,96,151,12253.62
0,96,152,12253.62
0,96,153,12253.62
0,96,154,12253.62
0,96,155,12253.62
0,96,156,12253.62
0,96,157,12253.62
0,96,158,12253.62
0,96,159,12253.62
0,96,160,12253.62
0,96,161,12253.62
0,96,162,12253.62
0,96,163,12253.62
0,96,164,12253.62
0,96,165,12253.62
0,96,166,12253.62
0,96,167,12253.62
0,96,168,12253.62
0,96,169,12253.62
0,96,170,12253.62
0,96,171,12253.62
0,96,172,12253.62
0,96,173,12253.62
0,96,174,12253.62
0,96,175,12253.62
0,96,176,12253.62
0,96,177,12253.62
0,96,178,12253.62
0,96,179,12253.62
0,96,180,12253.62
0,96,181,12253.62
0,96,182,12253.62
0,96,183,12253.62
0,96,184,12253.62
0,96,185,12253.62
0,96,186,12253.62
0,96,187,12253.62
0,96,188,12253.62
28,96,189,12253.62
28,96,190,12253.62
28,96,191,12253.62
28,96,192,12253.62
31,96,220,12253.62
31,96,221,12253.62
31,96,222,12253.62
31,96,223,12253.62
0,96,224,12253.62
0,96,225,12253.62
0,96,226,12253.62
0,96,227,12253.62
0,96,228,12253.62
0,96,229,12253.62
0,96,230,12253.62
0,96,231,12253.62
0,96,232,12253.62
0,96,233,12253.62
0,96,234,12253.62
0,96,235,12253.62
0,96,236,12253.62
0,96,237,12253.62
0,96,238,12253.62
0,96,239,12253.62
0,96,240,12253.62
0,96,241,12253.62
0,96,242,12253.62
0,96,243,12253.62
0,96,244,12253.62
0,96,245,12253.62
0,96,246,12253.62
0,96,247,12253.62
0,96,248,12253.62
0,96,249,12253.62
0,96,250,12253.62
0,96,251,12253.62
0,96,252,12253.62
0,96,253,12253.62
0,96,254,12253.62
0,96,255,12253.62
0,96,256,12253.62
0,96,257,12253.62
0,96,258,12253.62
0,96,259,12253.62
0,96,260,12253.62
0,96,261,12253.62
0,96,262,12253.62
0,96,263,12253.62
0,96,264,12253.62
0,96,265,12253.62
0,96,266,12253.62
0,96,267,12253.62
0,96,268,12253.62
0,96,269,12253.62
0,96,270,12253.62
0,96,271,12253.62
0,96,272,12253.62
0,96,273,12253.62
0,96,274,12253.62
0,96,275,12253.62
0,96,276,12253.62
0,96,277,12253.62
0,96,278,12253.62
0,96,279,12253.62
0,96,280,12253.62
0,96,281,12253.62
0,96,282,12253.62
0,96,283,12253.62
0,96,284,12253.62
0,96,285,12253.62
0,96,286,12253.62
38,96,287,12253.62
38,96,288,12253.62
38,96,289,12253.62
38,96,290,12253.62
38,96,291,12253.62
38,96,292,12253.62
38,96,293,12253.62
38,96,294,12253.62
38,96,295,12253.62
38,96,296,12253.62
38,96,297,12253.62
38,96,298,12253.62
38,96,299,12253.62
38,96,300,12253.62
38,96,301,12253.62
38,96,302,12253.62
38,96,303,12253.62
38,96,304,12253.62
38,96,305,12253.62
38,96,306,12253.62
38,96,307,12253.62
38,96,308,12253.62
38,96,309,12253.62
38,96,310,12253.62
38,96,311,12253.62
38,96,312,12253.62
38,96,313,12253.62
38,96,314,12253.62
0,96,316,12253.62
0,96,317,12253.62
0,96,318,12253.62
0,96,328,12253.62
0,96,329,12253.62
0,96,332,12253.62
0,96,333,12253.62
0,96,334,12253.62
0,96,335,12253.62
0,96,336,12253.62
0,96,337,12253.62
0,96,338,12253.62
0,96,339,12253.62
0,96,340,12253.62
0,96,341,12253.62
0,96,342,12253.62
0,96,343,12253.62
0,96,344,12253.62
0,96,345,12253.62
0,96,346,12253.62
0,96,347,12253.62
0,96,348,12253.62
0,96,349,12253.62
0,96,350,12253.62
0,96,351,12253.62
0,96,352,12253.62
0,96,353,12253.62
0,96,354,12253.62
0,96,355,12253.62
0,96,356,12253.62
0,96,357,12253.62
0,96,358,12253.62
0,96,359,12253.62
0,96,360,12253.62
0,97,1,12231.75
0,97,2,12231.75
0,97,3,12231.75
0,97,4,12231.75
0,97,5,12231.75
0,97,6,12231.75
0,97,7,12231.75
0,97,8,12231.75
0,97,9,12231.75
0,97,10,12231.75
0,97,11,12231.75
0,97,12,12231.75
0,97,13,12231.75
0,97,14,12231.75
0,97,15,12231.75
0,97,16,12231.75
0,97,17,12231.75
0,97,18,12231.75
0,97,19,12231.75
0,97,20,12231.75
0,97,21,12231.75
0,97,22,12231.75
0,97,23,12231.75
0,97,24,12231.75
0,97,25,12231.75
0,97,26,12231.75
0,97,27,12231.75
0,97,28,12231.75
0,97,29,12231.75
0,97,30,12231.75
0,97,31,12231.75
0,97,32,12231.75
0,97,33,12231.75
0,97,34,12231.75
0,97,35,12231.75
0,97,36,12231.75
0,97,37,12231.75
0,97,38,12231.75
0,97,39,12231.75
0,97,40,12231.75
0,97,41,12231.75
0,97,42,12231.75
0,97,43,12231.75
0,97,44,12231.75
0,97,45,12231.75
0,97,46,12231.75
0,97,47,12231.75
0,97,48,12231.75
0,97,49,12231.75
0,97,50,12231.75
0,97,51,12231.75
0,97,52,12231.75
0,97,53,12231.75
0,97,54,12231.75
0,97,55,12231.75
0,97,56,12231.75
0,97,57,12231.75
0,97,58,12231.75
0,97,59,12231.75
0,97,60,12231.75
0,97,61,12231.75
0,97,62,12231.75
0,97,63,12231.75
0,97,64,12231.75
0,97,65,12231.75
0,97,66,12231.75
0,97,67,12231.75
0,97,68,12231.75
0,97,69,12231.75
0,97,70,12231.75
0,97,71,12231.75
0,97,72,12231.75
0,97,73,12231.75
0,97,74,12231.75
0,97,75,12231.75
0,97,76,12231.75
0,97,77,12231.75
0,97,78,12231.75
0,97,79,12231.75
0,97,80,12231.75
0,97,81,12231.75
0,97,82,12231.75
0,97,83,12231.75
0,97,84,12231.75
0,97,85,12231.75
0,97,86,12231.75
0,97,87,12231.75
0,97,88,12231.75
0,97,89,12231.75
0,97,90,12231.75
0,97,91,12231.75
0,97,92,12231.75
0,97,93,12231.75
0,97,94,12231.75
0,97,95,12231.75
0,97,96,12231.75
0,97,97,12231.75
13,97,98,12231.75
13,97,99,12231.75
13,97,100,12231.75
16,97,146,12231.75
16,97,147,12231.75
16,97,148,12231.75
0,97,149,12231.75
0,97,150,12231.75
0,97,151,12231.75
0,97,152,12231.75
0,97,153,12231.75
0,97,154,12231.75
0,97,155,12231.75
0,97,156,12231.75
0,97,157,12231.75
0,97,158,12231.75
0,97,159,12231.75
0,97,160,12231.75
0,97,161,12231.75
0,97,162,12231.75
0,97,163,12231.75
0,97,164,12231.75
0,97,165,12231.75
0,97,166,12231.75
0,97,167,12231.75
0,97,168,12231.75
0,97,169,12231.75
0,97,170,12231.75
0,97,171,12231.75
0,97,172,12231.75
0,97,173,12231.75
0,97,174,12231.75
0,97,175,12231.75
0,97,176,12231.75
0,97,177,12231.75
0,97,178,12231.75
0,97,179,12231.75
0,97,180,12231.75
0,97,181,12231.75
0,97,182,12231.75
0,97,183,12231.75
0,97,184,12231.75
0,97,185,12231.75
0,97,186,12231.75
0,97,187,12231.75
0,97,188,12231.75
28,97,189,12231.75
29,97,190,12231.75
29,97,191,12231.75
29,97,192,12231.75
29,97,193,12231.75
31,97,220,12231.75
31,97,221,12231.75
31,97,222,12231.75
31,97,223,12231.75
0,97,224,12231.75
0,97,225,12231.75
0,97,226,12231.75
0,97,227,12231.75
0,97,228,12231.75
0,97,229,12231.75
0,97,230,12231.75
0,97,231,12231.75
0,97,232,12231.75
0,97,233,12231.75
0,97,234,12231.75
0,97,235,12231.75
0,97,236,12231.75
0,97,237,12231.75
0,97,238,12231.75
0,97,239,12231.75
0,97,240,12231.75
0,97,241,12231.75
0,97,242,12231.75
0,97,243,12231.75
0,97,244,12231.75
0,97,245,12231.75
0,97,246,12231.75
0,97,247,12231.75
0,97,248,12231.75
0,97,249,12231.75
0,97,250,12231.75
0,97,251,12231.75
0,97,252,12231.75
0,97,253,12231.75
0,97,254,12231.75
0,97,255,12231.75
0,97,256,12231.75
0,97,257,12231.75
0,97,258,12231.75
0,97,259,12231.75
0,97,260,12231.75
0,97,261,12231.75
0,97,262,12231.75
0,97,263,12231.75
0,97,264,12231.75
0,97,265,12231.75
0,97,266,12231.75
0,97,267,12231.75
0,97,268,12231.75
0,97,269,12231.75
0,97,270,12231.75
0,97,271,12231.75
0,97,272,12231.75
0,97,273,12231.75
0,97,274,12231.75
0,97,275,12231.75
0,97,276,12231.75
0,97,277,12231.75
0,97,278,12231.75
0,97,279,12231.75
0,97,280,12231.75
0,97,281,12231.75
0,97,282,12231.75
0,97,283,12231.75
0,97,284,12231.75
0,97,285,12231.75
0,97,286,12231.75
38,97,293,12231.75
38,97,294,12231.75
38,97,295,12231.75
38,97,296,12231.75
38,97,297,12231.75
38,97,298,12231.75
38,97,299,12231.75
38,97,300,12231.75
38,97,301,12231.75
38,97,302,12231.75
38,97,303,12231.75
38,97,304,12231.75
38,97,305,12231.75
38,97,306,12231.75
38,97,307,12231.75
38,97,308,12231.75
38,97,309,12231.75
38,97,310,12231.75
38,97,311,12231.75
38,97,312,12231.75
38,97,313,12231.75
0,97,314,12231.75
0,97,315,12231.75
0,97,316,12231.75
0,97,317,12231.75
0,97,318,12231.75
0,97,319,12231.75
0,97,328,12231.75
0,97,329,12231.75
0,97,330,12231.75
0,97,331,12231.75
0,97,332,12231.75
0,97,333,12231.75
0,97,334,12231.75
0,97,335,12231.75
0,97,336,12231.75
0,97,337,12231.75
0,97,338,12231.75
0,97,339,12231.75
0,97,340,12231.75
0,97,341,12231.75
0,97,342,12231.75
0,97,343,12231.75
0,97,344,12231.75
0,97,345,12231.75
0,97,346,12231.75
0,97,347,12231.75
0,97,348,12231.75
0,97,349,12231.75
0,97,350,12231.75
0,97,351,12231.75
0,97,352,12231.75
0,97,353,12231.75
0,97,354,12231.75
0,97,355,12231.75
0,97,356,12231.75
0,97,357,12231.75
0,97,358,12231.75
0,97,359,12231.75
0,97,360,12231.75
0,98,1,12206.26
0,98,2,12206.26
0,98,3,12206.26
0,98,4,12206.26
0,98,5,12206.26
0,98,6,12206.26
0,98,7,12206.26
0,98,8,12206.26
0,98,9,12206.26
0,98,10,12206.26
0,98,11,12206.26
0,98,12,12206.26
0,98,13,12206.26
0,98,14,12206.26
0,98,15,12206.26
0,98,16,12206.26
0,98,17,12206.26
0,98,18,12206.26
0,98,19,12206.26
0,98,20,12206.26
0,98,21,12206.26
0,98,22,12206.26
0,98,23,12206.26
0,98,24,12206.26
0,98,25,12206.26
0,98,26,12206.26
0,98,27,12206.26
0,98,28,12206.26
0,98,29,12206.26
0,98,30,12206.26
0,98,31,12206.26
0,98,32,12206.26
0,98,33,12206.26
0,98,34,12206.26
0,98,35,12206.26
0,98,36,12206.26
0,98,37,12206.26
0,98,38,12206.26
0,98,39,12206.26
0,98,40,12206.26
0,98,41,12206.26
0,98,42,12206.26
0,98,43,12206.26
0,98,44,12206.26
0,98,45,12206.26
0,98,46,12206.26
0,98,47,12206.26
0,98,48,12206.26
0,98,49,12206.26
0,98,50,12206.26
0,98,51,12206.26
0,98,52,12206.26
0,98,53,12206.26
0,98,54,12206.26
0,98,55,12206.26
0,98,56,12206.26
0,98,57,12206.26
0,98,58,12206.26
0,98,59,12206.26
0,98,60,12206.26
0,98,61,12206.26
0,98,62,12206.26
0,98,63,12206.26
0,98,64,12206.26
0,98,65,12206.26
0,98,66,12206.26
0,98,67,12206.26
0,98,68,12206.26
0,98,69,12206.26
0,98,70,12206.26
0,98,71,12206.26
0,98,72,12206.26
0,98,73,12206.26
0,98,74,12206.26
0,98,75,12206.26
0,98,76,12206.26
0,98,77,12206.26
0,98,78,12206.26
0,98,79,12206.26
0,98,80,12206.26
0,98,81,12206.26
0,98,82,12206.26
0,98,83,12206.26
0,98,84,12206.26
0,98,85,12206.26
0,98,86,12206.26
0,98,87,12206.26
0,98,88,12206.26
0,98,89,12206.26
0,98,90,12206.26
0,98,91,12206.26
0,98,92,12206.26
0,98,93,12206.26
0,98,94,12206.26
0,98,95,12206.26
0,98,96,12206.26
0,98,97,12206.26
13,98,98,12206.26
13,98,99,12206.26
13,98,100,12206.26
13,98,101,12206.26
16,98,146,12206.26
16,98,147,12206.26
16,98,148,12206.26
0,98,149,12206.26
0,98,150,12206.26
0,98,151,12206.26
0,98,152,12206.26
0,98,153,12206.26
0,98,154,12206.26
0,98,155,12206.26
0,98,156,12206.26
0,98,157,12206.26
0,98,158,12206.26
0,98,159,12206.26
0,98,160,12206.26
0,98,161,12206.26
0,98,162,12206.26
0,98,163,12206.26
0,98,164,12206.26
0,98,165,12206.26
0,98,166,12206.26
0,98,167,12206.26
0,98,168,12206.26
0,98,169,12206.26
0,98,170,12206.26
0,98,171,12206.26
0,98,172,12206.26
0,98,173,12206.26
0,98,174,12206.26
0,98,175,12206.26
0,98,176,12206.26
0,98,177,12206.26
0,98,178,12206.26
0,98,179,12206.26
0,98,180,12206.26
0,98,181,12206.26
0,98,182,12206.26
0,98,183,12206.26
0,98,184,12206.26
0,98,185,12206.26
0,98,186,12206.26
0,98,187,12206.26
0,98,188,12206.26
0,98,189,12206.26
29,98,190,12206.26
29,98,191,12206.26
29,98,192,12206.26
29,98,193,12206.26
31,98,220,12206.26
31,98,221,12206.26
31,98,222,12206.26
31,98,223,12206.26
31,98,224,12206.26
0,98,225,12206.26
0,98,226,12206.26
0,98,227,12206.26
0,98,228,12206.26
0,98,229,12206.26
0,98,230,12206.26
0,98,231,12206.26
0,98,232,12206.26
0,98,233,12206.26
0,98,234,12206.26
0,98,235,12206.26
0,98,236,12206.26
0,98,237,12206.26
0,98,238,12206.26
0,98,239,12206.26
0,98,240,12206.26
0,98,241,12206.26
0,98,242,12206.26
0,98,243,12206.26
0,98,244,12206.26
0,98,245,12206.26
0,98,246,12206.26
0,98,247,12206.26
0,98,248,12206.26
0,98,249,12206.26
0,98,250,12206.26
0,98,251,12206.26
0,98,252,12206.26
0,98,253,12206.26
0,98,254,12206.26
0,98,255,12206.26
0,98,256,12206.26
0,98,257,12206.26
0,98,258,12206.26
0,98,259,12206.26
0,98,260,12206.26
0,98,261,12206.26
0,98,262,12206.26
0,98,263,12206.26
0,98,264,12206.26
0,98,265,12206.26
0,98,266,12206.26
0,98,267,12206.26
0,98,268,12206.26
0,98,269,12206.26
0,98,270,12206.26
0,98,271,12206.26
0,98,272,12206.26
0,98,273,12206.26
0,98,274,12206.26
0,98,275,12206.26
0,98,276,12206.26
0,98,277,12206.26
0,98,278,12206.26
0,98,279,12206.26
0,98,280,12206.26
0,98,281,12206.26
0,98,282,12206.26
0,98,283,12206.26
0,98,284,12206.26
0,98,285,12206.26
0,98,286,12206.26
0,98,287,12206.26
0,98,288,12206.26
0,98,289,12206.26
0,98,290,12206.26
38,98,295,12206.26
38,98,296,12206.26
38,98,297,12206.26
38,98,298,12206.26
38,98,299,12206.26
38,98,300,12206.26
38,98,301,12206.26
38,98,302,12206.26
38,98,303,12206.26
38,98,304,12206.26
38,98,305,12206.26
38,98,306,12206.26
38,98,307,12206.26
38,98,308,12206.26
38,98,309,12206.26
38,98,310,12206.26
38,98,311,12206.26
0,98,312,12206.26
0,98,313,12206.26
0,98,314,12206.26
0,98,315,12206.26
0,98,316,12206.26
0,98,317,12206.26
0,98,318,12206.26
0,98,325,12206.26
0,98,326,12206.26
0,98,329,12206.26
0,98,330,12206.26
0,98,331,12206.26
0,98,332,12206.26
0,98,333,12206.26
0,98,334,12206.26
0,98,335,12206.26
0,98,336,12206.26
0,98,337,12206.26
0,98,338,12206.26
0,98,339,12206.26
0,98,340,12206.26
0,98,341,12206.26
0,98,342,12206.26
0,98,343,12206.26
0,98,344,12206.26
0,98,345,12206.26
0,98,346,12206.26
0,98,347,12206.26
0,98,348,12206.26
0,98,349,12206.26
0,98,350,12206.26
0,98,351,12206.26
0,98,352,12206.26
0,98,353,12206.26
0,98,354,12206.26
0,98,355,12206.26
0,98,356,12206.26
0,98,357,12206.26
0,98,358,12206.26
0,98,359,12206.26
0,98,360,12206.26
0,99,1,12177.14
0,99,2,12177.14
0,99,3,12177.14
0,99,4,12177.14
0,99,5,12177.14
0,99,6,12177.14
0,99,7,12177.14
0,99,8,12177.14
0,99,9,12177.14
0,99,10,12177.14
0,99,11,12177.14
0,99,12,12177.14
0,99,13,12177.14
0,99,14,12177.14
0,99,15,12177.14
0,99,16,12177.14
0,99,17,12177.14
0,99,18,12177.14
0,99,19,12177.14
0,99,20,12177.14
0,99,21,12177.14
0,99,22,12177.14
0,99,23,12177.14
0,99,24,12177.14
0,99,25,12177.14
0,99,26,12177.14
0,99,27,12177.14
0,99,28,12177.14
0,99,29,12177.14
0,99,30,12177.14
0,99,31,12177.14
0,99,32,12177.14
0,99,33,12177.14
0,99,34,12177.14
0,99,35,12177.14
0,99,36,12177.14
0,99,37,12177.14
0,99,38,12177.14
0,99,39,12177.14
0,99,40,12177.14
0,99,41,12177.14
0,99,42,12177.14
0,99,43,12177.14
0,99,44,12177.14
0,99,45,12177.14
0,99,46,12177.14
0,99,47,12177.14
0,99,48,12177.14
0,99,49,12177.14
0,99,50,12177.14
0,99,51,12177.14
0,99,52,12177.14
0,99,53,12177.14
0,99,54,12177.14
0,99,55,12177.14
0,99,56,12177.14
0,99,57,12177.14
0,99,58,12177.14
0,99,59,12177.14
0,99,60,12177.14
0,99,61,12177.14
0,99,62,12177.14
0,99,63,12177.14
0,99,64,12177.14
0,99,65,12177.14
0,99,66,12177.14
0,99,67,12177.14
0,99,68,12177.14
0,99,69,12177.14
0,99,70,12177.14
0,99,71,12177.14
0,99,72,12177.14
0,99,73,12177.14
0,99,74,12177.14
0,99,75,12177.14
0,99,76,12177.14
0,99,77,12177.14
0,99,78,12177.14
0,99,79,12177.14
0,99,80,12177.14
0,99,81,12177.14
0,99,82,12177.14
0,99,83,12177.14
0,99,84,12177.14
0,99,85,12177.14
0,99,86,12177.14
0,99,87,12177.14
0,99,88,12177.14
0,99,89,12177.14
0,99,90,12177.14
0,99,91,12177.14
0,99,92,12177.14
0,99,93,12177.14
0,99,94,12177.14
0,99,95,12177.14
0,99,96,12177.14
0,99,97,12177.14
13,99,98,12177.14
13,99,99,12177.14
13,99,100,12177.14
13,99,101,12177.14
16,99,146,12177.14
16,99,147,12177.14
16,99,148,12177.14
0,99,149,12177.14
0,99,150,12177.14
0,99,151,12177.14
0,99,152,12177.14
0,99,153,12177.14
0,99,154,12177.14
0,99,155,12177.14
0,99,156,12177.14
0,99,157,12177.14
0,99,158,12177.14
0,99,159,12177.14
0,99,160,12177.14
0,99,161,12177.14
0,99,162,12177.14
0,99,163,12177.14
0,99,164,12177.14
0,99,165,12177.14
0,99,166,12177.14
0,99,167,12177.14
0,99,168,12177.14
0,99,169,12177.14
0,99,170,12177.14
0,99,171,12177.14
0,99,172,12177.14
0,99,173,12177.14
0,99,174,12177.14
0,99,175,12177.14
0,99,176,12177.14
0,99,177,12177.14
0,99,178,12177.14
0,99,179,12177.14
0,99,180,12177.14
0,99,181,12177.14
0,99,182,12177.14
0,99,183,12177.14
0,99,184,12177.14
0,99,185,12177.14
0,99,186,12177.14
0,99,187,12177.14
0,99,188,12177.14
0,99,189,12177.14
29,99,190,12177.14
29,99,191,12177.14
29,99,192,12177.14
29,99,193,12177.14
31,99,220,12177.14
31,99,221,12177.14
31,99,222,12177.14
31,99,223,12177.14
31,99,224,12177.14
0,99,225,12177.14
0,99,226,12177.14
0,99,227,12177.14
0,99,228,12177.14
0,99,229,12177.14
0,99,230,12177.14
0,99,231,12177.14
0,99,232,12177.14
0,99,233,12177.14
0,99,234,12177.14
0,99,235,12177.14
0,99,236,12177.14
0,99,237,12177.14
0,99,238,12177.14
0,99,239,12177.14
0,99,240,12177.14
0,99,241,12177.14
0,99,242,12177.14
0,99,243,12177.14
0,99,244,12177.14
0,99,245,12177.14
0,99,246,12177.14
0,99,247,12177.14
0,99,248,12177.14
0,99,249,12177.14
0,99,250,12177.14
0,99,251,12177.14
0,99,252,12177.14
0,99,253,12177.14
0,99,254,12177.14
0,99,255,12177.14
0,99,256,12177.14
0,99,257,12177.14
0,99,258,12177.14
0,99,259,12177.14
0,99,260,12177.14
0,99,261,12177.14
0,99,262,12177.14
0,99,263,12177.14
0,99,264,12177.14
0,99,265,12177.14
0,99,266,12177.14
0,99,267,12177.14
0,99,268,12177.14
0,99,269,12177.14
0,99,270,12177.14
0,99,271,12177.14
0,99,272,12177.14
0,99,273,12177.14
0,99,274,12177.14
0,99,275,12177.14
0,99,276,12177.14
0,99,277,12177.14
0,99,278,12177.14
0,99,279,12177.14
0,99,280,12177.14
0,99,281,12177.14
0,99,282,12177.14
0,99,283,12177.14
0,99,284,12177.14
0,99,285,12177.14
0,99,286,12177.14
0,99,287,12177.14
0,99,288,12177.14
0,99,289,12177.14
0,99,290,12177.14
0,99,291,12177.14
0,99,292,12177.14
0,99,293,12177.14
0,99,294,12177.14
0,99,295,12177.14
0,99,296,12177.14
0,99,297,12177.14
38,99,299,12177.14
38,99,300,12177.14
38,99,301,12177.14
38,99,302,12177.14
38,99,303,12177.14
38,99,304,12177.14
38,99,305,12177.14
0,99,307,12177.14
0,99,308,12177.14
0,99,309,12177.14
0,99,310,12177.14
0,99,311,12177.14
0,99,312,12177.14
0,99,313,12177.14
0,99,314,12177.14
0,99,315,12177.14
0,99,316,12177.14
0,99,317,12177.14
0,99,318,12177.14
0,99,319,12177.14
0,99,320,12177.14
0,99,321,12177.14
0,99,324,12177.14
0,99,325,12177.14
0,99,326,12177.14
0,99,327,12177.14
0,99,330,12177.14
0,99,331,12177.14
0,99,332,12177.14
0,99,333,12177.14
0,99,334,12177.14
0,99,335,12177.14
0,99,336,12177.14
0,99,337,12177.14
0,99,338,12177.14
0,99,339,12177.14
0,99,340,12177.14
0,99,341,12177.14
0,99,342,12177.14
0,99,343,12177.14
0,99,344,12177.14
0,99,345,12177.14
0,99,346,12177.14
0,99,347,12177.14
0,99,348,12177.14
0,99,349,12177.14
0,99,350,12177.14
0,99,351,12177.14
0,99,352,12177.14
0,99,353,12177.14
0,99,354,12177.14
0,99,355,12177.14
0,99,356,12177.14
0,99,357,12177.14
0,99,358,12177.14
0,99,359,12177.14
0,99,360,12177.14
0,100,1,12144.4
0,100,2,12144.4
0,100,3,12144.4
0,100,4,12144.4
0,100,5,12144.4
0,100,6,12144.4
0,100,7,12144.4
0,100,8,12144.4
0,100,9,12144.4
0,100,10,12144.4
0,100,11,12144.4
0,100,12,12144.4
0,100,13,12144.4
0,100,14,12144.4
0,100,15,12144.4
0,100,16,12144.4
0,100,17,12144.4
0,100,18,12144.4
0,100,19,12144.4
0,100,20,12144.4
0,100,21,12144.4
0,100,22,12144.4
0,100,23,12144.4
0,100,24,12144.4
0,100,25,12144.4
0,100,26,12144.4
0,100,27,12144.4
0,100,28,12144.4
0,100,29,12144.4
0,100,30,12144.4
0,100,31,12144.4
0,100,32,12144.4
0,100,33,12144.4
0,100,34,12144.4
0,100,35,12144.4
0,100,36,12144.4
0,100,37,12144.4
0,100,38,12144.4
0,100,39,12144.4
0,100,40,12144.4
0,100,41,12144.4
0,100,42,12144.4
0,100,43,12144.4
0,100,44,12144.4
0,100,45,12144.4
0,100,46,12144.4
0,100,47,12144.4
0,100,48,12144.4
0,100,49,12144.4
0,100,50,12144.4
0,100,51,12144.4
0,100,52,12144.4
0,100,53,12144.4
0,100,54,12144.4
0,100,55,12144.4
0,100,56,12144.4
0,100,57,12144.4
0,100,58,12144.4
0,100,59,12144.4
0,100,60,12144.4
0,100,61,12144.4
0,100,62,12144.4
0,100,63,12144.4
0,100,64,12144.4
0,100,65,12144.4
0,100,66,12144.4
0,100,67,12144.4
0,100,68,12144.4
0,100,69,12144.4
0,100,70,12144.4
0,100,71,12144.4
0,100,72,12144.4
0,100,73,12144.4
0,100,74,12144.4
0,100,75,12144.4
0,100,76,12144.4
0,100,77,12144.4
0,100,78,12144.4
0,100,79,12144.4
0,100,80,12144.4
0,100,81,12144.4
0,100,82,12144.4
0,100,83,12144.4
0,100,84,12144.4
0,100,85,12144.4
0,100,86,12144.4
0,100,87,12144.4
0,100,88,12144.4
0,100,89,12144.4
0,100,90,12144.4
0,100,91,12144.4
0,100,92,12144.4
0,100,93,12144.4
0,100,94,12144.4
0,100,95,12144.4
0,100,96,12144.4
0,100,97,12144.4
13,100,98,12144.4
13,100,99,12144.4
13,100,100,12144.4
13,100,101,12144.4
13,100,102,12144.4
16,100,145,12144.4
16,100,146,12144.4
16,100,147,12144.4
0,100,148,12144.4
0,100,149,12144.4
0,100,150,12144.4
0,100,151,12144.4
0,100,152,12144.4
0,100,153,12144.4
0,100,154,12144.4
0,100,155,12144.4
0,100,156,12144.4
0,100,157,12144.4
0,100,158,12144.4
0,100,159,12144.4
0,100,160,12144.4
0,100,161,12144.4
0,100,162,12144.4
0,100,163,12144.4
0,100,164,12144.4
0,100,165,12144.4
0,100,166,12144.4
0,100,167,12144.4
0,100,168,12144.4
0,100,169,12144.4
0,100,170,12144.4
0,100,171,12144.4
0,100,172,12144.4
0,100,173,12144.4
0,100,174,12144.4
0,100,175,12144.4
0,100,176,12144.4
0,100,177,12144.4
0,100,178,12144.4
0,100,179,12144.4
0,100,180,12144.4
0,100,181,12144.4
0,100,182,12144.4
0,100,183,12144.4
0,100,184,12144.4
0,100,185,12144.4
0,100,186,12144.4
0,100,187,12144.4
0,100,188,12144.4
0,100,189,12144.4
29,100,190,12144.4
29,100,191,12144.4
29,100,192,12144.4
29,100,193,12144.4
30,100,221,12144.4
30,100,222,12144.4
30,100,223,12144.4
30,100,224,12144.4
30,100,225,12144.4
30,100,226,12144.4
0,100,227,12144.4
0,100,228,12144.4
0,100,229,12144.4
0,100,230,12144.4
0,100,231,12144.4
0,100,232,12144.4
0,100,233,12144.4
0,100,234,12144.4
0,100,235,12144.4
0,100,236,12144.4
0,100,237,12144.4
0,100,238,12144.4
0,100,239,12144.4
0,100,240,12144.4
0,100,241,12144.4
0,100,242,12144.4
0,100,243,12144.4
0,100,244,12144.4
0,100,245,12144.4
0,100,246,12144.4
0,100,247,12144.4
0,100,248,12144.4
0,100,249,12144.4
0,100,250,12144.4
0,100,251,12144.4
0,100,252,12144.4
0,100,253,12144.4
0,100,254,12144.4
0,100,255,12144.4
0,100,256,12144.4
0,100,257,12144.4
0,100,258,12144.4
0,100,259,12144.4
0,100,260,12144.4
0,100,261,12144.4
0,100,262,12144.4
0,100,263,12144.4
0,100,264,12144.4
0,100,265,12144.4
0,100,266,12144.4
0,100,267,12144.4
0,100,268,12144.4
0,100,269,12144.4
0,100,270,12144.4
0,100,271,12144.4
0,100,272,12144.4
0,100,273,12144.4
0,100,274,12144.4
0,100,275,12144.4
0,100,276,12144.4
0,100,277,12144.4
0,100,278,12144.4
0,100,279,12144.4
0,100,280,12144.4
0,100,281,12144.4
0,100,282,12144.4
0,100,283,12144.4
0,100,284,12144.4
0,100,285,12144.4
0,100,286,12144.4
0,100,287,12144.4
0,100,288,12144.4
0,100,289,12144.4
0,100,290,12144.4
0,100,291,12144.4
0,100,292,12144.4
0,100,293,12144.4
0,100,294,12144.4
0,100,295,12144.4
0,100,296,12144.4
0,100,297,12144.4
0,100,298,12144.4
0,100,299,12144.4
0,100,300,12144.4
38,100,302,12144.4
38,100,303,12144.4
38,100,304,12144.4
0,100,306,12144.4
0,100,307,12144.4
0,100,308,12144.4
0,100,309,12144.4
39,100,310,12144.4
39,100,311,12144.4
39,100,312,12144.4
39,100,313,12144.4
39,100,314,12144.4
39,100,315,12144.4
39,100,316,12144.4
39,100,317,12144.4
39,100,318,12144.4
0,100,319,12144.4
0,100,320,12144.4
0,100,321,12144.4
0,100,322,12144.4
40,100,323,12144.4
40,100,324,12144.4
40,100,325,12144.4
0,100,326,12144.4
0,100,327,12144.4
0,100,328,12144.4
0,100,331,12144.4
0,100,332,12144.4
0,100,333,12144.4
0,100,334,12144.4
0,100,335,12144.4
0,100,336,12144.4
0,100,337,12144.4
0,100,338,12144.4
0,100,339,12144.4
0,100,340,12144.4
0,100,341,12144.4
0,100,342,12144.4
0,100,343,12144.4
0,100,344,12144.4
0,100,345,12144.4
0,100,346,12144.4
0,100,347,12144.4
0,100,348,12144.4
0,100,349,12144.4
0,100,350,12144.4
0,100,351,12144.4
0,100,352,12144.4
0,100,353,12144.4
0,100,354,12144.4
0,100,355,12144.4
0,100,356,12144.4
0,100,357,12144.4
0,100,358,12144.4
0,100,359,12144.4
0,100,360,12144.4
0,101,1,12108.05
0,101,2,12108.05
0,101,3,12108.05
0,101,4,12108.05
0,101,5,12108.05
0,101,6,12108.05
0,101,7,12108.05
0,101,8,12108.05
0,101,9,12108.05
0,101,10,12108.05
0,101,11,12108.05
0,101,12,12108.05
0,101,13,12108.05
0,101,14,12108.05
0,101,15,12108.05
0,101,16,12108.05
0,101,17,12108.05
0,101,18,12108.05
0,101,19,12108.05
0,101,20,12108.05
0,101,21,12108.05
0,101,22,12108.05
0,101,23,12108.05
0,101,24,12108.05
0,101,25,12108.05
0,101,26,12108.05
0,101,27,12108.05
0,101,28,12108.05
0,101,29,12108.05
0,101,30,12108.05
0,101,31,12108.05
0,101,32,12108.05
0,101,33,12108.05
0,101,34,12108.05
0,101,35,12108.05
0,101,36,12108.05
0,101,37,12108.05
0,101,38,12108.05
0,101,39,12108.05
0,101,40,12108.05
0,101,41,12108.05
0,101,42,12108.05
0,101,43,12108.05
0,101,44,12108.05
0,101,45,12108.05
0,101,46,12108.05
0,101,47,12108.05
0,101,48,12108.05
0,101,49,12108.05
0,101,50,12108.05
0,101,51,12108.05
0,101,52,12108.05
0,101,53,12108.05
0,101,54,12108.05
0,101,55,12108.05
0,101,56,12108.05
0,101,57,12108.05
0,101,58,12108.05
0,101,59,12108.05
0,101,60,12108.05
0,101,61,12108.05
0,101,62,12108.05
0,101,63,12108.05
0,101,64,12108.05
0,101,65,12108.05
0,101,66,12108.05
0,101,67,12108.05
0,101,68,12108.05
0,101,69,12108.05
0,101,70,12108.05
0,101,71,12108.05
0,101,72,12108.05
0,101,73,12108.05
0,101,74,12108.05
0,101,75,12108.05
0,101,76,12108.05
0,101,77,12108.05
0,101,78,12108.05
0,101,79,12108.05
0,101,80,12108.05
0,101,81,12108.05
0,101,82,12108.05
0,101,83,12108.05
0,101,84,12108.05
0,101,85,12108.05
0,101,86,12108.05
0,101,87,12108.05
0,101,88,12108.05
0,101,89,12108.05
0,101,90,12108.05
0,101,91,12108.05
0,101,92,12108.05
0,101,93,12108.05
0,101,94,12108.05
0,101,95,12108.05
0,101,96,12108.05
0,101,97,12108.05
13,101,98,12108.05
13,101,99,12108.05
13,101,100,12108.05
13,101,101,12108.05
13,101,102,12108.05
16,101,144,12108.05
16,101,145,12108.05
16,101,146,12108.05
16,101,147,12108.05
0,101,148,12108.05
0,101,149,12108.05
0,101,150,12108.05
0,101,151,12108.05
0,101,152,12108.05
0,101,153,12108.05
0,101,154,12108.05
0,101,155,12108.05
0,101,156,12108.05
0,101,157,12108.05
0,101,158,12108.05
0,101,159,12108.05
0,101,160,12108.05
0,101,161,12108.05
0,101,162,12108.05
0,101,163,12108.05
0,101,164,12108.05
0,101,165,12108.05
0,101,166,12108.05
0,101,167,12108.05
0,101,168,12108.05
0,101,169,12108.05
0,101,170,12108.05
0,101,171,12108.05
0,101,172,12108.05
0,101,173,12108.05
0,101,174,12108.05
0,101,175,12108.05
0,101,176,12108.05
0,101,177,12108.05
0,101,178,12108.05
0,101,179,12108.05
0,101,180,12108.05
0,101,181,12108.05
0,101,182,12108.05
0,101,183,12108.05
0,101,184,12108.05
0,101,185,12108.05
0,101,186,12108.05
0,101,187,12108.05
0,101,188,12108.05
0,101,189,12108.05
29,101,190,12108.05
29,101,191,12108.05
29,101,192,12108.05
29,101,193,12108.05
29,101,194,12108.05
30,101,222,12108.05
30,101,223,12108.05
30,101,224,12108.05
30,101,225,12108.05
30,101,226,12108.05
30,101,227,12108.05
30,101,228,12108.05
30,101,229,12108.05
30,101,230,12108.05
30,101,231,12108.05
0,101,232,12108.05
0,101,233,12108.05
0,101,234,12108.05
0,101,235,12108.05
0,101,236,12108.05
0,101,237,12108.05
0,101,238,12108.05
0,101,239,12108.05
0,101,240,12108.05
0,101,241,12108.05
0,101,242,12108.05
0,101,243,12108.05
0,101,244,12108.05
0,101,245,12108.05
0,101,246,12108.05
0,101,247,12108.05
0,101,248,12108.05
0,101,249,12108.05
0,101,250,12108.05
0,101,251,12108.05
0,101,252,12108.05
0,101,253,12108.05
0,101,254,12108.05
0,101,255,12108.05
0,101,256,12108.05
0,101,257,12108.05
0,101,258,12108.05
0,101,259,12108.05
0,101,260,12108.05
0,101,261,12108.05
0,101,262,12108.05
0,101,263,12108.05
0,101,264,12108.05
0,101,265,12108.05
0,101,266,12108.05
0,101,267,12108.05
0,101,268,12108.05
0,101,269,12108.05
0,101,270,12108.05
0,101,271,12108.05
0,101,272,12108.05
0,101,273,12108.05
0,101,274,12108.05
0,101,275,12108.05
0,101,276,12108.05
0,101,277,12108.05
0,101,278,12108.05
0,101,279,12108.05
0,101,280,12108.05
0,101,281,12108.05
0,101,282,12108.05
0,101,283,12108.05
0,101,284,12108.05
0,101,285,12108.05
0,101,286,12108.05
0,101,287,12108.05
0,101,288,12108.05
0,101,289,12108.05
0,101,290,12108.05
0,101,291,12108.05
0,101,292,12108.05
0,101,293,12108.05
0,101,294,12108.05
0,101,295,12108.05
0,101,296,12108.05
0,101,297,12108.05
0,101,298,12108.05
0,101,299,12108.05
0,101,300,12108.05
0,101,301,12108.05
0,101,302,12108.05
0,101,303,12108.05
0,101,304,12108.05
0,101,305,12108.05
0,101,306,12108.05
0,101,307,12108.05
0,101,308,12108.05
39,101,309,12108.05
39,101,310,12108.05
39,101,311,12108.05
39,101,312,12108.05
39,101,313,12108.05
39,101,314,12108.05
39,101,315,12108.05
39,101,316,12108.05
39,101,317,12108.05
39,101,318,12108.05
39,101,319,12108.05
0,101,320,12108.05
39,101,321,12108.05
40,101,322,12108.05
40,101,324,12108.05
40,101,325,12108.05
40,101,326,12108.05
0,101,327,12108.05
0,101,328,12108.05
0,101,329,12108.05
0,101,330,12108.05
0,101,331,12108.05
0,101,332,12108.05
0,101,333,12108.05
0,101,334,12108.05
0,101,335,12108.05
0,101,336,12108.05
0,101,337,12108.05
0,101,338,12108.05
0,101,339,12108.05
0,101,340,12108.05
0,101,341,12108.05
0,101,342,12108.05
0,101,343,12108.05
0,101,344,12108.05
0,101,345,12108.05
0,101,346,12108.05
0,101,347,12108.05
0,101,348,12108.05
0,101,349,12108.05
0,101,350,12108.05
0,101,351,12108.05
0,101,352,12108.05
0,101,353,12108.05
0,101,354,12108.05
0,101,355,12108.05
0,101,356,12108.05
0,101,357,12108.05
0,101,358,12108.05
0,101,359,12108.05
0,101,360,12108.05
0,102,1,12068.1
0,102,2,12068.1
0,102,3,12068.1
0,102,4,12068.1
0,102,5,12068.1
0,102,6,12068.1
0,102,7,12068.1
0,102,8,12068.1
0,102,9,12068.1
0,102,10,12068.1
0,102,11,12068.1
0,102,12,12068.1
0,102,13,12068.1
0,102,14,12068.1
0,102,15,12068.1
0,102,16,12068.1
0,102,17,12068.1
0,102,18,12068.1
0,102,19,12068.1
0,102,20,12068.1
0,102,21,12068.1
0,102,22,12068.1
0,102,23,12068.1
0,102,24,12068.1
0,102,25,12068.1
0,102,26,12068.1
0,102,27,12068.1
0,102,28,12068.1
0,102,29,12068.1
0,102,30,12068.1
0,102,31,12068.1
0,102,32,12068.1
0,102,33,12068.1
0,102,34,12068.1
0,102,35,12068.1
0,102,36,12068.1
0,102,37,12068.1
0,102,38,12068.1
0,102,39,12068.1
0,102,40,12068.1
0,102,41,12068.1
0,102,42,12068.1
0,102,43,12068.1
0,102,44,12068.1
0,102,45,12068.1
0,102,46,12068.1
0,102,47,12068.1
0,102,48,12068.1
0,102,49,12068.1
0,102,50,12068.1
0,102,51,12068.1
0,102,52,12068.1
0,102,53,12068.1
0,102,54,12068.1
0,102,55,12068.1
0,102,56,12068.1
0,102,57,12068.1
0,102,58,12068.1
0,102,59,12068.1
0,102,60,12068.1
0,102,61,12068.1
0,102,62,12068.1
0,102,63,12068.1
0,102,64,12068.1
0,102,65,12068.1
0,102,66,12068.1
0,102,67,12068.1
0,102,68,12068.1
0,102,69,12068.1
0,102,70,12068.1
0,102,71,12068.1
0,102,72,12068.1
0,102,73,12068.1
0,102,74,12068.1
0,102,75,12068.1
0,102,76,12068.1
0,102,77,12068.1
0,102,78,12068.1
0,102,79,12068.1
0,102,80,12068.1
0,102,81,12068.1
0,102,82,12068.1
0,102,83,12068.1
0,102,84,12068.1
0,102,85,12068.1
0,102,86,12068.1
0,102,87,12068.1
0,102,88,12068.1
0,102,89,12068.1
0,102,90,12068.1
0,102,91,12068.1
0,102,92,12068.1
0,102,93,12068.1
0,102,94,12068.1
0,102,95,12068.1
0,102,96,12068.1
0,102,97,12068.1
13,102,98,12068.1
13,102,99,12068.1
13,102,100,12068.1
13,102,101,12068.1
13,102,102,12068.1
13,102,103,12068.1
16,102,143,12068.1
16,102,144,12068.1
16,102,145,12068.1
16,102,146,12068.1
0,102,147,12068.1
0,102,148,12068.1
0,102,149,12068.1
0,102,150,12068.1
0,102,151,12068.1
0,102,152,12068.1
0,102,153,12068.1
0,102,154,12068.1
0,102,155,12068.1
0,102,156,12068.1
0,102,157,12068.1
0,102,158,12068.1
0,102,159,12068.1
0,102,160,12068.1
0,102,161,12068.1
0,102,162,12068.1
0,102,163,12068.1
0,102,164,12068.1
0,102,165,12068.1
0,102,166,12068.1
0,102,167,12068.1
0,102,168,12068.1
0,102,169,12068.1
0,102,170,12068.1
0,102,171,12068.1
0,102,172,12068.1
0,102,173,12068.1
0,102,174,12068.1
0,102,175,12068.1
0,102,176,12068.1
0,102,177,12068.1
0,102,178,12068.1
0,102,179,12068.1
0,102,180,12068.1
0,102,181,12068.1
0,102,182,12068.1
0,102,183,12068.1
0,102,184,12068.1
0,102,185,12068.1
0,102,186,12068.1
0,102,187,12068.1
0,102,188,12068.1
0,102,189,12068.1
29,102,190,12068.1
29,102,191,12068.1
29,102,192,12068.1
29,102,193,12068.1
29,102,194,12068.1
30,102,221,12068.1
30,102,222,12068.1
30,102,223,12068.1
30,102,224,12068.1
30,102,225,12068.1
30,102,226,12068.1
30,102,227,12068.1
30,102,228,12068.1
30,102,229,12068.1
30,102,230,12068.1
30,102,231,12068.1
0,102,232,12068.1
0,102,233,12068.1
0,102,234,12068.1
0,102,235,12068.1
0,102,236,12068.1
0,102,237,12068.1
0,102,238,12068.1
0,102,239,12068.1
0,102,240,12068.1
0,102,241,12068.1
0,102,242,12068.1
0,102,243,12068.1
0,102,244,12068.1
0,102,245,12068.1
0,102,246,12068.1
0,102,247,12068.1
0,102,248,12068.1
0,102,249,12068.1
0,102,250,12068.1
0,102,251,12068.1
0,102,252,12068.1
0,102,253,12068.1
0,102,254,12068.1
0,102,255,12068.1
0,102,256,12068.1
0,102,257,12068.1
0,102,258,12068.1
0,102,259,12068.1
0,102,260,12068.1
0,102,261,12068.1
0,102,262,12068.1
0,102,263,12068.1
0,102,264,12068.1
0,102,265,12068.1
0,102,266,12068.1
0,102,267,12068.1
0,102,268,12068.1
0,102,269,12068.1
0,102,270,12068.1
0,102,271,12068.1
0,102,272,12068.1
0,102,273,12068.1
0,102,274,12068.1
0,102,275,12068.1
0,102,276,12068.1
0,102,277,12068.1
0,102,278,12068.1
0,102,279,12068.1
0,102,280,12068.1
0,102,281,12068.1
0,102,282,12068.1
0,102,283,12068.1
0,102,284,12068.1
0,102,285,12068.1
0,102,286,12068.1
0,102,287,12068.1
0,102,288,12068.1
0,102,289,12068.1
0,102,290,12068.1
0,102,291,12068.1
0,102,292,12068.1
0,102,293,12068.1
0,102,294,12068.1
0,102,295,12068.1
0,102,296,12068.1
0,102,297,12068.1
0,102,298,12068.1
0,102,299,12068.1
0,102,300,12068.1
0,102,301,12068.1
0,102,302,12068.1
45,102,303,12068.1
45,102,304,12068.1
45,102,305,12068.1
45,102,306,12068.1
39,102,307,12068.1
39,102,308,12068.1
39,102,309,12068.1
39,102,310,12068.1
39,102,311,12068.1
39,102,312,12068.1
39,102,315,12068.1
39,102,316,12068.1
39,102,317,12068.1
39,102,318,12068.1
39,102,319,12068.1
39,102,320,12068.1
39,102,321,12068.1
39,102,322,12068.1
40,102,324,12068.1
40,102,325,12068.1
40,102,326,12068.1
0,102,327,12068.1
0,102,328,12068.1
0,102,329,12068.1
0,102,330,12068.1
0,102,331,12068.1
0,102,332,12068.1
0,102,333,12068.1
0,102,334,12068.1
0,102,335,12068.1
0,102,336,12068.1
0,102,337,12068.1
0,102,338,12068.1
0,102,339,12068.1
0,102,340,12068.1
0,102,341,12068.1
0,102,342,12068.1
0,102,343,12068.1
0,102,344,12068.1
0,102,345,12068.1
0,102,346,12068.1
0,102,347,12068.1
0,102,348,12068.1
0,102,349,12068.1
0,102,350,12068.1
0,102,351,12068.1
0,102,352,12068.1
0,102,353,12068.1
0,102,354,12068.1
0,102,355,12068.1
0,102,356,12068.1
0,102,357,12068.1
0,102,358,12068.1
0,102,359,12068.1
0,102,360,12068.1
0,103,1,12024.55
0,103,2,12024.55
0,103,3,12024.55
0,103,4,12024.55
0,103,5,12024.55
0,103,6,12024.55
0,103,7,12024.55
0,103,8,12024.55
0,103,9,12024.55
0,103,10,12024.55
0,103,11,12024.55
0,103,12,12024.55
0,103,13,12024.55
0,103,14,12024.55
0,103,15,12024.55
0,103,16,12024.55
0,103,17,12024.55
0,103,18,12024.55
0,103,19,12024.55
0,103,20,12024.55
0,103,21,12024.55
0,103,22,12024.55
0,103,23,12024.55
0,103,24,12024.55
0,103,25,12024.55
0,103,26,12024.55
0,103,27,12024.55
0,103,28,12024.55
0,103,29,12024.55
0,103,30,12024.55
0,103,31,12024.55
0,103,32,12024.55
0,103,33,12024.55
0,103,34,12024.55
0,103,35,12024.55
0,103,36,12024.55
0,103,37,12024.55
0,103,38,12024.55
0,103,39,12024.55
0,103,40,12024.55
0,103,41,12024.55
0,103,42,12024.55
0,103,43,12024.55
0,103,44,12024.55
0,103,45,12024.55
0,103,46,12024.55
0,103,47,12024.55
0,103,48,12024.55
0,103,49,12024.55
0,103,50,12024.55
0,103,51,12024.55
0,103,52,12024.55
0,103,53,12024.55
0,103,54,12024.55
0,103,55,12024.55
0,103,56,12024.55
0,103,57,12024.55
0,103,58,12024.55
0,103,59,12024.55
0,103,60,12024.55
0,103,61,12024.55
0,103,62,12024.55
0,103,63,12024.55
0,103,64,12024.55
0,103,65,12024.55
0,103,66,12024.55
0,103,67,12024.55
0,103,68,12024.55
0,103,69,12024.55
0,103,70,12024.55
0,103,71,12024.55
0,103,72,12024.55
0,103,73,12024.55
0,103,74,12024.55
0,103,75,12024.55
0,103,76,12024.55
0,103,77,12024.55
0,103,78,12024.55
0,103,79,12024.55
0,103,80,12024.55
0,103,81,12024.55
0,103,82,12024.55
0,103,83,12024.55
0,103,84,12024.55
0,103,85,12024.55
0,103,86,12024.55
0,103,87,12024.55
0,103,88,12024.55
0,103,89,12024.55
0,103,90,12024.55
0,103,91,12024.55
0,103,92,12024.55
0,103,93,12024.55
0,103,94,12024.55
0,103,95,12024.55
0,103,96,12024.55
0,103,97,12024.55
0,103,98,12024.55
13,103,99,12024.55
13,103,100,12024.55
13,103,101,12024.55
13,103,102,12024.55
13,103,103,12024.55
13,103,104,12024.55
16,103,142,12024.55
16,103,143,12024.55
16,103,144,12024.55
16,103,145,12024.55
16,103,146,12024.55
0,103,147,12024.55
0,103,148,12024.55
0,103,149,12024.55
0,103,150,12024.55
0,103,151,12024.55
0,103,152,12024.55
0,103,153,12024.55
0,103,154,12024.55
0,103,155,12024.55
0,103,156,12024.55
0,103,157,12024.55
0,103,158,12024.55
0,103,159,12024.55
0,103,160,12024.55
0,103,161,12024.55
0,103,162,12024.55
0,103,163,12024.55
0,103,164,12024.55
0,103,165,12024.55
0,103,166,12024.55
0,103,167,12024.55
0,103,168,12024.55
0,103,169,12024.55
0,103,170,12024.55
0,103,171,12024.55
0,103,172,12024.55
0,103,173,12024.55
0,103,174,12024.55
0,103,175,12024.55
0,103,176,12024.55
0,103,177,12024.55
0,103,178,12024.55
0,103,179,12024.55
0,103,180,12024.55
0,103,181,12024.55
0,103,182,12024.55
0,103,183,12024.55
0,103,184,12024.55
0,103,185,12024.55
0,103,186,12024.55
0,103,187,12024.55
0,103,188,12024.55
0,103,189,12024.55
29,103,190,12024.55
29,103,191,12024.55
29,103,192,12024.55
29,103,193,12024.55
30,103,222,12024.55
30,103,223,12024.55
30,103,224,12024.55
30,103,225,12024.55
30,103,226,12024.55
30,103,227,12024.55
30,103,228,12024.55
30,103,229,12024.55
30,103,231,12024.55
0,103,232,12024.55
0,103,233,12024.55
0,103,234,12024.55
0,103,235,12024.55
0,103,236,12024.55
0,103,237,12024.55
0,103,238,12024.55
0,103,239,12024.55
0,103,240,12024.55
0,103,241,12024.55
0,103,242,12024.55
0,103,243,12024.55
0,103,244,12024.55
0,103,245,12024.55
0,103,246,12024.55
0,103,247,12024.55
0,103,248,12024.55
0,103,249,12024.55
0,103,250,12024.55
0,103,251,12024.55
0,103,252,12024.55
0,103,253,12024.55
0,103,254,12024.55
0,103,255,12024.55
0,103,256,12024.55
0,103,257,12024.55
0,103,258,12024.55
0,103,259,12024.55
0,103,260,12024.55
0,103,261,12024.55
0,103,262,12024.55
0,103,263,12024.55
0,103,264,12024.55
0,103,265,12024.55
0,103,266,12024.55
0,103,267,12024.55
0,103,268,12024.55
0,103,269,12024.55
0,103,270,12024.55
0,103,271,12024.55
0,103,272,12024.55
0,103,273,12024.55
0,103,274,12024.55
0,103,275,12024.55
0,103,276,12024.55
0,103,277,12024.55
0,103,278,12024.55
0,103,279,12024.55
0,103,280,12024.55
0,103,281,12024.55
0,103,282,12024.55
0,103,283,12024.55
0,103,284,12024.55
0,103,285,12024.55
0,103,286,12024.55
0,103,287,12024.55
0,103,288,12024.55
0,103,289,12024.55
0,103,290,12024.55
0,103,291,12024.55
0,103,292,12024.55
0,103,293,12024.55
0,103,294,12024.55
0,103,295,12024.55
0,103,296,12024.55
0,103,297,12024.55
0,103,298,12024.55
0,103,299,12024.55
45,103,300,12024.55
45,103,301,12024.55
45,103,302,12024.55
45,103,303,12024.55
45,103,304,12024.55
45,103,305,12024.55
45,103,306,12024.55
45,103,307,12024.55
39,103,308,12024.55
39,103,309,12024.55
39,103,310,12024.55
39,103,317,12024.55
39,103,318,12024.55
39,103,319,12024.55
39,103,320,12024.55
39,103,321,12024.55
39,103,322,12024.55
40,103,324,12024.55
40,103,325,12024.55
40,103,326,12024.55
40,103,327,12024.55
40,103,328,12024.55
0,103,329,12024.55
0,103,330,12024.55
0,103,331,12024.55
0,103,332,12024.55
0,103,333,12024.55
0,103,334,12024.55
0,103,335,12024.55
0,103,336,12024.55
0,103,337,12024.55
0,103,338,12024.55
0,103,339,12024.55
0,103,340,12024.55
0,103,341,12024.55
0,103,342,12024.55
0,103,343,12024.55
0,103,344,12024.55
0,103,345,12024.55
0,103,346,12024.55
0,103,347,12024.55
0,103,348,12024.55
0,103,349,12024.55
0,103,350,12024.55
0,103,351,12024.55
0,103,352,12024.55
0,103,353,12024.55
0,103,354,12024.55
0,103,355,12024.55
0,103,356,12024.55
0,103,357,12024.55
0,103,358,12024.55
0,103,359,12024.55
0,103,360,12024.55
0,104,1,11977.42
0,104,2,11977.42
0,104,3,11977.42
0,104,4,11977.42
0,104,5,11977.42
0,104,6,11977.42
0,104,7,11977.42
0,104,8,11977.42
0,104,9,11977.42
0,104,10,11977.42
0,104,11,11977.42
0,104,12,11977.42
0,104,13,11977.42
0,104,14,11977.42
0,104,15,11977.42
0,104,16,11977.42
0,104,17,11977.42
0,104,18,11977.42
0,104,19,11977.42
0,104,20,11977.42
0,104,21,11977.42
0,104,22,11977.42
0,104,23,11977.42
0,104,24,11977.42
0,104,25,11977.42
0,104,26,11977.42
0,104,27,11977.42
0,104,28,11977.42
0,104,29,11977.42
0,104,30,11977.42
0,104,31,11977.42
0,104,32,11977.42
0,104,33,11977.42
0,104,34,11977.42
0,104,35,11977.42
0,104,36,11977.42
0,104,37,11977.42
0,104,38,11977.42
0,104,39,11977.42
0,104,40,11977.42
0,104,41,11977.42
0,104,42,11977.42
0,104,43,11977.42
0,104,44,11977.42
0,104,45,11977.42
0,104,46,11977.42
0,104,47,11977.42
0,104,48,11977.42
0,104,49,11977.42
0,104,50,11977.42
0,104,51,11977.42
0,104,52,11977.42
0,104,53,11977.42
0,104,54,11977.42
0,104,55,11977.42
0,104,56,11977.42
0,104,57,11977.42
0,104,58,11977.42
0,104,59,11977.42
0,104,60,11977.42
0,104,61,11977.42
0,104,62,11977.42
0,104,63,11977.42
0,104,64,11977.42
0,104,65,11977.42
0,104,66,11977.42
0,104,67,11977.42
0,104,68,11977.42
0,104,69,11977.42
0,104,70,11977.42
0,104,71,11977.42
0,104,72,11977.42
0,104,73,11977.42
0,104,74,11977.42
0,104,75,11977.42
0,104,76,11977.42
0,104,77,11977.42
0,104,78,11977.42
0,104,79,11977.42
0,104,80,11977.42
0,104,81,11977.42
0,104,82,11977.42
0,104,83,11977.42
0,104,84,11977.42
0,104,85,11977.42
0,104,86,11977.42
0,104,87,11977.42
0,104,88,11977.42
0,104,89,11977.42
0,104,90,11977.42
0,104,91,11977.42
0,104,92,11977.42
0,104,93,11977.42
0,104,94,11977.42
0,104,95,11977.42
0,104,96,11977.42
0,104,97,11977.42
0,104,98,11977.42
13,104,99,11977.42
13,104,100,11977.42
13,104,101,11977.42
13,104,102,11977.42
13,104,103,11977.42
13,104,104,11977.42
16,104,142,11977.42
16,104,143,11977.42
16,104,144,11977.42
16,104,145,11977.42
0,104,146,11977.42
0,104,147,11977.42
0,104,148,11977.42
0,104,149,11977.42
0,104,150,11977.42
0,104,151,11977.42
0,104,152,11977.42
0,104,153,11977.42
0,104,154,11977.42
0,104,155,11977.42
0,104,156,11977.42
0,104,157,11977.42
0,104,158,11977.42
0,104,159,11977.42
0,104,160,11977.42
0,104,161,11977.42
0,104,162,11977.42
0,104,163,11977.42
0,104,164,11977.42
0,104,165,11977.42
0,104,166,11977.42
0,104,167,11977.42
0,104,168,11977.42
0,104,169,11977.42
0,104,170,11977.42
0,104,171,11977.42
0,104,172,11977.42
0,104,173,11977.42
0,104,174,11977.42
0,104,175,11977.42
0,104,176,11977.42
0,104,177,11977.42
0,104,178,11977.42
0,104,179,11977.42
0,104,180,11977.42
0,104,181,11977.42
0,104,182,11977.42
0,104,183,11977.42
0,104,184,11977.42
0,104,185,11977.42
0,104,186,11977.42
0,104,187,11977.42
0,104,188,11977.42
29,104,189,11977.42
29,104,190,11977.42
29,104,191,11977.42
29,104,192,11977.42
30,104,222,11977.42
30,104,223,11977.42
30,104,224,11977.42
30,104,225,11977.42
30,104,226,11977.42
30,104,227,11977.42
30,104,228,11977.42
30,104,231,11977.42
0,104,232,11977.42
0,104,233,11977.42
0,104,234,11977.42
0,104,235,11977.42
0,104,236,11977.42
0,104,237,11977.42
0,104,238,11977.42
0,104,239,11977.42
0,104,240,11977.42
0,104,241,11977.42
0,104,242,11977.42
0,104,243,11977.42
0,104,244,11977.42
0,104,245,11977.42
0,104,246,11977.42
0,104,247,11977.42
0,104,248,11977.42
0,104,249,11977.42
0,104,250,11977.42
0,104,251,11977.42
0,104,252,11977.42
0,104,253,11977.42
0,104,254,11977.42
0,104,255,11977.42
0,104,256,11977.42
0,104,257,11977.42
0,104,258,11977.42
0,104,259,11977.42
0,104,260,11977.42
0,104,261,11977.42
0,104,262,11977.42
0,104,263,11977.42
0,104,264,11977.42
0,104,265,11977.42
0,104,266,11977.42
0,104,267,11977.42
0,104,268,11977.42
0,104,269,11977.42
0,104,270,11977.42
0,104,271,11977.42
0,104,272,11977.42
0,104,273,11977.42
0,104,274,11977.42
0,104,275,11977.42
0,104,276,11977.42
0,104,277,11977.42
0,104,278,11977.42
0,104,279,11977.42
0,104,280,11977.42
0,104,281,11977.42
0,104,282,11977.42
0,104,283,11977.42
0,104,284,11977.42
0,104,285,11977.42
0,104,286,11977.42
0,104,287,11977.42
0,104,288,11977.42
0,104,289,11977.42
0,104,290,11977.42
0,104,291,11977.42
0,104,292,11977.42
0,104,293,11977.42
0,104,294,11977.42
0,104,295,11977.42
0,104,296,11977.42
0,104,297,11977.42
0,104,298,11977.42
45,104,299,11977.42
45,104,300,11977.42
45,104,301,11977.42
45,104,302,11977.42
45,104,303,11977.42
45,104,304,11977.42
45,104,305,11977.42
45,104,306,11977.42
45,104,307,11977.42
39,104,308,11977.42
39,104,309,11977.42
39,104,310,11977.42
39,104,317,11977.42
39,104,318,11977.42
39,104,319,11977.42
39,104,320,11977.42
39,104,321,11977.42
39,104,322,11977.42
40,104,325,11977.42
40,104,326,11977.42
40,104,327,11977.42
40,104,328,11977.42
40,104,329,11977.42
40,104,330,11977.42
0,104,331,11977.42
0,104,332,11977.42
0,104,333,11977.42
0,104,334,11977.42
0,104,335,11977.42
0,104,336,11977.42
0,104,337,11977.42
0,104,338,11977.42
0,104,339,11977.42
0,104,340,11977.42
0,104,341,11977.42
0,104,342,11977.42
0,104,343,11977.42
0,104,344,11977.42
0,104,345,11977.42
0,104,346,11977.42
0,104,347,11977.42
0,104,348,11977.42
0,104,349,11977.42
0,104,350,11977.42
0,104,351,11977.42
0,104,352,11977.42
0,104,353,11977.42
0,104,354,11977.42
0,104,355,11977.42
0,104,356,11977.42
0,104,357,11977.42
0,104,358,11977.42
0,104,359,11977.42
0,104,360,11977.42
0,105,1,11926.72
0,105,2,11926.72
0,105,3,11926.72
0,105,4,11926.72
0,105,5,11926.72
0,105,6,11926.72
0,105,7,11926.72
0,105,8,11926.72
0,105,9,11926.72
0,105,10,11926.72
0,105,11,11926.72
0,105,12,11926.72
0,105,13,11926.72
0,105,14,11926.72
0,105,15,11926.72
0,105,16,11926.72
0,105,17,11926.72
0,105,18,11926.72
0,105,19,11926.72
0,105,20,11926.72
0,105,21,11926.72
0,105,22,11926.72
0,105,23,11926.72
0,105,24,11926.72
0,105,25,11926.72
0,105,26,11926.72
0,105,27,11926.72
0,105,28,11926.72
0,105,29,11926.72
0,105,30,11926.72
0,105,31,11926.72
0,105,32,11926.72
0,105,33,11926.72
0,105,34,11926.72
0,105,35,11926.72
0,105,36,11926.72
0,105,37,11926.72
0,105,38,11926.72
0,105,39,11926.72
0,105,40,11926.72
0,105,41,11926.72
0,105,42,11926.72
0,105,43,11926.72
0,105,44,11926.72
0,105,45,11926.72
0,105,46,11926.72
0,105,47,11926.72
0,105,48,11926.72
0,105,49,11926.72
0,105,50,11926.72
0,105,51,11926.72
0,105,52,11926.72
0,105,53,11926.72
0,105,54,11926.72
0,105,55,11926.72
0,105,56,11926.72
0,105,57,11926.72
0,105,58,11926.72
0,105,59,11926.72
0,105,60,11926.72
0,105,61,11926.72
0,105,62,11926.72
0,105,63,11926.72
0,105,64,11926.72
0,105,65,11926.72
0,105,66,11926.72
0,105,67,11926.72
0,105,68,11926.72
0,105,69,11926.72
0,105,70,11926.72
0,105,71,11926.72
0,105,72,11926.72
0,105,73,11926.72
0,105,74,11926.72
0,105,75,11926.72
0,105,76,11926.72
0,105,77,11926.72
0,105,78,11926.72
0,105,79,11926.72
0,105,80,11926.72
0,105,81,11926.72
0,105,82,11926.72
0,105,83,11926.72
0,105,84,11926.72
0,105,85,11926.72
0,105,86,11926.72
0,105,87,11926.72
0,105,88,11926.72
0,105,89,11926.72
0,105,90,11926.72
0,105,91,11926.72
0,105,92,11926.72
0,105,93,11926.72
0,105,94,11926.72
0,105,95,11926.72
0,105,96,11926.72
0,105,97,11926.72
0,105,98,11926.72
0,105,99,11926.72
13,105,100,11926.72
13,105,101,11926.72
13,105,102,11926.72
13,105,103,11926.72
13,105,104,11926.72
16,105,142,11926.72
16,105,143,11926.72
16,105,144,11926.72
16,105,145,11926.72
0,105,146,11926.72
0,105,147,11926.72
0,105,148,11926.72
0,105,149,11926.72
0,105,150,11926.72
0,105,151,11926.72
0,105,152,11926.72
0,105,153,11926.72
0,105,154,11926.72
0,105,155,11926.72
0,105,156,11926.72
0,105,157,11926.72
0,105,158,11926.72
0,105,159,11926.72
0,105,160,11926.72
0,105,161,11926.72
0,105,162,11926.72
0,105,163,11926.72
0,105,164,11926.72
0,105,165,11926.72
0,105,166,11926.72
0,105,167,11926.72
0,105,168,11926.72
0,105,169,11926.72
0,105,170,11926.72
0,105,171,11926.72
0,105,172,11926.72
0,105,173,11926.72
0,105,174,11926.72
0,105,175,11926.72
0,105,176,11926.72
0,105,177,11926.72
0,105,178,11926.72
0,105,179,11926.72
0,105,180,11926.72
0,105,181,11926.72
0,105,182,11926.72
0,105,183,11926.72
0,105,184,11926.72
0,105,185,11926.72
0,105,186,11926.72
0,105,187,11926.72
0,105,188,11926.72
29,105,189,11926.72
29,105,190,11926.72
29,105,191,11926.72
29,105,192,11926.72
30,105,222,11926.72
30,105,223,11926.72
30,105,224,11926.72
30,105,225,11926.72
30,105,226,11926.72
30,105,227,11926.72
30,105,231,11926.72
30,105,232,11926.72
0,105,233,11926.72
0,105,234,11926.72
0,105,235,11926.72
0,105,236,11926.72
0,105,237,11926.72
0,105,238,11926.72
0,105,239,11926.72
0,105,240,11926.72
0,105,241,11926.72
0,105,242,11926.72
0,105,243,11926.72
0,105,244,11926.72
0,105,245,11926.72
0,105,246,11926.72
0,105,247,11926.72
0,105,248,11926.72
0,105,249,11926.72
0,105,250,11926.72
0,105,251,11926.72
0,105,252,11926.72
0,105,253,11926.72
0,105,254,11926.72
0,105,255,11926.72
0,105,256,11926.72
0,105,257,11926.72
0,105,258,11926.72
0,105,259,11926.72
0,105,260,11926.72
0,105,261,11926.72
0,105,262,11926.72
0,105,263,11926.72
0,105,264,11926.72
0,105,265,11926.72
0,105,266,11926.72
0,105,267,11926.72
0,105,268,11926.72
0,105,269,11926.72
0,105,270,11926.72
0,105,271,11926.72
0,105,272,11926.72
0,105,273,11926.72
0,105,274,11926.72
0,105,275,11926.72
0,105,276,11926.72
0,105,277,11926.72
0,105,278,11926.72
0,105,279,11926.72
0,105,280,11926.72
0,105,281,11926.72
0,105,282,11926.72
0,105,283,11926.72
0,105,284,11926.72
0,105,285,11926.72
0,105,286,11926.72
0,105,287,11926.72
0,105,288,11926.72
0,105,289,11926.72
0,105,290,11926.72
0,105,291,11926.72
0,105,292,11926.72
0,105,293,11926.72
0,105,294,11926.72
0,105,295,11926.72
0,105,296,11926.72
0,105,297,11926.72
45,105,298,11926.72
45,105,299,11926.72
45,105,300,11926.72
45,105,301,11926.72
45,105,302,11926.72
45,105,303,11926.72
45,105,304,11926.72
45,105,305,11926.72
39,105,317,11926.72
39,105,318,11926.72
39,105,319,11926.72
39,105,320,11926.72
39,105,321,11926.72
39,105,322,11926.72
40,105,326,11926.72
40,105,327,11926.72
40,105,328,11926.72
40,105,329,11926.72
40,105,330,11926.72
40,105,331,11926.72
40,105,332,11926.72
40,105,333,11926.72
40,105,334,11926.72
40,105,335,11926.72
40,105,336,11926.72
40,105,337,11926.72
40,105,338,11926.72
0,105,339,11926.72
0,105,340,11926.72
0,105,341,11926.72
0,105,342,11926.72
0,105,343,11926.72
0,105,344,11926.72
0,105,345,11926.72
0,105,346,11926.72
0,105,347,11926.72
0,105,348,11926.72
0,105,349,11926.72
0,105,350,11926.72
0,105,351,11926.72
0,105,352,11926.72
0,105,353,11926.72
0,105,354,11926.72
0,105,355,11926.72
0,105,356,11926.72
0,105,357,11926.72
0,105,358,11926.72
0,105,359,11926.72
0,105,360,11926.72
0,106,1,11872.46
0,106,2,11872.46
0,106,3,11872.46
0,106,4,11872.46
0,106,5,11872.46
0,106,6,11872.46
0,106,7,11872.46
0,106,8,11872.46
0,106,9,11872.46
0,106,10,11872.46
0,106,11,11872.46
0,106,12,11872.46
0,106,13,11872.46
0,106,14,11872.46
0,106,15,11872.46
0,106,16,11872.46
0,106,17,11872.46
0,106,18,11872.46
0,106,19,11872.46
0,106,20,11872.46
0,106,21,11872.46
0,106,22,11872.46
0,106,23,11872.46
0,106,24,11872.46
0,106,25,11872.46
0,106,26,11872.46
0,106,27,11872.46
0,106,28,11872.46
0,106,29,11872.46
0,106,30,11872.46
0,106,31,11872.46
0,106,32,11872.46
0,106,33,11872.46
0,106,34,11872.46
0,106,35,11872.46
0,106,36,11872.46
0,106,37,11872.46
0,106,38,11872.46
0,106,39,11872.46
0,106,40,11872.46
0,106,41,11872.46
0,106,42,11872.46
0,106,43,11872.46
0,106,44,11872.46
0,106,45,11872.46
0,106,46,11872.46
0,106,47,11872.46
0,106,48,11872.46
0,106,49,11872.46
0,106,50,11872.46
0,106,51,11872.46
0,106,52,11872.46
0,106,53,11872.46
0,106,54,11872.46
0,106,55,11872.46
0,106,56,11872.46
0,106,57,11872.46
0,106,58,11872.46
0,106,59,11872.46
0,106,60,11872.46
0,106,61,11872.46
0,106,62,11872.46
0,106,63,11872.46
0,106,64,11872.46
0,106,65,11872.46
0,106,66,11872.46
0,106,67,11872.46
0,106,68,11872.46
0,106,69,11872.46
0,106,70,11872.46
0,106,71,11872.46
0,106,72,11872.46
0,106,73,11872.46
0,106,74,11872.46
0,106,75,11872.46
0,106,76,11872.46
0,106,77,11872.46
0,106,78,11872.46
0,106,79,11872.46
0,106,80,11872.46
0,106,81,11872.46
0,106,82,11872.46
0,106,83,11872.46
0,106,84,11872.46
0,106,85,11872.46
0,106,86,11872.46
0,106,87,11872.46
0,106,88,11872.46
0,106,89,11872.46
0,106,90,11872.46
0,106,91,11872.46
0,106,92,11872.46
0,106,93,11872.46
0,106,94,11872.46
0,106,95,11872.46
0,106,96,11872.46
0,106,97,11872.46
0,106,98,11872.46
0,106,99,11872.46
0,106,100,11872.46
13,106,101,11872.46
13,106,102,11872.46
13,106,103,11872.46
13,106,104,11872.46
13,106,105,11872.46
13,106,106,11872.46
16,106,142,11872.46
16,106,143,11872.46
16,106,144,11872.46
0,106,145,11872.46
0,106,146,11872.46
0,106,147,11872.46
0,106,148,11872.46
0,106,149,11872.46
0,106,150,11872.46
0,106,151,11872.46
0,106,152,11872.46
0,106,153,11872.46
0,106,154,11872.46
0,106,155,11872.46
0,106,156,11872.46
0,106,157,11872.46
0,106,158,11872.46
0,106,159,11872.46
0,106,160,11872.46
0,106,161,11872.46
0,106,162,11872.46
0,106,163,11872.46
0,106,164,11872.46
0,106,165,11872.46
0,106,166,11872.46
0,106,167,11872.46
0,106,168,11872.46
0,106,169,11872.46
0,106,170,11872.46
0,106,171,11872.46
0,106,172,11872.46
0,106,173,11872.46
0,106,174,11872.46
0,106,175,11872.46
0,106,176,11872.46
0,106,177,11872.46
0,106,178,11872.46
0,106,179,11872.46
0,106,180,11872.46
0,106,181,11872.46
0,106,182,11872.46
0,106,183,11872.46
0,106,184,11872.46
0,106,185,11872.46
0,106,186,11872.46
0,106,187,11872.46
0,106,188,11872.46
29,106,189,11872.46
29,106,190,11872.46
29,106,191,11872.46
29,106,192,11872.46
30,106,221,11872.46
30,106,222,11872.46
30,106,223,11872.46
30,106,224,11872.46
30,106,225,11872.46
30,106,231,11872.46
0,106,232,11872.46
0,106,233,11872.46
0,106,234,11872.46
0,106,235,11872.46
0,106,236,11872.46
0,106,237,11872.46
0,106,238,11872.46
0,106,239,11872.46
0,106,240,11872.46
0,106,241,11872.46
0,106,242,11872.46
0,106,243,11872.46
0,106,244,11872.46
0,106,245,11872.46
0,106,246,11872.46
0,106,247,11872.46
0,106,248,11872.46
0,106,249,11872.46
0,106,250,11872.46
0,106,251,11872.46
0,106,252,11872.46
0,106,253,11872.46
0,106,254,11872.46
0,106,255,11872.46
0,106,256,11872.46
0,106,257,11872.46
0,106,258,11872.46
0,106,259,11872.46
0,106,260,11872.46
0,106,261,11872.46
0,106,262,11872.46
0,106,263,11872.46
0,106,264,11872.46
0,106,265,11872.46
0,106,266,11872.46
0,106,267,11872.46
0,106,268,11872.46
0,106,269,11872.46
0,106,270,11872.46
0,106,271,11872.46
0,106,272,11872.46
0,106,273,11872.46
0,106,274,11872.46
0,106,275,11872.46
0,106,276,11872.46
0,106,277,11872.46
0,106,278,11872.46
0,106,279,11872.46
0,106,280,11872.46
0,106,281,11872.46
0,106,282,11872.46
0,106,283,11872.46
0,106,284,11872.46
0,106,285,11872.46
0,106,286,11872.46
0,106,287,11872.46
0,106,288,11872.46
0,106,289,11872.46
0,106,290,11872.46
0,106,291,11872.46
0,106,292,11872.46
0,106,293,11872.46
0,106,294,11872.46
0,106,295,11872.46
0,106,296,11872.46
45,106,297,11872.46
45,106,298,11872.46
45,106,299,11872.46
45,106,300,11872.46
45,106,301,11872.46
45,106,302,11872.46
45,106,303,11872.46
45,106,304,11872.46
39,106,318,11872.46
39,106,319,11872.46
39,106,320,11872.46
39,106,321,11872.46
40,106,326,11872.46
40,106,327,11872.46
40,106,328,11872.46
40,106,329,11872.46
40,106,330,11872.46
40,106,331,11872.46
40,106,332,11872.46
40,106,333,11872.46
40,106,334,11872.46
40,106,335,11872.46
40,106,336,11872.46
40,106,337,11872.46
40,106,338,11872.46
40,106,339,11872.46
0,106,340,11872.46
0,106,341,11872.46
0,106,342,11872.46
0,106,343,11872.46
0,106,344,11872.46
0,106,345,11872.46
0,106,346,11872.46
0,106,347,11872.46
0,106,348,11872.46
0,106,349,11872.46
0,106,350,11872.46
0,106,351,11872.46
0,106,352,11872.46
0,106,353,11872.46
0,106,354,11872.46
0,106,355,11872.46
0,106,356,11872.46
0,106,357,11872.46
0,106,358,11872.46
0,106,359,11872.46
0,106,360,11872.46
0,107,1,11814.66
0,107,2,11814.66
0,107,3,11814.66
0,107,4,11814.66
0,107,5,11814.66
0,107,6,11814.66
0,107,7,11814.66
0,107,8,11814.66
0,107,9,11814.66
0,107,10,11814.66
0,107,11,11814.66
0,107,12,11814.66
0,107,13,11814.66
0,107,14,11814.66
0,107,15,11814.66
0,107,16,11814.66
0,107,17,11814.66
0,107,18,11814.66
0,107,19,11814.66
0,107,20,11814.66
0,107,21,11814.66
0,107,22,11814.66
0,107,23,11814.66
0,107,24,11814.66
0,107,25,11814.66
0,107,26,11814.66
0,107,27,11814.66
0,107,28,11814.66
0,107,29,11814.66
0,107,30,11814.66
0,107,31,11814.66
0,107,32,11814.66
0,107,33,11814.66
0,107,34,11814.66
0,107,35,11814.66
0,107,36,11814.66
0,107,37,11814.66
0,107,38,11814.66
0,107,39,11814.66
0,107,40,11814.66
0,107,41,11814.66
0,107,42,11814.66
0,107,43,11814.66
0,107,44,11814.66
0,107,45,11814.66
0,107,46,11814.66
0,107,47,11814.66
0,107,48,11814.66
0,107,49,11814.66
0,107,50,11814.66
0,107,51,11814.66
0,107,52,11814.66
0,107,53,11814.66
0,107,54,11814.66
0,107,55,11814.66
0,107,56,11814.66
0,107,57,11814.66
0,107,58,11814.66
0,107,59,11814.66
0,107,60,11814.66
0,107,61,11814.66
0,107,62,11814.66
0,107,63,11814.66
0,107,64,11814.66
0,107,65,11814.66
0,107,66,11814.66
0,107,67,11814.66
0,107,68,11814.66
0,107,69,11814.66
0,107,70,11814.66
0,107,71,11814.66
0,107,72,11814.66
0,107,73,11814.66
0,107,74,11814.66
0,107,75,11814.66
0,107,76,11814.66
0,107,77,11814.66
0,107,78,11814.66
0,107,79,11814.66
0,107,80,11814.66
0,107,81,11814.66
0,107,82,11814.66
0,107,83,11814.66
0,107,84,11814.66
0,107,85,11814.66
0,107,86,11814.66
0,107,87,11814.66
0,107,88,11814.66
0,107,89,11814.66
0,107,90,11814.66
0,107,91,11814.66
0,107,92,11814.66
0,107,93,11814.66
0,107,94,11814.66
0,107,95,11814.66
0,107,96,11814.66
0,107,97,11814.66
0,107,98,11814.66
0,107,99,11814.66
0,107,100,11814.66
0,107,101,11814.66
13,107,102,11814.66
13,107,103,11814.66
13,107,104,11814.66
13,107,105,11814.66
13,107,106,11814.66
13,107,107,11814.66
13,107,108,11814.66
16,107,142,11814.66
16,107,143,11814.66
16,107,144,11814.66
0,107,145,11814.66
0,107,146,11814.66
0,107,147,11814.66
0,107,148,11814.66
0,107,149,11814.66
0,107,150,11814.66
0,107,151,11814.66
0,107,152,11814.66
0,107,153,11814.66
0,107,154,11814.66
0,107,155,11814.66
0,107,156,11814.66
0,107,157,11814.66
0,107,158,11814.66
0,107,159,11814.66
0,107,160,11814.66
0,107,161,11814.66
0,107,162,11814.66
0,107,163,11814.66
0,107,164,11814.66
0,107,165,11814.66
0,107,166,11814.66
0,107,167,11814.66
0,107,168,11814.66
0,107,169,11814.66
0,107,170,11814.66
0,107,171,11814.66
0,107,172,11814.66
0,107,173,11814.66
0,107,174,11814.66
0,107,175,11814.66
0,107,176,11814.66
0,107,177,11814.66
0,107,178,11814.66
0,107,179,11814.66
0,107,180,11814.66
0,107,181,11814.66
0,107,182,11814.66
0,107,183,11814.66
0,107,184,11814.66
0,107,185,11814.66
0,107,186,11814.66
0,107,187,11814.66
0,107,188,11814.66
29,107,189,11814.66
29,107,190,11814.66
29,107,191,11814.66
29,107,192,11814.66
30,107,220,11814.66
30,107,221,11814.66
30,107,222,11814.66
30,107,223,11814.66
30,107,224,11814.66
30,107,231,11814.66
0,107,232,11814.66
0,107,233,11814.66
0,107,234,11814.66
0,107,235,11814.66
0,107,236,11814.66
0,107,237,11814.66
0,107,238,11814.66
0,107,239,11814.66
0,107,240,11814.66
0,107,241,11814.66
0,107,242,11814.66
0,107,243,11814.66
0,107,244,11814.66
0,107,245,11814.66
0,107,246,11814.66
0,107,247,11814.66
0,107,248,11814.66
0,107,249,11814.66
0,107,250,11814.66
0,107,251,11814.66
0,107,252,11814.66
0,107,253,11814.66
0,107,254,11814.66
0,107,255,11814.66
0,107,256,11814.66
0,107,257,11814.66
0,107,258,11814.66
0,107,259,11814.66
0,107,260,11814.66
0,107,261,11814.66
0,107,262,11814.66
0,107,263,11814.66
0,107,264,11814.66
0,107,265,11814.66
0,107,266,11814.66
0,107,267,11814.66
0,107,268,11814.66
0,107,269,11814.66
0,107,270,11814.66
0,107,271,11814.66
0,107,272,11814.66
0,107,273,11814.66
0,107,274,11814.66
0,107,275,11814.66
0,107,276,11814.66
0,107,277,11814.66
0,107,278,11814.66
0,107,279,11814.66
0,107,280,11814.66
0,107,281,11814.66
0,107,282,11814.66
0,107,283,11814.66
0,107,284,11814.66
0,107,285,11814.66
0,107,286,11814.66
0,107,287,11814.66
0,107,288,11814.66
0,107,289,11814.66
0,107,290,11814.66
0,107,291,11814.66
0,107,292,11814.66
0,107,293,11814.66
0,107,294,11814.66
0,107,295,11814.66
45,107,296,11814.66
45,107,297,11814.66
45,107,298,11814.66
45,107,299,11814.66
45,107,300,11814.66
45,107,301,11814.66
45,107,302,11814.66
39,107,320,11814.66
39,107,321,11814.66
40,107,327,11814.66
40,107,328,11814.66
40,107,329,11814.66
40,107,330,11814.66
40,107,331,11814.66
40,107,332,11814.66
40,107,333,11814.66
40,107,334,11814.66
40,107,335,11814.66
40,107,336,11814.66
40,107,337,11814.66
40,107,338,11814.66
0,107,339,11814.66
0,107,340,11814.66
0,107,341,11814.66
0,107,342,11814.66
0,107,343,11814.66
0,107,344,11814.66
0,107,345,11814.66
0,107,346,11814.66
0,107,347,11814.66
0,107,348,11814.66
0,107,349,11814.66
0,107,350,11814.66
0,107,351,11814.66
0,107,352,11814.66
0,107,353,11814.66
0,107,354,11814.66
0,107,355,11814.66
0,107,356,11814.66
0,107,357,11814.66
0,107,358,11814.66
0,107,359,11814.66
0,107,360,11814.66
0,108,1,11753.31
0,108,2,11753.31
0,108,3,11753.31
0,108,4,11753.31
0,108,5,11753.31
0,108,6,11753.31
0,108,7,11753.31
0,108,8,11753.31
0,108,9,11753.31
0,108,10,11753.31
0,108,11,11753.31
0,108,12,11753.31
0,108,13,11753.31
0,108,14,11753.31
0,108,15,11753.31
0,108,16,11753.31
0,108,17,11753.31
0,108,18,11753.31
0,108,19,11753.31
0,108,20,11753.31
0,108,21,11753.31
0,108,22,11753.31
0,108,23,11753.31
0,108,24,11753.31
0,108,25,11753.31
0,108,26,11753.31
0,108,27,11753.31
0,108,28,11753.31
0,108,29,11753.31
0,108,30,11753.31
0,108,31,11753.31
0,108,32,11753.31
0,108,33,11753.31
0,108,34,11753.31
0,108,35,11753.31
0,108,36,11753.31
0,108,37,11753.31
0,108,38,11753.31
0,108,39,11753.31
0,108,40,11753.31
0,108,41,11753.31
0,108,42,11753.31
0,108,43,11753.31
0,108,44,11753.31
0,108,45,11753.31
0,108,46,11753.31
0,108,47,11753.31
0,108,48,11753.31
0,108,49,11753.31
0,108,50,11753.31
0,108,51,11753.31
0,108,52,11753.31
0,108,53,11753.31
0,108,54,11753.31
0,108,55,11753.31
0,108,56,11753.31
0,108,57,11753.31
0,108,58,11753.31
0,108,59,11753.31
0,108,60,11753.31
0,108,61,11753.31
0,108,62,11753.31
0,108,63,11753.31
0,108,64,11753.31
0,108,65,11753.31
0,108,66,11753.31
0,108,67,11753.31
0,108,68,11753.31
0,108,69,11753.31
0,108,70,11753.31
0,108,71,11753.31
0,108,72,11753.31
0,108,73,11753.31
0,108,74,11753.31
0,108,75,11753.31
0,108,76,11753.31
0,108,77,11753.31
0,108,78,11753.31
0,108,79,11753.31
0,108,80,11753.31
0,108,81,11753.31
0,108,82,11753.31
0,108,83,11753.31
0,108,84,11753.31
0,108,85,11753.31
0,108,86,11753.31
0,108,87,11753.31
0,108,88,11753.31
0,108,89,11753.31
0,108,90,11753.31
0,108,91,11753.31
0,108,92,11753.31
0,108,93,11753.31
0,108,94,11753.31
0,108,95,11753.31
0,108,96,11753.31
0,108,97,11753.31
0,108,98,11753.31
0,108,99,11753.31
0,108,100,11753.31
0,108,101,11753.31
0,108,102,11753.31
13,108,103,11753.31
13,108,104,11753.31
13,108,105,11753.31
13,108,106,11753.31
13,108,107,11753.31
13,108,108,11753.31
13,108,109,11753.31
16,108,142,11753.31
16,108,143,11753.31
16,108,144,11753.31
0,108,145,11753.31
0,108,146,11753.31
0,108,147,11753.31
0,108,148,11753.31
0,108,149,11753.31
0,108,150,11753.31
0,108,151,11753.31
0,108,152,11753.31
0,108,153,11753.31
0,108,154,11753.31
0,108,155,11753.31
0,108,156,11753.31
0,108,157,11753.31
0,108,158,11753.31
0,108,159,11753.31
0,108,160,11753.31
0,108,161,11753.31
0,108,162,11753.31
0,108,163,11753.31
0,108,164,11753.31
0,108,165,11753.31
0,108,166,11753.31
0,108,167,11753.31
0,108,168,11753.31
0,108,169,11753.31
0,108,170,11753.31
0,108,171,11753.31
0,108,172,11753.31
0,108,173,11753.31
0,108,174,11753.31
0,108,175,11753.31
0,108,176,11753.31
0,108,177,11753.31
0,108,178,11753.31
0,108,179,11753.31
0,108,180,11753.31
0,108,181,11753.31
0,108,182,11753.31
0,108,183,11753.31
0,108,184,11753.31
0,108,185,11753.31
0,108,186,11753.31
0,108,187,11753.31
0,108,188,11753.31
29,108,189,11753.31
29,108,190,11753.31
29,108,191,11753.31
29,108,192,11753.31
30,108,218,11753.31
30,108,219,11753.31
30,108,220,11753.31
30,108,221,11753.31
30,108,222,11753.31
30,108,223,11753.31
30,108,224,11753.31
30,108,230,11753.31
0,108,231,11753.31
0,108,232,11753.31
0,108,233,11753.31
0,108,234,11753.31
0,108,235,11753.31
0,108,236,11753.31
0,108,237,11753.31
0,108,238,11753.31
0,108,239,11753.31
0,108,240,11753.31
0,108,241,11753.31
0,108,242,11753.31
0,108,243,11753.31
0,108,244,11753.31
0,108,245,11753.31
0,108,246,11753.31
0,108,247,11753.31
0,108,248,11753.31
0,108,249,11753.31
0,108,250,11753.31
0,108,251,11753.31
0,108,252,11753.31
0,108,253,11753.31
0,108,254,11753.31
0,108,255,11753.31
0,108,256,11753.31
0,108,257,11753.31
0,108,258,11753.31
0,108,259,11753.31
0,108,260,11753.31
0,108,261,11753.31
0,108,262,11753.31
0,108,263,11753.31
0,108,264,11753.31
0,108,265,11753.31
0,108,266,11753.31
0,108,267,11753.31
0,108,268,11753.31
0,108,269,11753.31
0,108,270,11753.31
0,108,271,11753.31
0,108,272,11753.31
0,108,273,11753.31
0,108,274,11753.31
0,108,275,11753.31
0,108,276,11753.31
0,108,277,11753.31
0,108,278,11753.31
0,108,279,11753.31
0,108,280,11753.31
0,108,281,11753.31
0,108,282,11753.31
0,108,283,11753.31
0,108,284,11753.31
0,108,285,11753.31
0,108,286,11753.31
0,108,287,11753.31
0,108,288,11753.31
0,108,289,11753.31
0,108,290,11753.31
0,108,291,11753.31
0,108,292,11753.31
0,108,293,11753.31
45,108,294,11753.31
45,108,295,11753.31
45,108,296,11753.31
45,108,297,11753.31
45,108,298,11753.31
45,108,299,11753.31
45,108,300,11753.31
45,108,301,11753.31
45,108,302,11753.31
40,108,327,11753.31
40,108,328,11753.31
40,108,329,11753.31
40,108,330,11753.31
40,108,331,11753.31
40,108,332,11753.31
40,108,333,11753.31
40,108,334,11753.31
40,108,335,11753.31
40,108,336,11753.31
40,108,337,11753.31
0,108,338,11753.31
0,108,339,11753.31
0,108,340,11753.31
0,108,341,11753.31
0,108,342,11753.31
0,108,343,11753.31
0,108,344,11753.31
0,108,345,11753.31
0,108,346,11753.31
0,108,347,11753.31
0,108,348,11753.31
0,108,349,11753.31
0,108,350,11753.31
0,108,351,11753.31
0,108,352,11753.31
0,108,353,11753.31
0,108,354,11753.31
0,108,355,11753.31
0,108,356,11753.31
0,108,357,11753.31
0,108,358,11753.31
0,108,359,11753.31
0,108,360,11753.31
0,109,1,11688.46
0,109,2,11688.46
0,109,3,11688.46
0,109,4,11688.46
0,109,5,11688.46
0,109,6,11688.46
0,109,7,11688.46
0,109,8,11688.46
0,109,9,11688.46
0,109,10,11688.46
0,109,11,11688.46
0,109,12,11688.46
0,109,13,11688.46
0,109,14,11688.46
0,109,15,11688.46
0,109,16,11688.46
0,109,17,11688.46
0,109,18,11688.46
0,109,19,11688.46
0,109,20,11688.46
0,109,21,11688.46
0,109,22,11688.46
0,109,23,11688.46
0,109,24,11688.46
0,109,25,11688.46
0,109,26,11688.46
0,109,27,11688.46
0,109,28,11688.46
0,109,29,11688.46
0,109,30,11688.46
0,109,31,11688.46
0,109,32,11688.46
0,109,33,11688.46
0,109,34,11688.46
0,109,35,11688.46
0,109,36,11688.46
0,109,37,11688.46
0,109,38,11688.46
0,109,39,11688.46
0,109,40,11688.46
0,109,41,11688.46
0,109,42,11688.46
0,109,43,11688.46
0,109,44,11688.46
0,109,45,11688.46
0,109,46,11688.46
0,109,47,11688.46
0,109,48,11688.46
0,109,49,11688.46
0,109,50,11688.46
0,109,51,11688.46
0,109,52,11688.46
0,109,53,11688.46
0,109,54,11688.46
0,109,55,11688.46
0,109,56,11688.46
0,109,57,11688.46
0,109,58,11688.46
0,109,59,11688.46
0,109,60,11688.46
0,109,61,11688.46
0,109,62,11688.46
0,109,63,11688.46
0,109,64,11688.46
0,109,65,11688.46
0,109,66,11688.46
0,109,67,11688.46
0,109,68,11688.46
0,109,69,11688.46
0,109,70,11688.46
0,109,71,11688.46
0,109,72,11688.46
0,109,73,11688.46
0,109,74,11688.46
0,109,75,11688.46
0,109,76,11688.46
0,109,77,11688.46
0,109,78,11688.46
0,109,79,11688.46
0,109,80,11688.46
0,109,81,11688.46
0,109,82,11688.46
0,109,83,11688.46
0,109,84,11688.46
0,109,85,11688.46
0,109,86,11688.46
0,109,87,11688.46
0,109,88,11688.46
0,109,89,11688.46
0,109,90,11688.46
0,109,91,11688.46
0,109,92,11688.46
0,109,93,11688.46
0,109,94,11688.46
0,109,95,11688.46
0,109,96,11688.46
0,109,97,11688.46
0,109,98,11688.46
0,109,99,11688.46
0,109,100,11688.46
0,109,101,11688.46
0,109,102,11688.46
0,109,103,11688.46
13,109,104,11688.46
13,109,105,11688.46
13,109,106,11688.46
13,109,107,11688.46
13,109,108,11688.46
13,109,109,11688.46
13,109,110,11688.46
16,109,141,11688.46
16,109,142,11688.46
16,109,143,11688.46
16,109,144,11688.46
0,109,145,11688.46
0,109,146,11688.46
0,109,147,11688.46
0,109,148,11688.46
0,109,149,11688.46
0,109,150,11688.46
0,109,151,11688.46
0,109,152,11688.46
0,109,153,11688.46
0,109,154,11688.46
0,109,155,11688.46
0,109,156,11688.46
0,109,157,11688.46
0,109,158,11688.46
0,109,159,11688.46
0,109,160,11688.46
0,109,161,11688.46
0,109,162,11688.46
0,109,163,11688.46
0,109,164,11688.46
0,109,165,11688.46
0,109,166,11688.46
0,109,167,11688.46
0,109,168,11688.46
0,109,169,11688.46
0,109,170,11688.46
0,109,171,11688.46
0,109,172,11688.46
0,109,173,11688.46
0,109,174,11688.46
0,109,175,11688.46
0,109,176,11688.46
0,109,177,11688.46
0,109,178,11688.46
0,109,179,11688.46
0,109,180,11688.46
0,109,181,11688.46
0,109,182,11688.46
0,109,183,11688.46
0,109,184,11688.46
0,109,185,11688.46
0,109,186,11688.46
0,109,187,11688.46
0,109,188,11688.46
29,109,189,11688.46
29,109,190,11688.46
29,109,191,11688.46
29,109,192,11688.46
30,109,217,11688.46
30,109,218,11688.46
30,109,219,11688.46
30,109,220,11688.46
30,109,221,11688.46
30,109,222,11688.46
30,109,223,11688.46
30,109,224,11688.46
30,109,230,11688.46
0,109,231,11688.46
0,109,232,11688.46
0,109,233,11688.46
0,109,234,11688.46
0,109,235,11688.46
0,109,236,11688.46
0,109,237,11688.46
0,109,238,11688.46
0,109,239,11688.46
0,109,240,11688.46
0,109,241,11688.46
0,109,242,11688.46
0,109,243,11688.46
0,109,244,11688.46
0,109,245,11688.46
0,109,246,11688.46
0,109,247,11688.46
0,109,248,11688.46
0,109,249,11688.46
0,109,250,11688.46
0,109,251,11688.46
0,109,252,11688.46
0,109,253,11688.46
0,109,254,11688.46
0,109,255,11688.46
0,109,256,11688.46
0,109,257,11688.46
0,109,258,11688.46
0,109,259,11688.46
0,109,260,11688.46
0,109,261,11688.46
0,109,262,11688.46
0,109,263,11688.46
0,109,264,11688.46
0,109,265,11688.46
0,109,266,11688.46
0,109,267,11688.46
0,109,268,11688.46
0,109,269,11688.46
0,109,270,11688.46
0,109,271,11688.46
0,109,272,11688.46
0,109,273,11688.46
0,109,274,11688.46
0,109,275,11688.46
0,109,276,11688.46
0,109,277,11688.46
0,109,278,11688.46
0,109,279,11688.46
0,109,280,11688.46
0,109,281,11688.46
0,109,282,11688.46
0,109,283,11688.46
0,109,284,11688.46
0,109,285,11688.46
0,109,286,11688.46
0,109,287,11688.46
0,109,288,11688.46
0,109,289,11688.46
0,109,290,11688.46
0,109,291,11688.46
0,109,292,11688.46
45,109,293,11688.46
45,109,294,11688.46
45,109,295,11688.46
45,109,296,11688.46
45,109,297,11688.46
45,109,298,11688.46
45,109,299,11688.46
45,109,300,11688.46
45,109,301,11688.46
45,109,302,11688.46
40,109,328,11688.46
40,109,329,11688.46
40,109,330,11688.46
40,109,331,11688.46
40,109,332,11688.46
40,109,333,11688.46
40,109,334,11688.46
40,109,335,11688.46
40,109,336,11688.46
40,109,337,11688.46
0,109,338,11688.46
0,109,339,11688.46
0,109,340,11688.46
0,109,341,11688.46
0,109,342,11688.46
0,109,343,11688.46
0,109,344,11688.46
0,109,345,11688.46
0,109,346,11688.46
0,109,347,11688.46
0,109,348,11688.46
0,109,349,11688.46
0,109,350,11688.46
0,109,351,11688.46
0,109,352,11688.46
0,109,353,11688.46
0,109,354,11688.46
0,109,355,11688.46
0,109,356,11688.46
0,109,357,11688.46
0,109,358,11688.46
0,109,359,11688.46
0,109,360,11688.46
0,110,1,11620.09
0,110,2,11620.09
0,110,3,11620.09
0,110,4,11620.09
0,110,5,11620.09
0,110,6,11620.09
0,110,7,11620.09
0,110,8,11620.09
0,110,9,11620.09
0,110,10,11620.09
0,110,11,11620.09
0,110,12,11620.09
0,110,13,11620.09
0,110,14,11620.09
0,110,15,11620.09
0,110,16,11620.09
0,110,17,11620.09
0,110,18,11620.09
0,110,19,11620.09
0,110,20,11620.09
0,110,21,11620.09
0,110,22,11620.09
0,110,23,11620.09
0,110,24,11620.09
0,110,25,11620.09
0,110,26,11620.09
0,110,27,11620.09
0,110,28,11620.09
0,110,29,11620.09
0,110,30,11620.09
0,110,31,11620.09
0,110,32,11620.09
0,110,33,11620.09
0,110,34,11620.09
0,110,35,11620.09
0,110,36,11620.09
0,110,37,11620.09
0,110,38,11620.09
0,110,39,11620.09
0,110,40,11620.09
0,110,41,11620.09
0,110,42,11620.09
0,110,43,11620.09
0,110,44,11620.09
0,110,45,11620.09
0,110,46,11620.09
0,110,47,11620.09
0,110,48,11620.09
0,110,49,11620.09
0,110,50,11620.09
0,110,51,11620.09
0,110,52,11620.09
0,110,53,11620.09
0,110,54,11620.09
0,110,55,11620.09
0,110,56,11620.09
0,110,57,11620.09
0,110,58,11620.09
0,110,59,11620.09
0,110,60,11620.09
0,110,61,11620.09
0,110,62,11620.09
0,110,63,11620.09
0,110,64,11620.09
0,110,65,11620.09
0,110,66,11620.09
0,110,67,11620.09
0,110,68,11620.09
0,110,69,11620.09
0,110,70,11620.09
0,110,71,11620.09
0,110,72,11620.09
0,110,73,11620.09
0,110,74,11620.09
0,110,75,11620.09
0,110,76,11620.09
0,110,77,11620.09
0,110,78,11620.09
0,110,79,11620.09
0,110,80,11620.09
0,110,81,11620.09
0,110,82,11620.09
0,110,83,11620.09
0,110,84,11620.09
0,110,85,11620.09
0,110,86,11620.09
0,110,87,11620.09
0,110,88,11620.09
0,110,89,11620.09
0,110,90,11620.09
0,110,91,11620.09
0,110,92,11620.09
0,110,93,11620.09
0,110,94,11620.09
0,110,95,11620.09
0,110,96,11620.09
0,110,97,11620.09
0,110,98,11620.09
0,110,99,11620.09
0,110,100,11620.09
0,110,101,11620.09
0,110,102,11620.09
0,110,103,11620.09
0,110,104,11620.09
13,110,105,11620.09
13,110,106,11620.09
13,110,107,11620.09
13,110,108,11620.09
13,110,109,11620.09
13,110,110,11620.09
16,110,141,11620.09
16,110,142,11620.09
16,110,143,11620.09
0,110,144,11620.09
0,110,145,11620.09
0,110,146,11620.09
0,110,147,11620.09
0,110,148,11620.09
0,110,149,11620.09
0,110,150,11620.09
0,110,151,11620.09
0,110,152,11620.09
0,110,153,11620.09
0,110,154,11620.09
0,110,155,11620.09
0,110,156,11620.09
0,110,157,11620.09
0,110,158,11620.09
0,110,159,11620.09
0,110,160,11620.09
0,110,161,11620.09
0,110,162,11620.09
0,110,163,11620.09
0,110,164,11620.09
0,110,165,11620.09
0,110,166,11620.09
0,110,167,11620.09
0,110,168,11620.09
0,110,169,11620.09
0,110,170,11620.09
0,110,171,11620.09
0,110,172,11620.09
0,110,173,11620.09
0,110,174,11620.09
0,110,175,11620.09
0,110,176,11620.09
0,110,177,11620.09
0,110,178,11620.09
0,110,179,11620.09
0,110,180,11620.09
0,110,181,11620.09
0,110,182,11620.09
0,110,183,11620.09
0,110,184,11620.09
0,110,185,11620.09
0,110,186,11620.09
0,110,187,11620.09
0,110,188,11620.09
0,110,189,11620.09
29,110,190,11620.09
29,110,191,11620.09
29,110,192,11620.09
29,110,193,11620.09
30,110,216,11620.09
30,110,217,11620.09
30,110,218,11620.09
30,110,219,11620.09
30,110,220,11620.09
30,110,221,11620.09
30,110,222,11620.09
30,110,223,11620.09
30,110,224,11620.09
30,110,230,11620.09
0,110,231,11620.09
0,110,232,11620.09
0,110,233,11620.09
0,110,234,11620.09
0,110,235,11620.09
0,110,236,11620.09
0,110,237,11620.09
0,110,238,11620.09
0,110,239,11620.09
0,110,240,11620.09
0,110,241,11620.09
0,110,242,11620.09
0,110,243,11620.09
0,110,244,11620.09
0,110,245,11620.09
0,110,246,11620.09
0,110,247,11620.09
0,110,248,11620.09
0,110,249,11620.09
0,110,250,11620.09
0,110,251,11620.09
0,110,252,11620.09
0,110,253,11620.09
0,110,254,11620.09
0,110,255,11620.09
0,110,256,11620.09
0,110,257,11620.09
0,110,258,11620.09
0,110,259,11620.09
0,110,260,11620.09
0,110,261,11620.09
0,110,262,11620.09
0,110,263,11620.09
0,110,264,11620.09
0,110,265,11620.09
0,110,266,11620.09
0,110,267,11620.09
0,110,268,11620.09
0,110,269,11620.09
0,110,270,11620.09
0,110,271,11620.09
0,110,272,11620.09
0,110,273,11620.09
0,110,274,11620.09
0,110,275,11620.09
0,110,276,11620.09
0,110,277,11620.09
0,110,278,11620.09
0,110,279,11620.09
0,110,280,11620.09
0,110,281,11620.09
0,110,282,11620.09
0,110,283,11620.09
0,110,284,11620.09
0,110,285,11620.09
0,110,286,11620.09
0,110,287,11620.09
0,110,288,11620.09
0,110,289,11620.09
0,110,290,11620.09
0,110,291,11620.09
45,110,292,11620.09
45,110,293,11620.09
45,110,294,11620.09
45,110,295,11620.09
45,110,296,11620.09
45,110,297,11620.09
45,110,298,11620.09
45,110,299,11620.09
45,110,300,11620.09
40,110,329,11620.09
40,110,330,11620.09
40,110,331,11620.09
40,110,332,11620.09
40,110,333,11620.09
40,110,334,11620.09
40,110,335,11620.09
40,110,336,11620.09
40,110,337,11620.09
0,110,338,11620.09
0,110,339,11620.09
0,110,340,11620.09
0,110,341,11620.09
0,110,342,11620.09
0,110,343,11620.09
0,110,344,11620.09
0,110,345,11620.09
0,110,346,11620.09
0,110,347,11620.09
0,110,348,11620.09
0,110,349,11620.09
0,110,350,11620.09
0,110,351,11620.09
0,110,352,11620.09
0,110,353,11620.09
0,110,354,11620.09
0,110,355,11620.09
0,110,356,11620.09
0,110,357,11620.09
0,110,358,11620.09
0,110,359,11620.09
0,110,360,11620.09
0,111,1,11548.24
0,111,2,11548.24
0,111,3,11548.24
0,111,4,11548.24
0,111,5,11548.24
0,111,6,11548.24
0,111,7,11548.24
0,111,8,11548.24
0,111,9,11548.24
0,111,10,11548.24
0,111,11,11548.24
0,111,12,11548.24
0,111,13,11548.24
0,111,14,11548.24
0,111,15,11548.24
0,111,16,11548.24
0,111,17,11548.24
0,111,18,11548.24
0,111,19,11548.24
0,111,20,11548.24
0,111,21,11548.24
0,111,22,11548.24
0,111,23,11548.24
0,111,24,11548.24
0,111,25,11548.24
0,111,26,11548.24
0,111,27,11548.24
0,111,28,11548.24
0,111,29,11548.24
0,111,30,11548.24
0,111,31,11548.24
0,111,32,11548.24
0,111,33,11548.24
0,111,34,11548.24
0,111,35,11548.24
0,111,36,11548.24
0,111,37,11548.24
0,111,38,11548.24
0,111,39,11548.24
0,111,40,11548.24
0,111,41,11548.24
0,111,42,11548.24
0,111,43,11548.24
0,111,44,11548.24
0,111,45,11548.24
0,111,46,11548.24
0,111,47,11548.24
0,111,48,11548.24
0,111,49,11548.24
0,111,50,11548.24
0,111,51,11548.24
0,111,52,11548.24
0,111,53,11548.24
0,111,54,11548.24
0,111,55,11548.24
0,111,56,11548.24
0,111,57,11548.24
0,111,58,11548.24
0,111,59,11548.24
0,111,60,11548.24
0,111,61,11548.24
0,111,62,11548.24
0,111,63,11548.24
0,111,64,11548.24
0,111,65,11548.24
0,111,66,11548.24
0,111,67,11548.24
0,111,68,11548.24
0,111,69,11548.24
0,111,70,11548.24
0,111,71,11548.24
0,111,72,11548.24
0,111,73,11548.24
0,111,74,11548.24
0,111,75,11548.24
0,111,76,11548.24
0,111,77,11548.24
0,111,78,11548.24
0,111,79,11548.24
0,111,80,11548.24
0,111,81,11548.24
0,111,82,11548.24
0,111,83,11548.24
0,111,84,11548.24
0,111,85,11548.24
0,111,86,11548.24
0,111,87,11548.24
0,111,88,11548.24
0,111,89,11548.24
0,111,90,11548.24
0,111,91,11548.24
0,111,92,11548.24
0,111,93,11548.24
0,111,94,11548.24
0,111,95,11548.24
0,111,96,11548.24
0,111,97,11548.24
0,111,98,11548.24
0,111,99,11548.24
0,111,100,11548.24
0,111,101,11548.24
0,111,102,11548.24
0,111,103,11548.24
0,111,104,11548.24
0,111,105,11548.24
13,111,106,11548.24
13,111,107,11548.24
13,111,108,11548.24
13,111,109,11548.24
13,111,110,11548.24
16,111,140,11548.24
16,111,141,11548.24
16,111,142,11548.24
16,111,143,11548.24
0,111,144,11548.24
0,111,145,11548.24
0,111,146,11548.24
0,111,147,11548.24
0,111,148,11548.24
0,111,149,11548.24
0,111,150,11548.24
0,111,151,11548.24
0,111,152,11548.24
0,111,153,11548.24
0,111,154,11548.24
0,111,155,11548.24
0,111,156,11548.24
0,111,157,11548.24
0,111,158,11548.24
0,111,159,11548.24
0,111,160,11548.24
0,111,161,11548.24
0,111,162,11548.24
0,111,163,11548.24
0,111,164,11548.24
0,111,165,11548.24
0,111,166,11548.24
0,111,167,11548.24
0,111,168,11548.24
0,111,169,11548.24
0,111,170,11548.24
0,111,171,11548.24
0,111,172,11548.24
0,111,173,11548.24
0,111,174,11548.24
0,111,175,11548.24
0,111,176,11548.24
0,111,177,11548.24
0,111,178,11548.24
0,111,179,11548.24
0,111,180,11548.24
0,111,181,11548.24
0,111,182,11548.24
0,111,183,11548.24
0,111,184,11548.24
0,111,185,11548.24
0,111,186,11548.24
0,111,187,11548.24
0,111,188,11548.24
0,111,189,11548.24
29,111,190,11548.24
29,111,191,11548.24
29,111,192,11548.24
29,111,193,11548.24
29,111,194,11548.24
30,111,216,11548.24
30,111,217,11548.24
30,111,218,11548.24
30,111,219,11548.24
30,111,220,11548.24
30,111,221,11548.24
30,111,222,11548.24
30,111,223,11548.24
30,111,224,11548.24
30,111,229,11548.24
30,111,230,11548.24
0,111,231,11548.24
0,111,232,11548.24
0,111,233,11548.24
0,111,234,11548.24
0,111,235,11548.24
0,111,236,11548.24
0,111,237,11548.24
0,111,238,11548.24
0,111,239,11548.24
0,111,240,11548.24
0,111,241,11548.24
0,111,242,11548.24
0,111,243,11548.24
0,111,244,11548.24
0,111,245,11548.24
0,111,246,11548.24
0,111,247,11548.24
0,111,248,11548.24
0,111,249,11548.24
0,111,250,11548.24
0,111,251,11548.24
0,111,252,11548.24
0,111,253,11548.24
0,111,254,11548.24
0,111,255,11548.24
0,111,256,11548.24
0,111,257,11548.24
0,111,258,11548.24
0,111,259,11548.24
0,111,260,11548.24
0,111,261,11548.24
0,111,262,11548.24
0,111,263,11548.24
0,111,264,11548.24
0,111,265,11548.24
0,111,266,11548.24
0,111,267,11548.24
0,111,268,11548.24
0,111,269,11548.24
0,111,270,11548.24
0,111,271,11548.24
0,111,272,11548.24
0,111,273,11548.24
0,111,274,11548.24
0,111,275,11548.24
0,111,276,11548.24
0,111,277,11548.24
0,111,278,11548.24
0,111,279,11548.24
0,111,280,11548.24
0,111,281,11548.24
0,111,282,11548.24
0,111,283,11548.24
0,111,284,11548.24
0,111,285,11548.24
0,111,286,11548.24
0,111,287,11548.24
0,111,288,11548.24
0,111,289,11548.24
0,111,290,11548.24
0,111,291,11548.24
44,111,292,11548.24
45,111,293,11548.24
45,111,294,11548.24
45,111,295,11548.24
45,111,296,11548.24
40,111,330,11548.24
40,111,331,11548.24
40,111,332,11548.24
40,111,333,11548.24
40,111,334,11548.24
40,111,335,11548.24
40,111,336,11548.24
40,111,337,11548.24
0,111,338,11548.24
0,111,339,11548.24
0,111,340,11548.24
0,111,341,11548.24
0,111,342,11548.24
0,111,343,11548.24
0,111,344,11548.24
0,111,345,11548.24
0,111,346,11548.24
0,111,347,11548.24
0,111,348,11548.24
0,111,349,11548.24
0,111,350,11548.24
0,111,351,11548.24
0,111,352,11548.24
0,111,353,11548.24
0,111,354,11548.24
0,111,355,11548.24
0,111,356,11548.24
0,111,357,11548.24
0,111,358,11548.24
0,111,359,11548.24
0,111,360,11548.24
0,112,1,11472.93
0,112,2,11472.93
0,112,3,11472.93
0,112,4,11472.93
0,112,5,11472.93
0,112,6,11472.93
0,112,7,11472.93
0,112,8,11472.93
0,112,9,11472.93
0,112,10,11472.93
0,112,11,11472.93
0,112,12,11472.93
0,112,13,11472.93
0,112,14,11472.93
0,112,15,11472.93
0,112,16,11472.93
0,112,17,11472.93
0,112,18,11472.93
0,112,19,11472.93
0,112,20,11472.93
0,112,21,11472.93
0,112,22,11472.93
0,112,23,11472.93
0,112,24,11472.93
0,112,25,11472.93
0,112,26,11472.93
0,112,27,11472.93
0,112,28,11472.93
0,112,29,11472.93
0,112,30,11472.93
0,112,31,11472.93
0,112,32,11472.93
0,112,33,11472.93
0,112,34,11472.93
0,112,35,11472.93
0,112,36,11472.93
0,112,37,11472.93
0,112,38,11472.93
0,112,39,11472.93
0,112,40,11472.93
0,112,41,11472.93
0,112,42,11472.93
0,112,43,11472.93
0,112,44,11472.93
0,112,45,11472.93
0,112,46,11472.93
0,112,47,11472.93
0,112,48,11472.93
0,112,49,11472.93
0,112,50,11472.93
0,112,51,11472.93
0,112,52,11472.93
0,112,53,11472.93
0,112,54,11472.93
0,112,55,11472.93
0,112,56,11472.93
0,112,57,11472.93
0,112,58,11472.93
0,112,59,11472.93
0,112,60,11472.93
0,112,61,11472.93
0,112,62,11472.93
0,112,63,11472.93
0,112,64,11472.93
0,112,65,11472.93
0,112,66,11472.93
0,112,67,11472.93
0,112,68,11472.93
0,112,69,11472.93
0,112,70,11472.93
0,112,71,11472.93
0,112,72,11472.93
0,112,73,11472.93
0,112,74,11472.93
0,112,75,11472.93
0,112,76,11472.93
0,112,77,11472.93
0,112,78,11472.93
0,112,79,11472.93
0,112,80,11472.93
0,112,81,11472.93
0,112,82,11472.93
0,112,83,11472.93
0,112,84,11472.93
0,112,85,11472.93
0,112,86,11472.93
0,112,87,11472.93
0,112,88,11472.93
0,112,89,11472.93
0,112,90,11472.93
0,112,91,11472.93
0,112,92,11472.93
0,112,93,11472.93
0,112,94,11472.93
0,112,95,11472.93
0,112,96,11472.93
0,112,97,11472.93
0,112,98,11472.93
0,112,99,11472.93
0,112,100,11472.93
0,112,101,11472.93
0,112,102,11472.93
0,112,103,11472.93
0,112,104,11472.93
0,112,105,11472.93
13,112,106,11472.93
13,112,107,11472.93
13,112,108,11472.93
13,112,109,11472.93
13,112,110,11472.93
16,112,140,11472.93
16,112,141,11472.93
16,112,142,11472.93
16,112,143,11472.93
0,112,144,11472.93
0,112,145,11472.93
0,112,146,11472.93
0,112,147,11472.93
0,112,148,11472.93
0,112,149,11472.93
0,112,150,11472.93
0,112,151,11472.93
0,112,152,11472.93
0,112,153,11472.93
0,112,154,11472.93
0,112,155,11472.93
0,112,156,11472.93
0,112,157,11472.93
0,112,158,11472.93
0,112,159,11472.93
0,112,160,11472.93
0,112,161,11472.93
0,112,162,11472.93
0,112,163,11472.93
0,112,164,11472.93
0,112,165,11472.93
0,112,166,11472.93
0,112,167,11472.93
0,112,168,11472.93
0,112,169,11472.93
0,112,170,11472.93
0,112,171,11472.93
0,112,172,11472.93
0,112,173,11472.93
0,112,174,11472.93
0,112,175,11472.93
0,112,176,11472.93
0,112,177,11472.93
0,112,178,11472.93
0,112,179,11472.93
0,112,180,11472.93
0,112,181,11472.93
0,112,182,11472.93
0,112,183,11472.93
0,112,184,11472.93
0,112,185,11472.93
0,112,186,11472.93
0,112,187,11472.93
0,112,188,11472.93
0,112,189,11472.93
29,112,190,11472.93
29,112,191,11472.93
29,112,192,11472.93
29,112,193,11472.93
29,112,194,11472.93
30,112,216,11472.93
30,112,217,11472.93
30,112,218,11472.93
30,112,219,11472.93
30,112,220,11472.93
30,112,221,11472.93
30,112,222,11472.93
30,112,223,11472.93
30,112,229,11472.93
0,112,230,11472.93
0,112,231,11472.93
0,112,232,11472.93
0,112,233,11472.93
0,112,234,11472.93
0,112,235,11472.93
0,112,236,11472.93
0,112,237,11472.93
0,112,238,11472.93
0,112,239,11472.93
0,112,240,11472.93
0,112,241,11472.93
0,112,242,11472.93
0,112,243,11472.93
0,112,244,11472.93
0,112,245,11472.93
0,112,246,11472.93
0,112,247,11472.93
0,112,248,11472.93
0,112,249,11472.93
0,112,250,11472.93
0,112,251,11472.93
0,112,252,11472.93
0,112,253,11472.93
0,112,254,11472.93
0,112,255,11472.93
0,112,256,11472.93
0,112,257,11472.93
0,112,258,11472.93
0,112,259,11472.93
0,112,260,11472.93
0,112,261,11472.93
0,112,262,11472.93
0,112,263,11472.93
0,112,264,11472.93
0,112,265,11472.93
0,112,266,11472.93
0,112,267,11472.93
0,112,268,11472.93
0,112,269,11472.93
0,112,270,11472.93
0,112,271,11472.93
0,112,272,11472.93
0,112,273,11472.93
0,112,274,11472.93
0,112,275,11472.93
0,112,276,11472.93
0,112,277,11472.93
0,112,278,11472.93
0,112,279,11472.93
0,112,280,11472.93
0,112,281,11472.93
0,112,282,11472.93
0,112,283,11472.93
0,112,284,11472.93
0,112,285,11472.93
0,112,286,11472.93
0,112,287,11472.93
0,112,288,11472.93
0,112,289,11472.93
0,112,290,11472.93
44,112,291,11472.93
44,112,292,11472.93
44,112,293,11472.93
45,112,294,11472.93
45,112,295,11472.93
40,112,331,11472.93
40,112,332,11472.93
40,112,333,11472.93
40,112,334,11472.93
40,112,335,11472.93
40,112,336,11472.93
41,112,337,11472.93
0,112,338,11472.93
0,112,339,11472.93
0,112,340,11472.93
0,112,341,11472.93
0,112,342,11472.93
0,112,343,11472.93
0,112,344,11472.93
0,112,345,11472.93
0,112,346,11472.93
0,112,347,11472.93
0,112,348,11472.93
0,112,349,11472.93
0,112,350,11472.93
0,112,351,11472.93
0,112,352,11472.93
0,112,353,11472.93
0,112,354,11472.93
0,112,355,11472.93
0,112,356,11472.93
0,112,357,11472.93
0,112,358,11472.93
0,112,359,11472.93
0,112,360,11472.93
0,113,1,11394.16
0,113,2,11394.16
0,113,3,11394.16
0,113,4,11394.16
0,113,5,11394.16
0,113,6,11394.16
0,113,7,11394.16
0,113,8,11394.16
0,113,9,11394.16
0,113,10,11394.16
0,113,11,11394.16
0,113,12,11394.16
0,113,13,11394.16
0,113,14,11394.16
0,113,15,11394.16
0,113,16,11394.16
0,113,17,11394.16
0,113,18,11394.16
0,113,19,11394.16
0,113,20,11394.16
0,113,21,11394.16
0,113,22,11394.16
0,113,23,11394.16
0,113,24,11394.16
0,113,25,11394.16
0,113,26,11394.16
0,113,27,11394.16
0,113,28,11394.16
0,113,29,11394.16
0,113,30,11394.16
0,113,31,11394.16
0,113,32,11394.16
0,113,33,11394.16
0,113,34,11394.16
0,113,35,11394.16
0,113,36,11394.16
0,113,37,11394.16
0,113,38,11394.16
0,113,39,11394.16
0,113,40,11394.16
0,113,41,11394.16
0,113,42,11394.16
0,113,43,11394.16
0,113,44,11394.16
0,113,45,11394.16
0,113,46,11394.16
0,113,47,11394.16
0,113,48,11394.16
0,113,49,11394.16
0,113,50,11394.16
0,113,51,11394.16
0,113,52,11394.16
0,113,53,11394.16
0,113,54,11394.16
0,113,55,11394.16
0,113,56,11394.16
0,113,57,11394.16
0,113,58,11394.16
0,113,59,11394.16
0,113,60,11394.16
0,113,61,11394.16
0,113,62,11394.16
0,113,63,11394.16
0,113,64,11394.16
0,113,65,11394.16
0,113,66,11394.16
0,113,67,11394.16
0,113,68,11394.16
0,113,69,11394.16
0,113,70,11394.16
0,113,71,11394.16
0,113,72,11394.16
0,113,73,11394.16
0,113,74,11394.16
0,113,75,11394.16
0,113,76,11394.16
0,113,77,11394.16
0,113,78,11394.16
0,113,79,11394.16
0,113,80,11394.16
0,113,81,11394.16
0,113,82,11394.16
0,113,83,11394.16
0,113,84,11394.16
0,113,85,11394.16
0,113,86,11394.16
0,113,87,11394.16
0,113,88,11394.16
0,113,89,11394.16
0,113,90,11394.16
0,113,91,11394.16
0,113,92,11394.16
0,113,93,11394.16
0,113,94,11394.16
0,113,95,11394.16
0,113,96,11394.16
0,113,97,11394.16
0,113,98,11394.16
0,113,99,11394.16
0,113,100,11394.16
0,113,101,11394.16
0,113,102,11394.16
0,113,103,11394.16
0,113,104,11394.16
0,113,105,11394.16
13,113,106,11394.16
13,113,107,11394.16
13,113,108,11394.16
13,113,109,11394.16
13,113,110,11394.16
15,113,137,11394.16
15,113,138,11394.16
15,113,139,11394.16
15,113,140,11394.16
15,113,141,11394.16
15,113,142,11394.16
0,113,143,11394.16
0,113,144,11394.16
0,113,145,11394.16
0,113,146,11394.16
0,113,147,11394.16
0,113,148,11394.16
0,113,149,11394.16
0,113,150,11394.16
0,113,151,11394.16
0,113,152,11394.16
0,113,153,11394.16
0,113,154,11394.16
0,113,155,11394.16
0,113,156,11394.16
0,113,157,11394.16
0,113,158,11394.16
0,113,159,11394.16
0,113,160,11394.16
0,113,161,11394.16
0,113,162,11394.16
0,113,163,11394.16
0,113,164,11394.16
0,113,165,11394.16
0,113,166,11394.16
0,113,167,11394.16
0,113,168,11394.16
0,113,169,11394.16
0,113,170,11394.16
0,113,171,11394.16
0,113,172,11394.16
0,113,173,11394.16
0,113,174,11394.16
0,113,175,11394.16
0,113,176,11394.16
0,113,177,11394.16
0,113,178,11394.16
0,113,179,11394.16
0,113,180,11394.16
0,113,181,11394.16
0,113,182,11394.16
0,113,183,11394.16
0,113,184,11394.16
0,113,185,11394.16
0,113,186,11394.16
0,113,187,11394.16
0,113,188,11394.16
0,113,189,11394.16
0,113,190,11394.16
29,113,191,11394.16
29,113,192,11394.16
29,113,193,11394.16
29,113,194,11394.16
30,113,217,11394.16
30,113,218,11394.16
30,113,219,11394.16
30,113,220,11394.16
30,113,221,11394.16
30,113,222,11394.16
30,113,223,11394.16
30,113,229,11394.16
0,113,230,11394.16
0,113,231,11394.16
0,113,232,11394.16
0,113,233,11394.16
0,113,234,11394.16
0,113,235,11394.16
0,113,236,11394.16
0,113,237,11394.16
0,113,238,11394.16
0,113,239,11394.16
0,113,240,11394.16
0,113,241,11394.16
0,113,242,11394.16
0,113,243,11394.16
0,113,244,11394.16
0,113,245,11394.16
0,113,246,11394.16
0,113,247,11394.16
0,113,248,11394.16
0,113,249,11394.16
0,113,250,11394.16
0,113,251,11394.16
0,113,252,11394.16
0,113,253,11394.16
0,113,254,11394.16
0,113,255,11394.16
0,113,256,11394.16
0,113,257,11394.16
0,113,258,11394.16
0,113,259,11394.16
0,113,260,11394.16
0,113,261,11394.16
0,113,262,11394.16
0,113,263,11394.16
0,113,264,11394.16
0,113,265,11394.16
0,113,266,11394.16
0,113,267,11394.16
0,113,268,11394.16
0,113,269,11394.16
0,113,270,11394.16
0,113,271,11394.16
0,113,272,11394.16
0,113,273,11394.16
0,113,274,11394.16
0,113,275,11394.16
0,113,276,11394.16
0,113,277,11394.16
0,113,278,11394.16
0,113,279,11394.16
0,113,280,11394.16
0,113,281,11394.16
0,113,282,11394.16
0,113,283,11394.16
0,113,284,11394.16
0,113,285,11394.16
0,113,286,11394.16
0,113,287,11394.16
0,113,288,11394.16
0,113,289,11394.16
0,113,290,11394.16
44,113,291,11394.16
44,113,292,11394.16
44,113,293,11394.16
44,113,294,11394.16
40,113,332,11394.16
40,113,333,11394.16
40,113,334,11394.16
40,113,335,11394.16
41,113,336,11394.16
41,113,337,11394.16
41,113,338,11394.16
0,113,339,11394.16
0,113,340,11394.16
0,113,341,11394.16
0,113,342,11394.16
0,113,343,11394.16
0,113,344,11394.16
0,113,345,11394.16
0,113,346,11394.16
0,113,347,11394.16
0,113,348,11394.16
0,113,349,11394.16
0,113,350,11394.16
0,113,351,11394.16
0,113,352,11394.16
0,113,353,11394.16
0,113,354,11394.16
0,113,355,11394.16
0,113,356,11394.16
0,113,357,11394.16
0,113,358,11394.16
0,113,359,11394.16
0,113,360,11394.16
0,114,1,11311.96
0,114,2,11311.96
0,114,3,11311.96
0,114,4,11311.96
0,114,5,11311.96
0,114,6,11311.96
0,114,7,11311.96
0,114,8,11311.96
0,114,9,11311.96
0,114,10,11311.96
0,114,11,11311.96
0,114,12,11311.96
0,114,13,11311.96
0,114,14,11311.96
0,114,15,11311.96
0,114,16,11311.96
0,114,17,11311.96
0,114,18,11311.96
0,114,19,11311.96
0,114,20,11311.96
0,114,21,11311.96
0,114,22,11311.96
0,114,23,11311.96
0,114,24,11311.96
0,114,25,11311.96
0,114,26,11311.96
0,114,27,11311.96
0,114,28,11311.96
0,114,29,11311.96
0,114,30,11311.96
0,114,31,11311.96
0,114,32,11311.96
0,114,33,11311.96
0,114,34,11311.96
0,114,35,11311.96
0,114,36,11311.96
0,114,37,11311.96
0,114,38,11311.96
0,114,39,11311.96
0,114,40,11311.96
0,114,41,11311.96
0,114,42,11311.96
0,114,43,11311.96
0,114,44,11311.96
0,114,45,11311.96
0,114,46,11311.96
0,114,47,11311.96
0,114,48,11311.96
0,114,49,11311.96
0,114,50,11311.96
0,114,51,11311.96
0,114,52,11311.96
0,114,53,11311.96
0,114,54,11311.96
0,114,55,11311.96
0,114,56,11311.96
0,114,57,11311.96
0,114,58,11311.96
0,114,59,11311.96
0,114,60,11311.96
0,114,61,11311.96
0,114,62,11311.96
0,114,63,11311.96
0,114,64,11311.96
0,114,65,11311.96
0,114,66,11311.96
0,114,67,11311.96
0,114,68,11311.96
0,114,69,11311.96
0,114,70,11311.96
0,114,71,11311.96
0,114,72,11311.96
0,114,73,11311.96
0,114,74,11311.96
0,114,75,11311.96
0,114,76,11311.96
0,114,77,11311.96
0,114,78,11311.96
0,114,79,11311.96
0,114,80,11311.96
0,114,81,11311.96
0,114,82,11311.96
0,114,83,11311.96
0,114,84,11311.96
0,114,85,11311.96
0,114,86,11311.96
0,114,87,11311.96
0,114,88,11311.96
0,114,89,11311.96
0,114,90,11311.96
0,114,91,11311.96
0,114,92,11311.96
0,114,93,11311.96
0,114,94,11311.96
0,114,95,11311.96
0,114,96,11311.96
0,114,97,11311.96
0,114,98,11311.96
0,114,99,11311.96
0,114,100,11311.96
0,114,101,11311.96
0,114,102,11311.96
0,114,103,11311.96
0,114,104,11311.96
0,114,105,11311.96
13,114,106,11311.96
13,114,107,11311.96
13,114,108,11311.96
13,114,109,11311.96
13,114,110,11311.96
15,114,135,11311.96
15,114,136,11311.96
15,114,137,11311.96
15,114,138,11311.96
15,114,139,11311.96
15,114,140,11311.96
0,114,141,11311.96
0,114,142,11311.96
0,114,143,11311.96
0,114,144,11311.96
0,114,145,11311.96
0,114,146,11311.96
0,114,147,11311.96
0,114,148,11311.96
0,114,149,11311.96
0,114,150,11311.96
0,114,151,11311.96
0,114,152,11311.96
0,114,153,11311.96
0,114,154,11311.96
0,114,155,11311.96
0,114,156,11311.96
0,114,157,11311.96
0,114,158,11311.96
0,114,159,11311.96
0,114,160,11311.96
0,114,161,11311.96
0,114,162,11311.96
0,114,163,11311.96
0,114,164,11311.96
0,114,165,11311.96
0,114,166,11311.96
0,114,167,11311.96
0,114,168,11311.96
0,114,169,11311.96
0,114,170,11311.96
0,114,171,11311.96
0,114,172,11311.96
0,114,173,11311.96
0,114,174,11311.96
0,114,175,11311.96
0,114,176,11311.96
0,114,177,11311.96
0,114,178,11311.96
0,114,179,11311.96
0,114,180,11311.96
0,114,181,11311.96
0,114,182,11311.96
0,114,183,11311.96
0,114,184,11311.96
0,114,185,11311.96
0,114,186,11311.96
0,114,187,11311.96
0,114,188,11311.96
0,114,189,11311.96
0,114,190,11311.96
29,114,191,11311.96
29,114,192,11311.96
29,114,193,11311.96
29,114,194,11311.96
29,114,195,11311.96
30,114,216,11311.96
30,114,217,11311.96
30,114,218,11311.96
30,114,219,11311.96
30,114,220,11311.96
30,114,221,11311.96
30,114,222,11311.96
30,114,223,11311.96
30,114,224,11311.96
30,114,228,11311.96
30,114,229,11311.96
30,114,230,11311.96
30,114,231,11311.96
0,114,232,11311.96
0,114,233,11311.96
0,114,234,11311.96
0,114,235,11311.96
0,114,236,11311.96
0,114,237,11311.96
0,114,238,11311.96
0,114,239,11311.96
0,114,240,11311.96
0,114,241,11311.96
0,114,242,11311.96
0,114,243,11311.96
0,114,244,11311.96
0,114,245,11311.96
0,114,246,11311.96
0,114,247,11311.96
0,114,248,11311.96
0,114,249,11311.96
0,114,250,11311.96
0,114,251,11311.96
0,114,252,11311.96
0,114,253,11311.96
0,114,254,11311.96
0,114,255,11311.96
0,114,256,11311.96
0,114,257,11311.96
0,114,258,11311.96
0,114,259,11311.96
0,114,260,11311.96
0,114,261,11311.96
0,114,262,11311.96
0,114,263,11311.96
0,114,264,11311.96
0,114,265,11311.96
0,114,266,11311.96
0,114,267,11311.96
0,114,268,11311.96
0,114,269,11311.96
0,114,270,11311.96
0,114,271,11311.96
0,114,272,11311.96
0,114,273,11311.96
0,114,274,11311.96
0,114,275,11311.96
0,114,276,11311.96
0,114,277,11311.96
0,114,278,11311.96
0,114,279,11311.96
0,114,280,11311.96
0,114,281,11311.96
0,114,282,11311.96
0,114,283,11311.96
0,114,284,11311.96
0,114,285,11311.96
0,114,286,11311.96
0,114,287,11311.96
0,114,288,11311.96
0,114,289,11311.96
0,114,290,11311.96
44,114,291,11311.96
44,114,292,11311.96
44,114,293,11311.96
40,114,333,11311.96
40,114,334,11311.96
41,114,335,11311.96
41,114,336,11311.96
41,114,337,11311.96
41,114,338,11311.96
0,114,339,11311.96
0,114,340,11311.96
0,114,341,11311.96
0,114,342,11311.96
0,114,343,11311.96
0,114,344,11311.96
0,114,345,11311.96
0,114,346,11311.96
0,114,347,11311.96
0,114,348,11311.96
0,114,349,11311.96
0,114,350,11311.96
0,114,351,11311.96
0,114,352,11311.96
0,114,353,11311.96
0,114,354,11311.96
0,114,355,11311.96
0,114,356,11311.96
0,114,357,11311.96
0,114,358,11311.96
0,114,359,11311.96
0,114,360,11311.96
0,115,1,11226.34
0,115,2,11226.34
0,115,3,11226.34
0,115,4,11226.34
0,115,5,11226.34
0,115,6,11226.34
0,115,7,11226.34
0,115,8,11226.34
0,115,9,11226.34
0,115,10,11226.34
0,115,11,11226.34
0,115,12,11226.34
0,115,13,11226.34
0,115,14,11226.34
0,115,15,11226.34
0,115,16,11226.34
0,115,17,11226.34
0,115,18,11226.34
0,115,19,11226.34
0,115,20,11226.34
0,115,21,11226.34
0,115,22,11226.34
0,115,23,11226.34
0,115,24,11226.34
0,115,25,11226.34
0,115,26,11226.34
0,115,27,11226.34
0,115,28,11226.34
0,115,29,11226.34
0,115,30,11226.34
0,115,31,11226.34
0,115,32,11226.34
0,115,33,11226.34
0,115,34,11226.34
0,115,35,11226.34
0,115,36,11226.34
0,115,37,11226.34
0,115,38,11226.34
0,115,39,11226.34
0,115,40,11226.34
0,115,41,11226.34
0,115,42,11226.34
0,115,43,11226.34
0,115,44,11226.34
0,115,45,11226.34
0,115,46,11226.34
0,115,47,11226.34
0,115,48,11226.34
0,115,49,11226.34
0,115,50,11226.34
0,115,51,11226.34
0,115,52,11226.34
0,115,53,11226.34
0,115,54,11226.34
0,115,55,11226.34
0,115,56,11226.34
0,115,57,11226.34
0,115,58,11226.34
0,115,59,11226.34
0,115,60,11226.34
0,115,61,11226.34
0,115,62,11226.34
0,115,63,11226.34
0,115,64,11226.34
0,115,65,11226.34
0,115,66,11226.34
0,115,67,11226.34
0,115,68,11226.34
0,115,69,11226.34
0,115,70,11226.34
0,115,71,11226.34
0,115,72,11226.34
0,115,73,11226.34
0,115,74,11226.34
0,115,75,11226.34
0,115,76,11226.34
0,115,77,11226.34
0,115,78,11226.34
0,115,79,11226.34
0,115,80,11226.34
0,115,81,11226.34
0,115,82,11226.34
0,115,83,11226.34
0,115,84,11226.34
0,115,85,11226.34
0,115,86,11226.34
0,115,87,11226.34
0,115,88,11226.34
0,115,89,11226.34
0,115,90,11226.34
0,115,91,11226.34
0,115,92,11226.34
0,115,93,11226.34
0,115,94,11226.34
0,115,95,11226.34
0,115,96,11226.34
0,115,97,11226.34
0,115,98,11226.34
0,115,99,11226.34
0,115,100,11226.34
0,115,101,11226.34
0,115,102,11226.34
0,115,103,11226.34
0,115,104,11226.34
0,115,105,11226.34
13,115,106,11226.34
13,115,107,11226.34
13,115,108,11226.34
13,115,109,11226.34
15,115,133,11226.34
15,115,134,11226.34
15,115,135,11226.34
15,115,136,11226.34
15,115,137,11226.34
15,115,138,11226.34
15,115,139,11226.34
0,115,140,11226.34
0,115,141,11226.34
0,115,142,11226.34
0,115,143,11226.34
0,115,144,11226.34
0,115,145,11226.34
0,115,146,11226.34
0,115,147,11226.34
0,115,148,11226.34
0,115,149,11226.34
0,115,150,11226.34
0,115,151,11226.34
0,115,152,11226.34
0,115,153,11226.34
0,115,154,11226.34
0,115,155,11226.34
0,115,156,11226.34
0,115,157,11226.34
0,115,158,11226.34
0,115,159,11226.34
0,115,160,11226.34
0,115,161,11226.34
0,115,162,11226.34
0,115,163,11226.34
0,115,164,11226.34
0,115,165,11226.34
0,115,166,11226.34
0,115,167,11226.34
0,115,168,11226.34
0,115,169,11226.34
0,115,170,11226.34
0,115,171,11226.34
0,115,172,11226.34
0,115,173,11226.34
0,115,174,11226.34
0,115,175,11226.34
0,115,176,11226.34
0,115,177,11226.34
0,115,178,11226.34
0,115,179,11226.34
0,115,180,11226.34
0,115,181,11226.34
0,115,182,11226.34
0,115,183,11226.34
0,115,184,11226.34
0,115,185,11226.34
0,115,186,11226.34
0,115,187,11226.34
0,115,188,11226.34
0,115,189,11226.34
0,115,190,11226.34
0,115,191,11226.34
29,115,192,11226.34
29,115,193,11226.34
29,115,194,11226.34
29,115,195,11226.34
30,115,215,11226.34
30,115,216,11226.34
30,115,217,11226.34
30,115,218,11226.34
30,115,219,11226.34
30,115,220,11226.34
30,115,221,11226.34
30,115,222,11226.34
30,115,223,11226.34
30,115,224,11226.34
30,115,228,11226.34
30,115,229,11226.34
30,115,230,11226.34
30,115,231,11226.34
0,115,232,11226.34
0,115,233,11226.34
0,115,234,11226.34
0,115,235,11226.34
0,115,236,11226.34
0,115,237,11226.34
0,115,238,11226.34
0,115,239,11226.34
0,115,240,11226.34
0,115,241,11226.34
0,115,242,11226.34
0,115,243,11226.34
0,115,244,11226.34
0,115,245,11226.34
0,115,246,11226.34
0,115,247,11226.34
0,115,248,11226.34
0,115,249,11226.34
0,115,250,11226.34
0,115,251,11226.34
0,115,252,11226.34
0,115,253,11226.34
0,115,254,11226.34
0,115,255,11226.34
0,115,256,11226.34
0,115,257,11226.34
0,115,258,11226.34
0,115,259,11226.34
0,115,260,11226.34
0,115,261,11226.34
0,115,262,11226.34
0,115,263,11226.34
0,115,264,11226.34
0,115,265,11226.34
0,115,266,11226.34
0,115,267,11226.34
0,115,268,11226.34
0,115,269,11226.34
0,115,270,11226.34
0,115,271,11226.34
0,115,272,11226.34
0,115,273,11226.34
0,115,274,11226.34
0,115,275,11226.34
0,115,276,11226.34
0,115,277,11226.34
0,115,278,11226.34
0,115,279,11226.34
0,115,280,11226.34
0,115,281,11226.34
0,115,282,11226.34
0,115,283,11226.34
0,115,284,11226.34
0,115,285,11226.34
0,115,286,11226.34
0,115,287,11226.34
0,115,288,11226.34
0,115,289,11226.34
44,115,290,11226.34
44,115,291,11226.34
44,115,292,11226.34
44,115,293,11226.34
44,115,294,11226.34
41,115,334,11226.34
41,115,335,11226.34
41,115,336,11226.34
41,115,337,11226.34
41,115,338,11226.34
0,115,339,11226.34
0,115,340,11226.34
0,115,341,11226.34
0,115,342,11226.34
0,115,343,11226.34
0,115,344,11226.34
0,115,345,11226.34
0,115,346,11226.34
0,115,347,11226.34
0,115,348,11226.34
0,115,349,11226.34
0,115,350,11226.34
0,115,351,11226.34
0,115,352,11226.34
0,115,353,11226.34
0,115,354,11226.34
0,115,355,11226.34
0,115,356,11226.34
0,115,357,11226.34
0,115,358,11226.34
0,115,359,11226.34
0,115,360,11226.34
0,116,1,11137.34
0,116,2,11137.34
0,116,3,11137.34
0,116,4,11137.34
0,116,5,11137.34
0,116,6,11137.34
0,116,7,11137.34
0,116,8,11137.34
0,116,9,11137.34
0,116,10,11137.34
0,116,11,11137.34
0,116,12,11137.34
0,116,13,11137.34
0,116,14,11137.34
0,116,15,11137.34
0,116,16,11137.34
0,116,17,11137.34
0,116,18,11137.34
0,116,19,11137.34
0,116,20,11137.34
0,116,21,11137.34
0,116,22,11137.34
0,116,23,11137.34
0,116,24,11137.34
0,116,25,11137.34
0,116,26,11137.34
0,116,27,11137.34
0,116,28,11137.34
0,116,29,11137.34
0,116,30,11137.34
0,116,31,11137.34
0,116,32,11137.34
0,116,33,11137.34
0,116,34,11137.34
0,116,35,11137.34
0,116,36,11137.34
0,116,37,11137.34
0,116,38,11137.34
0,116,39,11137.34
0,116,40,11137.34
0,116,41,11137.34
0,116,42,11137.34
0,116,43,11137.34
0,116,44,11137.34
0,116,45,11137.34
0,116,46,11137.34
0,116,47,11137.34
0,116,48,11137.34
0,116,49,11137.34
0,116,50,11137.34
0,116,51,11137.34
0,116,52,11137.34
0,116,53,11137.34
0,116,54,11137.34
0,116,55,11137.34
0,116,56,11137.34
0,116,57,11137.34
0,116,58,11137.34
0,116,59,11137.34
0,116,60,11137.34
0,116,61,11137.34
0,116,62,11137.34
0,116,63,11137.34
0,116,64,11137.34
0,116,65,11137.34
0,116,66,11137.34
0,116,67,11137.34
0,116,68,11137.34
0,116,69,11137.34
0,116,70,11137.34
0,116,71,11137.34
0,116,72,11137.34
0,116,73,11137.34
0,116,74,11137.34
0,116,75,11137.34
0,116,76,11137.34
0,116,77,11137.34
0,116,78,11137.34
0,116,79,11137.34
0,116,80,11137.34
0,116,81,11137.34
0,116,82,11137.34
0,116,83,11137.34
0,116,84,11137.34
0,116,85,11137.34
0,116,86,11137.34
0,116,87,11137.34
0,116,88,11137.34
0,116,89,11137.34
0,116,90,11137.34
0,116,91,11137.34
0,116,92,11137.34
0,116,93,11137.34
0,116,94,11137.34
0,116,95,11137.34
0,116,96,11137.34
0,116,97,11137.34
0,116,98,11137.34
0,116,99,11137.34
0,116,100,11137.34
0,116,101,11137.34
0,116,102,11137.34
0,116,103,11137.34
0,116,104,11137.34
0,116,105,11137.34
13,116,106,11137.34
13,116,107,11137.34
13,116,108,11137.34
13,116,109,11137.34
15,116,132,11137.34
15,116,133,11137.34
15,116,134,11137.34
15,116,135,11137.34
15,116,136,11137.34
15,116,137,11137.34
0,116,138,11137.34
0,116,139,11137.34
0,116,140,11137.34
0,116,141,11137.34
0,116,142,11137.34
0,116,143,11137.34
0,116,144,11137.34
0,116,145,11137.34
0,116,146,11137.34
0,116,147,11137.34
0,116,148,11137.34
0,116,149,11137.34
0,116,150,11137.34
0,116,151,11137.34
0,116,152,11137.34
0,116,153,11137.34
0,116,154,11137.34
0,116,155,11137.34
0,116,156,11137.34
0,116,157,11137.34
0,116,158,11137.34
0,116,159,11137.34
0,116,160,11137.34
0,116,161,11137.34
0,116,162,11137.34
0,116,163,11137.34
0,116,164,11137.34
0,116,165,11137.34
0,116,166,11137.34
0,116,167,11137.34
0,116,168,11137.34
0,116,169,11137.34
0,116,170,11137.34
0,116,171,11137.34
0,116,172,11137.34
0,116,173,11137.34
0,116,174,11137.34
0,116,175,11137.34
0,116,176,11137.34
0,116,177,11137.34
0,116,178,11137.34
0,116,179,11137.34
0,116,180,11137.34
0,116,181,11137.34
0,116,182,11137.34
0,116,183,11137.34
0,116,184,11137.34
0,116,185,11137.34
0,116,186,11137.34
0,116,187,11137.34
0,116,188,11137.34
0,116,189,11137.34
0,116,190,11137.34
0,116,191,11137.34
29,116,192,11137.34
29,116,193,11137.34
29,116,194,11137.34
29,116,195,11137.34
30,116,214,11137.34
30,116,215,11137.34
30,116,216,11137.34
30,116,217,11137.34
30,116,218,11137.34
30,116,219,11137.34
30,116,220,11137.34
30,116,221,11137.34
30,116,222,11137.34
30,116,223,11137.34
30,116,224,11137.34
30,116,225,11137.34
30,116,226,11137.34
30,116,227,11137.34
30,116,228,11137.34
30,116,229,11137.34
30,116,230,11137.34
0,116,231,11137.34
0,116,232,11137.34
0,116,233,11137.34
0,116,234,11137.34
0,116,235,11137.34
0,116,236,11137.34
0,116,237,11137.34
0,116,238,11137.34
0,116,239,11137.34
0,116,240,11137.34
0,116,241,11137.34
0,116,242,11137.34
0,116,243,11137.34
0,116,244,11137.34
0,116,245,11137.34
0,116,246,11137.34
0,116,247,11137.34
0,116,248,11137.34
0,116,249,11137.34
0,116,250,11137.34
0,116,251,11137.34
0,116,252,11137.34
0,116,253,11137.34
0,116,254,11137.34
0,116,255,11137.34
0,116,256,11137.34
0,116,257,11137.34
0,116,258,11137.34
0,116,259,11137.34
0,116,260,11137.34
0,116,261,11137.34
0,116,262,11137.34
0,116,263,11137.34
0,116,264,11137.34
0,116,265,11137.34
0,116,266,11137.34
0,116,267,11137.34
0,116,268,11137.34
0,116,269,11137.34
0,116,270,11137.34
0,116,271,11137.34
0,116,272,11137.34
0,116,273,11137.34
0,116,274,11137.34
0,116,275,11137.34
0,116,276,11137.34
0,116,277,11137.34
0,116,278,11137.34
0,116,279,11137.34
0,116,280,11137.34
0,116,281,11137.34
0,116,282,11137.34
0,116,283,11137.34
0,116,284,11137.34
0,116,285,11137.34
0,116,286,11137.34
0,116,287,11137.34
0,116,288,11137.34
0,116,289,11137.34
44,116,290,11137.34
44,116,291,11137.34
44,116,292,11137.34
44,116,293,11137.34
44,116,294,11137.34
41,116,334,11137.34
41,116,335,11137.34
41,116,336,11137.34
41,116,337,11137.34
41,116,338,11137.34
0,116,339,11137.34
0,116,340,11137.34
0,116,341,11137.34
0,116,342,11137.34
0,116,343,11137.34
0,116,344,11137.34
0,116,345,11137.34
0,116,346,11137.34
0,116,347,11137.34
0,116,348,11137.34
0,116,349,11137.34
0,116,350,11137.34
0,116,351,11137.34
0,116,352,11137.34
0,116,353,11137.34
0,116,354,11137.34
0,116,355,11137.34
0,116,356,11137.34
0,116,357,11137.34
0,116,358,11137.34
0,116,359,11137.34
0,116,360,11137.34
0,117,1,11044.97
0,117,2,11044.97
0,117,3,11044.97
0,117,4,11044.97
0,117,5,11044.97
0,117,6,11044.97
0,117,7,11044.97
0,117,8,11044.97
0,117,9,11044.97
0,117,10,11044.97
0,117,11,11044.97
0,117,12,11044.97
0,117,13,11044.97
0,117,14,11044.97
0,117,15,11044.97
0,117,16,11044.97
0,117,17,11044.97
0,117,18,11044.97
0,117,19,11044.97
0,117,20,11044.97
0,117,21,11044.97
0,117,22,11044.97
0,117,23,11044.97
0,117,24,11044.97
0,117,25,11044.97
0,117,26,11044.97
0,117,27,11044.97
0,117,28,11044.97
0,117,29,11044.97
0,117,30,11044.97
0,117,31,11044.97
0,117,32,11044.97
0,117,33,11044.97
0,117,34,11044.97
0,117,35,11044.97
0,117,36,11044.97
0,117,37,11044.97
0,117,38,11044.97
0,117,39,11044.97
0,117,40,11044.97
0,117,41,11044.97
0,117,42,11044.97
0,117,43,11044.97
0,117,44,11044.97
0,117,45,11044.97
0,117,46,11044.97
0,117,47,11044.97
0,117,48,11044.97
0,117,49,11044.97
0,117,50,11044.97
0,117,51,11044.97
0,117,52,11044.97
0,117,53,11044.97
0,117,54,11044.97
0,117,55,11044.97
0,117,56,11044.97
0,117,57,11044.97
0,117,58,11044.97
0,117,59,11044.97
0,117,60,11044.97
0,117,61,11044.97
0,117,62,11044.97
0,117,63,11044.97
0,117,64,11044.97
0,117,65,11044.97
0,117,66,11044.97
0,117,67,11044.97
0,117,68,11044.97
0,117,69,11044.97
0,117,70,11044.97
0,117,71,11044.97
0,117,72,11044.97
0,117,73,11044.97
0,117,74,11044.97
0,117,75,11044.97
0,117,76,11044.97
0,117,77,11044.97
0,117,78,11044.97
0,117,79,11044.97
0,117,80,11044.97
0,117,81,11044.97
0,117,82,11044.97
0,117,83,11044.97
0,117,84,11044.97
0,117,85,11044.97
0,117,86,11044.97
0,117,87,11044.97
0,117,88,11044.97
0,117,89,11044.97
0,117,90,11044.97
0,117,91,11044.97
0,117,92,11044.97
0,117,93,11044.97
0,117,94,11044.97
0,117,95,11044.97
0,117,96,11044.97
0,117,97,11044.97
0,117,98,11044.97
0,117,99,11044.97
0,117,100,11044.97
0,117,101,11044.97
0,117,102,11044.97
0,117,103,11044.97
0,117,104,11044.97
0,117,105,11044.97
13,117,106,11044.97
13,117,107,11044.97
13,117,108,11044.97
13,117,109,11044.97
15,117,132,11044.97
15,117,133,11044.97
15,117,134,11044.97
15,117,135,11044.97
15,117,136,11044.97
0,117,137,11044.97
0,117,138,11044.97
0,117,139,11044.97
0,117,140,11044.97
0,117,141,11044.97
0,117,142,11044.97
0,117,143,11044.97
0,117,144,11044.97
0,117,145,11044.97
0,117,146,11044.97
0,117,147,11044.97
0,117,148,11044.97
0,117,149,11044.97
0,117,150,11044.97
0,117,151,11044.97
0,117,152,11044.97
0,117,153,11044.97
0,117,154,11044.97
0,117,155,11044.97
0,117,156,11044.97
0,117,157,11044.97
0,117,158,11044.97
0,117,159,11044.97
0,117,160,11044.97
0,117,161,11044.97
0,117,162,11044.97
0,117,163,11044.97
0,117,164,11044.97
0,117,165,11044.97
0,117,166,11044.97
0,117,167,11044.97
0,117,168,11044.97
0,117,169,11044.97
0,117,170,11044.97
0,117,171,11044.97
0,117,172,11044.97
0,117,173,11044.97
0,117,174,11044.97
0,117,175,11044.97
0,117,176,11044.97
0,117,177,11044.97
0,117,178,11044.97
0,117,179,11044.97
0,117,180,11044.97
0,117,181,11044.97
0,117,182,11044.97
0,117,183,11044.97
0,117,184,11044.97
0,117,185,11044.97
0,117,186,11044.97
0,117,187,11044.97
0,117,188,11044.97
0,117,189,11044.97
0,117,190,11044.97
0,117,191,11044.97
29,117,192,11044.97
29,117,193,11044.97
29,117,194,11044.97
29,117,195,11044.97
30,117,214,11044.97
30,117,215,11044.97
30,117,216,11044.97
30,117,217,11044.97
30,117,218,11044.97
30,117,219,11044.97
30,117,220,11044.97
30,117,221,11044.97
30,117,222,11044.97
30,117,223,11044.97
30,117,224,11044.97
30,117,225,11044.97
30,117,226,11044.97
30,117,227,11044.97
30,117,228,11044.97
30,117,229,11044.97
0,117,230,11044.97
0,117,231,11044.97
0,117,232,11044.97
0,117,233,11044.97
0,117,234,11044.97
0,117,235,11044.97
0,117,236,11044.97
0,117,237,11044.97
0,117,238,11044.97
0,117,239,11044.97
0,117,240,11044.97
0,117,241,11044.97
0,117,242,11044.97
0,117,243,11044.97
0,117,244,11044.97
0,117,245,11044.97
0,117,246,11044.97
0,117,247,11044.97
0,117,248,11044.97
0,117,249,11044.97
0,117,250,11044.97
0,117,251,11044.97
0,117,252,11044.97
0,117,253,11044.97
0,117,254,11044.97
0,117,255,11044.97
0,117,256,11044.97
0,117,257,11044.97
0,117,258,11044.97
0,117,259,11044.97
0,117,260,11044.97
0,117,261,11044.97
0,117,262,11044.97
0,117,263,11044.97
0,117,264,11044.97
0,117,265,11044.97
0,117,266,11044.97
0,117,267,11044.97
0,117,268,11044.97
0,117,269,11044.97
0,117,270,11044.97
0,117,271,11044.97
0,117,272,11044.97
0,117,273,11044.97
0,117,274,11044.97
0,117,275,11044.97
0,117,276,11044.97
0,117,277,11044.97
0,117,278,11044.97
0,117,279,11044.97
0,117,280,11044.97
0,117,281,11044.97
0,117,282,11044.97
0,117,283,11044.97
0,117,284,11044.97
0,117,285,11044.97
0,117,286,11044.97
0,117,287,11044.97
0,117,288,11044.97
0,117,289,11044.97
0,117,290,11044.97
44,117,291,11044.97
44,117,292,11044.97
44,117,293,11044.97
44,117,294,11044.97
41,117,334,11044.97
41,117,335,11044.97
41,117,336,11044.97
41,117,337,11044.97
0,117,338,11044.97
0,117,339,11044.97
0,117,340,11044.97
0,117,341,11044.97
0,117,342,11044.97
0,117,343,11044.97
0,117,344,11044.97
0,117,345,11044.97
0,117,346,11044.97
0,117,347,11044.97
0,117,348,11044.97
0,117,349,11044.97
0,117,350,11044.97
0,117,351,11044.97
0,117,352,11044.97
0,117,353,11044.97
0,117,354,11044.97
0,117,355,11044.97
0,117,356,11044.97
0,117,357,11044.97
0,117,358,11044.97
0,117,359,11044.97
0,117,360,11044.97
0,118,1,10949.25
0,118,2,10949.25
0,118,3,10949.25
0,118,4,10949.25
0,118,5,10949.25
0,118,6,10949.25
0,118,7,10949.25
0,118,8,10949.25
0,118,9,10949.25
0,118,10,10949.25
0,118,11,10949.25
0,118,12,10949.25
0,118,13,10949.25
0,118,14,10949.25
0,118,15,10949.25
0,118,16,10949.25
0,118,17,10949.25
0,118,18,10949.25
0,118,19,10949.25
0,118,20,10949.25
0,118,21,10949.25
0,118,22,10949.25
0,118,23,10949.25
0,118,24,10949.25
0,118,25,10949.25
0,118,26,10949.25
0,118,27,10949.25
0,118,28,10949.25
0,118,29,10949.25
0,118,30,10949.25
0,118,31,10949.25
0,118,32,10949.25
0,118,33,10949.25
0,118,34,10949.25
0,118,35,10949.25
0,118,36,10949.25
0,118,37,10949.25
0,118,38,10949.25
0,118,39,10949.25
0,118,40,10949.25
0,118,41,10949.25
0,118,42,10949.25
0,118,43,10949.25
0,118,44,10949.25
0,118,45,10949.25
0,118,46,10949.25
0,118,47,10949.25
0,118,48,10949.25
0,118,49,10949.25
0,118,50,10949.25
0,118,51,10949.25
0,118,52,10949.25
0,118,53,10949.25
0,118,54,10949.25
0,118,55,10949.25
0,118,56,10949.25
0,118,57,10949.25
0,118,58,10949.25
0,118,59,10949.25
0,118,60,10949.25
0,118,61,10949.25
0,118,62,10949.25
0,118,63,10949.25
0,118,64,10949.25
0,118,65,10949.25
0,118,66,10949.25
0,118,67,10949.25
0,118,68,10949.25
0,118,69,10949.25
0,118,70,10949.25
0,118,71,10949.25
0,118,72,10949.25
0,118,73,10949.25
0,118,74,10949.25
0,118,75,10949.25
0,118,76,10949.25
0,118,77,10949.25
0,118,78,10949.25
0,118,79,10949.25
0,118,80,10949.25
0,118,81,10949.25
0,118,82,10949.25
0,118,83,10949.25
0,118,84,10949.25
0,118,85,10949.25
0,118,86,10949.25
0,118,87,10949.25
0,118,88,10949.25
0,118,89,10949.25
0,118,90,10949.25
0,118,91,10949.25
0,118,92,10949.25
0,118,93,10949.25
0,118,94,10949.25
0,118,95,10949.25
0,118,96,10949.25
0,118,97,10949.25
0,118,98,10949.25
0,118,99,10949.25
0,118,100,10949.25
0,118,101,10949.25
0,118,102,10949.25
0,118,103,10949.25
0,118,104,10949.25
0,118,105,10949.25
13,118,106,10949.25
13,118,107,10949.25
13,118,108,10949.25
13,118,109,10949.25
15,118,132,10949.25
15,118,133,10949.25
15,118,134,10949.25
15,118,135,10949.25
0,118,136,10949.25
0,118,137,10949.25
0,118,138,10949.25
0,118,139,10949.25
0,118,140,10949.25
0,118,141,10949.25
0,118,142,10949.25
0,118,143,10949.25
0,118,144,10949.25
0,118,145,10949.25
0,118,146,10949.25
0,118,147,10949.25
0,118,148,10949.25
0,118,149,10949.25
0,118,150,10949.25
0,118,151,10949.25
0,118,152,10949.25
0,118,153,10949.25
0,118,154,10949.25
0,118,155,10949.25
0,118,156,10949.25
0,118,157,10949.25
0,118,158,10949.25
0,118,159,10949.25
0,118,160,10949.25
0,118,161,10949.25
0,118,162,10949.25
0,118,163,10949.25
0,118,164,10949.25
0,118,165,10949.25
0,118,166,10949.25
0,118,167,10949.25
0,118,168,10949.25
0,118,169,10949.25
0,118,170,10949.25
0,118,171,10949.25
0,118,172,10949.25
0,118,173,10949.25
0,118,174,10949.25
0,118,175,10949.25
0,118,176,10949.25
0,118,177,10949.25
0,118,178,10949.25
0,118,179,10949.25
0,118,180,10949.25
0,118,181,10949.25
0,118,182,10949.25
0,118,183,10949.25
0,118,184,10949.25
0,118,185,10949.25
0,118,186,10949.25
0,118,187,10949.25
0,118,188,10949.25
0,118,189,10949.25
0,118,190,10949.25
0,118,191,10949.25
0,118,192,10949.25
29,118,193,10949.25
29,118,194,10949.25
29,118,195,10949.25
29,118,196,10949.25
30,118,214,10949.25
30,118,215,10949.25
30,118,216,10949.25
30,118,217,10949.25
30,118,218,10949.25
30,118,219,10949.25
30,118,220,10949.25
30,118,221,10949.25
30,118,222,10949.25
30,118,223,10949.25
30,118,224,10949.25
30,118,225,10949.25
0,118,226,10949.25
0,118,227,10949.25
0,118,228,10949.25
0,118,229,10949.25
0,118,230,10949.25
0,118,231,10949.25
0,118,232,10949.25
0,118,233,10949.25
0,118,234,10949.25
0,118,235,10949.25
0,118,236,10949.25
0,118,237,10949.25
0,118,238,10949.25
0,118,239,10949.25
0,118,240,10949.25
0,118,241,10949.25
0,118,242,10949.25
0,118,243,10949.25
0,118,244,10949.25
0,118,245,10949.25
0,118,246,10949.25
0,118,247,10949.25
0,118,248,10949.25
0,118,249,10949.25
0,118,250,10949.25
0,118,251,10949.25
0,118,252,10949.25
0,118,253,10949.25
0,118,254,10949.25
0,118,255,10949.25
0,118,256,10949.25
0,118,257,10949.25
0,118,258,10949.25
0,118,259,10949.25
0,118,260,10949.25
0,118,261,10949.25
0,118,262,10949.25
0,118,263,10949.25
0,118,264,10949.25
0,118,265,10949.25
0,118,266,10949.25
0,118,267,10949.25
0,118,268,10949.25
0,118,269,10949.25
0,118,270,10949.25
0,118,271,10949.25
0,118,272,10949.25
0,118,273,10949.25
0,118,274,10949.25
0,118,275,10949.25
0,118,276,10949.25
0,118,277,10949.25
0,118,278,10949.25
0,118,279,10949.25
0,118,280,10949.25
0,118,281,10949.25
0,118,282,10949.25
0,118,283,10949.25
0,118,284,10949.25
0,118,285,10949.25
0,118,286,10949.25
0,118,287,10949.25
0,118,288,10949.25
0,118,289,10949.25
0,118,290,10949.25
44,118,291,10949.25
44,118,292,10949.25
44,118,293,10949.25
44,118,294,10949.25
41,118,334,10949.25
41,118,335,10949.25
41,118,336,10949.25
41,118,337,10949.25
0,118,338,10949.25
0,118,339,10949.25
0,118,340,10949.25
0,118,341,10949.25
0,118,342,10949.25
0,118,343,10949.25
0,118,344,10949.25
0,118,345,10949.25
0,118,346,10949.25
0,118,347,10949.25
0,118,348,10949.25
0,118,349,10949.25
0,118,350,10949.25
0,118,351,10949.25
0,118,352,10949.25
0,118,353,10949.25
0,118,354,10949.25
0,118,355,10949.25
0,118,356,10949.25
0,118,357,10949.25
0,118,358,10949.25
0,118,359,10949.25
0,118,360,10949.25
0,119,1,10850.21
0,119,2,10850.21
0,119,3,10850.21
0,119,4,10850.21
0,119,5,10850.21
0,119,6,10850.21
0,119,7,10850.21
0,119,8,10850.21
0,119,9,10850.21
0,119,10,10850.21
0,119,11,10850.21
0,119,12,10850.21
0,119,13,10850.21
0,119,14,10850.21
0,119,15,10850.21
0,119,16,10850.21
0,119,17,10850.21
0,119,18,10850.21
0,119,19,10850.21
0,119,20,10850.21
0,119,21,10850.21
0,119,22,10850.21
0,119,23,10850.21
0,119,24,10850.21
0,119,25,10850.21
0,119,26,10850.21
0,119,27,10850.21
0,119,28,10850.21
0,119,29,10850.21
0,119,30,10850.21
0,119,31,10850.21
0,119,32,10850.21
0,119,33,10850.21
0,119,34,10850.21
0,119,35,10850.21
0,119,36,10850.21
0,119,37,10850.21
0,119,38,10850.21
0,119,39,10850.21
0,119,40,10850.21
0,119,41,10850.21
0,119,42,10850.21
0,119,43,10850.21
0,119,44,10850.21
0,119,45,10850.21
0,119,46,10850.21
0,119,47,10850.21
0,119,48,10850.21
0,119,49,10850.21
0,119,50,10850.21
0,119,51,10850.21
0,119,52,10850.21
0,119,53,10850.21
0,119,54,10850.21
0,119,55,10850.21
0,119,56,10850.21
0,119,57,10850.21
0,119,58,10850.21
0,119,59,10850.21
0,119,60,10850.21
0,119,61,10850.21
0,119,62,10850.21
0,119,63,10850.21
0,119,64,10850.21
0,119,65,10850.21
0,119,66,10850.21
0,119,67,10850.21
0,119,68,10850.21
0,119,69,10850.21
0,119,70,10850.21
0,119,71,10850.21
0,119,72,10850.21
0,119,73,10850.21
0,119,74,10850.21
0,119,75,10850.21
0,119,76,10850.21
0,119,77,10850.21
0,119,78,10850.21
0,119,79,10850.21
0,119,80,10850.21
0,119,81,10850.21
0,119,82,10850.21
0,119,83,10850.21
0,119,84,10850.21
0,119,85,10850.21
0,119,86,10850.21
0,119,87,10850.21
0,119,88,10850.21
0,119,89,10850.21
0,119,90,10850.21
0,119,91,10850.21
0,119,92,10850.21
0,119,93,10850.21
0,119,94,10850.21
0,119,95,10850.21
0,119,96,10850.21
0,119,97,10850.21
0,119,98,10850.21
0,119,99,10850.21
0,119,100,10850.21
0,119,101,10850.21
0,119,102,10850.21
0,119,103,10850.21
0,119,104,10850.21
0,119,105,10850.21
13,119,106,10850.21
13,119,107,10850.21
13,119,108,10850.21
13,119,109,10850.21
15,119,132,10850.21
15,119,133,10850.21
15,119,134,10850.21
0,119,135,10850.21
0,119,136,10850.21
0,119,137,10850.21
0,119,138,10850.21
0,119,139,10850.21
0,119,140,10850.21
0,119,141,10850.21
0,119,142,10850.21
0,119,143,10850.21
0,119,144,10850.21
0,119,145,10850.21
0,119,146,10850.21
0,119,147,10850.21
0,119,148,10850.21
0,119,149,10850.21
0,119,150,10850.21
0,119,151,10850.21
0,119,152,10850.21
0,119,153,10850.21
0,119,154,10850.21
0,119,155,10850.21
0,119,156,10850.21
0,119,157,10850.21
0,119,158,10850.21
0,119,159,10850.21
0,119,160,10850.21
0,119,161,10850.21
0,119,162,10850.21
0,119,163,10850.21
0,119,164,10850.21
0,119,165,10850.21
0,119,166,10850.21
0,119,167,10850.21
0,119,168,10850.21
0,119,169,10850.21
0,119,170,10850.21
0,119,171,10850.21
0,119,172,10850.21
0,119,173,10850.21
0,119,174,10850.21
0,119,175,10850.21
0,119,176,10850.21
0,119,177,10850.21
0,119,178,10850.21
0,119,179,10850.21
0,119,180,10850.21
0,119,181,10850.21
0,119,182,10850.21
0,119,183,10850.21
0,119,184,10850.21
0,119,185,10850.21
0,119,186,10850.21
0,119,187,10850.21
0,119,188,10850.21
0,119,189,10850.21
0,119,190,10850.21
0,119,191,10850.21
0,119,192,10850.21
29,119,193,10850.21
29,119,194,10850.21
29,119,195,10850.21
29,119,196,10850.21
29,119,197,10850.21
30,119,213,10850.21
30,119,214,10850.21
30,119,215,10850.21
30,119,216,10850.21
30,119,217,10850.21
0,119,218,10850.21
0,119,219,10850.21
0,119,220,10850.21
0,119,221,10850.21
0,119,222,10850.21
0,119,223,10850.21
0,119,224,10850.21
0,119,225,10850.21
0,119,226,10850.21
0,119,227,10850.21
0,119,228,10850.21
0,119,229,10850.21
0,119,230,10850.21
0,119,231,10850.21
0,119,232,10850.21
0,119,233,10850.21
0,119,234,10850.21
0,119,235,10850.21
0,119,236,10850.21
0,119,237,10850.21
0,119,238,10850.21
0,119,239,10850.21
0,119,240,10850.21
0,119,241,10850.21
0,119,242,10850.21
0,119,243,10850.21
0,119,244,10850.21
0,119,245,10850.21
0,119,246,10850.21
0,119,247,10850.21
0,119,248,10850.21
0,119,249,10850.21
0,119,250,10850.21
0,119,251,10850.21
0,119,252,10850.21
0,119,253,10850.21
0,119,254,10850.21
0,119,255,10850.21
0,119,256,10850.21
0,119,257,10850.21
0,119,258,10850.21
0,119,259,10850.21
0,119,260,10850.21
0,119,261,10850.21
0,119,262,10850.21
0,119,263,10850.21
0,119,264,10850.21
0,119,265,10850.21
0,119,266,10850.21
0,119,267,10850.21
0,119,268,10850.21
0,119,269,10850.21
0,119,270,10850.21
0,119,271,10850.21
0,119,272,10850.21
0,119,273,10850.21
0,119,274,10850.21
0,119,275,10850.21
0,119,276,10850.21
0,119,277,10850.21
0,119,278,10850.21
0,119,279,10850.21
0,119,280,10850.21
0,119,281,10850.21
0,119,282,10850.21
0,119,283,10850.21
0,119,284,10850.21
0,119,285,10850.21
0,119,286,10850.21
0,119,287,10850.21
0,119,288,10850.21
0,119,289,10850.21
0,119,290,10850.21
44,119,291,10850.21
44,119,292,10850.21
44,119,293,10850.21
44,119,294,10850.21
44,119,295,10850.21
41,119,334,10850.21
41,119,335,10850.21
41,119,336,10850.21
41,119,337,10850.21
0,119,338,10850.21
0,119,339,10850.21
0,119,340,10850.21
0,119,341,10850.21
0,119,342,10850.21
0,119,343,10850.21
0,119,344,10850.21
0,119,345,10850.21
0,119,346,10850.21
0,119,347,10850.21
0,119,348,10850.21
0,119,349,10850.21
0,119,350,10850.21
0,119,351,10850.21
0,119,352,10850.21
0,119,353,10850.21
0,119,354,10850.21
0,119,355,10850.21
0,119,356,10850.21
0,119,357,10850.21
0,119,358,10850.21
0,119,359,10850.21
0,119,360,10850.21
0,120,1,10747.88
0,120,2,10747.88
0,120,3,10747.88
0,120,4,10747.88
0,120,5,10747.88
0,120,6,10747.88
0,120,7,10747.88
0,120,8,10747.88
0,120,9,10747.88
0,120,10,10747.88
0,120,11,10747.88
0,120,12,10747.88
0,120,13,10747.88
0,120,14,10747.88
0,120,15,10747.88
0,120,16,10747.88
0,120,17,10747.88
0,120,18,10747.88
0,120,19,10747.88
0,120,20,10747.88
0,120,21,10747.88
0,120,22,10747.88
0,120,23,10747.88
0,120,24,10747.88
0,120,25,10747.88
0,120,26,10747.88
0,120,27,10747.88
0,120,28,10747.88
0,120,29,10747.88
0,120,30,10747.88
0,120,31,10747.88
0,120,32,10747.88
0,120,33,10747.88
0,120,34,10747.88
0,120,35,10747.88
0,120,36,10747.88
0,120,37,10747.88
0,120,38,10747.88
0,120,39,10747.88
0,120,40,10747.88
0,120,41,10747.88
0,120,42,10747.88
0,120,43,10747.88
0,120,44,10747.88
0,120,45,10747.88
0,120,46,10747.88
0,120,47,10747.88
0,120,48,10747.88
0,120,49,10747.88
0,120,50,10747.88
0,120,51,10747.88
0,120,52,10747.88
0,120,53,10747.88
0,120,54,10747.88
0,120,55,10747.88
0,120,56,10747.88
0,120,57,10747.88
0,120,58,10747.88
0,120,59,10747.88
0,120,60,10747.88
0,120,61,10747.88
0,120,62,10747.88
0,120,63,10747.88
0,120,64,10747.88
0,120,65,10747.88
0,120,66,10747.88
0,120,67,10747.88
0,120,68,10747.88
0,120,69,10747.88
0,120,70,10747.88
0,120,71,10747.88
0,120,72,10747.88
0,120,73,10747.88
0,120,74,10747.88
0,120,75,10747.88
0,120,76,10747.88
0,120,77,10747.88
0,120,78,10747.88
0,120,79,10747.88
0,120,80,10747.88
0,120,81,10747.88
0,120,82,10747.88
0,120,83,10747.88
0,120,84,10747.88
0,120,85,10747.88
0,120,86,10747.88
0,120,87,10747.88
0,120,88,10747.88
0,120,89,10747.88
0,120,90,10747.88
0,120,91,10747.88
0,120,92,10747.88
0,120,93,10747.88
0,120,94,10747.88
0,120,95,10747.88
0,120,96,10747.88
0,120,97,10747.88
0,120,98,10747.88
0,120,99,10747.88
0,120,100,10747.88
0,120,101,10747.88
0,120,102,10747.88
0,120,103,10747.88
0,120,104,10747.88
0,120,105,10747.88
13,120,106,10747.88
13,120,107,10747.88
13,120,108,10747.88
13,120,109,10747.88
15,120,131,10747.88
15,120,132,10747.88
15,120,133,10747.88
0,120,134,10747.88
0,120,135,10747.88
0,120,136,10747.88
0,120,137,10747.88
0,120,138,10747.88
0,120,139,10747.88
0,120,140,10747.88
0,120,141,10747.88
0,120,142,10747.88
0,120,143,10747.88
0,120,144,10747.88
0,120,145,10747.88
0,120,146,10747.88
0,120,147,10747.88
0,120,148,10747.88
0,120,149,10747.88
0,120,150,10747.88
0,120,151,10747.88
0,120,152,10747.88
0,120,153,10747.88
0,120,154,10747.88
0,120,155,10747.88
0,120,156,10747.88
0,120,157,10747.88
0,120,158,10747.88
0,120,159,10747.88
0,120,160,10747.88
0,120,161,10747.88
0,120,162,10747.88
0,120,163,10747.88
0,120,164,10747.88
0,120,165,10747.88
0,120,166,10747.88
0,120,167,10747.88
0,120,168,10747.88
0,120,169,10747.88
0,120,170,10747.88
0,120,171,10747.88
0,120,172,10747.88
0,120,173,10747.88
0,120,174,10747.88
0,120,175,10747.88
0,120,176,10747.88
0,120,177,10747.88
0,120,178,10747.88
0,120,179,10747.88
0,120,180,10747.88
0,120,181,10747.88
0,120,182,10747.88
0,120,183,10747.88
0,120,184,10747.88
0,120,185,10747.88
0,120,186,10747.88
0,120,187,10747.88
0,120,188,10747.88
0,120,189,10747.88
0,120,190,10747.88
0,120,191,10747.88
0,120,192,10747.88
29,120,193,10747.88
29,120,194,10747.88
29,120,195,10747.88
29,120,196,10747.88
29,120,197,10747.88
30,120,212,10747.88
30,120,213,10747.88
30,120,214,10747.88
30,120,215,10747.88
0,120,216,10747.88
0,120,217,10747.88
0,120,218,10747.88
0,120,219,10747.88
0,120,220,10747.88
0,120,221,10747.88
0,120,222,10747.88
0,120,223,10747.88
0,120,224,10747.88
0,120,225,10747.88
0,120,226,10747.88
0,120,227,10747.88
0,120,228,10747.88
0,120,229,10747.88
0,120,230,10747.88
0,120,231,10747.88
0,120,232,10747.88
0,120,233,10747.88
0,120,234,10747.88
0,120,235,10747.88
0,120,236,10747.88
0,120,237,10747.88
0,120,238,10747.88
0,120,239,10747.88
0,120,240,10747.88
0,120,241,10747.88
0,120,242,10747.88
0,120,243,10747.88
0,120,244,10747.88
0,120,245,10747.88
0,120,246,10747.88
0,120,247,10747.88
0,120,248,10747.88
0,120,249,10747.88
0,120,250,10747.88
0,120,251,10747.88
0,120,252,10747.88
0,120,253,10747.88
0,120,254,10747.88
0,120,255,10747.88
0,120,256,10747.88
0,120,257,10747.88
0,120,258,10747.88
0,120,259,10747.88
0,120,260,10747.88
0,120,261,10747.88
0,120,262,10747.88
0,120,263,10747.88
0,120,264,10747.88
0,120,265,10747.88
0,120,266,10747.88
0,120,267,10747.88
0,120,268,10747.88
0,120,269,10747.88
0,120,270,10747.88
0,120,271,10747.88
0,120,272,10747.88
0,120,273,10747.88
0,120,274,10747.88
0,120,275,10747.88
0,120,276,10747.88
0,120,277,10747.88
0,120,278,10747.88
0,120,279,10747.88
0,120,280,10747.88
0,120,281,10747.88
0,120,282,10747.88
0,120,283,10747.88
0,120,284,10747.88
0,120,285,10747.88
0,120,286,10747.88
0,120,287,10747.88
0,120,288,10747.88
0,120,289,10747.88
0,120,290,10747.88
44,120,291,10747.88
44,120,292,10747.88
44,120,293,10747.88
44,120,294,10747.88
44,120,295,10747.88
41,120,334,10747.88
41,120,335,10747.88
41,120,336,10747.88
41,120,337,10747.88
0,120,338,10747.88
0,120,339,10747.88
0,120,340,10747.88
0,120,341,10747.88
0,120,342,10747.88
0,120,343,10747.88
0,120,344,10747.88
0,120,345,10747.88
0,120,346,10747.88
0,120,347,10747.88
0,120,348,10747.88
0,120,349,10747.88
0,120,350,10747.88
0,120,351,10747.88
0,120,352,10747.88
0,120,353,10747.88
0,120,354,10747.88
0,120,355,10747.88
0,120,356,10747.88
0,120,357,10747.88
0,120,358,10747.88
0,120,359,10747.88
0,120,360,10747.88
0,121,1,10642.27
0,121,2,10642.27
0,121,3,10642.27
0,121,4,10642.27
0,121,5,10642.27
0,121,6,10642.27
0,121,7,10642.27
0,121,8,10642.27
0,121,9,10642.27
0,121,10,10642.27
0,121,11,10642.27
0,121,12,10642.27
0,121,13,10642.27
0,121,14,10642.27
0,121,15,10642.27
0,121,16,10642.27
0,121,17,10642.27
0,121,18,10642.27
0,121,19,10642.27
0,121,20,10642.27
0,121,21,10642.27
0,121,22,10642.27
0,121,23,10642.27
0,121,24,10642.27
0,121,25,10642.27
0,121,26,10642.27
0,121,27,10642.27
0,121,28,10642.27
0,121,29,10642.27
0,121,30,10642.27
0,121,31,10642.27
0,121,32,10642.27
0,121,33,10642.27
0,121,34,10642.27
0,121,35,10642.27
0,121,36,10642.27
0,121,37,10642.27
0,121,38,10642.27
0,121,39,10642.27
0,121,40,10642.27
0,121,41,10642.27
0,121,42,10642.27
0,121,43,10642.27
0,121,44,10642.27
0,121,45,10642.27
0,121,46,10642.27
0,121,47,10642.27
0,121,48,10642.27
0,121,49,10642.27
0,121,50,10642.27
0,121,51,10642.27
0,121,52,10642.27
0,121,53,10642.27
0,121,54,10642.27
0,121,55,10642.27
0,121,56,10642.27
0,121,57,10642.27
0,121,58,10642.27
0,121,59,10642.27
0,121,60,10642.27
0,121,61,10642.27
0,121,62,10642.27
0,121,63,10642.27
0,121,64,10642.27
0,121,65,10642.27
0,121,66,10642.27
0,121,67,10642.27
0,121,68,10642.27
0,121,69,10642.27
0,121,70,10642.27
0,121,71,10642.27
0,121,72,10642.27
0,121,73,10642.27
0,121,74,10642.27
0,121,75,10642.27
0,121,76,10642.27
0,121,77,10642.27
0,121,78,10642.27
0,121,79,10642.27
0,121,80,10642.27
0,121,81,10642.27
0,121,82,10642.27
0,121,83,10642.27
0,121,84,10642.27
0,121,85,10642.27
0,121,86,10642.27
0,121,87,10642.27
0,121,88,10642.27
0,121,89,10642.27
0,121,90,10642.27
0,121,91,10642.27
0,121,92,10642.27
0,121,93,10642.27
0,121,94,10642.27
0,121,95,10642.27
0,121,96,10642.27
0,121,97,10642.27
0,121,98,10642.27
0,121,99,10642.27
0,121,100,10642.27
0,121,101,10642.27
0,121,102,10642.27
0,121,103,10642.27
0,121,104,10642.27
13,121,105,10642.27
13,121,106,10642.27
13,121,107,10642.27
13,121,108,10642.27
15,121,130,10642.27
15,121,131,10642.27
15,121,132,10642.27
0,121,133,10642.27
0,121,134,10642.27
0,121,135,10642.27
0,121,136,10642.27
0,121,137,10642.27
0,121,138,10642.27
0,121,139,10642.27
0,121,140,10642.27
0,121,141,10642.27
0,121,142,10642.27
0,121,143,10642.27
0,121,144,10642.27
0,121,145,10642.27
0,121,146,10642.27
0,121,147,10642.27
0,121,148,10642.27
0,121,149,10642.27
0,121,150,10642.27
0,121,151,10642.27
0,121,152,10642.27
0,121,153,10642.27
0,121,154,10642.27
0,121,155,10642.27
0,121,156,10642.27
0,121,157,10642.27
0,121,158,10642.27
0,121,159,10642.27
0,121,160,10642.27
0,121,161,10642.27
0,121,162,10642.27
0,121,163,10642.27
0,121,164,10642.27
0,121,165,10642.27
0,121,166,10642.27
0,121,167,10642.27
0,121,168,10642.27
0,121,169,10642.27
0,121,170,10642.27
0,121,171,10642.27
0,121,172,10642.27
0,121,173,10642.27
0,121,174,10642.27
0,121,175,10642.27
0,121,176,10642.27
0,121,177,10642.27
0,121,178,10642.27
0,121,179,10642.27
0,121,180,10642.27
0,121,181,10642.27
0,121,182,10642.27
0,121,183,10642.27
0,121,184,10642.27
0,121,185,10642.27
0,121,186,10642.27
0,121,187,10642.27
0,121,188,10642.27
0,121,189,10642.27
0,121,190,10642.27
0,121,191,10642.27
0,121,192,10642.27
0,121,193,10642.27
29,121,194,10642.27
29,121,195,10642.27
29,121,196,10642.27
29,121,197,10642.27
29,121,198,10642.27
30,121,211,10642.27
30,121,212,10642.27
30,121,213,10642.27
30,121,214,10642.27
0,121,215,10642.27
0,121,216,10642.27
0,121,217,10642.27
0,121,218,10642.27
0,121,219,10642.27
0,121,220,10642.27
0,121,221,10642.27
0,121,222,10642.27
0,121,223,10642.27
0,121,224,10642.27
0,121,225,10642.27
0,121,226,10642.27
0,121,227,10642.27
0,121,228,10642.27
0,121,229,10642.27
0,121,230,10642.27
0,121,231,10642.27
0,121,232,10642.27
0,121,233,10642.27
0,121,234,10642.27
0,121,235,10642.27
0,121,236,10642.27
0,121,237,10642.27
0,121,238,10642.27
0,121,239,10642.27
0,121,240,10642.27
0,121,241,10642.27
0,121,242,10642.27
0,121,243,10642.27
0,121,244,10642.27
0,121,245,10642.27
0,121,246,10642.27
0,121,247,10642.27
0,121,248,10642.27
0,121,249,10642.27
0,121,250,10642.27
0,121,251,10642.27
0,121,252,10642.27
0,121,253,10642.27
0,121,254,10642.27
0,121,255,10642.27
0,121,256,10642.27
0,121,257,10642.27
0,121,258,10642.27
0,121,259,10642.27
0,121,260,10642.27
0,121,261,10642.27
0,121,262,10642.27
0,121,263,10642.27
0,121,264,10642.27
0,121,265,10642.27
0,121,266,10642.27
0,121,267,10642.27
0,121,268,10642.27
0,121,269,10642.27
0,121,270,10642.27
0,121,271,10642.27
0,121,272,10642.27
0,121,273,10642.27
0,121,274,10642.27
0,121,275,10642.27
0,121,276,10642.27
0,121,277,10642.27
0,121,278,10642.27
0,121,279,10642.27
0,121,280,10642.27
0,121,281,10642.27
0,121,282,10642.27
0,121,283,10642.27
0,121,284,10642.27
0,121,285,10642.27
0,121,286,10642.27
0,121,287,10642.27
0,121,288,10642.27
0,121,289,10642.27
0,121,290,10642.27
0,121,291,10642.27
44,121,292,10642.27
44,121,293,10642.27
44,121,294,10642.27
44,121,295,10642.27
41,121,334,10642.27
41,121,335,10642.27
41,121,336,10642.27
41,121,337,10642.27
0,121,338,10642.27
0,121,339,10642.27
0,121,340,10642.27
0,121,341,10642.27
0,121,342,10642.27
0,121,343,10642.27
0,121,344,10642.27
0,121,345,10642.27
0,121,346,10642.27
0,121,347,10642.27
0,121,348,10642.27
0,121,349,10642.27
0,121,350,10642.27
0,121,351,10642.27
0,121,352,10642.27
0,121,353,10642.27
0,121,354,10642.27
0,121,355,10642.27
0,121,356,10642.27
0,121,357,10642.27
0,121,358,10642.27
0,121,359,10642.27
0,121,360,10642.27
0,122,1,10533.42
0,122,2,10533.42
0,122,3,10533.42
0,122,4,10533.42
0,122,5,10533.42
0,122,6,10533.42
0,122,7,10533.42
0,122,8,10533.42
0,122,9,10533.42
0,122,10,10533.42
0,122,11,10533.42
0,122,12,10533.42
0,122,13,10533.42
0,122,14,10533.42
0,122,15,10533.42
0,122,16,10533.42
0,122,17,10533.42
0,122,18,10533.42
0,122,19,10533.42
0,122,20,10533.42
0,122,21,10533.42
0,122,22,10533.42
0,122,23,10533.42
0,122,24,10533.42
0,122,25,10533.42
0,122,26,10533.42
0,122,27,10533.42
0,122,28,10533.42
0,122,29,10533.42
0,122,30,10533.42
0,122,31,10533.42
0,122,32,10533.42
0,122,33,10533.42
0,122,34,10533.42
0,122,35,10533.42
0,122,36,10533.42
0,122,37,10533.42
0,122,38,10533.42
0,122,39,10533.42
0,122,40,10533.42
0,122,41,10533.42
0,122,42,10533.42
0,122,43,10533.42
0,122,44,10533.42
0,122,45,10533.42
0,122,46,10533.42
0,122,47,10533.42
0,122,48,10533.42
0,122,49,10533.42
0,122,50,10533.42
0,122,51,10533.42
0,122,52,10533.42
0,122,53,10533.42
0,122,54,10533.42
0,122,55,10533.42
0,122,56,10533.42
0,122,57,10533.42
0,122,58,10533.42
0,122,59,10533.42
0,122,60,10533.42
0,122,61,10533.42
0,122,62,10533.42
0,122,63,10533.42
0,122,64,10533.42
0,122,65,10533.42
0,122,66,10533.42
0,122,67,10533.42
0,122,68,10533.42
0,122,69,10533.42
0,122,70,10533.42
0,122,71,10533.42
0,122,72,10533.42
0,122,73,10533.42
0,122,74,10533.42
0,122,75,10533.42
0,122,76,10533.42
0,122,77,10533.42
0,122,78,10533.42
0,122,79,10533.42
0,122,80,10533.42
0,122,81,10533.42
0,122,82,10533.42
0,122,83,10533.42
0,122,84,10533.42
0,122,85,10533.42
0,122,86,10533.42
0,122,87,10533.42
0,122,88,10533.42
0,122,89,10533.42
0,122,90,10533.42
0,122,91,10533.42
0,122,92,10533.42
0,122,93,10533.42
0,122,94,10533.42
0,122,95,10533.42
0,122,96,10533.42
0,122,97,10533.42
0,122,98,10533.42
0,122,99,10533.42
0,122,100,10533.42
0,122,101,10533.42
0,122,102,10533.42
0,122,103,10533.42
0,122,104,10533.42
13,122,105,10533.42
13,122,106,10533.42
13,122,107,10533.42
13,122,108,10533.42
15,122,129,10533.42
15,122,130,10533.42
15,122,131,10533.42
0,122,132,10533.42
0,122,133,10533.42
0,122,134,10533.42
0,122,135,10533.42
0,122,136,10533.42
0,122,137,10533.42
0,122,138,10533.42
0,122,139,10533.42
0,122,140,10533.42
0,122,141,10533.42
0,122,142,10533.42
0,122,143,10533.42
0,122,144,10533.42
0,122,145,10533.42
0,122,146,10533.42
0,122,147,10533.42
0,122,148,10533.42
0,122,149,10533.42
0,122,150,10533.42
0,122,151,10533.42
0,122,152,10533.42
0,122,153,10533.42
0,122,154,10533.42
0,122,155,10533.42
0,122,156,10533.42
0,122,157,10533.42
0,122,158,10533.42
0,122,159,10533.42
0,122,160,10533.42
0,122,161,10533.42
0,122,162,10533.42
0,122,163,10533.42
0,122,164,10533.42
0,122,165,10533.42
0,122,166,10533.42
0,122,167,10533.42
0,122,168,10533.42
0,122,169,10533.42
0,122,170,10533.42
0,122,171,10533.42
0,122,172,10533.42
0,122,173,10533.42
0,122,174,10533.42
0,122,175,10533.42
0,122,176,10533.42
0,122,177,10533.42
0,122,178,10533.42
0,122,179,10533.42
0,122,180,10533.42
0,122,181,10533.42
0,122,182,10533.42
0,122,183,10533.42
0,122,184,10533.42
0,122,185,10533.42
0,122,186,10533.42
0,122,187,10533.42
0,122,188,10533.42
0,122,189,10533.42
0,122,190,10533.42
0,122,191,10533.42
0,122,192,10533.42
0,122,193,10533.42
29,122,194,10533.42
29,122,195,10533.42
29,122,196,10533.42
29,122,197,10533.42
29,122,198,10533.42
30,122,210,10533.42
30,122,211,10533.42
30,122,212,10533.42
30,122,213,10533.42
0,122,214,10533.42
0,122,215,10533.42
0,122,216,10533.42
0,122,217,10533.42
0,122,218,10533.42
0,122,219,10533.42
0,122,220,10533.42
0,122,221,10533.42
0,122,222,10533.42
0,122,223,10533.42
0,122,224,10533.42
0,122,225,10533.42
0,122,226,10533.42
0,122,227,10533.42
0,122,228,10533.42
0,122,229,10533.42
0,122,230,10533.42
0,122,231,10533.42
0,122,232,10533.42
0,122,233,10533.42
0,122,234,10533.42
0,122,235,10533.42
0,122,236,10533.42
0,122,237,10533.42
0,122,238,10533.42
0,122,239,10533.42
0,122,240,10533.42
0,122,241,10533.42
0,122,242,10533.42
0,122,243,10533.42
0,122,244,10533.42
0,122,245,10533.42
0,122,246,10533.42
0,122,247,10533.42
0,122,248,10533.42
0,122,249,10533.42
0,122,250,10533.42
0,122,251,10533.42
0,122,252,10533.42
0,122,253,10533.42
0,122,254,10533.42
0,122,255,10533.42
0,122,256,10533.42
0,122,257,10533.42
0,122,258,10533.42
0,122,259,10533.42
0,122,260,10533.42
0,122,261,10533.42
0,122,262,10533.42
0,122,263,10533.42
0,122,264,10533.42
0,122,265,10533.42
0,122,266,10533.42
0,122,267,10533.42
0,122,268,10533.42
0,122,269,10533.42
0,122,270,10533.42
0,122,271,10533.42
0,122,272,10533.42
0,122,273,10533.42
0,122,274,10533.42
0,122,275,10533.42
0,122,276,10533.42
0,122,277,10533.42
0,122,278,10533.42
0,122,279,10533.42
0,122,280,10533.42
0,122,281,10533.42
0,122,282,10533.42
0,122,283,10533.42
0,122,284,10533.42
0,122,285,10533.42
0,122,286,10533.42
0,122,287,10533.42
0,122,288,10533.42
0,122,289,10533.42
0,122,290,10533.42
0,122,291,10533.42
44,122,292,10533.42
44,122,293,10533.42
44,122,294,10533.42
44,122,295,10533.42
44,122,296,10533.42
43,122,309,10533.42
43,122,310,10533.42
43,122,311,10533.42
43,122,312,10533.42
41,122,334,10533.42
41,122,335,10533.42
41,122,336,10533.42
41,122,337,10533.42
0,122,338,10533.42
0,122,339,10533.42
0,122,340,10533.42
0,122,341,10533.42
0,122,342,10533.42
0,122,343,10533.42
0,122,344,10533.42
0,122,345,10533.42
0,122,346,10533.42
0,122,347,10533.42
0,122,348,10533.42
0,122,349,10533.42
0,122,350,10533.42
0,122,351,10533.42
0,122,352,10533.42
0,122,353,10533.42
0,122,354,10533.42
0,122,355,10533.42
0,122,356,10533.42
0,122,357,10533.42
0,122,358,10533.42
0,122,359,10533.42
0,122,360,10533.42
0,123,1,10421.36
0,123,2,10421.36
0,123,3,10421.36
0,123,4,10421.36
0,123,5,10421.36
0,123,6,10421.36
0,123,7,10421.36
0,123,8,10421.36
0,123,9,10421.36
0,123,10,10421.36
0,123,11,10421.36
0,123,12,10421.36
0,123,13,10421.36
0,123,14,10421.36
0,123,15,10421.36
0,123,16,10421.36
0,123,17,10421.36
0,123,18,10421.36
0,123,19,10421.36
0,123,20,10421.36
0,123,21,10421.36
0,123,22,10421.36
0,123,23,10421.36
0,123,24,10421.36
0,123,25,10421.36
0,123,26,10421.36
0,123,27,10421.36
0,123,28,10421.36
0,123,29,10421.36
0,123,30,10421.36
0,123,31,10421.36
0,123,32,10421.36
0,123,33,10421.36
0,123,34,10421.36
0,123,35,10421.36
0,123,36,10421.36
0,123,37,10421.36
0,123,38,10421.36
0,123,39,10421.36
0,123,40,10421.36
0,123,41,10421.36
0,123,42,10421.36
0,123,43,10421.36
0,123,44,10421.36
0,123,45,10421.36
0,123,46,10421.36
0,123,47,10421.36
0,123,48,10421.36
0,123,49,10421.36
0,123,50,10421.36
0,123,51,10421.36
0,123,52,10421.36
0,123,53,10421.36
0,123,54,10421.36
0,123,55,10421.36
0,123,56,10421.36
0,123,57,10421.36
0,123,58,10421.36
0,123,59,10421.36
0,123,60,10421.36
0,123,61,10421.36
0,123,62,10421.36
0,123,63,10421.36
0,123,64,10421.36
0,123,65,10421.36
0,123,66,10421.36
0,123,67,10421.36
0,123,68,10421.36
0,123,69,10421.36
0,123,70,10421.36
0,123,71,10421.36
0,123,72,10421.36
0,123,73,10421.36
0,123,74,10421.36
0,123,75,10421.36
0,123,76,10421.36
0,123,77,10421.36
0,123,78,10421.36
0,123,79,10421.36
0,123,80,10421.36
0,123,81,10421.36
0,123,82,10421.36
0,123,83,10421.36
0,123,84,10421.36
0,123,85,10421.36
0,123,86,10421.36
0,123,87,10421.36
0,123,88,10421.36
0,123,89,10421.36
0,123,90,10421.36
0,123,91,10421.36
0,123,92,10421.36
0,123,93,10421.36
0,123,94,10421.36
0,123,95,10421.36
0,123,96,10421.36
0,123,97,10421.36
0,123,98,10421.36
0,123,99,10421.36
0,123,100,10421.36
0,123,101,10421.36
0,123,102,10421.36
0,123,103,10421.36
0,123,104,10421.36
13,123,105,10421.36
13,123,106,10421.36
13,123,107,10421.36
13,123,108,10421.36
15,123,128,10421.36
15,123,129,10421.36
15,123,130,10421.36
0,123,131,10421.36
0,123,132,10421.36
0,123,133,10421.36
0,123,134,10421.36
0,123,135,10421.36
0,123,136,10421.36
0,123,137,10421.36
0,123,138,10421.36
0,123,139,10421.36
0,123,140,10421.36
0,123,141,10421.36
0,123,142,10421.36
0,123,143,10421.36
0,123,144,10421.36
0,123,145,10421.36
0,123,146,10421.36
0,123,147,10421.36
0,123,148,10421.36
0,123,149,10421.36
0,123,150,10421.36
0,123,151,10421.36
0,123,152,10421.36
0,123,153,10421.36
0,123,154,10421.36
0,123,155,10421.36
0,123,156,10421.36
0,123,157,10421.36
0,123,158,10421.36
0,123,159,10421.36
0,123,160,10421.36
0,123,161,10421.36
0,123,162,10421.36
0,123,163,10421.36
0,123,164,10421.36
0,123,165,10421.36
0,123,166,10421.36
0,123,167,10421.36
0,123,168,10421.36
0,123,169,10421.36
0,123,170,10421.36
0,123,171,10421.36
0,123,172,10421.36
0,123,173,10421.36
0,123,174,10421.36
0,123,175,10421.36
0,123,176,10421.36
0,123,177,10421.36
0,123,178,10421.36
0,123,179,10421.36
0,123,180,10421.36
0,123,181,10421.36
0,123,182,10421.36
0,123,183,10421.36
0,123,184,10421.36
0,123,185,10421.36
0,123,186,10421.36
0,123,187,10421.36
0,123,188,10421.36
0,123,189,10421.36
0,123,190,10421.36
0,123,191,10421.36
0,123,192,10421.36
0,123,193,10421.36
0,123,194,10421.36
29,123,195,10421.36
29,123,196,10421.36
29,123,197,10421.36
29,123,198,10421.36
30,123,209,10421.36
30,123,210,10421.36
30,123,211,10421.36
30,123,212,10421.36
0,123,213,10421.36
0,123,214,10421.36
0,123,215,10421.36
0,123,216,10421.36
0,123,217,10421.36
0,123,218,10421.36
0,123,219,10421.36
0,123,220,10421.36
0,123,221,10421.36
0,123,222,10421.36
0,123,223,10421.36
0,123,224,10421.36
0,123,225,10421.36
0,123,226,10421.36
0,123,227,10421.36
0,123,228,10421.36
0,123,229,10421.36
0,123,230,10421.36
0,123,231,10421.36
0,123,232,10421.36
0,123,233,10421.36
0,123,234,10421.36
0,123,235,10421.36
0,123,236,10421.36
0,123,237,10421.36
0,123,238,10421.36
0,123,239,10421.36
0,123,240,10421.36
0,123,241,10421.36
0,123,242,10421.36
0,123,243,10421.36
0,123,244,10421.36
0,123,245,10421.36
0,123,246,10421.36
0,123,247,10421.36
0,123,248,10421.36
0,123,249,10421.36
0,123,250,10421.36
0,123,251,10421.36
0,123,252,10421.36
0,123,253,10421.36
0,123,254,10421.36
0,123,255,10421.36
0,123,256,10421.36
0,123,257,10421.36
0,123,258,10421.36
0,123,259,10421.36
0,123,260,10421.36
0,123,261,10421.36
0,123,262,10421.36
0,123,263,10421.36
0,123,264,10421.36
0,123,265,10421.36
0,123,266,10421.36
0,123,267,10421.36
0,123,268,10421.36
0,123,269,10421.36
0,123,270,10421.36
0,123,271,10421.36
0,123,272,10421.36
0,123,273,10421.36
0,123,274,10421.36
0,123,275,10421.36
0,123,276,10421.36
0,123,277,10421.36
0,123,278,10421.36
0,123,279,10421.36
0,123,280,10421.36
0,123,281,10421.36
0,123,282,10421.36
0,123,283,10421.36
0,123,284,10421.36
0,123,285,10421.36
0,123,286,10421.36
0,123,287,10421.36
0,123,288,10421.36
0,123,289,10421.36
0,123,290,10421.36
0,123,291,10421.36
44,123,292,10421.36
44,123,293,10421.36
44,123,294,10421.36
44,123,295,10421.36
44,123,296,10421.36
43,123,305,10421.36
43,123,306,10421.36
43,123,307,10421.36
43,123,308,10421.36
43,123,309,10421.36
43,123,310,10421.36
43,123,311,10421.36
43,123,312,10421.36
43,123,313,10421.36
43,123,314,10421.36
41,123,333,10421.36
41,123,334,10421.36
41,123,335,10421.36
41,123,336,10421.36
41,123,337,10421.36
0,123,338,10421.36
0,123,339,10421.36
0,123,340,10421.36
0,123,341,10421.36
0,123,342,10421.36
0,123,343,10421.36
0,123,344,10421.36
0,123,345,10421.36
0,123,346,10421.36
0,123,347,10421.36
0,123,348,10421.36
0,123,349,10421.36
0,123,350,10421.36
46,123,351,10421.36
46,123,352,10421.36
0,123,353,10421.36
0,123,354,10421.36
0,123,355,10421.36
0,123,356,10421.36
0,123,357,10421.36
0,123,358,10421.36
0,123,359,10421.36
0,123,360,10421.36
0,124,1,10306.1
0,124,2,10306.1
0,124,3,10306.1
0,124,4,10306.1
0,124,5,10306.1
0,124,6,10306.1
0,124,7,10306.1
0,124,8,10306.1
0,124,9,10306.1
0,124,10,10306.1
0,124,11,10306.1
0,124,12,10306.1
0,124,13,10306.1
0,124,14,10306.1
0,124,15,10306.1
0,124,16,10306.1
0,124,17,10306.1
0,124,18,10306.1
0,124,19,10306.1
0,124,20,10306.1
0,124,21,10306.1
0,124,22,10306.1
0,124,23,10306.1
0,124,24,10306.1
0,124,25,10306.1
0,124,26,10306.1
0,124,27,10306.1
0,124,28,10306.1
0,124,29,10306.1
0,124,30,10306.1
0,124,31,10306.1
0,124,32,10306.1
0,124,33,10306.1
0,124,34,10306.1
0,124,35,10306.1
0,124,36,10306.1
0,124,37,10306.1
0,124,38,10306.1
0,124,39,10306.1
0,124,40,10306.1
0,124,41,10306.1
0,124,42,10306.1
0,124,43,10306.1
0,124,44,10306.1
0,124,45,10306.1
0,124,46,10306.1
0,124,47,10306.1
0,124,48,10306.1
0,124,49,10306.1
0,124,50,10306.1
0,124,51,10306.1
0,124,52,10306.1
0,124,53,10306.1
0,124,54,10306.1
0,124,55,10306.1
0,124,56,10306.1
0,124,57,10306.1
0,124,58,10306.1
0,124,59,10306.1
0,124,60,10306.1
0,124,61,10306.1
0,124,62,10306.1
0,124,63,10306.1
0,124,64,10306.1
0,124,65,10306.1
0,124,66,10306.1
0,124,67,10306.1
0,124,68,10306.1
0,124,69,10306.1
0,124,70,10306.1
0,124,71,10306.1
0,124,72,10306.1
0,124,73,10306.1
0,124,74,10306.1
0,124,75,10306.1
0,124,76,10306.1
0,124,77,10306.1
0,124,78,10306.1
0,124,79,10306.1
0,124,80,10306.1
0,124,81,10306.1
0,124,82,10306.1
0,124,83,10306.1
0,124,84,10306.1
0,124,85,10306.1
0,124,86,10306.1
0,124,87,10306.1
0,124,88,10306.1
0,124,89,10306.1
0,124,90,10306.1
0,124,91,10306.1
0,124,92,10306.1
0,124,93,10306.1
0,124,94,10306.1
0,124,95,10306.1
0,124,96,10306.1
0,124,97,10306.1
0,124,98,10306.1
0,124,99,10306.1
0,124,100,10306.1
0,124,101,10306.1
0,124,102,10306.1
0,124,103,10306.1
0,124,104,10306.1
13,124,105,10306.1
13,124,106,10306.1
13,124,107,10306.1
13,124,108,10306.1
15,124,128,10306.1
15,124,129,10306.1
0,124,130,10306.1
0,124,131,10306.1
0,124,132,10306.1
0,124,133,10306.1
0,124,134,10306.1
0,124,135,10306.1
0,124,136,10306.1
0,124,137,10306.1
0,124,138,10306.1
0,124,139,10306.1
0,124,140,10306.1
0,124,141,10306.1
0,124,142,10306.1
0,124,143,10306.1
0,124,144,10306.1
0,124,145,10306.1
0,124,146,10306.1
0,124,147,10306.1
0,124,148,10306.1
0,124,149,10306.1
0,124,150,10306.1
0,124,151,10306.1
0,124,152,10306.1
0,124,153,10306.1
0,124,154,10306.1
0,124,155,10306.1
0,124,156,10306.1
0,124,157,10306.1
0,124,158,10306.1
0,124,159,10306.1
0,124,160,10306.1
0,124,161,10306.1
0,124,162,10306.1
0,124,163,10306.1
0,124,164,10306.1
0,124,165,10306.1
0,124,166,10306.1
0,124,167,10306.1
0,124,168,10306.1
0,124,169,10306.1
0,124,170,10306.1
0,124,171,10306.1
0,124,172,10306.1
0,124,173,10306.1
0,124,174,10306.1
0,124,175,10306.1
0,124,176,10306.1
0,124,177,10306.1
0,124,178,10306.1
0,124,179,10306.1
0,124,180,10306.1
0,124,181,10306.1
0,124,182,10306.1
0,124,183,10306.1
0,124,184,10306.1
0,124,185,10306.1
0,124,186,10306.1
0,124,187,10306.1
0,124,188,10306.1
0,124,189,10306.1
0,124,190,10306.1
0,124,191,10306.1
0,124,192,10306.1
0,124,193,10306.1
0,124,194,10306.1
29,124,195,10306.1
29,124,196,10306.1
29,124,197,10306.1
29,124,198,10306.1
29,124,199,10306.1
30,124,206,10306.1
30,124,207,10306.1
30,124,208,10306.1
30,124,209,10306.1
30,124,210,10306.1
0,124,211,10306.1
0,124,212,10306.1
0,124,213,10306.1
0,124,214,10306.1
0,124,215,10306.1
0,124,216,10306.1
0,124,217,10306.1
0,124,218,10306.1
0,124,219,10306.1
0,124,220,10306.1
0,124,221,10306.1
0,124,222,10306.1
0,124,223,10306.1
0,124,224,10306.1
0,124,225,10306.1
0,124,226,10306.1
0,124,227,10306.1
0,124,228,10306.1
0,124,229,10306.1
0,124,230,10306.1
0,124,231,10306.1
0,124,232,10306.1
0,124,233,10306.1
0,124,234,10306.1
0,124,235,10306.1
0,124,236,10306.1
0,124,237,10306.1
0,124,238,10306.1
0,124,239,10306.1
0,124,240,10306.1
0,124,241,10306.1
0,124,242,10306.1
0,124,243,10306.1
0,124,244,10306.1
0,124,245,10306.1
0,124,246,10306.1
0,124,247,10306.1
0,124,248,10306.1
0,124,249,10306.1
0,124,250,10306.1
0,124,251,10306.1
0,124,252,10306.1
0,124,253,10306.1
0,124,254,10306.1
0,124,255,10306.1
0,124,256,10306.1
0,124,257,10306.1
0,124,258,10306.1
0,124,259,10306.1
0,124,260,10306.1
0,124,261,10306.1
0,124,262,10306.1
0,124,263,10306.1
0,124,264,10306.1
0,124,265,10306.1
0,124,266,10306.1
0,124,267,10306.1
0,124,268,10306.1
0,124,269,10306.1
0,124,270,10306.1
0,124,271,10306.1
0,124,272,10306.1
0,124,273,10306.1
0,124,274,10306.1
0,124,275,10306.1
0,124,276,10306.1
0,124,277,10306.1
0,124,278,10306.1
0,124,279,10306.1
0,124,280,10306.1
0,124,281,10306.1
0,124,282,10306.1
0,124,283,10306.1
0,124,284,10306.1
0,124,285,10306.1
0,124,286,10306.1
0,124,287,10306.1
0,124,288,10306.1
0,124,289,10306.1
0,124,290,10306.1
0,124,291,10306.1
43,124,292,10306.1
43,124,293,10306.1
43,124,294,10306.1
44,124,295,10306.1
43,124,301,10306.1
43,124,302,10306.1
43,124,303,10306.1
43,124,304,10306.1
43,124,305,10306.1
43,124,306,10306.1
43,124,307,10306.1
43,124,308,10306.1
43,124,309,10306.1
43,124,310,10306.1
43,124,311,10306.1
43,124,312,10306.1
43,124,313,10306.1
43,124,314,10306.1
43,124,315,10306.1
43,124,318,10306.1
41,124,332,10306.1
41,124,333,10306.1
41,124,334,10306.1
41,124,335,10306.1
41,124,336,10306.1
0,124,337,10306.1
0,124,338,10306.1
0,124,339,10306.1
0,124,340,10306.1
0,124,341,10306.1
0,124,342,10306.1
0,124,343,10306.1
0,124,344,10306.1
0,124,345,10306.1
0,124,346,10306.1
0,124,347,10306.1
0,124,348,10306.1
0,124,349,10306.1
0,124,350,10306.1
0,124,351,10306.1
46,124,352,10306.1
46,124,353,10306.1
46,124,354,10306.1
0,124,355,10306.1
0,124,356,10306.1
0,124,357,10306.1
0,124,358,10306.1
0,124,359,10306.1
0,124,360,10306.1
0,125,1,10187.7
0,125,2,10187.7
0,125,3,10187.7
0,125,4,10187.7
0,125,5,10187.7
0,125,6,10187.7
0,125,7,10187.7
0,125,8,10187.7
0,125,9,10187.7
0,125,10,10187.7
0,125,11,10187.7
0,125,12,10187.7
0,125,13,10187.7
0,125,14,10187.7
0,125,15,10187.7
0,125,16,10187.7
0,125,17,10187.7
0,125,18,10187.7
0,125,19,10187.7
0,125,20,10187.7
0,125,21,10187.7
0,125,22,10187.7
0,125,23,10187.7
0,125,24,10187.7
0,125,25,10187.7
0,125,26,10187.7
0,125,27,10187.7
0,125,28,10187.7
0,125,29,10187.7
0,125,30,10187.7
0,125,31,10187.7
0,125,32,10187.7
0,125,33,10187.7
0,125,34,10187.7
0,125,35,10187.7
0,125,36,10187.7
0,125,37,10187.7
0,125,38,10187.7
0,125,39,10187.7
0,125,40,10187.7
0,125,41,10187.7
0,125,42,10187.7
0,125,43,10187.7
0,125,44,10187.7
0,125,45,10187.7
0,125,46,10187.7
0,125,47,10187.7
0,125,48,10187.7
0,125,49,10187.7
0,125,50,10187.7
0,125,51,10187.7
0,125,52,10187.7
0,125,53,10187.7
0,125,54,10187.7
0,125,55,10187.7
0,125,56,10187.7
0,125,57,10187.7
0,125,58,10187.7
0,125,59,10187.7
0,125,60,10187.7
0,125,61,10187.7
0,125,62,10187.7
0,125,63,10187.7
0,125,64,10187.7
0,125,65,10187.7
0,125,66,10187.7
0,125,67,10187.7
0,125,68,10187.7
0,125,69,10187.7
0,125,70,10187.7
0,125,71,10187.7
0,125,72,10187.7
0,125,73,10187.7
0,125,74,10187.7
0,125,75,10187.7
0,125,76,10187.7
0,125,77,10187.7
0,125,78,10187.7
0,125,79,10187.7
0,125,80,10187.7
0,125,81,10187.7
0,125,82,10187.7
0,125,83,10187.7
0,125,84,10187.7
0,125,85,10187.7
0,125,86,10187.7
0,125,87,10187.7
0,125,88,10187.7
0,125,89,10187.7
0,125,90,10187.7
0,125,91,10187.7
0,125,92,10187.7
0,125,93,10187.7
0,125,94,10187.7
0,125,95,10187.7
0,125,96,10187.7
0,125,97,10187.7
0,125,98,10187.7
0,125,99,10187.7
0,125,100,10187.7
0,125,101,10187.7
0,125,102,10187.7
0,125,103,10187.7
13,125,104,10187.7
13,125,105,10187.7
13,125,106,10187.7
13,125,107,10187.7
13,125,108,10187.7
14,125,123,10187.7
14,125,124,10187.7
14,125,125,10187.7
14,125,126,10187.7
14,125,127,10187.7
14,125,128,10187.7
0,125,129,10187.7
0,125,130,10187.7
0,125,131,10187.7
0,125,132,10187.7
0,125,133,10187.7
0,125,134,10187.7
0,125,135,10187.7
0,125,136,10187.7
0,125,137,10187.7
0,125,138,10187.7
0,125,139,10187.7
0,125,140,10187.7
0,125,141,10187.7
0,125,142,10187.7
0,125,143,10187.7
0,125,144,10187.7
0,125,145,10187.7
0,125,146,10187.7
0,125,147,10187.7
0,125,148,10187.7
0,125,149,10187.7
0,125,150,10187.7
0,125,151,10187.7
0,125,152,10187.7
0,125,153,10187.7
0,125,154,10187.7
0,125,155,10187.7
0,125,156,10187.7
0,125,157,10187.7
0,125,158,10187.7
0,125,159,10187.7
0,125,160,10187.7
0,125,161,10187.7
0,125,162,10187.7
0,125,163,10187.7
0,125,164,10187.7
0,125,165,10187.7
0,125,166,10187.7
0,125,167,10187.7
0,125,168,10187.7
0,125,169,10187.7
0,125,170,10187.7
0,125,171,10187.7
0,125,172,10187.7
0,125,173,10187.7
0,125,174,10187.7
0,125,175,10187.7
0,125,176,10187.7
0,125,177,10187.7
0,125,178,10187.7
0,125,179,10187.7
0,125,180,10187.7
0,125,181,10187.7
0,125,182,10187.7
0,125,183,10187.7
0,125,184,10187.7
0,125,185,10187.7
0,125,186,10187.7
0,125,187,10187.7
0,125,188,10187.7
0,125,189,10187.7
0,125,190,10187.7
0,125,191,10187.7
0,125,192,10187.7
0,125,193,10187.7
0,125,194,10187.7
0,125,195,10187.7
29,125,196,10187.7
29,125,197,10187.7
29,125,198,10187.7
29,125,199,10187.7
29,125,200,10187.7
30,125,201,10187.7
30,125,202,10187.7
30,125,203,10187.7
30,125,204,10187.7
30,125,205,10187.7
30,125,206,10187.7
30,125,207,10187.7
30,125,208,10187.7
0,125,209,10187.7
0,125,210,10187.7
0,125,211,10187.7
0,125,212,10187.7
0,125,213,10187.7
0,125,214,10187.7
0,125,215,10187.7
0,125,216,10187.7
0,125,217,10187.7
0,125,218,10187.7
0,125,219,10187.7
0,125,220,10187.7
0,125,221,10187.7
0,125,222,10187.7
0,125,223,10187.7
0,125,224,10187.7
0,125,225,10187.7
0,125,226,10187.7
0,125,227,10187.7
0,125,228,10187.7
0,125,229,10187.7
0,125,230,10187.7
0,125,231,10187.7
0,125,232,10187.7
0,125,233,10187.7
0,125,234,10187.7
0,125,235,10187.7
0,125,236,10187.7
0,125,237,10187.7
0,125,238,10187.7
0,125,239,10187.7
0,125,240,10187.7
0,125,241,10187.7
0,125,242,10187.7
0,125,243,10187.7
0,125,244,10187.7
0,125,245,10187.7
0,125,246,10187.7
0,125,247,10187.7
0,125,248,10187.7
0,125,249,10187.7
0,125,250,10187.7
0,125,251,10187.7
0,125,252,10187.7
0,125,253,10187.7
0,125,254,10187.7
0,125,255,10187.7
0,125,256,10187.7
0,125,257,10187.7
0,125,258,10187.7
0,125,259,10187.7
0,125,260,10187.7
0,125,261,10187.7
0,125,262,10187.7
0,125,263,10187.7
0,125,264,10187.7
0,125,265,10187.7
0,125,266,10187.7
0,125,267,10187.7
0,125,268,10187.7
0,125,269,10187.7
0,125,270,10187.7
0,125,271,10187.7
0,125,272,10187.7
0,125,273,10187.7
0,125,274,10187.7
0,125,275,10187.7
0,125,276,10187.7
0,125,277,10187.7
0,125,278,10187.7
0,125,279,10187.7
0,125,280,10187.7
0,125,281,10187.7
0,125,282,10187.7
0,125,283,10187.7
0,125,284,10187.7
0,125,285,10187.7
0,125,286,10187.7
0,125,287,10187.7
0,125,288,10187.7
0,125,289,10187.7
0,125,290,10187.7
0,125,291,10187.7
43,125,292,10187.7
43,125,293,10187.7
43,125,294,10187.7
43,125,295,10187.7
43,125,296,10187.7
43,125,297,10187.7
43,125,299,10187.7
43,125,300,10187.7
43,125,301,10187.7
43,125,302,10187.7
43,125,303,10187.7
43,125,304,10187.7
43,125,305,10187.7
43,125,306,10187.7
43,125,307,10187.7
43,125,308,10187.7
43,125,309,10187.7
43,125,310,10187.7
43,125,311,10187.7
43,125,312,10187.7
43,125,313,10187.7
43,125,314,10187.7
43,125,315,10187.7
43,125,316,10187.7
43,125,317,10187.7
43,125,318,10187.7
41,125,332,10187.7
41,125,333,10187.7
41,125,334,10187.7
41,125,335,10187.7
0,125,336,10187.7
0,125,337,10187.7
0,125,338,10187.7
0,125,339,10187.7
0,125,340,10187.7
0,125,341,10187.7
0,125,342,10187.7
0,125,343,10187.7
0,125,344,10187.7
0,125,345,10187.7
0,125,346,10187.7
0,125,347,10187.7
0,125,348,10187.7
0,125,349,10187.7
0,125,350,10187.7
0,125,351,10187.7
46,125,352,10187.7
46,125,353,10187.7
46,125,354,10187.7
46,125,355,10187.7
0,125,356,10187.7
0,125,357,10187.7
0,125,358,10187.7
0,125,359,10187.7
0,125,360,10187.7
0,126,1,10066.16
0,126,2,10066.16
0,126,3,10066.16
0,126,4,10066.16
0,126,5,10066.16
0,126,6,10066.16
0,126,7,10066.16
0,126,8,10066.16
0,126,9,10066.16
0,126,10,10066.16
0,126,11,10066.16
0,126,12,10066.16
0,126,13,10066.16
0,126,14,10066.16
0,126,15,10066.16
0,126,16,10066.16
0,126,17,10066.16
0,126,18,10066.16
0,126,19,10066.16
0,126,20,10066.16
0,126,21,10066.16
0,126,22,10066.16
0,126,23,10066.16
0,126,24,10066.16
0,126,25,10066.16
0,126,26,10066.16
0,126,27,10066.16
0,126,28,10066.16
0,126,29,10066.16
0,126,30,10066.16
0,126,31,10066.16
0,126,32,10066.16
0,126,33,10066.16
0,126,34,10066.16
0,126,35,10066.16
0,126,36,10066.16
0,126,37,10066.16
0,126,38,10066.16
0,126,39,10066.16
0,126,40,10066.16
0,126,41,10066.16
0,126,42,10066.16
0,126,43,10066.16
0,126,44,10066.16
0,126,45,10066.16
0,126,46,10066.16
0,126,47,10066.16
0,126,48,10066.16
0,126,49,10066.16
0,126,50,10066.16
0,126,51,10066.16
0,126,52,10066.16
0,126,53,10066.16
0,126,54,10066.16
0,126,55,10066.16
0,126,56,10066.16
0,126,57,10066.16
0,126,58,10066.16
0,126,59,10066.16
0,126,60,10066.16
0,126,61,10066.16
0,126,62,10066.16
0,126,63,10066.16
0,126,64,10066.16
0,126,65,10066.16
0,126,66,10066.16
0,126,67,10066.16
0,126,68,10066.16
0,126,69,10066.16
0,126,70,10066.16
0,126,71,10066.16
0,126,72,10066.16
0,126,73,10066.16
0,126,74,10066.16
0,126,75,10066.16
0,126,76,10066.16
0,126,77,10066.16
0,126,78,10066.16
0,126,79,10066.16
0,126,80,10066.16
0,126,81,10066.16
0,126,82,10066.16
0,126,83,10066.16
0,126,84,10066.16
0,126,85,10066.16
0,126,86,10066.16
0,126,87,10066.16
0,126,88,10066.16
0,126,89,10066.16
0,126,90,10066.16
0,126,91,10066.16
0,126,92,10066.16
0,126,93,10066.16
0,126,94,10066.16
0,126,95,10066.16
0,126,96,10066.16
0,126,97,10066.16
0,126,98,10066.16
0,126,99,10066.16
0,126,100,10066.16
0,126,101,10066.16
0,126,102,10066.16
0,126,103,10066.16
13,126,104,10066.16
13,126,105,10066.16
13,126,106,10066.16
13,126,107,10066.16
14,126,124,10066.16
14,126,125,10066.16
14,126,126,10066.16
14,126,127,10066.16
14,126,128,10066.16
0,126,129,10066.16
0,126,130,10066.16
0,126,131,10066.16
0,126,132,10066.16
0,126,133,10066.16
0,126,134,10066.16
0,126,135,10066.16
0,126,136,10066.16
0,126,137,10066.16
0,126,138,10066.16
0,126,139,10066.16
0,126,140,10066.16
0,126,141,10066.16
0,126,142,10066.16
0,126,143,10066.16
0,126,144,10066.16
0,126,145,10066.16
0,126,146,10066.16
0,126,147,10066.16
0,126,148,10066.16
0,126,149,10066.16
0,126,150,10066.16
0,126,151,10066.16
0,126,152,10066.16
0,126,153,10066.16
0,126,154,10066.16
0,126,155,10066.16
0,126,156,10066.16
0,126,157,10066.16
0,126,158,10066.16
0,126,159,10066.16
0,126,160,10066.16
0,126,161,10066.16
0,126,162,10066.16
0,126,163,10066.16
0,126,164,10066.16
0,126,165,10066.16
0,126,166,10066.16
0,126,167,10066.16
0,126,168,10066.16
0,126,169,10066.16
0,126,170,10066.16
0,126,171,10066.16
0,126,172,10066.16
0,126,173,10066.16
0,126,174,10066.16
0,126,175,10066.16
0,126,176,10066.16
0,126,177,10066.16
0,126,178,10066.16
0,126,179,10066.16
0,126,180,10066.16
0,126,181,10066.16
0,126,182,10066.16
0,126,183,10066.16
0,126,184,10066.16
0,126,185,10066.16
0,126,186,10066.16
0,126,187,10066.16
0,126,188,10066.16
0,126,189,10066.16
0,126,190,10066.16
0,126,191,10066.16
0,126,192,10066.16
0,126,193,10066.16
0,126,194,10066.16
0,126,195,10066.16
0,126,196,10066.16
0,126,197,10066.16
29,126,198,10066.16
29,126,199,10066.16
30,126,200,10066.16
30,126,201,10066.16
30,126,202,10066.16
30,126,203,10066.16
30,126,204,10066.16
30,126,205,10066.16
0,126,206,10066.16
0,126,207,10066.16
0,126,208,10066.16
0,126,209,10066.16
0,126,210,10066.16
0,126,211,10066.16
0,126,212,10066.16
0,126,213,10066.16
0,126,214,10066.16
0,126,215,10066.16
0,126,216,10066.16
0,126,217,10066.16
0,126,218,10066.16
0,126,219,10066.16
0,126,220,10066.16
0,126,221,10066.16
0,126,222,10066.16
0,126,223,10066.16
0,126,224,10066.16
0,126,225,10066.16
0,126,226,10066.16
0,126,227,10066.16
0,126,228,10066.16
0,126,229,10066.16
0,126,230,10066.16
0,126,231,10066.16
0,126,232,10066.16
0,126,233,10066.16
0,126,234,10066.16
0,126,235,10066.16
0,126,236,10066.16
0,126,237,10066.16
0,126,238,10066.16
0,126,239,10066.16
0,126,240,10066.16
0,126,241,10066.16
0,126,242,10066.16
0,126,243,10066.16
0,126,244,10066.16
0,126,245,10066.16
0,126,246,10066.16
0,126,247,10066.16
0,126,248,10066.16
0,126,249,10066.16
0,126,250,10066.16
0,126,251,10066.16
0,126,252,10066.16
0,126,253,10066.16
0,126,254,10066.16
0,126,255,10066.16
0,126,256,10066.16
0,126,257,10066.16
0,126,258,10066.16
0,126,259,10066.16
0,126,260,10066.16
0,126,261,10066.16
0,126,262,10066.16
0,126,263,10066.16
0,126,264,10066.16
0,126,265,10066.16
0,126,266,10066.16
0,126,267,10066.16
0,126,268,10066.16
0,126,269,10066.16
0,126,270,10066.16
0,126,271,10066.16
0,126,272,10066.16
0,126,273,10066.16
0,126,274,10066.16
0,126,275,10066.16
0,126,276,10066.16
0,126,277,10066.16
0,126,278,10066.16
0,126,279,10066.16
0,126,280,10066.16
0,126,281,10066.16
0,126,282,10066.16
0,126,283,10066.16
0,126,284,10066.16
0,126,285,10066.16
0,126,286,10066.16
0,126,287,10066.16
0,126,288,10066.16
0,126,289,10066.16
0,126,290,10066.16
0,126,291,10066.16
0,126,292,10066.16
43,126,293,10066.16
43,126,294,10066.16
43,126,295,10066.16
43,126,296,10066.16
43,126,297,10066.16
43,126,298,10066.16
43,126,299,10066.16
43,126,300,10066.16
43,126,301,10066.16
43,126,302,10066.16
43,126,303,10066.16
43,126,304,10066.16
43,126,305,10066.16
43,126,306,10066.16
43,126,307,10066.16
0,126,308,10066.16
0,126,309,10066.16
0,126,310,10066.16
0,126,311,10066.16
43,126,312,10066.16
43,126,313,10066.16
43,126,314,10066.16
43,126,315,10066.16
43,126,316,10066.16
43,126,317,10066.16
43,126,318,10066.16
42,126,319,10066.16
41,126,331,10066.16
41,126,332,10066.16
42,126,333,10066.16
42,126,334,10066.16
42,126,335,10066.16
0,126,336,10066.16
0,126,337,10066.16
0,126,338,10066.16
0,126,339,10066.16
0,126,340,10066.16
0,126,341,10066.16
0,126,342,10066.16
0,126,343,10066.16
0,126,344,10066.16
0,126,345,10066.16
0,126,346,10066.16
0,126,347,10066.16
0,126,348,10066.16
0,126,349,10066.16
0,126,350,10066.16
0,126,351,10066.16
46,126,352,10066.16
46,126,353,10066.16
46,126,354,10066.16
46,126,356,10066.16
0,126,357,10066.16
0,126,358,10066.16
0,126,359,10066.16
0,126,360,10066.16
0,127,1,9941.53
0,127,2,9941.53
0,127,3,9941.53
0,127,4,9941.53
0,127,5,9941.53
0,127,6,9941.53
0,127,7,9941.53
0,127,8,9941.53
0,127,9,9941.53
0,127,10,9941.53
0,127,11,9941.53
0,127,12,9941.53
0,127,13,9941.53
0,127,14,9941.53
0,127,15,9941.53
0,127,16,9941.53
0,127,17,9941.53
0,127,18,9941.53
0,127,19,9941.53
0,127,20,9941.53
0,127,21,9941.53
0,127,22,9941.53
0,127,23,9941.53
0,127,24,9941.53
0,127,25,9941.53
0,127,26,9941.53
0,127,27,9941.53
0,127,28,9941.53
0,127,29,9941.53
0,127,30,9941.53
0,127,31,9941.53
0,127,32,9941.53
0,127,33,9941.53
0,127,34,9941.53
0,127,35,9941.53
0,127,36,9941.53
0,127,37,9941.53
0,127,38,9941.53
0,127,39,9941.53
0,127,40,9941.53
0,127,41,9941.53
0,127,42,9941.53
0,127,43,9941.53
0,127,44,9941.53
0,127,45,9941.53
0,127,46,9941.53
0,127,47,9941.53
0,127,48,9941.53
0,127,49,9941.53
0,127,50,9941.53
0,127,51,9941.53
0,127,52,9941.53
0,127,53,9941.53
0,127,54,9941.53
0,127,55,9941.53
0,127,56,9941.53
0,127,57,9941.53
0,127,58,9941.53
0,127,59,9941.53
0,127,60,9941.53
0,127,61,9941.53
0,127,62,9941.53
0,127,63,9941.53
0,127,64,9941.53
0,127,65,9941.53
0,127,66,9941.53
0,127,67,9941.53
0,127,68,9941.53
0,127,69,9941.53
0,127,70,9941.53
0,127,71,9941.53
0,127,72,9941.53
0,127,73,9941.53
0,127,74,9941.53
0,127,75,9941.53
0,127,76,9941.53
0,127,77,9941.53
0,127,78,9941.53
0,127,79,9941.53
0,127,80,9941.53
0,127,81,9941.53
0,127,82,9941.53
0,127,83,9941.53
0,127,84,9941.53
0,127,85,9941.53
0,127,86,9941.53
0,127,87,9941.53
0,127,88,9941.53
0,127,89,9941.53
0,127,90,9941.53
0,127,91,9941.53
0,127,92,9941.53
0,127,93,9941.53
0,127,94,9941.53
0,127,95,9941.53
0,127,96,9941.53
0,127,97,9941.53
0,127,98,9941.53
0,127,99,9941.53
0,127,100,9941.53
0,127,101,9941.53
0,127,102,9941.53
0,127,103,9941.53
13,127,104,9941.53
13,127,105,9941.53
13,127,106,9941.53
13,127,107,9941.53
14,127,124,9941.53
14,127,125,9941.53
14,127,126,9941.53
14,127,127,9941.53
0,127,128,9941.53
0,127,129,9941.53
0,127,130,9941.53
0,127,131,9941.53
0,127,132,9941.53
0,127,133,9941.53
0,127,134,9941.53
0,127,135,9941.53
0,127,136,9941.53
0,127,137,9941.53
0,127,138,9941.53
0,127,139,9941.53
0,127,140,9941.53
0,127,141,9941.53
0,127,142,9941.53
0,127,143,9941.53
0,127,144,9941.53
0,127,145,9941.53
0,127,146,9941.53
0,127,147,9941.53
0,127,148,9941.53
0,127,149,9941.53
0,127,150,9941.53
0,127,151,9941.53
0,127,152,9941.53
0,127,153,9941.53
0,127,154,9941.53
0,127,155,9941.53
0,127,156,9941.53
0,127,157,9941.53
0,127,158,9941.53
0,127,159,9941.53
0,127,160,9941.53
0,127,161,9941.53
0,127,162,9941.53
0,127,163,9941.53
0,127,164,9941.53
0,127,165,9941.53
0,127,166,9941.53
0,127,167,9941.53
0,127,168,9941.53
0,127,169,9941.53
0,127,170,9941.53
0,127,171,9941.53
0,127,172,9941.53
0,127,173,9941.53
0,127,174,9941.53
0,127,175,9941.53
0,127,176,9941.53
0,127,177,9941.53
0,127,178,9941.53
0,127,179,9941.53
0,127,180,9941.53
0,127,181,9941.53
0,127,182,9941.53
0,127,183,9941.53
0,127,184,9941.53
0,127,185,9941.53
0,127,186,9941.53
0,127,187,9941.53
0,127,188,9941.53
0,127,189,9941.53
0,127,190,9941.53
0,127,191,9941.53
0,127,192,9941.53
0,127,193,9941.53
0,127,194,9941.53
0,127,195,9941.53
0,127,196,9941.53
0,127,197,9941.53
0,127,198,9941.53
0,127,199,9941.53
0,127,200,9941.53
0,127,201,9941.53
0,127,202,9941.53
0,127,203,9941.53
0,127,204,9941.53
0,127,205,9941.53
0,127,206,9941.53
0,127,207,9941.53
0,127,208,9941.53
0,127,209,9941.53
0,127,210,9941.53
0,127,211,9941.53
0,127,212,9941.53
0,127,213,9941.53
0,127,214,9941.53
0,127,215,9941.53
0,127,216,9941.53
0,127,217,9941.53
0,127,218,9941.53
0,127,219,9941.53
0,127,220,9941.53
0,127,221,9941.53
0,127,222,9941.53
0,127,223,9941.53
0,127,224,9941.53
0,127,225,9941.53
0,127,226,9941.53
0,127,227,9941.53
0,127,228,9941.53
0,127,229,9941.53
0,127,230,9941.53
0,127,231,9941.53
0,127,232,9941.53
0,127,233,9941.53
0,127,234,9941.53
0,127,235,9941.53
0,127,236,9941.53
0,127,237,9941.53
0,127,238,9941.53
0,127,239,9941.53
0,127,240,9941.53
0,127,241,9941.53
0,127,242,9941.53
0,127,243,9941.53
0,127,244,9941.53
0,127,245,9941.53
0,127,246,9941.53
0,127,247,9941.53
0,127,248,9941.53
0,127,249,9941.53
0,127,250,9941.53
0,127,251,9941.53
0,127,252,9941.53
0,127,253,9941.53
0,127,254,9941.53
0,127,255,9941.53
0,127,256,9941.53
0,127,257,9941.53
0,127,258,9941.53
0,127,259,9941.53
0,127,260,9941.53
0,127,261,9941.53
0,127,262,9941.53
0,127,263,9941.53
0,127,264,9941.53
0,127,265,9941.53
0,127,266,9941.53
0,127,267,9941.53
0,127,268,9941.53
0,127,269,9941.53
0,127,270,9941.53
0,127,271,9941.53
0,127,272,9941.53
0,127,273,9941.53
0,127,274,9941.53
0,127,275,9941.53
0,127,276,9941.53
0,127,277,9941.53
0,127,278,9941.53
0,127,279,9941.53
0,127,280,9941.53
0,127,281,9941.53
0,127,282,9941.53
0,127,283,9941.53
0,127,284,9941.53
0,127,285,9941.53
0,127,286,9941.53
0,127,287,9941.53
0,127,288,9941.53
0,127,289,9941.53
0,127,290,9941.53
0,127,291,9941.53
0,127,292,9941.53
0,127,293,9941.53
43,127,294,9941.53
43,127,295,9941.53
43,127,296,9941.53
43,127,297,9941.53
43,127,298,9941.53
43,127,299,9941.53
43,127,300,9941.53
43,127,301,9941.53
43,127,302,9941.53
43,127,303,9941.53
43,127,304,9941.53
43,127,305,9941.53
43,127,306,9941.53
0,127,307,9941.53
0,127,308,9941.53
0,127,309,9941.53
0,127,310,9941.53
0,127,311,9941.53
0,127,312,9941.53
42,127,313,9941.53
42,127,314,9941.53
42,127,315,9941.53
42,127,316,9941.53
42,127,317,9941.53
42,127,318,9941.53
42,127,319,9941.53
42,127,320,9941.53
42,127,331,9941.53
42,127,332,9941.53
42,127,333,9941.53
42,127,334,9941.53
0,127,335,9941.53
0,127,336,9941.53
0,127,337,9941.53
0,127,338,9941.53
0,127,339,9941.53
0,127,340,9941.53
0,127,341,9941.53
0,127,342,9941.53
0,127,343,9941.53
0,127,344,9941.53
0,127,345,9941.53
0,127,346,9941.53
0,127,347,9941.53
46,127,348,9941.53
46,127,349,9941.53
46,127,350,9941.53
46,127,351,9941.53
46,127,352,9941.53
46,127,353,9941.53
46,127,354,9941.53
46,127,355,9941.53
46,127,357,9941.53
46,127,358,9941.53
46,127,359,9941.53
0,127,360,9941.53
0,128,1,9813.84
0,128,2,9813.84
0,128,3,9813.84
0,128,4,9813.84
0,128,5,9813.84
0,128,6,9813.84
0,128,7,9813.84
0,128,8,9813.84
0,128,9,9813.84
0,128,10,9813.84
0,128,11,9813.84
0,128,12,9813.84
0,128,13,9813.84
0,128,14,9813.84
0,128,15,9813.84
0,128,16,9813.84
0,128,17,9813.84
0,128,18,9813.84
0,128,19,9813.84
0,128,20,9813.84
0,128,21,9813.84
0,128,22,9813.84
0,128,23,9813.84
0,128,24,9813.84
0,128,25,9813.84
0,128,26,9813.84
0,128,27,9813.84
0,128,28,9813.84
0,128,29,9813.84
0,128,30,9813.84
0,128,31,9813.84
0,128,32,9813.84
0,128,33,9813.84
0,128,34,9813.84
0,128,35,9813.84
0,128,36,9813.84
0,128,37,9813.84
0,128,38,9813.84
0,128,39,9813.84
0,128,40,9813.84
0,128,41,9813.84
0,128,42,9813.84
0,128,43,9813.84
0,128,44,9813.84
0,128,45,9813.84
0,128,46,9813.84
0,128,47,9813.84
0,128,48,9813.84
0,128,49,9813.84
0,128,50,9813.84
0,128,51,9813.84
0,128,52,9813.84
0,128,53,9813.84
0,128,54,9813.84
0,128,55,9813.84
0,128,56,9813.84
0,128,57,9813.84
0,128,58,9813.84
0,128,59,9813.84
0,128,60,9813.84
0,128,61,9813.84
0,128,62,9813.84
0,128,63,9813.84
0,128,64,9813.84
0,128,65,9813.84
0,128,66,9813.84
0,128,67,9813.84
0,128,68,9813.84
0,128,69,9813.84
0,128,70,9813.84
0,128,71,9813.84
0,128,72,9813.84
0,128,73,9813.84
0,128,74,9813.84
0,128,75,9813.84
0,128,76,9813.84
0,128,77,9813.84
0,128,78,9813.84
0,128,79,9813.84
0,128,80,9813.84
0,128,81,9813.84
0,128,82,9813.84
0,128,83,9813.84
0,128,84,9813.84
0,128,85,9813.84
0,128,86,9813.84
0,128,87,9813.84
0,128,88,9813.84
0,128,89,9813.84
0,128,90,9813.84
0,128,91,9813.84
0,128,92,9813.84
0,128,93,9813.84
0,128,94,9813.84
0,128,95,9813.84
0,128,96,9813.84
0,128,97,9813.84
0,128,98,9813.84
0,128,99,9813.84
0,128,100,9813.84
0,128,101,9813.84
0,128,102,9813.84
13,128,103,9813.84
13,128,104,9813.84
13,128,105,9813.84
13,128,106,9813.84
14,128,123,9813.84
14,128,124,9813.84
14,128,125,9813.84
14,128,126,9813.84
0,128,127,9813.84
0,128,128,9813.84
0,128,129,9813.84
0,128,130,9813.84
0,128,131,9813.84
0,128,132,9813.84
0,128,133,9813.84
0,128,134,9813.84
0,128,135,9813.84
0,128,136,9813.84
0,128,137,9813.84
0,128,138,9813.84
0,128,139,9813.84
0,128,140,9813.84
0,128,141,9813.84
0,128,142,9813.84
0,128,143,9813.84
0,128,144,9813.84
0,128,145,9813.84
0,128,146,9813.84
0,128,147,9813.84
0,128,148,9813.84
0,128,149,9813.84
0,128,150,9813.84
0,128,151,9813.84
0,128,152,9813.84
0,128,153,9813.84
0,128,154,9813.84
0,128,155,9813.84
0,128,156,9813.84
0,128,157,9813.84
0,128,158,9813.84
0,128,159,9813.84
0,128,160,9813.84
0,128,161,9813.84
0,128,162,9813.84
0,128,163,9813.84
0,128,164,9813.84
0,128,165,9813.84
0,128,166,9813.84
0,128,167,9813.84
0,128,168,9813.84
0,128,169,9813.84
0,128,170,9813.84
0,128,171,9813.84
0,128,172,9813.84
0,128,173,9813.84
0,128,174,9813.84
0,128,175,9813.84
0,128,176,9813.84
0,128,177,9813.84
0,128,178,9813.84
0,128,179,9813.84
0,128,180,9813.84
0,128,181,9813.84
0,128,182,9813.84
0,128,183,9813.84
0,128,184,9813.84
0,128,185,9813.84
0,128,186,9813.84
0,128,187,9813.84
0,128,188,9813.84
0,128,189,9813.84
0,128,190,9813.84
0,128,191,9813.84
0,128,192,9813.84
0,128,193,9813.84
0,128,194,9813.84
0,128,195,9813.84
0,128,196,9813.84
0,128,197,9813.84
0,128,198,9813.84
0,128,199,9813.84
0,128,200,9813.84
0,128,201,9813.84
0,128,202,9813.84
0,128,203,9813.84
0,128,204,9813.84
0,128,205,9813.84
0,128,206,9813.84
0,128,207,9813.84
0,128,208,9813.84
0,128,209,9813.84
0,128,210,9813.84
0,128,211,9813.84
0,128,212,9813.84
0,128,213,9813.84
0,128,214,9813.84
0,128,215,9813.84
0,128,216,9813.84
0,128,217,9813.84
0,128,218,9813.84
0,128,219,9813.84
0,128,220,9813.84
0,128,221,9813.84
0,128,222,9813.84
0,128,223,9813.84
0,128,224,9813.84
0,128,225,9813.84
0,128,226,9813.84
0,128,227,9813.84
0,128,228,9813.84
0,128,229,9813.84
0,128,230,9813.84
0,128,231,9813.84
0,128,232,9813.84
0,128,233,9813.84
0,128,234,9813.84
0,128,235,9813.84
0,128,236,9813.84
0,128,237,9813.84
0,128,238,9813.84
0,128,239,9813.84
0,128,240,9813.84
0,128,241,9813.84
0,128,242,9813.84
0,128,243,9813.84
0,128,244,9813.84
0,128,245,9813.84
0,128,246,9813.84
0,128,247,9813.84
0,128,248,9813.84
0,128,249,9813.84
0,128,250,9813.84
0,128,251,9813.84
0,128,252,9813.84
0,128,253,9813.84
0,128,254,9813.84
0,128,255,9813.84
0,128,256,9813.84
0,128,257,9813.84
0,128,258,9813.84
0,128,259,9813.84
0,128,260,9813.84
0,128,261,9813.84
0,128,262,9813.84
0,128,263,9813.84
0,128,264,9813.84
0,128,265,9813.84
0,128,266,9813.84
0,128,267,9813.84
0,128,268,9813.84
0,128,269,9813.84
0,128,270,9813.84
0,128,271,9813.84
0,128,272,9813.84
0,128,273,9813.84
0,128,274,9813.84
0,128,275,9813.84
0,128,276,9813.84
0,128,277,9813.84
0,128,278,9813.84
0,128,279,9813.84
0,128,280,9813.84
0,128,281,9813.84
0,128,282,9813.84
0,128,283,9813.84
0,128,284,9813.84
0,128,285,9813.84
0,128,286,9813.84
0,128,287,9813.84
0,128,288,9813.84
0,128,289,9813.84
0,128,290,9813.84
0,128,291,9813.84
0,128,292,9813.84
0,128,293,9813.84
0,128,294,9813.84
43,128,295,9813.84
43,128,296,9813.84
43,128,297,9813.84
43,128,298,9813.84
43,128,299,9813.84
43,128,300,9813.84
0,128,301,9813.84
0,128,302,9813.84
0,128,303,9813.84
0,128,304,9813.84
0,128,305,9813.84
0,128,306,9813.84
0,128,307,9813.84
0,128,308,9813.84
0,128,309,9813.84
0,128,310,9813.84
0,128,311,9813.84
0,128,312,9813.84
0,128,313,9813.84
42,128,314,9813.84
42,128,315,9813.84
42,128,316,9813.84
42,128,317,9813.84
42,128,318,9813.84
42,128,319,9813.84
42,128,320,9813.84
42,128,321,9813.84
42,128,329,9813.84
42,128,330,9813.84
42,128,331,9813.84
42,128,332,9813.84
42,128,333,9813.84
42,128,334,9813.84
0,128,335,9813.84
0,128,336,9813.84
0,128,337,9813.84
0,128,338,9813.84
0,128,339,9813.84
0,128,340,9813.84
0,128,341,9813.84
0,128,342,9813.84
0,128,343,9813.84
0,128,344,9813.84
0,128,345,9813.84
0,128,346,9813.84
46,128,347,9813.84
46,128,348,9813.84
46,128,349,9813.84
46,128,350,9813.84
46,128,351,9813.84
46,128,352,9813.84
46,128,353,9813.84
46,128,354,9813.84
46,128,355,9813.84
46,128,359,9813.84
46,128,360,9813.84
0,129,1,9683.121
0,129,2,9683.121
0,129,3,9683.121
0,129,4,9683.121
0,129,5,9683.121
0,129,6,9683.121
0,129,7,9683.121
0,129,8,9683.121
0,129,9,9683.121
0,129,10,9683.121
0,129,11,9683.121
0,129,12,9683.121
0,129,13,9683.121
0,129,14,9683.121
0,129,15,9683.121
0,129,16,9683.121
0,129,17,9683.121
0,129,18,9683.121
0,129,19,9683.121
0,129,20,9683.121
0,129,21,9683.121
0,129,22,9683.121
0,129,23,9683.121
0,129,24,9683.121
0,129,25,9683.121
0,129,26,9683.121
0,129,27,9683.121
0,129,28,9683.121
0,129,29,9683.121
0,129,30,9683.121
0,129,31,9683.121
0,129,32,9683.121
0,129,33,9683.121
0,129,34,9683.121
0,129,35,9683.121
0,129,36,9683.121
0,129,37,9683.121
0,129,38,9683.121
0,129,39,9683.121
0,129,40,9683.121
0,129,41,9683.121
0,129,42,9683.121
0,129,43,9683.121
0,129,44,9683.121
0,129,45,9683.121
0,129,46,9683.121
0,129,47,9683.121
0,129,48,9683.121
0,129,49,9683.121
0,129,50,9683.121
0,129,51,9683.121
0,129,52,9683.121
0,129,53,9683.121
0,129,54,9683.121
0,129,55,9683.121
0,129,56,9683.121
0,129,57,9683.121
0,129,58,9683.121
0,129,59,9683.121
0,129,60,9683.121
0,129,61,9683.121
0,129,62,9683.121
0,129,63,9683.121
0,129,64,9683.121
0,129,65,9683.121
0,129,66,9683.121
0,129,67,9683.121
0,129,68,9683.121
0,129,69,9683.121
0,129,70,9683.121
0,129,71,9683.121
0,129,72,9683.121
0,129,73,9683.121
0,129,74,9683.121
0,129,75,9683.121
0,129,76,9683.121
0,129,77,9683.121
0,129,78,9683.121
0,129,79,9683.121
0,129,80,9683.121
0,129,81,9683.121
0,129,82,9683.121
0,129,83,9683.121
0,129,84,9683.121
0,129,85,9683.121
0,129,86,9683.121
0,129,87,9683.121
0,129,88,9683.121
0,129,89,9683.121
0,129,90,9683.121
0,129,91,9683.121
0,129,92,9683.121
0,129,93,9683.121
0,129,94,9683.121
0,129,95,9683.121
0,129,96,9683.121
0,129,97,9683.121
0,129,98,9683.121
0,129,99,9683.121
0,129,100,9683.121
0,129,101,9683.121
0,129,102,9683.121
13,129,103,9683.121
13,129,104,9683.121
13,129,105,9683.121
13,129,106,9683.121
13,129,107,9683.121
14,129,120,9683.121
14,129,121,9683.121
14,129,122,9683.121
14,129,123,9683.121
14,129,124,9683.121
0,129,125,9683.121
0,129,126,9683.121
0,129,127,9683.121
0,129,128,9683.121
0,129,129,9683.121
0,129,130,9683.121
0,129,131,9683.121
0,129,132,9683.121
0,129,133,9683.121
0,129,134,9683.121
0,129,135,9683.121
0,129,136,9683.121
0,129,137,9683.121
0,129,138,9683.121
0,129,139,9683.121
0,129,140,9683.121
0,129,141,9683.121
0,129,142,9683.121
0,129,143,9683.121
0,129,144,9683.121
0,129,145,9683.121
0,129,146,9683.121
0,129,147,9683.121
0,129,148,9683.121
0,129,149,9683.121
0,129,150,9683.121
0,129,151,9683.121
0,129,152,9683.121
0,129,153,9683.121
0,129,154,9683.121
0,129,155,9683.121
0,129,156,9683.121
0,129,157,9683.121
0,129,158,9683.121
0,129,159,9683.121
0,129,160,9683.121
0,129,161,9683.121
0,129,162,9683.121
0,129,163,9683.121
0,129,164,9683.121
0,129,165,9683.121
0,129,166,9683.121
0,129,167,9683.121
0,129,168,9683.121
0,129,169,9683.121
0,129,170,9683.121
0,129,171,9683.121
0,129,172,9683.121
0,129,173,9683.121
0,129,174,9683.121
0,129,175,9683.121
0,129,176,9683.121
0,129,177,9683.121
0,129,178,9683.121
0,129,179,9683.121
0,129,180,9683.121
0,129,181,9683.121
0,129,182,9683.121
0,129,183,9683.121
0,129,184,9683.121
0,129,185,9683.121
0,129,186,9683.121
0,129,187,9683.121
0,129,188,9683.121
0,129,189,9683.121
0,129,190,9683.121
0,129,191,9683.121
0,129,192,9683.121
0,129,193,9683.121
0,129,194,9683.121
0,129,195,9683.121
0,129,196,9683.121
0,129,197,9683.121
0,129,198,9683.121
0,129,199,9683.121
0,129,200,9683.121
0,129,201,9683.121
0,129,202,9683.121
0,129,203,9683.121
0,129,204,9683.121
0,129,205,9683.121
0,129,206,9683.121
0,129,207,9683.121
0,129,208,9683.121
0,129,209,9683.121
0,129,210,9683.121
0,129,211,9683.121
0,129,212,9683.121
0,129,213,9683.121
0,129,214,9683.121
0,129,215,9683.121
0,129,216,9683.121
0,129,217,9683.121
0,129,218,9683.121
0,129,219,9683.121
0,129,220,9683.121
0,129,221,9683.121
0,129,222,9683.121
0,129,223,9683.121
0,129,224,9683.121
0,129,225,9683.121
0,129,226,9683.121
0,129,227,9683.121
0,129,228,9683.121
0,129,229,9683.121
0,129,230,9683.121
0,129,231,9683.121
0,129,232,9683.121
0,129,233,9683.121
0,129,234,9683.121
0,129,235,9683.121
0,129,236,9683.121
0,129,237,9683.121
0,129,238,9683.121
0,129,239,9683.121
0,129,240,9683.121
0,129,241,9683.121
0,129,242,9683.121
0,129,243,9683.121
0,129,244,9683.121
0,129,245,9683.121
0,129,246,9683.121
0,129,247,9683.121
0,129,248,9683.121
0,129,249,9683.121
0,129,250,9683.121
0,129,251,9683.121
0,129,252,9683.121
0,129,253,9683.121
0,129,254,9683.121
0,129,255,9683.121
0,129,256,9683.121
0,129,257,9683.121
0,129,258,9683.121
0,129,259,9683.121
0,129,260,9683.121
0,129,261,9683.121
0,129,262,9683.121
0,129,263,9683.121
0,129,264,9683.121
0,129,265,9683.121
0,129,266,9683.121
0,129,267,9683.121
0,129,268,9683.121
0,129,269,9683.121
0,129,270,9683.121
0,129,271,9683.121
0,129,272,9683.121
0,129,273,9683.121
0,129,274,9683.121
0,129,275,9683.121
0,129,276,9683.121
0,129,277,9683.121
0,129,278,9683.121
0,129,279,9683.121
0,129,280,9683.121
0,129,281,9683.121
0,129,282,9683.121
0,129,283,9683.121
0,129,284,9683.121
0,129,285,9683.121
0,129,286,9683.121
0,129,287,9683.121
0,129,288,9683.121
0,129,289,9683.121
0,129,290,9683.121
0,129,291,9683.121
0,129,292,9683.121
0,129,293,9683.121
0,129,294,9683.121
0,129,295,9683.121
0,129,296,9683.121
0,129,297,9683.121
0,129,298,9683.121
0,129,299,9683.121
0,129,300,9683.121
0,129,301,9683.121
0,129,302,9683.121
0,129,303,9683.121
0,129,304,9683.121
0,129,305,9683.121
0,129,306,9683.121
0,129,307,9683.121
0,129,308,9683.121
0,129,309,9683.121
0,129,310,9683.121
0,129,311,9683.121
0,129,312,9683.121
0,129,313,9683.121
0,129,314,9683.121
0,129,315,9683.121
42,129,316,9683.121
42,129,317,9683.121
42,129,318,9683.121
42,129,319,9683.121
42,129,320,9683.121
42,129,321,9683.121
42,129,322,9683.121
42,129,323,9683.121
42,129,324,9683.121
42,129,325,9683.121
42,129,326,9683.121
42,129,327,9683.121
42,129,328,9683.121
42,129,329,9683.121
42,129,330,9683.121
42,129,331,9683.121
42,129,332,9683.121
42,129,333,9683.121
42,129,334,9683.121
0,129,335,9683.121
0,129,336,9683.121
0,129,337,9683.121
0,129,338,9683.121
0,129,339,9683.121
0,129,340,9683.121
0,129,341,9683.121
0,129,342,9683.121
0,129,343,9683.121
0,129,344,9683.121
0,129,345,9683.121
0,129,346,9683.121
46,129,347,9683.121
46,129,348,9683.121
46,129,349,9683.121
46,129,350,9683.121
46,129,351,9683.121
46,129,352,9683.121
46,129,353,9683.121
46,129,354,9683.121
46,129,359,9683.121
0,129,360,9683.121
0,130,1,9549.411
0,130,2,9549.411
0,130,3,9549.411
0,130,4,9549.411
0,130,5,9549.411
0,130,6,9549.411
0,130,7,9549.411
0,130,8,9549.411
0,130,9,9549.411
0,130,10,9549.411
0,130,11,9549.411
0,130,12,9549.411
0,130,13,9549.411
0,130,14,9549.411
0,130,15,9549.411
0,130,16,9549.411
0,130,17,9549.411
0,130,18,9549.411
0,130,19,9549.411
0,130,20,9549.411
0,130,21,9549.411
0,130,22,9549.411
0,130,23,9549.411
0,130,24,9549.411
0,130,25,9549.411
0,130,26,9549.411
0,130,27,9549.411
0,130,28,9549.411
0,130,29,9549.411
0,130,30,9549.411
0,130,31,9549.411
0,130,32,9549.411
0,130,33,9549.411
0,130,34,9549.411
0,130,35,9549.411
0,130,36,9549.411
0,130,37,9549.411
0,130,38,9549.411
0,130,39,9549.411
0,130,40,9549.411
0,130,41,9549.411
0,130,42,9549.411
0,130,43,9549.411
0,130,44,9549.411
0,130,45,9549.411
0,130,46,9549.411
0,130,47,9549.411
0,130,48,9549.411
0,130,49,9549.411
0,130,50,9549.411
0,130,51,9549.411
0,130,52,9549.411
0,130,53,9549.411
0,130,54,9549.411
0,130,55,9549.411
0,130,56,9549.411
0,130,57,9549.411
0,130,58,9549.411
0,130,59,9549.411
0,130,60,9549.411
0,130,61,9549.411
0,130,62,9549.411
0,130,63,9549.411
0,130,64,9549.411
0,130,65,9549.411
0,130,66,9549.411
0,130,67,9549.411
0,130,68,9549.411
0,130,69,9549.411
0,130,70,9549.411
0,130,71,9549.411
0,130,72,9549.411
0,130,73,9549.411
0,130,74,9549.411
0,130,75,9549.411
0,130,76,9549.411
0,130,77,9549.411
0,130,78,9549.411
0,130,79,9549.411
0,130,80,9549.411
0,130,81,9549.411
0,130,82,9549.411
0,130,83,9549.411
0,130,84,9549.411
0,130,85,9549.411
0,130,86,9549.411
0,130,87,9549.411
0,130,88,9549.411
0,130,89,9549.411
0,130,90,9549.411
0,130,91,9549.411
0,130,92,9549.411
0,130,93,9549.411
0,130,94,9549.411
0,130,95,9549.411
0,130,96,9549.411
0,130,97,9549.411
0,130,98,9549.411
0,130,99,9549.411
0,130,100,9549.411
0,130,101,9549.411
0,130,102,9549.411
13,130,103,9549.411
13,130,104,9549.411
13,130,105,9549.411
13,130,106,9549.411
14,130,119,9549.411
14,130,120,9549.411
14,130,121,9549.411
14,130,122,9549.411
14,130,123,9549.411
0,130,124,9549.411
0,130,125,9549.411
0,130,126,9549.411
0,130,127,9549.411
0,130,128,9549.411
0,130,129,9549.411
0,130,130,9549.411
0,130,131,9549.411
0,130,132,9549.411
0,130,133,9549.411
0,130,134,9549.411
0,130,135,9549.411
0,130,136,9549.411
0,130,137,9549.411
0,130,138,9549.411
0,130,139,9549.411
0,130,140,9549.411
0,130,141,9549.411
0,130,142,9549.411
0,130,143,9549.411
0,130,144,9549.411
0,130,145,9549.411
0,130,146,9549.411
0,130,147,9549.411
0,130,148,9549.411
0,130,149,9549.411
0,130,150,9549.411
0,130,151,9549.411
0,130,152,9549.411
0,130,153,9549.411
0,130,154,9549.411
0,130,155,9549.411
0,130,156,9549.411
0,130,157,9549.411
0,130,158,9549.411
0,130,159,9549.411
0,130,160,9549.411
0,130,161,9549.411
0,130,162,9549.411
0,130,163,9549.411
0,130,164,9549.411
0,130,165,9549.411
0,130,166,9549.411
0,130,167,9549.411
0,130,168,9549.411
0,130,169,9549.411
0,130,170,9549.411
0,130,171,9549.411
0,130,172,9549.411
0,130,173,9549.411
0,130,174,9549.411
0,130,175,9549.411
0,130,176,9549.411
0,130,177,9549.411
0,130,178,9549.411
0,130,179,9549.411
0,130,180,9549.411
0,130,181,9549.411
0,130,182,9549.411
0,130,183,9549.411
0,130,184,9549.411
0,130,185,9549.411
0,130,186,9549.411
0,130,187,9549.411
0,130,188,9549.411
0,130,189,9549.411
0,130,190,9549.411
0,130,191,9549.411
0,130,192,9549.411
0,130,193,9549.411
0,130,194,9549.411
0,130,195,9549.411
0,130,196,9549.411
0,130,197,9549.411
0,130,198,9549.411
0,130,199,9549.411
0,130,200,9549.411
0,130,201,9549.411
0,130,202,9549.411
0,130,203,9549.411
0,130,204,9549.411
0,130,205,9549.411
0,130,206,9549.411
0,130,207,9549.411
0,130,208,9549.411
0,130,209,9549.411
0,130,210,9549.411
0,130,211,9549.411
0,130,212,9549.411
0,130,213,9549.411
0,130,214,9549.411
0,130,215,9549.411
0,130,216,9549.411
0,130,217,9549.411
0,130,218,9549.411
0,130,219,9549.411
0,130,220,9549.411
0,130,221,9549.411
0,130,222,9549.411
0,130,223,9549.411
0,130,224,9549.411
0,130,225,9549.411
0,130,226,9549.411
0,130,227,9549.411
0,130,228,9549.411
0,130,229,9549.411
0,130,230,9549.411
0,130,231,9549.411
0,130,232,9549.411
0,130,233,9549.411
0,130,234,9549.411
0,130,235,9549.411
0,130,236,9549.411
0,130,237,9549.411
0,130,238,9549.411
0,130,239,9549.411
0,130,240,9549.411
0,130,241,9549.411
0,130,242,9549.411
0,130,243,9549.411
0,130,244,9549.411
0,130,245,9549.411
0,130,246,9549.411
0,130,247,9549.411
0,130,248,9549.411
0,130,249,9549.411
0,130,250,9549.411
0,130,251,9549.411
0,130,252,9549.411
0,130,253,9549.411
0,130,254,9549.411
0,130,255,9549.411
0,130,256,9549.411
0,130,257,9549.411
0,130,258,9549.411
0,130,259,9549.411
0,130,260,9549.411
0,130,261,9549.411
0,130,262,9549.411
0,130,263,9549.411
0,130,264,9549.411
0,130,265,9549.411
0,130,266,9549.411
0,130,267,9549.411
0,130,268,9549.411
0,130,269,9549.411
0,130,270,9549.411
0,130,271,9549.411
0,130,272,9549.411
0,130,273,9549.411
0,130,274,9549.411
0,130,275,9549.411
0,130,276,9549.411
0,130,277,9549.411
0,130,278,9549.411
0,130,279,9549.411
0,130,280,9549.411
0,130,281,9549.411
0,130,282,9549.411
0,130,283,9549.411
0,130,284,9549.411
0,130,285,9549.411
0,130,286,9549.411
0,130,287,9549.411
0,130,288,9549.411
0,130,289,9549.411
0,130,290,9549.411
0,130,291,9549.411
0,130,292,9549.411
0,130,293,9549.411
0,130,294,9549.411
0,130,295,9549.411
0,130,296,9549.411
0,130,297,9549.411
0,130,298,9549.411
0,130,299,9549.411
0,130,300,9549.411
0,130,301,9549.411
0,130,302,9549.411
0,130,303,9549.411
0,130,304,9549.411
0,130,305,9549.411
0,130,306,9549.411
0,130,307,9549.411
0,130,308,9549.411
0,130,309,9549.411
0,130,310,9549.411
0,130,311,9549.411
0,130,312,9549.411
0,130,313,9549.411
0,130,314,9549.411
0,130,315,9549.411
0,130,316,9549.411
0,130,317,9549.411
42,130,318,9549.411
42,130,319,9549.411
42,130,320,9549.411
42,130,321,9549.411
42,130,322,9549.411
42,130,323,9549.411
42,130,324,9549.411
42,130,325,9549.411
42,130,326,9549.411
42,130,327,9549.411
42,130,328,9549.411
42,130,329,9549.411
42,130,330,9549.411
42,130,331,9549.411
42,130,332,9549.411
42,130,333,9549.411
0,130,334,9549.411
0,130,335,9549.411
0,130,336,9549.411
0,130,337,9549.411
0,130,338,9549.411
0,130,339,9549.411
0,130,340,9549.411
0,130,341,9549.411
0,130,342,9549.411
0,130,343,9549.411
0,130,344,9549.411
0,130,345,9549.411
0,130,346,9549.411
0,130,347,9549.411
46,130,348,9549.411
46,130,349,9549.411
46,130,350,9549.411
46,130,351,9549.411
46,130,352,9549.411
46,130,353,9549.411
46,130,354,9549.411
46,130,355,9549.411
46,130,358,9549.411
0,130,359,9549.411
0,130,360,9549.411
0,131,1,9412.744
0,131,2,9412.744
0,131,3,9412.744
0,131,4,9412.744
0,131,5,9412.744
0,131,6,9412.744
0,131,7,9412.744
0,131,8,9412.744
0,131,9,9412.744
0,131,10,9412.744
0,131,11,9412.744
0,131,12,9412.744
0,131,13,9412.744
0,131,14,9412.744
0,131,15,9412.744
0,131,16,9412.744
0,131,17,9412.744
0,131,18,9412.744
0,131,19,9412.744
0,131,20,9412.744
0,131,21,9412.744
0,131,22,9412.744
0,131,23,9412.744
0,131,24,9412.744
0,131,25,9412.744
0,131,26,9412.744
0,131,27,9412.744
0,131,28,9412.744
0,131,29,9412.744
0,131,30,9412.744
0,131,31,9412.744
0,131,32,9412.744
0,131,33,9412.744
0,131,34,9412.744
0,131,35,9412.744
0,131,36,9412.744
0,131,37,9412.744
0,131,38,9412.744
0,131,39,9412.744
0,131,40,9412.744
0,131,41,9412.744
0,131,42,9412.744
0,131,43,9412.744
0,131,44,9412.744
0,131,45,9412.744
0,131,46,9412.744
0,131,47,9412.744
0,131,48,9412.744
0,131,49,9412.744
0,131,50,9412.744
0,131,51,9412.744
0,131,52,9412.744
0,131,53,9412.744
0,131,54,9412.744
0,131,55,9412.744
0,131,56,9412.744
0,131,57,9412.744
0,131,58,9412.744
0,131,59,9412.744
0,131,60,9412.744
0,131,61,9412.744
0,131,62,9412.744
0,131,63,9412.744
0,131,64,9412.744
0,131,65,9412.744
0,131,66,9412.744
0,131,67,9412.744
0,131,68,9412.744
0,131,69,9412.744
0,131,70,9412.744
0,131,71,9412.744
0,131,72,9412.744
0,131,73,9412.744
0,131,74,9412.744
0,131,75,9412.744
0,131,76,9412.744
0,131,77,9412.744
0,131,78,9412.744
0,131,79,9412.744
0,131,80,9412.744
0,131,81,9412.744
0,131,82,9412.744
0,131,83,9412.744
0,131,84,9412.744
0,131,85,9412.744
0,131,86,9412.744
0,131,87,9412.744
0,131,88,9412.744
0,131,89,9412.744
0,131,90,9412.744
0,131,91,9412.744
0,131,92,9412.744
0,131,93,9412.744
0,131,94,9412.744
0,131,95,9412.744
0,131,96,9412.744
0,131,97,9412.744
0,131,98,9412.744
0,131,99,9412.744
0,131,100,9412.744
0,131,101,9412.744
0,131,102,9412.744
13,131,103,9412.744
13,131,104,9412.744
13,131,105,9412.744
13,131,106,9412.744
14,131,116,9412.744
14,131,118,9412.744
14,131,119,9412.744
14,131,120,9412.744
14,131,121,9412.744
14,131,122,9412.744
0,131,123,9412.744
0,131,124,9412.744
0,131,125,9412.744
0,131,126,9412.744
0,131,127,9412.744
0,131,128,9412.744
0,131,129,9412.744
0,131,130,9412.744
0,131,131,9412.744
0,131,132,9412.744
0,131,133,9412.744
0,131,134,9412.744
0,131,135,9412.744
0,131,136,9412.744
0,131,137,9412.744
0,131,138,9412.744
0,131,139,9412.744
0,131,140,9412.744
0,131,141,9412.744
0,131,142,9412.744
0,131,143,9412.744
0,131,144,9412.744
0,131,145,9412.744
0,131,146,9412.744
0,131,147,9412.744
0,131,148,9412.744
0,131,149,9412.744
0,131,150,9412.744
0,131,151,9412.744
0,131,152,9412.744
0,131,153,9412.744
0,131,154,9412.744
0,131,155,9412.744
0,131,156,9412.744
0,131,157,9412.744
0,131,158,9412.744
0,131,159,9412.744
0,131,160,9412.744
0,131,161,9412.744
0,131,162,9412.744
0,131,163,9412.744
0,131,164,9412.744
0,131,165,9412.744
0,131,166,9412.744
0,131,167,9412.744
0,131,168,9412.744
0,131,169,9412.744
0,131,170,9412.744
0,131,171,9412.744
0,131,172,9412.744
0,131,173,9412.744
0,131,174,9412.744
0,131,175,9412.744
0,131,176,9412.744
0,131,177,9412.744
0,131,178,9412.744
0,131,179,9412.744
0,131,180,9412.744
0,131,181,9412.744
0,131,182,9412.744
0,131,183,9412.744
0,131,184,9412.744
0,131,185,9412.744
0,131,186,9412.744
0,131,187,9412.744
0,131,188,9412.744
0,131,189,9412.744
0,131,190,9412.744
0,131,191,9412.744
0,131,192,9412.744
0,131,193,9412.744
0,131,194,9412.744
0,131,195,9412.744
0,131,196,9412.744
0,131,197,9412.744
0,131,198,9412.744
0,131,199,9412.744
0,131,200,9412.744
0,131,201,9412.744
0,131,202,9412.744
0,131,203,9412.744
0,131,204,9412.744
0,131,205,9412.744
0,131,206,9412.744
0,131,207,9412.744
0,131,208,9412.744
0,131,209,9412.744
0,131,210,9412.744
0,131,211,9412.744
0,131,212,9412.744
0,131,213,9412.744
0,131,214,9412.744
0,131,215,9412.744
0,131,216,9412.744
0,131,217,9412.744
0,131,218,9412.744
0,131,219,9412.744
0,131,220,9412.744
0,131,221,9412.744
0,131,222,9412.744
0,131,223,9412.744
0,131,224,9412.744
0,131,225,9412.744
0,131,226,9412.744
0,131,227,9412.744
0,131,228,9412.744
0,131,229,9412.744
0,131,230,9412.744
0,131,231,9412.744
0,131,232,9412.744
0,131,233,9412.744
0,131,234,9412.744
0,131,235,9412.744
0,131,236,9412.744
0,131,237,9412.744
0,131,238,9412.744
0,131,239,9412.744
0,131,240,9412.744
0,131,241,9412.744
0,131,242,9412.744
0,131,243,9412.744
0,131,244,9412.744
0,131,245,9412.744
0,131,246,9412.744
0,131,247,9412.744
0,131,248,9412.744
0,131,249,9412.744
0,131,250,9412.744
0,131,251,9412.744
0,131,252,9412.744
0,131,253,9412.744
0,131,254,9412.744
0,131,255,9412.744
0,131,256,9412.744
0,131,257,9412.744
0,131,258,9412.744
0,131,259,9412.744
0,131,260,9412.744
0,131,261,9412.744
0,131,262,9412.744
0,131,263,9412.744
0,131,264,9412.744
0,131,265,9412.744
0,131,266,9412.744
0,131,267,9412.744
0,131,268,9412.744
0,131,269,9412.744
0,131,270,9412.744
0,131,271,9412.744
0,131,272,9412.744
0,131,273,9412.744
0,131,274,9412.744
0,131,275,9412.744
0,131,276,9412.744
0,131,277,9412.744
0,131,278,9412.744
0,131,279,9412.744
0,131,280,9412.744
0,131,281,9412.744
0,131,282,9412.744
0,131,283,9412.744
0,131,284,9412.744
0,131,285,9412.744
0,131,286,9412.744
0,131,287,9412.744
0,131,288,9412.744
0,131,289,9412.744
0,131,290,9412.744
0,131,291,9412.744
0,131,292,9412.744
0,131,293,9412.744
0,131,294,9412.744
0,131,295,9412.744
0,131,296,9412.744
0,131,297,9412.744
0,131,298,9412.744
0,131,299,9412.744
0,131,300,9412.744
0,131,301,9412.744
0,131,302,9412.744
0,131,303,9412.744
0,131,304,9412.744
0,131,305,9412.744
0,131,306,9412.744
0,131,307,9412.744
0,131,308,9412.744
0,131,309,9412.744
0,131,310,9412.744
0,131,311,9412.744
0,131,312,9412.744
0,131,313,9412.744
0,131,314,9412.744
0,131,315,9412.744
0,131,316,9412.744
0,131,317,9412.744
0,131,318,9412.744
0,131,319,9412.744
42,131,320,9412.744
42,131,321,9412.744
42,131,322,9412.744
42,131,323,9412.744
42,131,324,9412.744
42,131,325,9412.744
42,131,327,9412.744
42,131,329,9412.744
42,131,330,9412.744
42,131,331,9412.744
42,131,332,9412.744
42,131,333,9412.744
0,131,334,9412.744
0,131,335,9412.744
0,131,336,9412.744
0,131,337,9412.744
0,131,338,9412.744
0,131,339,9412.744
0,131,340,9412.744
0,131,341,9412.744
0,131,342,9412.744
0,131,343,9412.744
0,131,344,9412.744
0,131,345,9412.744
0,131,346,9412.744
0,131,347,9412.744
46,131,348,9412.744
46,131,349,9412.744
46,131,350,9412.744
46,131,351,9412.744
46,131,352,9412.744
46,131,354,9412.744
46,131,355,9412.744
46,131,357,9412.744
0,131,358,9412.744
0,131,359,9412.744
0,131,360,9412.744
0,132,1,9273.157
0,132,2,9273.157
0,132,3,9273.157
0,132,4,9273.157
0,132,5,9273.157
0,132,6,9273.157
0,132,7,9273.157
0,132,8,9273.157
0,132,9,9273.157
0,132,10,9273.157
0,132,11,9273.157
0,132,12,9273.157
0,132,13,9273.157
0,132,14,9273.157
0,132,15,9273.157
0,132,16,9273.157
0,132,17,9273.157
0,132,18,9273.157
0,132,19,9273.157
0,132,20,9273.157
0,132,21,9273.157
0,132,22,9273.157
0,132,23,9273.157
0,132,24,9273.157
0,132,25,9273.157
0,132,26,9273.157
0,132,27,9273.157
0,132,28,9273.157
0,132,29,9273.157
0,132,30,9273.157
0,132,31,9273.157
0,132,32,9273.157
0,132,33,9273.157
0,132,34,9273.157
0,132,35,9273.157
0,132,36,9273.157
0,132,37,9273.157
0,132,38,9273.157
0,132,39,9273.157
0,132,40,9273.157
0,132,41,9273.157
0,132,42,9273.157
0,132,43,9273.157
0,132,44,9273.157
0,132,45,9273.157
0,132,46,9273.157
0,132,47,9273.157
0,132,48,9273.157
0,132,49,9273.157
0,132,50,9273.157
0,132,51,9273.157
0,132,52,9273.157
0,132,53,9273.157
0,132,54,9273.157
0,132,55,9273.157
0,132,56,9273.157
0,132,57,9273.157
0,132,58,9273.157
0,132,59,9273.157
0,132,60,9273.157
0,132,61,9273.157
0,132,62,9273.157
0,132,63,9273.157
0,132,64,9273.157
0,132,65,9273.157
0,132,66,9273.157
0,132,67,9273.157
0,132,68,9273.157
0,132,69,9273.157
0,132,70,9273.157
0,132,71,9273.157
0,132,72,9273.157
0,132,73,9273.157
0,132,74,9273.157
0,132,75,9273.157
0,132,76,9273.157
0,132,77,9273.157
0,132,78,9273.157
0,132,79,9273.157
0,132,80,9273.157
0,132,81,9273.157
0,132,82,9273.157
0,132,83,9273.157
0,132,84,9273.157
0,132,85,9273.157
0,132,86,9273.157
0,132,87,9273.157
0,132,88,9273.157
0,132,89,9273.157
0,132,90,9273.157
0,132,91,9273.157
0,132,92,9273.157
0,132,93,9273.157
0,132,94,9273.157
0,132,95,9273.157
0,132,96,9273.157
0,132,97,9273.157
0,132,98,9273.157
0,132,99,9273.157
0,132,100,9273.157
0,132,101,9273.157
0,132,102,9273.157
13,132,103,9273.157
13,132,104,9273.157
13,132,105,9273.157
13,132,106,9273.157
14,132,116,9273.157
14,132,117,9273.157
14,132,118,9273.157
14,132,119,9273.157
14,132,120,9273.157
14,132,121,9273.157
14,132,122,9273.157
0,132,123,9273.157
0,132,124,9273.157
0,132,125,9273.157
0,132,126,9273.157
0,132,127,9273.157
0,132,128,9273.157
0,132,129,9273.157
0,132,130,9273.157
0,132,131,9273.157
0,132,132,9273.157
0,132,133,9273.157
0,132,134,9273.157
0,132,135,9273.157
0,132,136,9273.157
0,132,137,9273.157
0,132,138,9273.157
0,132,139,9273.157
0,132,140,9273.157
0,132,141,9273.157
0,132,142,9273.157
0,132,143,9273.157
0,132,144,9273.157
0,132,145,9273.157
0,132,146,9273.157
0,132,147,9273.157
0,132,148,9273.157
0,132,149,9273.157
0,132,150,9273.157
0,132,151,9273.157
0,132,152,9273.157
0,132,153,9273.157
0,132,154,9273.157
0,132,155,9273.157
0,132,156,9273.157
0,132,157,9273.157
0,132,158,9273.157
0,132,159,9273.157
0,132,160,9273.157
0,132,161,9273.157
0,132,162,9273.157
0,132,163,9273.157
0,132,164,9273.157
0,132,165,9273.157
0,132,166,9273.157
0,132,167,9273.157
0,132,168,9273.157
0,132,169,9273.157
0,132,170,9273.157
0,132,171,9273.157
0,132,172,9273.157
0,132,173,9273.157
0,132,174,9273.157
0,132,175,9273.157
0,132,176,9273.157
0,132,177,9273.157
0,132,178,9273.157
0,132,179,9273.157
0,132,180,9273.157
0,132,181,9273.157
0,132,182,9273.157
0,132,183,9273.157
0,132,184,9273.157
0,132,185,9273.157
0,132,186,9273.157
0,132,187,9273.157
0,132,188,9273.157
0,132,189,9273.157
0,132,190,9273.157
0,132,191,9273.157
0,132,192,9273.157
0,132,193,9273.157
0,132,194,9273.157
0,132,195,9273.157
0,132,196,9273.157
0,132,197,9273.157
0,132,198,9273.157
0,132,199,9273.157
0,132,200,9273.157
0,132,201,9273.157
0,132,202,9273.157
0,132,203,9273.157
0,132,204,9273.157
0,132,205,9273.157
0,132,206,9273.157
0,132,207,9273.157
0,132,208,9273.157
0,132,209,9273.157
0,132,210,9273.157
0,132,211,9273.157
0,132,212,9273.157
0,132,213,9273.157
0,132,214,9273.157
0,132,215,9273.157
0,132,216,9273.157
0,132,217,9273.157
0,132,218,9273.157
0,132,219,9273.157
0,132,220,9273.157
0,132,221,9273.157
0,132,222,9273.157
0,132,223,9273.157
0,132,224,9273.157
0,132,225,9273.157
0,132,226,9273.157
0,132,227,9273.157
0,132,228,9273.157
0,132,229,9273.157
0,132,230,9273.157
0,132,231,9273.157
0,132,232,9273.157
0,132,233,9273.157
0,132,234,9273.157
0,132,235,9273.157
0,132,236,9273.157
0,132,237,9273.157
0,132,238,9273.157
0,132,239,9273.157
0,132,240,9273.157
0,132,241,9273.157
0,132,242,9273.157
0,132,243,9273.157
0,132,244,9273.157
0,132,245,9273.157
0,132,246,9273.157
0,132,247,9273.157
0,132,248,9273.157
0,132,249,9273.157
0,132,250,9273.157
0,132,251,9273.157
0,132,252,9273.157
0,132,253,9273.157
0,132,254,9273.157
0,132,255,9273.157
0,132,256,9273.157
0,132,257,9273.157
0,132,258,9273.157
0,132,259,9273.157
0,132,260,9273.157
0,132,261,9273.157
0,132,262,9273.157
0,132,263,9273.157
0,132,264,9273.157
0,132,265,9273.157
0,132,266,9273.157
0,132,267,9273.157
0,132,268,9273.157
0,132,269,9273.157
0,132,270,9273.157
0,132,271,9273.157
0,132,272,9273.157
0,132,273,9273.157
0,132,274,9273.157
0,132,275,9273.157
0,132,276,9273.157
0,132,277,9273.157
0,132,278,9273.157
0,132,279,9273.157
0,132,280,9273.157
0,132,281,9273.157
0,132,282,9273.157
0,132,283,9273.157
0,132,284,9273.157
0,132,285,9273.157
0,132,286,9273.157
0,132,287,9273.157
0,132,288,9273.157
0,132,289,9273.157
0,132,290,9273.157
0,132,291,9273.157
0,132,292,9273.157
0,132,293,9273.157
0,132,294,9273.157
0,132,295,9273.157
0,132,296,9273.157
0,132,297,9273.157
0,132,298,9273.157
0,132,299,9273.157
0,132,300,9273.157
0,132,301,9273.157
0,132,302,9273.157
0,132,303,9273.157
0,132,304,9273.157
0,132,305,9273.157
0,132,306,9273.157
0,132,307,9273.157
0,132,308,9273.157
0,132,309,9273.157
0,132,310,9273.157
0,132,311,9273.157
0,132,312,9273.157
0,132,313,9273.157
0,132,314,9273.157
0,132,315,9273.157
0,132,316,9273.157
0,132,317,9273.157
0,132,318,9273.157
0,132,319,9273.157
0,132,320,9273.157
42,132,321,9273.157
42,132,322,9273.157
42,132,323,9273.157
42,132,324,9273.157
42,132,325,9273.157
42,132,329,9273.157
42,132,330,9273.157
42,132,331,9273.157
42,132,332,9273.157
42,132,333,9273.157
0,132,334,9273.157
0,132,335,9273.157
0,132,336,9273.157
0,132,337,9273.157
0,132,338,9273.157
0,132,339,9273.157
0,132,340,9273.157
0,132,341,9273.157
0,132,342,9273.157
0,132,343,9273.157
0,132,344,9273.157
0,132,345,9273.157
0,132,346,9273.157
0,132,347,9273.157
46,132,348,9273.157
46,132,349,9273.157
46,132,350,9273.157
46,132,351,9273.157
46,132,352,9273.157
46,132,355,9273.157
46,132,356,9273.157
0,132,357,9273.157
0,132,358,9273.157
0,132,359,9273.157
0,132,360,9273.157
0,133,1,9130.689
0,133,2,9130.689
0,133,3,9130.689
0,133,4,9130.689
0,133,5,9130.689
0,133,6,9130.689
0,133,7,9130.689
0,133,8,9130.689
0,133,9,9130.689
0,133,10,9130.689
0,133,11,9130.689
0,133,12,9130.689
0,133,13,9130.689
0,133,14,9130.689
0,133,15,9130.689
0,133,16,9130.689
0,133,17,9130.689
0,133,18,9130.689
0,133,19,9130.689
0,133,20,9130.689
0,133,21,9130.689
0,133,22,9130.689
0,133,23,9130.689
0,133,24,9130.689
0,133,25,9130.689
0,133,26,9130.689
0,133,27,9130.689
0,133,28,9130.689
0,133,29,9130.689
0,133,30,9130.689
0,133,31,9130.689
0,133,32,9130.689
0,133,33,9130.689
0,133,34,9130.689
0,133,35,9130.689
0,133,36,9130.689
0,133,37,9130.689
0,133,38,9130.689
0,133,39,9130.689
0,133,40,9130.689
0,133,41,9130.689
0,133,42,9130.689
0,133,43,9130.689
0,133,44,9130.689
0,133,45,9130.689
0,133,46,9130.689
0,133,47,9130.689
0,133,48,9130.689
0,133,49,9130.689
0,133,50,9130.689
0,133,51,9130.689
0,133,52,9130.689
0,133,53,9130.689
0,133,54,9130.689
0,133,55,9130.689
0,133,56,9130.689
0,133,57,9130.689
0,133,58,9130.689
0,133,59,9130.689
0,133,60,9130.689
0,133,61,9130.689
0,133,62,9130.689
0,133,63,9130.689
0,133,64,9130.689
0,133,65,9130.689
0,133,66,9130.689
0,133,67,9130.689
0,133,68,9130.689
0,133,69,9130.689
0,133,70,9130.689
0,133,71,9130.689
0,133,72,9130.689
0,133,73,9130.689
0,133,74,9130.689
0,133,75,9130.689
0,133,76,9130.689
0,133,77,9130.689
0,133,78,9130.689
0,133,79,9130.689
0,133,80,9130.689
0,133,81,9130.689
0,133,82,9130.689
0,133,83,9130.689
0,133,84,9130.689
0,133,85,9130.689
0,133,86,9130.689
0,133,87,9130.689
0,133,88,9130.689
0,133,89,9130.689
0,133,90,9130.689
0,133,91,9130.689
0,133,92,9130.689
0,133,93,9130.689
0,133,94,9130.689
0,133,95,9130.689
0,133,96,9130.689
0,133,97,9130.689
0,133,98,9130.689
0,133,99,9130.689
0,133,100,9130.689
0,133,101,9130.689
0,133,102,9130.689
13,133,103,9130.689
13,133,104,9130.689
13,133,105,9130.689
13,133,106,9130.689
13,133,107,9130.689
14,133,116,9130.689
14,133,117,9130.689
14,133,118,9130.689
14,133,119,9130.689
14,133,120,9130.689
14,133,121,9130.689
0,133,122,9130.689
0,133,123,9130.689
0,133,124,9130.689
0,133,125,9130.689
0,133,126,9130.689
0,133,127,9130.689
0,133,128,9130.689
0,133,129,9130.689
0,133,130,9130.689
0,133,131,9130.689
0,133,132,9130.689
0,133,133,9130.689
0,133,134,9130.689
0,133,135,9130.689
0,133,136,9130.689
0,133,137,9130.689
0,133,138,9130.689
0,133,139,9130.689
0,133,140,9130.689
0,133,141,9130.689
0,133,142,9130.689
0,133,143,9130.689
0,133,144,9130.689
0,133,145,9130.689
0,133,146,9130.689
0,133,147,9130.689
0,133,148,9130.689
0,133,149,9130.689
0,133,150,9130.689
0,133,151,9130.689
0,133,152,9130.689
0,133,153,9130.689
0,133,154,9130.689
0,133,155,9130.689
0,133,156,9130.689
0,133,157,9130.689
0,133,158,9130.689
0,133,159,9130.689
0,133,160,9130.689
0,133,161,9130.689
0,133,162,9130.689
0,133,163,9130.689
0,133,164,9130.689
0,133,165,9130.689
0,133,166,9130.689
0,133,167,9130.689
0,133,168,9130.689
0,133,169,9130.689
0,133,170,9130.689
0,133,171,9130.689
0,133,172,9130.689
0,133,173,9130.689
0,133,174,9130.689
0,133,175,9130.689
0,133,176,9130.689
0,133,177,9130.689
0,133,178,9130.689
0,133,179,9130.689
0,133,180,9130.689
0,133,181,9130.689
0,133,182,9130.689
0,133,183,9130.689
0,133,184,9130.689
0,133,185,9130.689
0,133,186,9130.689
0,133,187,9130.689
0,133,188,9130.689
0,133,189,9130.689
0,133,190,9130.689
0,133,191,9130.689
0,133,192,9130.689
0,133,193,9130.689
0,133,194,9130.689
0,133,195,9130.689
0,133,196,9130.689
0,133,197,9130.689
0,133,198,9130.689
0,133,199,9130.689
0,133,200,9130.689
0,133,201,9130.689
0,133,202,9130.689
0,133,203,9130.689
0,133,204,9130.689
0,133,205,9130.689
0,133,206,9130.689
0,133,207,9130.689
0,133,208,9130.689
0,133,209,9130.689
0,133,210,9130.689
0,133,211,9130.689
0,133,212,9130.689
0,133,213,9130.689
0,133,214,9130.689
0,133,215,9130.689
0,133,216,9130.689
0,133,217,9130.689
0,133,218,9130.689
0,133,219,9130.689
0,133,220,9130.689
0,133,221,9130.689
0,133,222,9130.689
0,133,223,9130.689
0,133,224,9130.689
0,133,225,9130.689
0,133,226,9130.689
0,133,227,9130.689
0,133,228,9130.689
0,133,229,9130.689
0,133,230,9130.689
0,133,231,9130.689
0,133,232,9130.689
0,133,233,9130.689
0,133,234,9130.689
0,133,235,9130.689
0,133,236,9130.689
0,133,237,9130.689
0,133,238,9130.689
0,133,239,9130.689
0,133,240,9130.689
0,133,241,9130.689
0,133,242,9130.689
0,133,243,9130.689
0,133,244,9130.689
0,133,245,9130.689
0,133,246,9130.689
0,133,247,9130.689
0,133,248,9130.689
0,133,249,9130.689
0,133,250,9130.689
0,133,251,9130.689
0,133,252,9130.689
0,133,253,9130.689
0,133,254,9130.689
0,133,255,9130.689
0,133,256,9130.689
0,133,257,9130.689
0,133,258,9130.689
0,133,259,9130.689
0,133,260,9130.689
0,133,261,9130.689
0,133,262,9130.689
0,133,263,9130.689
0,133,264,9130.689
0,133,265,9130.689
0,133,266,9130.689
0,133,267,9130.689
0,133,268,9130.689
0,133,269,9130.689
0,133,270,9130.689
0,133,271,9130.689
0,133,272,9130.689
0,133,273,9130.689
0,133,274,9130.689
0,133,275,9130.689
0,133,276,9130.689
0,133,277,9130.689
0,133,278,9130.689
0,133,279,9130.689
0,133,280,9130.689
0,133,281,9130.689
0,133,282,9130.689
0,133,283,9130.689
0,133,284,9130.689
0,133,285,9130.689
0,133,286,9130.689
0,133,287,9130.689
0,133,288,9130.689
0,133,289,9130.689
0,133,290,9130.689
0,133,291,9130.689
0,133,292,9130.689
0,133,293,9130.689
0,133,294,9130.689
0,133,295,9130.689
0,133,296,9130.689
0,133,297,9130.689
0,133,298,9130.689
0,133,299,9130.689
0,133,300,9130.689
0,133,301,9130.689
0,133,302,9130.689
0,133,303,9130.689
0,133,304,9130.689
0,133,305,9130.689
0,133,306,9130.689
0,133,307,9130.689
0,133,308,9130.689
0,133,309,9130.689
0,133,310,9130.689
0,133,311,9130.689
0,133,312,9130.689
0,133,313,9130.689
0,133,314,9130.689
0,133,315,9130.689
0,133,316,9130.689
0,133,317,9130.689
0,133,318,9130.689
0,133,319,9130.689
0,133,320,9130.689
0,133,321,9130.689
42,133,322,9130.689
42,133,323,9130.689
42,133,324,9130.689
42,133,325,9130.689
42,133,326,9130.689
42,133,329,9130.689
42,133,330,9130.689
42,133,331,9130.689
42,133,332,9130.689
42,133,333,9130.689
0,133,334,9130.689
0,133,335,9130.689
0,133,336,9130.689
0,133,337,9130.689
0,133,338,9130.689
0,133,339,9130.689
0,133,340,9130.689
0,133,341,9130.689
0,133,342,9130.689
0,133,343,9130.689
0,133,344,9130.689
0,133,345,9130.689
0,133,346,9130.689
0,133,347,9130.689
46,133,348,9130.689
46,133,349,9130.689
46,133,350,9130.689
46,133,351,9130.689
46,133,354,9130.689
46,133,355,9130.689
46,133,356,9130.689
46,133,357,9130.689
0,133,358,9130.689
0,133,359,9130.689
0,133,360,9130.689
0,134,1,8985.38
0,134,2,8985.38
0,134,3,8985.38
0,134,4,8985.38
0,134,5,8985.38
0,134,6,8985.38
0,134,7,8985.38
0,134,8,8985.38
0,134,9,8985.38
0,134,10,8985.38
0,134,11,8985.38
0,134,12,8985.38
0,134,13,8985.38
0,134,14,8985.38
0,134,15,8985.38
0,134,16,8985.38
0,134,17,8985.38
0,134,18,8985.38
0,134,19,8985.38
0,134,20,8985.38
0,134,21,8985.38
0,134,22,8985.38
0,134,23,8985.38
0,134,24,8985.38
0,134,25,8985.38
0,134,26,8985.38
0,134,27,8985.38
0,134,28,8985.38
0,134,29,8985.38
0,134,30,8985.38
0,134,31,8985.38
0,134,32,8985.38
0,134,33,8985.38
0,134,34,8985.38
0,134,35,8985.38
0,134,36,8985.38
0,134,37,8985.38
0,134,38,8985.38
0,134,39,8985.38
0,134,40,8985.38
0,134,41,8985.38
0,134,42,8985.38
0,134,43,8985.38
0,134,44,8985.38
0,134,45,8985.38
0,134,46,8985.38
0,134,47,8985.38
0,134,48,8985.38
0,134,49,8985.38
0,134,50,8985.38
0,134,51,8985.38
0,134,52,8985.38
0,134,53,8985.38
0,134,54,8985.38
0,134,55,8985.38
0,134,56,8985.38
0,134,57,8985.38
0,134,58,8985.38
0,134,59,8985.38
0,134,60,8985.38
0,134,61,8985.38
0,134,62,8985.38
0,134,63,8985.38
0,134,64,8985.38
0,134,65,8985.38
0,134,66,8985.38
0,134,67,8985.38
0,134,68,8985.38
0,134,69,8985.38
0,134,70,8985.38
0,134,71,8985.38
0,134,72,8985.38
0,134,73,8985.38
0,134,74,8985.38
0,134,75,8985.38
0,134,76,8985.38
0,134,77,8985.38
0,134,78,8985.38
0,134,79,8985.38
0,134,80,8985.38
0,134,81,8985.38
0,134,82,8985.38
0,134,83,8985.38
0,134,84,8985.38
0,134,85,8985.38
0,134,86,8985.38
0,134,87,8985.38
0,134,88,8985.38
0,134,89,8985.38
0,134,90,8985.38
0,134,91,8985.38
0,134,92,8985.38
0,134,93,8985.38
0,134,94,8985.38
0,134,95,8985.38
0,134,96,8985.38
0,134,97,8985.38
0,134,98,8985.38
0,134,99,8985.38
0,134,100,8985.38
0,134,101,8985.38
0,134,102,8985.38
13,134,103,8985.38
13,134,104,8985.38
13,134,105,8985.38
13,134,106,8985.38
13,134,107,8985.38
14,134,116,8985.38
14,134,117,8985.38
14,134,118,8985.38
14,134,119,8985.38
14,134,120,8985.38
14,134,121,8985.38
0,134,122,8985.38
0,134,123,8985.38
0,134,124,8985.38
0,134,125,8985.38
0,134,126,8985.38
0,134,127,8985.38
0,134,128,8985.38
0,134,129,8985.38
0,134,130,8985.38
0,134,131,8985.38
0,134,132,8985.38
0,134,133,8985.38
0,134,134,8985.38
0,134,135,8985.38
0,134,136,8985.38
0,134,137,8985.38
0,134,138,8985.38
0,134,139,8985.38
0,134,140,8985.38
0,134,141,8985.38
0,134,142,8985.38
0,134,143,8985.38
0,134,144,8985.38
0,134,145,8985.38
0,134,146,8985.38
0,134,147,8985.38
0,134,148,8985.38
0,134,149,8985.38
0,134,150,8985.38
0,134,151,8985.38
0,134,152,8985.38
0,134,153,8985.38
0,134,154,8985.38
0,134,155,8985.38
0,134,156,8985.38
0,134,157,8985.38
0,134,158,8985.38
0,134,159,8985.38
0,134,160,8985.38
0,134,161,8985.38
0,134,162,8985.38
0,134,163,8985.38
0,134,164,8985.38
0,134,165,8985.38
0,134,166,8985.38
0,134,167,8985.38
0,134,168,8985.38
0,134,169,8985.38
0,134,170,8985.38
0,134,171,8985.38
0,134,172,8985.38
0,134,173,8985.38
0,134,174,8985.38
0,134,175,8985.38
0,134,176,8985.38
0,134,177,8985.38
0,134,178,8985.38
0,134,179,8985.38
0,134,180,8985.38
0,134,181,8985.38
0,134,182,8985.38
0,134,183,8985.38
0,134,184,8985.38
0,134,185,8985.38
0,134,186,8985.38
0,134,187,8985.38
0,134,188,8985.38
0,134,189,8985.38
0,134,190,8985.38
0,134,191,8985.38
0,134,192,8985.38
0,134,193,8985.38
0,134,194,8985.38
0,134,195,8985.38
0,134,196,8985.38
0,134,197,8985.38
0,134,198,8985.38
0,134,199,8985.38
0,134,200,8985.38
0,134,201,8985.38
0,134,202,8985.38
0,134,203,8985.38
0,134,204,8985.38
0,134,205,8985.38
0,134,206,8985.38
0,134,207,8985.38
0,134,208,8985.38
0,134,209,8985.38
0,134,210,8985.38
0,134,211,8985.38
0,134,212,8985.38
0,134,213,8985.38
0,134,214,8985.38
0,134,215,8985.38
0,134,216,8985.38
0,134,217,8985.38
0,134,218,8985.38
0,134,219,8985.38
0,134,220,8985.38
0,134,221,8985.38
0,134,222,8985.38
0,134,223,8985.38
0,134,224,8985.38
0,134,225,8985.38
0,134,226,8985.38
0,134,227,8985.38
0,134,228,8985.38
0,134,229,8985.38
0,134,230,8985.38
0,134,231,8985.38
0,134,232,8985.38
0,134,233,8985.38
0,134,234,8985.38
0,134,235,8985.38
0,134,236,8985.38
0,134,237,8985.38
0,134,238,8985.38
0,134,239,8985.38
0,134,240,8985.38
0,134,241,8985.38
0,134,242,8985.38
0,134,243,8985.38
0,134,244,8985.38
0,134,245,8985.38
0,134,246,8985.38
0,134,247,8985.38
0,134,248,8985.38
0,134,249,8985.38
0,134,250,8985.38
0,134,251,8985.38
0,134,252,8985.38
0,134,253,8985.38
0,134,254,8985.38
0,134,255,8985.38
0,134,256,8985.38
0,134,257,8985.38
0,134,258,8985.38
0,134,259,8985.38
0,134,260,8985.38
0,134,261,8985.38
0,134,262,8985.38
0,134,263,8985.38
0,134,264,8985.38
0,134,265,8985.38
0,134,266,8985.38
0,134,267,8985.38
0,134,268,8985.38
0,134,269,8985.38
0,134,270,8985.38
0,134,271,8985.38
0,134,272,8985.38
0,134,273,8985.38
0,134,274,8985.38
0,134,275,8985.38
0,134,276,8985.38
0,134,277,8985.38
0,134,278,8985.38
0,134,279,8985.38
0,134,280,8985.38
0,134,281,8985.38
0,134,282,8985.38
0,134,283,8985.38
0,134,284,8985.38
0,134,285,8985.38
0,134,286,8985.38
0,134,287,8985.38
0,134,288,8985.38
0,134,289,8985.38
0,134,290,8985.38
0,134,291,8985.38
0,134,292,8985.38
0,134,293,8985.38
0,134,294,8985.38
0,134,295,8985.38
0,134,296,8985.38
0,134,297,8985.38
0,134,298,8985.38
0,134,299,8985.38
0,134,300,8985.38
0,134,301,8985.38
0,134,302,8985.38
0,134,303,8985.38
0,134,304,8985.38
0,134,305,8985.38
0,134,306,8985.38
0,134,307,8985.38
0,134,308,8985.38
0,134,309,8985.38
0,134,310,8985.38
0,134,311,8985.38
0,134,312,8985.38
0,134,313,8985.38
0,134,314,8985.38
0,134,315,8985.38
0,134,316,8985.38
0,134,317,8985.38
0,134,318,8985.38
0,134,319,8985.38
0,134,320,8985.38
0,134,321,8985.38
42,134,322,8985.38
42,134,323,8985.38
42,134,324,8985.38
42,134,325,8985.38
42,134,326,8985.38
42,134,327,8985.38
42,134,328,8985.38
42,134,329,8985.38
42,134,330,8985.38
42,134,331,8985.38
42,134,332,8985.38
0,134,333,8985.38
0,134,334,8985.38
0,134,335,8985.38
0,134,336,8985.38
0,134,337,8985.38
0,134,338,8985.38
0,134,339,8985.38
0,134,340,8985.38
0,134,341,8985.38
0,134,342,8985.38
0,134,343,8985.38
0,134,344,8985.38
0,134,345,8985.38
0,134,346,8985.38
0,134,347,8985.38
46,134,348,8985.38
46,134,349,8985.38
46,134,353,8985.38
46,134,354,8985.38
46,134,355,8985.38
46,134,356,8985.38
46,134,357,8985.38
0,134,358,8985.38
0,134,359,8985.38
0,134,360,8985.38
0,135,1,8837.269
0,135,2,8837.269
0,135,3,8837.269
0,135,4,8837.269
0,135,5,8837.269
0,135,6,8837.269
0,135,7,8837.269
0,135,8,8837.269
0,135,9,8837.269
0,135,10,8837.269
0,135,11,8837.269
0,135,12,8837.269
0,135,13,8837.269
0,135,14,8837.269
0,135,15,8837.269
0,135,16,8837.269
0,135,17,8837.269
0,135,18,8837.269
0,135,19,8837.269
0,135,20,8837.269
0,135,21,8837.269
0,135,22,8837.269
0,135,23,8837.269
0,135,24,8837.269
0,135,25,8837.269
0,135,26,8837.269
0,135,27,8837.269
0,135,28,8837.269
0,135,29,8837.269
0,135,30,8837.269
0,135,31,8837.269
0,135,32,8837.269
0,135,33,8837.269
0,135,34,8837.269
0,135,35,8837.269
0,135,36,8837.269
0,135,37,8837.269
0,135,38,8837.269
0,135,39,8837.269
0,135,40,8837.269
0,135,41,8837.269
0,135,42,8837.269
0,135,43,8837.269
0,135,44,8837.269
0,135,45,8837.269
0,135,46,8837.269
0,135,47,8837.269
0,135,48,8837.269
0,135,49,8837.269
0,135,50,8837.269
0,135,51,8837.269
0,135,52,8837.269
0,135,53,8837.269
0,135,54,8837.269
0,135,55,8837.269
0,135,56,8837.269
0,135,57,8837.269
0,135,58,8837.269
0,135,59,8837.269
0,135,60,8837.269
0,135,61,8837.269
0,135,62,8837.269
0,135,63,8837.269
0,135,64,8837.269
0,135,65,8837.269
0,135,66,8837.269
0,135,67,8837.269
0,135,68,8837.269
0,135,69,8837.269
0,135,70,8837.269
0,135,71,8837.269
0,135,72,8837.269
0,135,73,8837.269
0,135,74,8837.269
0,135,75,8837.269
0,135,76,8837.269
0,135,77,8837.269
0,135,78,8837.269
0,135,79,8837.269
0,135,80,8837.269
0,135,81,8837.269
0,135,82,8837.269
0,135,83,8837.269
0,135,84,8837.269
0,135,85,8837.269
0,135,86,8837.269
0,135,87,8837.269
0,135,88,8837.269
0,135,89,8837.269
0,135,90,8837.269
0,135,91,8837.269
0,135,92,8837.269
0,135,93,8837.269
0,135,94,8837.269
0,135,95,8837.269
0,135,96,8837.269
0,135,97,8837.269
0,135,98,8837.269
0,135,99,8837.269
0,135,100,8837.269
0,135,101,8837.269
0,135,102,8837.269
13,135,103,8837.269
13,135,104,8837.269
13,135,105,8837.269
13,135,106,8837.269
14,135,115,8837.269
14,135,116,8837.269
14,135,117,8837.269
14,135,118,8837.269
14,135,119,8837.269
14,135,120,8837.269
0,135,121,8837.269
0,135,122,8837.269
0,135,123,8837.269
0,135,124,8837.269
0,135,125,8837.269
0,135,126,8837.269
0,135,127,8837.269
0,135,128,8837.269
0,135,129,8837.269
0,135,130,8837.269
0,135,131,8837.269
0,135,132,8837.269
0,135,133,8837.269
0,135,134,8837.269
0,135,135,8837.269
0,135,136,8837.269
0,135,137,8837.269
0,135,138,8837.269
0,135,139,8837.269
0,135,140,8837.269
0,135,141,8837.269
0,135,142,8837.269
0,135,143,8837.269
0,135,144,8837.269
0,135,145,8837.269
0,135,146,8837.269
0,135,147,8837.269
0,135,148,8837.269
0,135,149,8837.269
0,135,150,8837.269
0,135,151,8837.269
0,135,152,8837.269
0,135,153,8837.269
0,135,154,8837.269
0,135,155,8837.269
0,135,156,8837.269
0,135,157,8837.269
0,135,158,8837.269
0,135,159,8837.269
0,135,160,8837.269
0,135,161,8837.269
0,135,162,8837.269
0,135,163,8837.269
0,135,164,8837.269
0,135,165,8837.269
0,135,166,8837.269
0,135,167,8837.269
0,135,168,8837.269
0,135,169,8837.269
0,135,170,8837.269
0,135,171,8837.269
0,135,172,8837.269
0,135,173,8837.269
0,135,174,8837.269
0,135,175,8837.269
0,135,176,8837.269
0,135,177,8837.269
0,135,178,8837.269
0,135,179,8837.269
0,135,180,8837.269
0,135,181,8837.269
0,135,182,8837.269
0,135,183,8837.269
0,135,184,8837.269
0,135,185,8837.269
0,135,186,8837.269
0,135,187,8837.269
0,135,188,8837.269
0,135,189,8837.269
0,135,190,8837.269
0,135,191,8837.269
0,135,192,8837.269
0,135,193,8837.269
0,135,194,8837.269
0,135,195,8837.269
0,135,196,8837.269
0,135,197,8837.269
0,135,198,8837.269
0,135,199,8837.269
0,135,200,8837.269
0,135,201,8837.269
0,135,202,8837.269
0,135,203,8837.269
0,135,204,8837.269
0,135,205,8837.269
0,135,206,8837.269
0,135,207,8837.269
0,135,208,8837.269
0,135,209,8837.269
0,135,210,8837.269
0,135,211,8837.269
0,135,212,8837.269
0,135,213,8837.269
0,135,214,8837.269
0,135,215,8837.269
0,135,216,8837.269
0,135,217,8837.269
0,135,218,8837.269
0,135,219,8837.269
0,135,220,8837.269
0,135,221,8837.269
0,135,222,8837.269
0,135,223,8837.269
0,135,224,8837.269
0,135,225,8837.269
0,135,226,8837.269
0,135,227,8837.269
0,135,228,8837.269
0,135,229,8837.269
0,135,230,8837.269
0,135,231,8837.269
0,135,232,8837.269
0,135,233,8837.269
0,135,234,8837.269
0,135,235,8837.269
0,135,236,8837.269
0,135,237,8837.269
0,135,238,8837.269
0,135,239,8837.269
0,135,240,8837.269
0,135,241,8837.269
0,135,242,8837.269
0,135,243,8837.269
0,135,244,8837.269
0,135,245,8837.269
0,135,246,8837.269
0,135,247,8837.269
0,135,248,8837.269
0,135,249,8837.269
0,135,250,8837.269
0,135,251,8837.269
0,135,252,8837.269
0,135,253,8837.269
0,135,254,8837.269
0,135,255,8837.269
0,135,256,8837.269
0,135,257,8837.269
0,135,258,8837.269
0,135,259,8837.269
0,135,260,8837.269
0,135,261,8837.269
0,135,262,8837.269
0,135,263,8837.269
0,135,264,8837.269
0,135,265,8837.269
0,135,266,8837.269
0,135,267,8837.269
0,135,268,8837.269
0,135,269,8837.269
0,135,270,8837.269
0,135,271,8837.269
0,135,272,8837.269
0,135,273,8837.269
0,135,274,8837.269
0,135,275,8837.269
0,135,276,8837.269
0,135,277,8837.269
0,135,278,8837.269
0,135,279,8837.269
0,135,280,8837.269
0,135,281,8837.269
0,135,282,8837.269
0,135,283,8837.269
0,135,284,8837.269
0,135,285,8837.269
0,135,286,8837.269
0,135,287,8837.269
0,135,288,8837.269
0,135,289,8837.269
0,135,290,8837.269
0,135,291,8837.269
0,135,292,8837.269
0,135,293,8837.269
0,135,294,8837.269
0,135,295,8837.269
0,135,296,8837.269
0,135,297,8837.269
0,135,298,8837.269
0,135,299,8837.269
0,135,300,8837.269
0,135,301,8837.269
0,135,302,8837.269
0,135,303,8837.269
0,135,304,8837.269
0,135,305,8837.269
0,135,306,8837.269
0,135,307,8837.269
0,135,308,8837.269
0,135,309,8837.269
0,135,310,8837.269
0,135,311,8837.269
0,135,312,8837.269
0,135,313,8837.269
0,135,314,8837.269
0,135,315,8837.269
0,135,316,8837.269
0,135,317,8837.269
0,135,318,8837.269
0,135,319,8837.269
0,135,320,8837.269
0,135,321,8837.269
0,135,322,8837.269
42,135,323,8837.269
42,135,324,8837.269
42,135,325,8837.269
42,135,326,8837.269
42,135,327,8837.269
42,135,328,8837.269
42,135,329,8837.269
42,135,330,8837.269
42,135,331,8837.269
42,135,332,8837.269
0,135,333,8837.269
0,135,334,8837.269
0,135,335,8837.269
0,135,336,8837.269
0,135,337,8837.269
0,135,338,8837.269
0,135,339,8837.269
0,135,340,8837.269
0,135,341,8837.269
0,135,342,8837.269
0,135,343,8837.269
0,135,344,8837.269
0,135,345,8837.269
0,135,346,8837.269
46,135,347,8837.269
46,135,352,8837.269
46,135,353,8837.269
46,135,354,8837.269
46,135,355,8837.269
46,135,356,8837.269
0,135,357,8837.269
0,135,358,8837.269
0,135,359,8837.269
0,135,360,8837.269
0,136,1,8686.396
0,136,2,8686.396
0,136,3,8686.396
0,136,4,8686.396
0,136,5,8686.396
0,136,6,8686.396
0,136,7,8686.396
0,136,8,8686.396
0,136,9,8686.396
0,136,10,8686.396
0,136,11,8686.396
0,136,12,8686.396
0,136,13,8686.396
0,136,14,8686.396
0,136,15,8686.396
0,136,16,8686.396
0,136,17,8686.396
0,136,18,8686.396
0,136,19,8686.396
0,136,20,8686.396
0,136,21,8686.396
0,136,22,8686.396
0,136,23,8686.396
0,136,24,8686.396
0,136,25,8686.396
0,136,26,8686.396
0,136,27,8686.396
0,136,28,8686.396
0,136,29,8686.396
0,136,30,8686.396
0,136,31,8686.396
0,136,32,8686.396
0,136,33,8686.396
0,136,34,8686.396
0,136,35,8686.396
0,136,36,8686.396
0,136,37,8686.396
0,136,38,8686.396
0,136,39,8686.396
0,136,40,8686.396
0,136,41,8686.396
0,136,42,8686.396
0,136,43,8686.396
0,136,44,8686.396
0,136,45,8686.396
0,136,46,8686.396
0,136,47,8686.396
0,136,48,8686.396
0,136,49,8686.396
0,136,50,8686.396
0,136,51,8686.396
0,136,52,8686.396
0,136,53,8686.396
0,136,54,8686.396
0,136,55,8686.396
0,136,56,8686.396
0,136,57,8686.396
0,136,58,8686.396
0,136,59,8686.396
0,136,60,8686.396
0,136,61,8686.396
0,136,62,8686.396
0,136,63,8686.396
0,136,64,8686.396
0,136,65,8686.396
0,136,66,8686.396
0,136,67,8686.396
0,136,68,8686.396
0,136,69,8686.396
0,136,70,8686.396
0,136,71,8686.396
0,136,72,8686.396
0,136,73,8686.396
0,136,74,8686.396
0,136,75,8686.396
0,136,76,8686.396
0,136,77,8686.396
0,136,78,8686.396
0,136,79,8686.396
0,136,80,8686.396
0,136,81,8686.396
0,136,82,8686.396
0,136,83,8686.396
0,136,84,8686.396
0,136,85,8686.396
0,136,86,8686.396
0,136,87,8686.396
0,136,88,8686.396
0,136,89,8686.396
0,136,90,8686.396
0,136,91,8686.396
0,136,92,8686.396
0,136,93,8686.396
0,136,94,8686.396
0,136,95,8686.396
0,136,96,8686.396
0,136,97,8686.396
0,136,98,8686.396
0,136,99,8686.396
0,136,100,8686.396
0,136,101,8686.396
0,136,102,8686.396
13,136,103,8686.396
13,136,104,8686.396
13,136,105,8686.396
14,136,114,8686.396
14,136,115,8686.396
14,136,116,8686.396
14,136,117,8686.396
14,136,118,8686.396
14,136,119,8686.396
14,136,120,8686.396
0,136,121,8686.396
0,136,122,8686.396
0,136,123,8686.396
0,136,124,8686.396
0,136,125,8686.396
0,136,126,8686.396
0,136,127,8686.396
0,136,128,8686.396
0,136,129,8686.396
0,136,130,8686.396
0,136,131,8686.396
0,136,132,8686.396
0,136,133,8686.396
0,136,134,8686.396
0,136,135,8686.396
0,136,136,8686.396
0,136,137,8686.396
0,136,138,8686.396
0,136,139,8686.396
0,136,140,8686.396
0,136,141,8686.396
0,136,142,8686.396
0,136,143,8686.396
0,136,144,8686.396
0,136,145,8686.396
0,136,146,8686.396
0,136,147,8686.396
0,136,148,8686.396
0,136,149,8686.396
0,136,150,8686.396
0,136,151,8686.396
0,136,152,8686.396
0,136,153,8686.396
0,136,154,8686.396
0,136,155,8686.396
0,136,156,8686.396
0,136,157,8686.396
0,136,158,8686.396
0,136,159,8686.396
0,136,160,8686.396
0,136,161,8686.396
0,136,162,8686.396
0,136,163,8686.396
0,136,164,8686.396
0,136,165,8686.396
0,136,166,8686.396
0,136,167,8686.396
0,136,168,8686.396
0,136,169,8686.396
0,136,170,8686.396
0,136,171,8686.396
0,136,172,8686.396
0,136,173,8686.396
0,136,174,8686.396
0,136,175,8686.396
0,136,176,8686.396
0,136,177,8686.396
0,136,178,8686.396
0,136,179,8686.396
0,136,180,8686.396
0,136,181,8686.396
0,136,182,8686.396
0,136,183,8686.396
0,136,184,8686.396
0,136,185,8686.396
0,136,186,8686.396
0,136,187,8686.396
0,136,188,8686.396
0,136,189,8686.396
0,136,190,8686.396
0,136,191,8686.396
0,136,192,8686.396
0,136,193,8686.396
0,136,194,8686.396
0,136,195,8686.396
0,136,196,8686.396
0,136,197,8686.396
0,136,198,8686.396
0,136,199,8686.396
0,136,200,8686.396
0,136,201,8686.396
0,136,202,8686.396
0,136,203,8686.396
0,136,204,8686.396
0,136,205,8686.396
0,136,206,8686.396
0,136,207,8686.396
0,136,208,8686.396
0,136,209,8686.396
0,136,210,8686.396
0,136,211,8686.396
0,136,212,8686.396
0,136,213,8686.396
0,136,214,8686.396
0,136,215,8686.396
0,136,216,8686.396
0,136,217,8686.396
0,136,218,8686.396
0,136,219,8686.396
0,136,220,8686.396
0,136,221,8686.396
0,136,222,8686.396
0,136,223,8686.396
0,136,224,8686.396
0,136,225,8686.396
0,136,226,8686.396
0,136,227,8686.396
0,136,228,8686.396
0,136,229,8686.396
0,136,230,8686.396
0,136,231,8686.396
0,136,232,8686.396
0,136,233,8686.396
0,136,234,8686.396
0,136,235,8686.396
0,136,236,8686.396
0,136,237,8686.396
0,136,238,8686.396
0,136,239,8686.396
0,136,240,8686.396
0,136,241,8686.396
0,136,242,8686.396
0,136,243,8686.396
0,136,244,8686.396
0,136,245,8686.396
0,136,246,8686.396
0,136,247,8686.396
0,136,248,8686.396
0,136,249,8686.396
0,136,250,8686.396
0,136,251,8686.396
0,136,252,8686.396
0,136,253,8686.396
0,136,254,8686.396
0,136,255,8686.396
0,136,256,8686.396
0,136,257,8686.396
0,136,258,8686.396
0,136,259,8686.396
0,136,260,8686.396
0,136,261,8686.396
0,136,262,8686.396
0,136,263,8686.396
0,136,264,8686.396
0,136,265,8686.396
0,136,266,8686.396
0,136,267,8686.396
0,136,268,8686.396
0,136,269,8686.396
0,136,270,8686.396
0,136,271,8686.396
0,136,272,8686.396
0,136,273,8686.396
0,136,274,8686.396
0,136,275,8686.396
0,136,276,8686.396
0,136,277,8686.396
0,136,278,8686.396
0,136,279,8686.396
0,136,280,8686.396
0,136,281,8686.396
0,136,282,8686.396
0,136,283,8686.396
0,136,284,8686.396
0,136,285,8686.396
0,136,286,8686.396
0,136,287,8686.396
0,136,288,8686.396
0,136,289,8686.396
0,136,290,8686.396
0,136,291,8686.396
0,136,292,8686.396
0,136,293,8686.396
0,136,294,8686.396
0,136,295,8686.396
0,136,296,8686.396
0,136,297,8686.396
0,136,298,8686.396
0,136,299,8686.396
0,136,300,8686.396
0,136,301,8686.396
0,136,302,8686.396
0,136,303,8686.396
0,136,304,8686.396
0,136,305,8686.396
0,136,306,8686.396
0,136,307,8686.396
0,136,308,8686.396
0,136,309,8686.396
0,136,310,8686.396
0,136,311,8686.396
0,136,312,8686.396
0,136,313,8686.396
0,136,314,8686.396
0,136,315,8686.396
0,136,316,8686.396
0,136,317,8686.396
0,136,318,8686.396
0,136,319,8686.396
0,136,320,8686.396
0,136,321,8686.396
0,136,322,8686.396
0,136,323,8686.396
42,136,324,8686.396
42,136,325,8686.396
42,136,326,8686.396
42,136,327,8686.396
42,136,328,8686.396
42,136,329,8686.396
42,136,330,8686.396
42,136,331,8686.396
0,136,332,8686.396
0,136,333,8686.396
0,136,334,8686.396
0,136,335,8686.396
0,136,336,8686.396
0,136,337,8686.396
0,136,338,8686.396
0,136,339,8686.396
0,136,340,8686.396
0,136,341,8686.396
0,136,342,8686.396
0,136,343,8686.396
0,136,344,8686.396
0,136,345,8686.396
0,136,346,8686.396
46,136,347,8686.396
46,136,351,8686.396
46,136,352,8686.396
0,136,353,8686.396
0,136,354,8686.396
0,136,355,8686.396
0,136,356,8686.396
0,136,357,8686.396
0,136,358,8686.396
0,136,359,8686.396
0,136,360,8686.396
0,137,1,8532.804
0,137,2,8532.804
0,137,3,8532.804
0,137,4,8532.804
0,137,5,8532.804
0,137,6,8532.804
0,137,7,8532.804
0,137,8,8532.804
0,137,9,8532.804
0,137,10,8532.804
0,137,11,8532.804
0,137,12,8532.804
0,137,13,8532.804
0,137,14,8532.804
0,137,15,8532.804
0,137,16,8532.804
0,137,17,8532.804
0,137,18,8532.804
0,137,19,8532.804
0,137,20,8532.804
0,137,21,8532.804
0,137,22,8532.804
0,137,23,8532.804
0,137,24,8532.804
0,137,25,8532.804
0,137,26,8532.804
0,137,27,8532.804
0,137,28,8532.804
0,137,29,8532.804
0,137,30,8532.804
0,137,31,8532.804
0,137,32,8532.804
0,137,33,8532.804
0,137,34,8532.804
0,137,35,8532.804
0,137,36,8532.804
0,137,37,8532.804
0,137,38,8532.804
0,137,39,8532.804
0,137,40,8532.804
0,137,41,8532.804
0,137,42,8532.804
0,137,43,8532.804
0,137,44,8532.804
0,137,45,8532.804
0,137,46,8532.804
0,137,47,8532.804
0,137,48,8532.804
0,137,49,8532.804
0,137,50,8532.804
0,137,51,8532.804
0,137,52,8532.804
0,137,53,8532.804
0,137,54,8532.804
0,137,55,8532.804
0,137,56,8532.804
0,137,57,8532.804
0,137,58,8532.804
0,137,59,8532.804
0,137,60,8532.804
0,137,61,8532.804
0,137,62,8532.804
0,137,63,8532.804
0,137,64,8532.804
0,137,65,8532.804
0,137,66,8532.804
0,137,67,8532.804
0,137,68,8532.804
0,137,69,8532.804
0,137,70,8532.804
0,137,71,8532.804
0,137,72,8532.804
0,137,73,8532.804
0,137,74,8532.804
0,137,75,8532.804
0,137,76,8532.804
0,137,77,8532.804
0,137,78,8532.804
0,137,79,8532.804
0,137,80,8532.804
0,137,81,8532.804
0,137,82,8532.804
0,137,83,8532.804
0,137,84,8532.804
0,137,85,8532.804
0,137,86,8532.804
0,137,87,8532.804
0,137,88,8532.804
0,137,89,8532.804
0,137,90,8532.804
0,137,91,8532.804
0,137,92,8532.804
0,137,93,8532.804
0,137,94,8532.804
0,137,95,8532.804
0,137,96,8532.804
0,137,97,8532.804
0,137,98,8532.804
0,137,99,8532.804
0,137,100,8532.804
0,137,101,8532.804
13,137,102,8532.804
13,137,103,8532.804
13,137,104,8532.804
13,137,105,8532.804
14,137,114,8532.804
14,137,115,8532.804
14,137,116,8532.804
14,137,117,8532.804
14,137,118,8532.804
14,137,119,8532.804
14,137,120,8532.804
0,137,121,8532.804
0,137,122,8532.804
0,137,123,8532.804
0,137,124,8532.804
0,137,125,8532.804
0,137,126,8532.804
0,137,127,8532.804
0,137,128,8532.804
0,137,129,8532.804
0,137,130,8532.804
0,137,131,8532.804
0,137,132,8532.804
0,137,133,8532.804
0,137,134,8532.804
0,137,135,8532.804
0,137,136,8532.804
0,137,137,8532.804
0,137,138,8532.804
0,137,139,8532.804
0,137,140,8532.804
0,137,141,8532.804
0,137,142,8532.804
0,137,143,8532.804
0,137,144,8532.804
0,137,145,8532.804
0,137,146,8532.804
0,137,147,8532.804
0,137,148,8532.804
0,137,149,8532.804
0,137,150,8532.804
0,137,151,8532.804
0,137,152,8532.804
0,137,153,8532.804
0,137,154,8532.804
0,137,155,8532.804
0,137,156,8532.804
0,137,157,8532.804
0,137,158,8532.804
0,137,159,8532.804
0,137,160,8532.804
0,137,161,8532.804
0,137,162,8532.804
0,137,163,8532.804
0,137,164,8532.804
0,137,165,8532.804
0,137,166,8532.804
0,137,167,8532.804
0,137,168,8532.804
0,137,169,8532.804
0,137,170,8532.804
0,137,171,8532.804
0,137,172,8532.804
0,137,173,8532.804
0,137,174,8532.804
0,137,175,8532.804
0,137,176,8532.804
0,137,177,8532.804
0,137,178,8532.804
0,137,179,8532.804
0,137,180,8532.804
0,137,181,8532.804
0,137,182,8532.804
0,137,183,8532.804
0,137,184,8532.804
0,137,185,8532.804
0,137,186,8532.804
0,137,187,8532.804
0,137,188,8532.804
0,137,189,8532.804
0,137,190,8532.804
0,137,191,8532.804
0,137,192,8532.804
0,137,193,8532.804
0,137,194,8532.804
0,137,195,8532.804
0,137,196,8532.804
0,137,197,8532.804
0,137,198,8532.804
0,137,199,8532.804
0,137,200,8532.804
0,137,201,8532.804
0,137,202,8532.804
0,137,203,8532.804
0,137,204,8532.804
0,137,205,8532.804
0,137,206,8532.804
0,137,207,8532.804
0,137,208,8532.804
0,137,209,8532.804
0,137,210,8532.804
0,137,211,8532.804
0,137,212,8532.804
0,137,213,8532.804
0,137,214,8532.804
0,137,215,8532.804
0,137,216,8532.804
0,137,217,8532.804
0,137,218,8532.804
0,137,219,8532.804
0,137,220,8532.804
0,137,221,8532.804
0,137,222,8532.804
0,137,223,8532.804
0,137,224,8532.804
0,137,225,8532.804
0,137,226,8532.804
0,137,227,8532.804
0,137,228,8532.804
0,137,229,8532.804
0,137,230,8532.804
0,137,231,8532.804
0,137,232,8532.804
0,137,233,8532.804
0,137,234,8532.804
0,137,235,8532.804
0,137,236,8532.804
0,137,237,8532.804
0,137,238,8532.804
0,137,239,8532.804
0,137,240,8532.804
0,137,241,8532.804
0,137,242,8532.804
0,137,243,8532.804
0,137,244,8532.804
0,137,245,8532.804
0,137,246,8532.804
0,137,247,8532.804
0,137,248,8532.804
0,137,249,8532.804
0,137,250,8532.804
0,137,251,8532.804
0,137,252,8532.804
0,137,253,8532.804
0,137,254,8532.804
0,137,255,8532.804
0,137,256,8532.804
0,137,257,8532.804
0,137,258,8532.804
0,137,259,8532.804
0,137,260,8532.804
0,137,261,8532.804
0,137,262,8532.804
0,137,263,8532.804
0,137,264,8532.804
0,137,265,8532.804
0,137,266,8532.804
0,137,267,8532.804
0,137,268,8532.804
0,137,269,8532.804
0,137,270,8532.804
0,137,271,8532.804
0,137,272,8532.804
0,137,273,8532.804
0,137,274,8532.804
0,137,275,8532.804
0,137,276,8532.804
0,137,277,8532.804
0,137,278,8532.804
0,137,279,8532.804
0,137,280,8532.804
0,137,281,8532.804
0,137,282,8532.804
0,137,283,8532.804
0,137,284,8532.804
0,137,285,8532.804
0,137,286,8532.804
0,137,287,8532.804
0,137,288,8532.804
0,137,289,8532.804
0,137,290,8532.804
0,137,291,8532.804
0,137,292,8532.804
0,137,293,8532.804
0,137,294,8532.804
0,137,295,8532.804
0,137,296,8532.804
0,137,297,8532.804
0,137,298,8532.804
0,137,299,8532.804
0,137,300,8532.804
0,137,301,8532.804
0,137,302,8532.804
0,137,303,8532.804
0,137,304,8532.804
0,137,305,8532.804
0,137,306,8532.804
0,137,307,8532.804
0,137,308,8532.804
0,137,309,8532.804
0,137,310,8532.804
0,137,311,8532.804
0,137,312,8532.804
0,137,313,8532.804
0,137,314,8532.804
0,137,315,8532.804
0,137,316,8532.804
0,137,317,8532.804
0,137,318,8532.804
0,137,319,8532.804
0,137,320,8532.804
0,137,321,8532.804
0,137,322,8532.804
0,137,323,8532.804
0,137,324,8532.804
0,137,325,8532.804
42,137,326,8532.804
42,137,327,8532.804
42,137,328,8532.804
42,137,329,8532.804
0,137,330,8532.804
0,137,331,8532.804
0,137,332,8532.804
0,137,333,8532.804
0,137,334,8532.804
0,137,335,8532.804
0,137,336,8532.804
0,137,337,8532.804
0,137,338,8532.804
0,137,339,8532.804
0,137,340,8532.804
0,137,341,8532.804
0,137,342,8532.804
0,137,343,8532.804
0,137,344,8532.804
0,137,345,8532.804
0,137,346,8532.804
46,137,347,8532.804
46,137,348,8532.804
46,137,349,8532.804
46,137,350,8532.804
46,137,351,8532.804
0,137,352,8532.804
0,137,353,8532.804
0,137,354,8532.804
0,137,355,8532.804
0,137,356,8532.804
0,137,357,8532.804
0,137,358,8532.804
0,137,359,8532.804
0,137,360,8532.804
0,138,1,8376.536
0,138,2,8376.536
0,138,3,8376.536
0,138,4,8376.536
0,138,5,8376.536
0,138,6,8376.536
0,138,7,8376.536
0,138,8,8376.536
0,138,9,8376.536
0,138,10,8376.536
0,138,11,8376.536
0,138,12,8376.536
0,138,13,8376.536
0,138,14,8376.536
0,138,15,8376.536
0,138,16,8376.536
0,138,17,8376.536
0,138,18,8376.536
0,138,19,8376.536
0,138,20,8376.536
0,138,21,8376.536
0,138,22,8376.536
0,138,23,8376.536
0,138,24,8376.536
0,138,25,8376.536
0,138,26,8376.536
0,138,27,8376.536
0,138,28,8376.536
0,138,29,8376.536
0,138,30,8376.536
0,138,31,8376.536
0,138,32,8376.536
0,138,33,8376.536
0,138,34,8376.536
0,138,35,8376.536
0,138,36,8376.536
0,138,37,8376.536
0,138,38,8376.536
0,138,39,8376.536
0,138,40,8376.536
0,138,41,8376.536
0,138,42,8376.536
0,138,43,8376.536
0,138,44,8376.536
0,138,45,8376.536
0,138,46,8376.536
0,138,47,8376.536
0,138,48,8376.536
0,138,49,8376.536
0,138,50,8376.536
0,138,51,8376.536
0,138,52,8376.536
0,138,53,8376.536
0,138,54,8376.536
0,138,55,8376.536
0,138,56,8376.536
0,138,57,8376.536
0,138,58,8376.536
0,138,59,8376.536
0,138,60,8376.536
0,138,61,8376.536
0,138,62,8376.536
0,138,63,8376.536
0,138,64,8376.536
0,138,65,8376.536
0,138,66,8376.536
0,138,67,8376.536
0,138,68,8376.536
0,138,69,8376.536
0,138,70,8376.536
0,138,71,8376.536
0,138,72,8376.536
0,138,73,8376.536
0,138,74,8376.536
0,138,75,8376.536
0,138,76,8376.536
0,138,77,8376.536
0,138,78,8376.536
0,138,79,8376.536
0,138,80,8376.536
0,138,81,8376.536
0,138,82,8376.536
0,138,83,8376.536
0,138,84,8376.536
0,138,85,8376.536
0,138,86,8376.536
0,138,87,8376.536
0,138,88,8376.536
0,138,89,8376.536
0,138,90,8376.536
0,138,91,8376.536
0,138,92,8376.536
0,138,93,8376.536
0,138,94,8376.536
0,138,95,8376.536
0,138,96,8376.536
0,138,97,8376.536
0,138,98,8376.536
0,138,99,8376.536
0,138,100,8376.536
0,138,101,8376.536
13,138,102,8376.536
13,138,103,8376.536
13,138,104,8376.536
13,138,105,8376.536
14,138,115,8376.536
14,138,116,8376.536
14,138,117,8376.536
14,138,118,8376.536
14,138,119,8376.536
0,138,120,8376.536
0,138,121,8376.536
0,138,122,8376.536
0,138,123,8376.536
0,138,124,8376.536
0,138,125,8376.536
0,138,126,8376.536
0,138,127,8376.536
0,138,128,8376.536
0,138,129,8376.536
0,138,130,8376.536
0,138,131,8376.536
0,138,132,8376.536
0,138,133,8376.536
0,138,134,8376.536
0,138,135,8376.536
0,138,136,8376.536
0,138,137,8376.536
0,138,138,8376.536
0,138,139,8376.536
0,138,140,8376.536
0,138,141,8376.536
0,138,142,8376.536
0,138,143,8376.536
0,138,144,8376.536
0,138,145,8376.536
0,138,146,8376.536
0,138,147,8376.536
0,138,148,8376.536
0,138,149,8376.536
0,138,150,8376.536
0,138,151,8376.536
0,138,152,8376.536
0,138,153,8376.536
0,138,154,8376.536
0,138,155,8376.536
0,138,156,8376.536
0,138,157,8376.536
0,138,158,8376.536
0,138,159,8376.536
0,138,160,8376.536
0,138,161,8376.536
0,138,162,8376.536
0,138,163,8376.536
0,138,164,8376.536
0,138,165,8376.536
0,138,166,8376.536
0,138,167,8376.536
0,138,168,8376.536
0,138,169,8376.536
0,138,170,8376.536
0,138,171,8376.536
0,138,172,8376.536
0,138,173,8376.536
0,138,174,8376.536
0,138,175,8376.536
0,138,176,8376.536
0,138,177,8376.536
0,138,178,8376.536
0,138,179,8376.536
0,138,180,8376.536
0,138,181,8376.536
0,138,182,8376.536
0,138,183,8376.536
0,138,184,8376.536
0,138,185,8376.536
0,138,186,8376.536
0,138,187,8376.536
0,138,188,8376.536
0,138,189,8376.536
0,138,190,8376.536
0,138,191,8376.536
0,138,192,8376.536
0,138,193,8376.536
0,138,194,8376.536
0,138,195,8376.536
0,138,196,8376.536
0,138,197,8376.536
0,138,198,8376.536
0,138,199,8376.536
0,138,200,8376.536
0,138,201,8376.536
0,138,202,8376.536
0,138,203,8376.536
0,138,204,8376.536
0,138,205,8376.536
0,138,206,8376.536
0,138,207,8376.536
0,138,208,8376.536
0,138,209,8376.536
0,138,210,8376.536
0,138,211,8376.536
0,138,212,8376.536
0,138,213,8376.536
0,138,214,8376.536
0,138,215,8376.536
0,138,216,8376.536
0,138,217,8376.536
0,138,218,8376.536
0,138,219,8376.536
0,138,220,8376.536
0,138,221,8376.536
0,138,222,8376.536
0,138,223,8376.536
0,138,224,8376.536
0,138,225,8376.536
0,138,226,8376.536
0,138,227,8376.536
0,138,228,8376.536
0,138,229,8376.536
0,138,230,8376.536
0,138,231,8376.536
0,138,232,8376.536
0,138,233,8376.536
0,138,234,8376.536
0,138,235,8376.536
0,138,236,8376.536
0,138,237,8376.536
0,138,238,8376.536
0,138,239,8376.536
0,138,240,8376.536
0,138,241,8376.536
0,138,242,8376.536
0,138,243,8376.536
0,138,244,8376.536
0,138,245,8376.536
0,138,246,8376.536
0,138,247,8376.536
0,138,248,8376.536
0,138,249,8376.536
0,138,250,8376.536
0,138,251,8376.536
0,138,252,8376.536
0,138,253,8376.536
0,138,254,8376.536
0,138,255,8376.536
0,138,256,8376.536
0,138,257,8376.536
0,138,258,8376.536
0,138,259,8376.536
0,138,260,8376.536
0,138,261,8376.536
0,138,262,8376.536
0,138,263,8376.536
0,138,264,8376.536
0,138,265,8376.536
0,138,266,8376.536
0,138,267,8376.536
0,138,268,8376.536
0,138,269,8376.536
0,138,270,8376.536
0,138,271,8376.536
0,138,272,8376.536
0,138,273,8376.536
0,138,274,8376.536
0,138,275,8376.536
0,138,276,8376.536
0,138,277,8376.536
0,138,278,8376.536
0,138,279,8376.536
0,138,280,8376.536
0,138,281,8376.536
0,138,282,8376.536
0,138,283,8376.536
0,138,284,8376.536
0,138,285,8376.536
0,138,286,8376.536
0,138,287,8376.536
0,138,288,8376.536
0,138,289,8376.536
0,138,290,8376.536
0,138,291,8376.536
0,138,292,8376.536
0,138,293,8376.536
0,138,294,8376.536
0,138,295,8376.536
0,138,296,8376.536
0,138,297,8376.536
0,138,298,8376.536
0,138,299,8376.536
0,138,300,8376.536
0,138,301,8376.536
0,138,302,8376.536
0,138,303,8376.536
0,138,304,8376.536
0,138,305,8376.536
0,138,306,8376.536
0,138,307,8376.536
0,138,308,8376.536
0,138,309,8376.536
0,138,310,8376.536
0,138,311,8376.536
0,138,312,8376.536
0,138,313,8376.536
0,138,314,8376.536
0,138,315,8376.536
0,138,316,8376.536
0,138,317,8376.536
0,138,318,8376.536
0,138,319,8376.536
0,138,320,8376.536
0,138,321,8376.536
0,138,322,8376.536
0,138,323,8376.536
0,138,324,8376.536
0,138,325,8376.536
0,138,326,8376.536
0,138,327,8376.536
0,138,328,8376.536
0,138,329,8376.536
0,138,330,8376.536
0,138,331,8376.536
0,138,332,8376.536
0,138,333,8376.536
0,138,334,8376.536
0,138,335,8376.536
0,138,336,8376.536
0,138,337,8376.536
0,138,338,8376.536
0,138,339,8376.536
0,138,340,8376.536
0,138,341,8376.536
0,138,342,8376.536
0,138,343,8376.536
0,138,344,8376.536
0,138,345,8376.536
0,138,346,8376.536
0,138,347,8376.536
46,138,348,8376.536
46,138,349,8376.536
46,138,350,8376.536
0,138,351,8376.536
0,138,352,8376.536
0,138,353,8376.536
0,138,354,8376.536
0,138,355,8376.536
0,138,356,8376.536
0,138,357,8376.536
0,138,358,8376.536
0,138,359,8376.536
0,138,360,8376.536
0,139,1,8217.638
0,139,2,8217.638
0,139,3,8217.638
0,139,4,8217.638
0,139,5,8217.638
0,139,6,8217.638
0,139,7,8217.638
0,139,8,8217.638
0,139,9,8217.638
0,139,10,8217.638
0,139,11,8217.638
0,139,12,8217.638
0,139,13,8217.638
0,139,14,8217.638
0,139,15,8217.638
0,139,16,8217.638
0,139,17,8217.638
0,139,18,8217.638
0,139,19,8217.638
0,139,20,8217.638
0,139,21,8217.638
0,139,22,8217.638
0,139,23,8217.638
0,139,24,8217.638
0,139,25,8217.638
0,139,26,8217.638
0,139,27,8217.638
0,139,28,8217.638
0,139,29,8217.638
0,139,30,8217.638
0,139,31,8217.638
0,139,32,8217.638
0,139,33,8217.638
0,139,34,8217.638
0,139,35,8217.638
0,139,36,8217.638
0,139,37,8217.638
0,139,38,8217.638
0,139,39,8217.638
0,139,40,8217.638
0,139,41,8217.638
0,139,42,8217.638
0,139,43,8217.638
0,139,44,8217.638
0,139,45,8217.638
0,139,46,8217.638
0,139,47,8217.638
0,139,48,8217.638
0,139,49,8217.638
0,139,50,8217.638
0,139,51,8217.638
0,139,52,8217.638
0,139,53,8217.638
0,139,54,8217.638
0,139,55,8217.638
0,139,56,8217.638
0,139,57,8217.638
0,139,58,8217.638
0,139,59,8217.638
0,139,60,8217.638
0,139,61,8217.638
0,139,62,8217.638
0,139,63,8217.638
0,139,64,8217.638
0,139,65,8217.638
0,139,66,8217.638
0,139,67,8217.638
0,139,68,8217.638
0,139,69,8217.638
0,139,70,8217.638
0,139,71,8217.638
0,139,72,8217.638
0,139,73,8217.638
0,139,74,8217.638
0,139,75,8217.638
0,139,76,8217.638
0,139,77,8217.638
0,139,78,8217.638
0,139,79,8217.638
0,139,80,8217.638
0,139,81,8217.638
0,139,82,8217.638
0,139,83,8217.638
0,139,84,8217.638
0,139,85,8217.638
0,139,86,8217.638
0,139,87,8217.638
0,139,88,8217.638
0,139,89,8217.638
0,139,90,8217.638
0,139,91,8217.638
0,139,92,8217.638
0,139,93,8217.638
0,139,94,8217.638
0,139,95,8217.638
0,139,96,8217.638
0,139,97,8217.638
0,139,98,8217.638
0,139,99,8217.638
0,139,100,8217.638
0,139,101,8217.638
13,139,102,8217.638
13,139,103,8217.638
13,139,104,8217.638
13,139,105,8217.638
14,139,114,8217.638
14,139,115,8217.638
14,139,116,8217.638
14,139,117,8217.638
14,139,118,8217.638
14,139,119,8217.638
0,139,120,8217.638
0,139,121,8217.638
0,139,122,8217.638
0,139,123,8217.638
0,139,124,8217.638
0,139,125,8217.638
0,139,126,8217.638
0,139,127,8217.638
0,139,128,8217.638
0,139,129,8217.638
0,139,130,8217.638
0,139,131,8217.638
0,139,132,8217.638
0,139,133,8217.638
0,139,134,8217.638
0,139,135,8217.638
0,139,136,8217.638
0,139,137,8217.638
0,139,138,8217.638
0,139,139,8217.638
0,139,140,8217.638
0,139,141,8217.638
0,139,142,8217.638
0,139,143,8217.638
0,139,144,8217.638
0,139,145,8217.638
0,139,146,8217.638
0,139,147,8217.638
0,139,148,8217.638
0,139,149,8217.638
0,139,150,8217.638
0,139,151,8217.638
0,139,152,8217.638
0,139,153,8217.638
0,139,154,8217.638
0,139,155,8217.638
0,139,156,8217.638
0,139,157,8217.638
0,139,158,8217.638
0,139,159,8217.638
0,139,160,8217.638
0,139,161,8217.638
0,139,162,8217.638
0,139,163,8217.638
0,139,164,8217.638
0,139,165,8217.638
0,139,166,8217.638
0,139,167,8217.638
0,139,168,8217.638
0,139,169,8217.638
0,139,170,8217.638
0,139,171,8217.638
0,139,172,8217.638
0,139,173,8217.638
0,139,174,8217.638
0,139,175,8217.638
0,139,176,8217.638
0,139,177,8217.638
0,139,178,8217.638
0,139,179,8217.638
0,139,180,8217.638
0,139,181,8217.638
0,139,182,8217.638
0,139,183,8217.638
0,139,184,8217.638
0,139,185,8217.638
0,139,186,8217.638
0,139,187,8217.638
0,139,188,8217.638
0,139,189,8217.638
0,139,190,8217.638
0,139,191,8217.638
0,139,192,8217.638
0,139,193,8217.638
0,139,194,8217.638
0,139,195,8217.638
0,139,196,8217.638
0,139,197,8217.638
0,139,198,8217.638
0,139,199,8217.638
0,139,200,8217.638
0,139,201,8217.638
0,139,202,8217.638
0,139,203,8217.638
0,139,204,8217.638
0,139,205,8217.638
0,139,206,8217.638
0,139,207,8217.638
0,139,208,8217.638
0,139,209,8217.638
0,139,210,8217.638
0,139,211,8217.638
0,139,212,8217.638
0,139,213,8217.638
0,139,214,8217.638
0,139,215,8217.638
0,139,216,8217.638
0,139,217,8217.638
0,139,218,8217.638
0,139,219,8217.638
0,139,220,8217.638
0,139,221,8217.638
0,139,222,8217.638
0,139,223,8217.638
0,139,224,8217.638
0,139,225,8217.638
0,139,226,8217.638
0,139,227,8217.638
0,139,228,8217.638
0,139,229,8217.638
0,139,230,8217.638
0,139,231,8217.638
0,139,232,8217.638
0,139,233,8217.638
0,139,234,8217.638
0,139,235,8217.638
0,139,236,8217.638
0,139,237,8217.638
0,139,238,8217.638
0,139,239,8217.638
0,139,240,8217.638
0,139,241,8217.638
0,139,242,8217.638
0,139,243,8217.638
0,139,244,8217.638
0,139,245,8217.638
0,139,246,8217.638
0,139,247,8217.638
0,139,248,8217.638
0,139,249,8217.638
0,139,250,8217.638
0,139,251,8217.638
0,139,252,8217.638
0,139,253,8217.638
0,139,254,8217.638
0,139,255,8217.638
0,139,256,8217.638
0,139,257,8217.638
0,139,258,8217.638
0,139,259,8217.638
0,139,260,8217.638
0,139,261,8217.638
0,139,262,8217.638
0,139,263,8217.638
0,139,264,8217.638
0,139,265,8217.638
0,139,266,8217.638
0,139,267,8217.638
0,139,268,8217.638
0,139,269,8217.638
0,139,270,8217.638
0,139,271,8217.638
0,139,272,8217.638
0,139,273,8217.638
0,139,274,8217.638
0,139,275,8217.638
0,139,276,8217.638
0,139,277,8217.638
0,139,278,8217.638
0,139,279,8217.638
0,139,280,8217.638
0,139,281,8217.638
0,139,282,8217.638
0,139,283,8217.638
0,139,284,8217.638
0,139,285,8217.638
0,139,286,8217.638
0,139,287,8217.638
0,139,288,8217.638
0,139,289,8217.638
0,139,290,8217.638
0,139,291,8217.638
0,139,292,8217.638
0,139,293,8217.638
0,139,294,8217.638
0,139,295,8217.638
0,139,296,8217.638
0,139,297,8217.638
0,139,298,8217.638
0,139,299,8217.638
0,139,300,8217.638
0,139,301,8217.638
0,139,302,8217.638
0,139,303,8217.638
0,139,304,8217.638
0,139,305,8217.638
0,139,306,8217.638
0,139,307,8217.638
0,139,308,8217.638
0,139,309,8217.638
0,139,310,8217.638
0,139,311,8217.638
0,139,312,8217.638
0,139,313,8217.638
0,139,314,8217.638
0,139,315,8217.638
0,139,316,8217.638
0,139,317,8217.638
0,139,318,8217.638
0,139,319,8217.638
0,139,320,8217.638
0,139,321,8217.638
0,139,322,8217.638
0,139,323,8217.638
0,139,324,8217.638
0,139,325,8217.638
0,139,326,8217.638
0,139,327,8217.638
0,139,328,8217.638
0,139,329,8217.638
0,139,330,8217.638
0,139,331,8217.638
0,139,332,8217.638
0,139,333,8217.638
0,139,334,8217.638
0,139,335,8217.638
0,139,336,8217.638
0,139,337,8217.638
0,139,338,8217.638
0,139,339,8217.638
0,139,340,8217.638
0,139,341,8217.638
0,139,342,8217.638
0,139,343,8217.638
0,139,344,8217.638
0,139,345,8217.638
0,139,346,8217.638
0,139,347,8217.638
46,139,348,8217.638
46,139,349,8217.638
0,139,350,8217.638
0,139,351,8217.638
0,139,352,8217.638
0,139,353,8217.638
0,139,354,8217.638
0,139,355,8217.638
0,139,356,8217.638
0,139,357,8217.638
0,139,358,8217.638
0,139,359,8217.638
0,139,360,8217.638
0,140,1,8056.153
0,140,2,8056.153
0,140,3,8056.153
0,140,4,8056.153
0,140,5,8056.153
0,140,6,8056.153
0,140,7,8056.153
0,140,8,8056.153
0,140,9,8056.153
0,140,10,8056.153
0,140,11,8056.153
0,140,12,8056.153
0,140,13,8056.153
0,140,14,8056.153
0,140,15,8056.153
0,140,16,8056.153
0,140,17,8056.153
0,140,18,8056.153
0,140,19,8056.153
0,140,20,8056.153
0,140,21,8056.153
0,140,22,8056.153
0,140,23,8056.153
0,140,24,8056.153
0,140,25,8056.153
0,140,26,8056.153
0,140,27,8056.153
0,140,28,8056.153
0,140,29,8056.153
0,140,30,8056.153
0,140,31,8056.153
0,140,32,8056.153
0,140,33,8056.153
0,140,34,8056.153
0,140,35,8056.153
0,140,36,8056.153
0,140,37,8056.153
0,140,38,8056.153
0,140,39,8056.153
0,140,40,8056.153
0,140,41,8056.153
0,140,42,8056.153
0,140,43,8056.153
0,140,44,8056.153
0,140,45,8056.153
0,140,46,8056.153
0,140,47,8056.153
0,140,48,8056.153
0,140,49,8056.153
0,140,50,8056.153
0,140,51,8056.153
0,140,52,8056.153
0,140,53,8056.153
0,140,54,8056.153
0,140,55,8056.153
0,140,56,8056.153
0,140,57,8056.153
0,140,58,8056.153
0,140,59,8056.153
0,140,60,8056.153
0,140,61,8056.153
0,140,62,8056.153
0,140,63,8056.153
0,140,64,8056.153
0,140,65,8056.153
0,140,66,8056.153
0,140,67,8056.153
0,140,68,8056.153
0,140,69,8056.153
0,140,70,8056.153
0,140,71,8056.153
0,140,72,8056.153
0,140,73,8056.153
0,140,74,8056.153
0,140,75,8056.153
0,140,76,8056.153
0,140,77,8056.153
0,140,78,8056.153
0,140,79,8056.153
0,140,80,8056.153
0,140,81,8056.153
0,140,82,8056.153
0,140,83,8056.153
0,140,84,8056.153
0,140,85,8056.153
0,140,86,8056.153
0,140,87,8056.153
0,140,88,8056.153
0,140,89,8056.153
0,140,90,8056.153
0,140,91,8056.153
0,140,92,8056.153
0,140,93,8056.153
0,140,94,8056.153
0,140,95,8056.153
0,140,96,8056.153
0,140,97,8056.153
0,140,98,8056.153
0,140,99,8056.153
0,140,100,8056.153
0,140,101,8056.153
13,140,102,8056.153
13,140,103,8056.153
13,140,104,8056.153
13,140,105,8056.153
14,140,113,8056.153
14,140,114,8056.153
14,140,115,8056.153
14,140,116,8056.153
14,140,117,8056.153
14,140,118,8056.153
14,140,119,8056.153
14,140,120,8056.153
14,140,121,8056.153
0,140,122,8056.153
0,140,123,8056.153
0,140,124,8056.153
0,140,125,8056.153
0,140,126,8056.153
0,140,127,8056.153
0,140,128,8056.153
0,140,129,8056.153
0,140,130,8056.153
0,140,131,8056.153
0,140,132,8056.153
0,140,133,8056.153
0,140,134,8056.153
0,140,135,8056.153
0,140,136,8056.153
0,140,137,8056.153
0,140,138,8056.153
0,140,139,8056.153
0,140,140,8056.153
0,140,141,8056.153
0,140,142,8056.153
0,140,143,8056.153
0,140,144,8056.153
0,140,145,8056.153
0,140,146,8056.153
0,140,147,8056.153
0,140,148,8056.153
0,140,149,8056.153
0,140,150,8056.153
0,140,151,8056.153
0,140,152,8056.153
0,140,153,8056.153
0,140,154,8056.153
0,140,155,8056.153
0,140,156,8056.153
0,140,157,8056.153
0,140,158,8056.153
0,140,159,8056.153
0,140,160,8056.153
0,140,161,8056.153
0,140,162,8056.153
0,140,163,8056.153
0,140,164,8056.153
0,140,165,8056.153
0,140,166,8056.153
0,140,167,8056.153
0,140,168,8056.153
0,140,169,8056.153
0,140,170,8056.153
0,140,171,8056.153
0,140,172,8056.153
0,140,173,8056.153
0,140,174,8056.153
0,140,175,8056.153
0,140,176,8056.153
0,140,177,8056.153
0,140,178,8056.153
0,140,179,8056.153
0,140,180,8056.153
0,140,181,8056.153
0,140,182,8056.153
0,140,183,8056.153
0,140,184,8056.153
0,140,185,8056.153
0,140,186,8056.153
0,140,187,8056.153
0,140,188,8056.153
0,140,189,8056.153
0,140,190,8056.153
0,140,191,8056.153
0,140,192,8056.153
0,140,193,8056.153
0,140,194,8056.153
0,140,195,8056.153
0,140,196,8056.153
0,140,197,8056.153
0,140,198,8056.153
0,140,199,8056.153
0,140,200,8056.153
0,140,201,8056.153
0,140,202,8056.153
0,140,203,8056.153
0,140,204,8056.153
0,140,205,8056.153
0,140,206,8056.153
0,140,207,8056.153
0,140,208,8056.153
0,140,209,8056.153
0,140,210,8056.153
0,140,211,8056.153
0,140,212,8056.153
0,140,213,8056.153
0,140,214,8056.153
0,140,215,8056.153
0,140,216,8056.153
0,140,217,8056.153
0,140,218,8056.153
0,140,219,8056.153
0,140,220,8056.153
0,140,221,8056.153
0,140,222,8056.153
0,140,223,8056.153
0,140,224,8056.153
0,140,225,8056.153
0,140,226,8056.153
0,140,227,8056.153
0,140,228,8056.153
0,140,229,8056.153
0,140,230,8056.153
0,140,231,8056.153
0,140,232,8056.153
0,140,233,8056.153
0,140,234,8056.153
0,140,235,8056.153
0,140,236,8056.153
0,140,237,8056.153
0,140,238,8056.153
0,140,239,8056.153
0,140,240,8056.153
0,140,241,8056.153
0,140,242,8056.153
0,140,243,8056.153
0,140,244,8056.153
0,140,245,8056.153
0,140,246,8056.153
0,140,247,8056.153
0,140,248,8056.153
0,140,249,8056.153
0,140,250,8056.153
0,140,251,8056.153
0,140,252,8056.153
0,140,253,8056.153
0,140,254,8056.153
0,140,255,8056.153
0,140,256,8056.153
0,140,257,8056.153
0,140,258,8056.153
0,140,259,8056.153
0,140,260,8056.153
0,140,261,8056.153
0,140,262,8056.153
0,140,263,8056.153
0,140,264,8056.153
0,140,265,8056.153
0,140,266,8056.153
0,140,267,8056.153
0,140,268,8056.153
0,140,269,8056.153
0,140,270,8056.153
0,140,271,8056.153
0,140,272,8056.153
0,140,273,8056.153
0,140,274,8056.153
0,140,275,8056.153
0,140,276,8056.153
0,140,277,8056.153
0,140,278,8056.153
0,140,279,8056.153
0,140,280,8056.153
0,140,281,8056.153
0,140,282,8056.153
0,140,283,8056.153
0,140,284,8056.153
0,140,285,8056.153
0,140,286,8056.153
0,140,287,8056.153
0,140,288,8056.153
0,140,289,8056.153
0,140,290,8056.153
0,140,291,8056.153
0,140,292,8056.153
0,140,293,8056.153
0,140,294,8056.153
0,140,295,8056.153
0,140,296,8056.153
0,140,297,8056.153
0,140,298,8056.153
0,140,299,8056.153
0,140,300,8056.153
0,140,301,8056.153
0,140,302,8056.153
0,140,303,8056.153
0,140,304,8056.153
0,140,305,8056.153
0,140,306,8056.153
0,140,307,8056.153
0,140,308,8056.153
0,140,309,8056.153
0,140,310,8056.153
0,140,311,8056.153
0,140,312,8056.153
0,140,313,8056.153
0,140,314,8056.153
0,140,315,8056.153
0,140,316,8056.153
0,140,317,8056.153
0,140,318,8056.153
0,140,319,8056.153
0,140,320,8056.153
0,140,321,8056.153
0,140,322,8056.153
0,140,323,8056.153
0,140,324,8056.153
0,140,325,8056.153
0,140,326,8056.153
0,140,327,8056.153
0,140,328,8056.153
0,140,329,8056.153
0,140,330,8056.153
0,140,331,8056.153
0,140,332,8056.153
0,140,333,8056.153
0,140,334,8056.153
0,140,335,8056.153
0,140,336,8056.153
0,140,337,8056.153
0,140,338,8056.153
0,140,339,8056.153
0,140,340,8056.153
0,140,341,8056.153
0,140,342,8056.153
0,140,343,8056.153
0,140,344,8056.153
0,140,345,8056.153
0,140,346,8056.153
0,140,347,8056.153
0,140,348,8056.153
0,140,349,8056.153
0,140,350,8056.153
0,140,351,8056.153
0,140,352,8056.153
0,140,353,8056.153
0,140,354,8056.153
0,140,355,8056.153
0,140,356,8056.153
0,140,357,8056.153
0,140,358,8056.153
0,140,359,8056.153
0,140,360,8056.153
0,141,1,7892.128
0,141,2,7892.128
0,141,3,7892.128
0,141,4,7892.128
0,141,5,7892.128
0,141,6,7892.128
0,141,7,7892.128
0,141,8,7892.128
0,141,9,7892.128
0,141,10,7892.128
0,141,11,7892.128
0,141,12,7892.128
0,141,13,7892.128
0,141,14,7892.128
0,141,15,7892.128
0,141,16,7892.128
0,141,17,7892.128
0,141,18,7892.128
0,141,19,7892.128
0,141,20,7892.128
0,141,21,7892.128
0,141,22,7892.128
0,141,23,7892.128
0,141,24,7892.128
0,141,25,7892.128
0,141,26,7892.128
0,141,27,7892.128
0,141,28,7892.128
0,141,29,7892.128
0,141,30,7892.128
0,141,31,7892.128
0,141,32,7892.128
0,141,33,7892.128
0,141,34,7892.128
0,141,35,7892.128
0,141,36,7892.128
0,141,37,7892.128
0,141,38,7892.128
0,141,39,7892.128
0,141,40,7892.128
0,141,41,7892.128
0,141,42,7892.128
0,141,43,7892.128
0,141,44,7892.128
0,141,45,7892.128
0,141,46,7892.128
0,141,47,7892.128
0,141,48,7892.128
0,141,49,7892.128
0,141,50,7892.128
0,141,51,7892.128
0,141,52,7892.128
0,141,53,7892.128
0,141,54,7892.128
0,141,55,7892.128
0,141,56,7892.128
0,141,57,7892.128
0,141,58,7892.128
0,141,59,7892.128
0,141,60,7892.128
0,141,61,7892.128
0,141,62,7892.128
0,141,63,7892.128
0,141,64,7892.128
0,141,65,7892.128
0,141,66,7892.128
0,141,67,7892.128
0,141,68,7892.128
0,141,69,7892.128
0,141,70,7892.128
0,141,71,7892.128
0,141,72,7892.128
0,141,73,7892.128
0,141,74,7892.128
0,141,75,7892.128
0,141,76,7892.128
0,141,77,7892.128
0,141,78,7892.128
0,141,79,7892.128
0,141,80,7892.128
0,141,81,7892.128
0,141,82,7892.128
0,141,83,7892.128
0,141,84,7892.128
0,141,85,7892.128
0,141,86,7892.128
0,141,87,7892.128
0,141,88,7892.128
0,141,89,7892.128
0,141,90,7892.128
0,141,91,7892.128
0,141,92,7892.128
0,141,93,7892.128
0,141,94,7892.128
0,141,95,7892.128
0,141,96,7892.128
0,141,97,7892.128
0,141,98,7892.128
0,141,99,7892.128
0,141,100,7892.128
0,141,101,7892.128
13,141,102,7892.128
13,141,103,7892.128
13,141,104,7892.128
13,141,105,7892.128
13,141,106,7892.128
14,141,112,7892.128
14,141,113,7892.128
14,141,114,7892.128
14,141,115,7892.128
14,141,116,7892.128
14,141,117,7892.128
14,141,118,7892.128
14,141,119,7892.128
14,141,120,7892.128
14,141,121,7892.128
14,141,122,7892.128
14,141,123,7892.128
0,141,124,7892.128
0,141,125,7892.128
0,141,126,7892.128
0,141,127,7892.128
0,141,128,7892.128
0,141,129,7892.128
0,141,130,7892.128
0,141,131,7892.128
0,141,132,7892.128
0,141,133,7892.128
0,141,134,7892.128
0,141,135,7892.128
0,141,136,7892.128
0,141,137,7892.128
0,141,138,7892.128
0,141,139,7892.128
0,141,140,7892.128
0,141,141,7892.128
0,141,142,7892.128
0,141,143,7892.128
0,141,144,7892.128
0,141,145,7892.128
0,141,146,7892.128
0,141,147,7892.128
0,141,148,7892.128
0,141,149,7892.128
0,141,150,7892.128
0,141,151,7892.128
0,141,152,7892.128
0,141,153,7892.128
0,141,154,7892.128
0,141,155,7892.128
0,141,156,7892.128
0,141,157,7892.128
0,141,158,7892.128
0,141,159,7892.128
0,141,160,7892.128
0,141,161,7892.128
0,141,162,7892.128
0,141,163,7892.128
0,141,164,7892.128
0,141,165,7892.128
0,141,166,7892.128
0,141,167,7892.128
0,141,168,7892.128
0,141,169,7892.128
0,141,170,7892.128
0,141,171,7892.128
0,141,172,7892.128
0,141,173,7892.128
0,141,174,7892.128
0,141,175,7892.128
0,141,176,7892.128
0,141,177,7892.128
0,141,178,7892.128
0,141,179,7892.128
0,141,180,7892.128
0,141,181,7892.128
0,141,182,7892.128
0,141,183,7892.128
0,141,184,7892.128
0,141,185,7892.128
0,141,186,7892.128
0,141,187,7892.128
0,141,188,7892.128
0,141,189,7892.128
0,141,190,7892.128
0,141,191,7892.128
0,141,192,7892.128
0,141,193,7892.128
0,141,194,7892.128
0,141,195,7892.128
0,141,196,7892.128
0,141,197,7892.128
0,141,198,7892.128
0,141,199,7892.128
0,141,200,7892.128
0,141,201,7892.128
0,141,202,7892.128
0,141,203,7892.128
0,141,204,7892.128
0,141,205,7892.128
0,141,206,7892.128
0,141,207,7892.128
0,141,208,7892.128
0,141,209,7892.128
0,141,210,7892.128
0,141,211,7892.128
0,141,212,7892.128
0,141,213,7892.128
0,141,214,7892.128
0,141,215,7892.128
0,141,216,7892.128
0,141,217,7892.128
0,141,218,7892.128
0,141,219,7892.128
0,141,220,7892.128
0,141,221,7892.128
0,141,222,7892.128
0,141,223,7892.128
0,141,224,7892.128
0,141,225,7892.128
0,141,226,7892.128
0,141,227,7892.128
0,141,228,7892.128
0,141,229,7892.128
0,141,230,7892.128
0,141,231,7892.128
0,141,232,7892.128
0,141,233,7892.128
0,141,234,7892.128
0,141,235,7892.128
0,141,236,7892.128
0,141,237,7892.128
0,141,238,7892.128
0,141,239,7892.128
0,141,240,7892.128
0,141,241,7892.128
0,141,242,7892.128
0,141,243,7892.128
0,141,244,7892.128
0,141,245,7892.128
0,141,246,7892.128
0,141,247,7892.128
0,141,248,7892.128
0,141,249,7892.128
0,141,250,7892.128
0,141,251,7892.128
0,141,252,7892.128
0,141,253,7892.128
0,141,254,7892.128
0,141,255,7892.128
0,141,256,7892.128
0,141,257,7892.128
0,141,258,7892.128
0,141,259,7892.128
0,141,260,7892.128
0,141,261,7892.128
0,141,262,7892.128
0,141,263,7892.128
0,141,264,7892.128
0,141,265,7892.128
0,141,266,7892.128
0,141,267,7892.128
0,141,268,7892.128
0,141,269,7892.128
0,141,270,7892.128
0,141,271,7892.128
0,141,272,7892.128
0,141,273,7892.128
0,141,274,7892.128
0,141,275,7892.128
0,141,276,7892.128
0,141,277,7892.128
0,141,278,7892.128
0,141,279,7892.128
0,141,280,7892.128
0,141,281,7892.128
0,141,282,7892.128
0,141,283,7892.128
0,141,284,7892.128
0,141,285,7892.128
0,141,286,7892.128
0,141,287,7892.128
0,141,288,7892.128
0,141,289,7892.128
0,141,290,7892.128
0,141,291,7892.128
0,141,292,7892.128
0,141,293,7892.128
0,141,294,7892.128
0,141,295,7892.128
0,141,296,7892.128
0,141,297,7892.128
0,141,298,7892.128
0,141,299,7892.128
0,141,300,7892.128
0,141,301,7892.128
0,141,302,7892.128
0,141,303,7892.128
0,141,304,7892.128
0,141,305,7892.128
0,141,306,7892.128
0,141,307,7892.128
0,141,308,7892.128
0,141,309,7892.128
0,141,310,7892.128
0,141,311,7892.128
0,141,312,7892.128
0,141,313,7892.128
0,141,314,7892.128
0,141,315,7892.128
0,141,316,7892.128
0,141,317,7892.128
0,141,318,7892.128
0,141,319,7892.128
0,141,320,7892.128
0,141,321,7892.128
0,141,322,7892.128
0,141,323,7892.128
0,141,324,7892.128
0,141,325,7892.128
0,141,326,7892.128
0,141,327,7892.128
0,141,328,7892.128
0,141,329,7892.128
0,141,330,7892.128
0,141,331,7892.128
0,141,332,7892.128
0,141,333,7892.128
0,141,334,7892.128
0,141,335,7892.128
0,141,336,7892.128
0,141,337,7892.128
0,141,338,7892.128
0,141,339,7892.128
0,141,340,7892.128
0,141,341,7892.128
0,141,342,7892.128
0,141,343,7892.128
0,141,344,7892.128
0,141,345,7892.128
0,141,346,7892.128
0,141,347,7892.128
0,141,348,7892.128
0,141,349,7892.128
0,141,350,7892.128
0,141,351,7892.128
0,141,352,7892.128
0,141,353,7892.128
0,141,354,7892.128
0,141,355,7892.128
0,141,356,7892.128
0,141,357,7892.128
0,141,358,7892.128
0,141,359,7892.128
0,141,360,7892.128
0,142,1,7725.611
0,142,2,7725.611
0,142,3,7725.611
0,142,4,7725.611
0,142,5,7725.611
0,142,6,7725.611
0,142,7,7725.611
0,142,8,7725.611
0,142,9,7725.611
0,142,10,7725.611
0,142,11,7725.611
0,142,12,7725.611
0,142,13,7725.611
0,142,14,7725.611
0,142,15,7725.611
0,142,16,7725.611
0,142,17,7725.611
0,142,18,7725.611
0,142,19,7725.611
0,142,20,7725.611
0,142,21,7725.611
0,142,22,7725.611
0,142,23,7725.611
0,142,24,7725.611
0,142,25,7725.611
0,142,26,7725.611
0,142,27,7725.611
0,142,28,7725.611
0,142,29,7725.611
0,142,30,7725.611
0,142,31,7725.611
0,142,32,7725.611
0,142,33,7725.611
0,142,34,7725.611
0,142,35,7725.611
0,142,36,7725.611
0,142,37,7725.611
0,142,38,7725.611
0,142,39,7725.611
0,142,40,7725.611
0,142,41,7725.611
0,142,42,7725.611
0,142,43,7725.611
0,142,44,7725.611
0,142,45,7725.611
0,142,46,7725.611
0,142,47,7725.611
0,142,48,7725.611
0,142,49,7725.611
0,142,50,7725.611
0,142,51,7725.611
0,142,52,7725.611
0,142,53,7725.611
0,142,54,7725.611
0,142,55,7725.611
0,142,56,7725.611
0,142,57,7725.611
0,142,58,7725.611
0,142,59,7725.611
0,142,60,7725.611
0,142,61,7725.611
0,142,62,7725.611
0,142,63,7725.611
0,142,64,7725.611
0,142,65,7725.611
0,142,66,7725.611
0,142,67,7725.611
0,142,68,7725.611
0,142,69,7725.611
0,142,70,7725.611
0,142,71,7725.611
0,142,72,7725.611
0,142,73,7725.611
0,142,74,7725.611
0,142,75,7725.611
0,142,76,7725.611
0,142,77,7725.611
0,142,78,7725.611
0,142,79,7725.611
0,142,80,7725.611
0,142,81,7725.611
0,142,82,7725.611
0,142,83,7725.611
0,142,84,7725.611
0,142,85,7725.611
0,142,86,7725.611
0,142,87,7725.611
0,142,88,7725.611
0,142,89,7725.611
0,142,90,7725.611
0,142,91,7725.611
0,142,92,7725.611
0,142,93,7725.611
0,142,94,7725.611
0,142,95,7725.611
0,142,96,7725.611
0,142,97,7725.611
0,142,98,7725.611
0,142,99,7725.611
0,142,100,7725.611
0,142,101,7725.611
0,142,102,7725.611
13,142,103,7725.611
13,142,104,7725.611
13,142,105,7725.611
13,142,106,7725.611
14,142,112,7725.611
14,142,113,7725.611
14,142,114,7725.611
14,142,115,7725.611
14,142,116,7725.611
14,142,117,7725.611
14,142,118,7725.611
14,142,119,7725.611
14,142,120,7725.611
14,142,121,7725.611
14,142,122,7725.611
0,142,123,7725.611
0,142,124,7725.611
0,142,125,7725.611
0,142,126,7725.611
0,142,127,7725.611
0,142,128,7725.611
0,142,129,7725.611
0,142,130,7725.611
0,142,131,7725.611
0,142,132,7725.611
0,142,133,7725.611
0,142,134,7725.611
0,142,135,7725.611
0,142,136,7725.611
0,142,137,7725.611
0,142,138,7725.611
0,142,139,7725.611
0,142,140,7725.611
0,142,141,7725.611
0,142,142,7725.611
0,142,143,7725.611
0,142,144,7725.611
0,142,145,7725.611
0,142,146,7725.611
0,142,147,7725.611
0,142,148,7725.611
0,142,149,7725.611
0,142,150,7725.611
0,142,151,7725.611
0,142,152,7725.611
0,142,153,7725.611
0,142,154,7725.611
0,142,155,7725.611
0,142,156,7725.611
0,142,157,7725.611
0,142,158,7725.611
0,142,159,7725.611
0,142,160,7725.611
0,142,161,7725.611
0,142,162,7725.611
0,142,163,7725.611
0,142,164,7725.611
0,142,165,7725.611
0,142,166,7725.611
0,142,167,7725.611
0,142,168,7725.611
0,142,169,7725.611
0,142,170,7725.611
0,142,171,7725.611
0,142,172,7725.611
0,142,173,7725.611
0,142,174,7725.611
0,142,175,7725.611
0,142,176,7725.611
0,142,177,7725.611
0,142,178,7725.611
0,142,179,7725.611
0,142,180,7725.611
0,142,181,7725.611
0,142,182,7725.611
0,142,183,7725.611
0,142,184,7725.611
0,142,185,7725.611
0,142,186,7725.611
0,142,187,7725.611
0,142,188,7725.611
0,142,189,7725.611
0,142,190,7725.611
0,142,191,7725.611
0,142,192,7725.611
0,142,193,7725.611
0,142,194,7725.611
0,142,195,7725.611
0,142,196,7725.611
0,142,197,7725.611
0,142,198,7725.611
0,142,199,7725.611
0,142,200,7725.611
0,142,201,7725.611
0,142,202,7725.611
0,142,203,7725.611
0,142,204,7725.611
0,142,205,7725.611
0,142,206,7725.611
0,142,207,7725.611
0,142,208,7725.611
0,142,209,7725.611
0,142,210,7725.611
0,142,211,7725.611
0,142,212,7725.611
0,142,213,7725.611
0,142,214,7725.611
0,142,215,7725.611
0,142,216,7725.611
0,142,217,7725.611
0,142,218,7725.611
0,142,219,7725.611
0,142,220,7725.611
0,142,221,7725.611
0,142,222,7725.611
0,142,223,7725.611
0,142,224,7725.611
0,142,225,7725.611
0,142,226,7725.611
0,142,227,7725.611
0,142,228,7725.611
0,142,229,7725.611
0,142,230,7725.611
0,142,231,7725.611
0,142,232,7725.611
0,142,233,7725.611
0,142,234,7725.611
0,142,235,7725.611
0,142,236,7725.611
0,142,237,7725.611
0,142,238,7725.611
0,142,239,7725.611
0,142,240,7725.611
0,142,241,7725.611
0,142,242,7725.611
0,142,243,7725.611
0,142,244,7725.611
0,142,245,7725.611
0,142,246,7725.611
0,142,247,7725.611
0,142,248,7725.611
0,142,249,7725.611
0,142,250,7725.611
0,142,251,7725.611
0,142,252,7725.611
0,142,253,7725.611
0,142,254,7725.611
0,142,255,7725.611
0,142,256,7725.611
0,142,257,7725.611
0,142,258,7725.611
0,142,259,7725.611
0,142,260,7725.611
0,142,261,7725.611
0,142,262,7725.611
0,142,263,7725.611
0,142,264,7725.611
0,142,265,7725.611
0,142,266,7725.611
0,142,267,7725.611
0,142,268,7725.611
0,142,269,7725.611
0,142,270,7725.611
0,142,271,7725.611
0,142,272,7725.611
0,142,273,7725.611
0,142,274,7725.611
0,142,275,7725.611
0,142,276,7725.611
0,142,277,7725.611
0,142,278,7725.611
0,142,279,7725.611
0,142,280,7725.611
0,142,281,7725.611
0,142,282,7725.611
0,142,283,7725.611
0,142,284,7725.611
0,142,285,7725.611
0,142,286,7725.611
0,142,287,7725.611
0,142,288,7725.611
0,142,289,7725.611
0,142,290,7725.611
0,142,291,7725.611
0,142,292,7725.611
0,142,293,7725.611
0,142,294,7725.611
0,142,295,7725.611
0,142,296,7725.611
0,142,297,7725.611
0,142,298,7725.611
0,142,299,7725.611
0,142,300,7725.611
0,142,301,7725.611
0,142,302,7725.611
0,142,303,7725.611
0,142,304,7725.611
0,142,305,7725.611
0,142,306,7725.611
0,142,307,7725.611
0,142,308,7725.611
0,142,309,7725.611
0,142,310,7725.611
0,142,311,7725.611
0,142,312,7725.611
0,142,313,7725.611
0,142,314,7725.611
0,142,315,7725.611
0,142,316,7725.611
0,142,317,7725.611
0,142,318,7725.611
0,142,319,7725.611
0,142,320,7725.611
0,142,321,7725.611
0,142,322,7725.611
0,142,323,7725.611
0,142,324,7725.611
0,142,325,7725.611
0,142,326,7725.611
0,142,327,7725.611
0,142,328,7725.611
0,142,329,7725.611
0,142,330,7725.611
0,142,331,7725.611
0,142,332,7725.611
0,142,333,7725.611
0,142,334,7725.611
0,142,335,7725.611
0,142,336,7725.611
0,142,337,7725.611
0,142,338,7725.611
0,142,339,7725.611
0,142,340,7725.611
0,142,341,7725.611
0,142,342,7725.611
0,142,343,7725.611
0,142,344,7725.611
0,142,345,7725.611
0,142,346,7725.611
0,142,347,7725.611
0,142,348,7725.611
0,142,349,7725.611
0,142,350,7725.611
0,142,351,7725.611
0,142,352,7725.611
0,142,353,7725.611
0,142,354,7725.611
0,142,355,7725.611
0,142,356,7725.611
0,142,357,7725.611
0,142,358,7725.611
0,142,359,7725.611
0,142,360,7725.611
0,143,1,7556.649
0,143,2,7556.649
0,143,3,7556.649
0,143,4,7556.649
0,143,5,7556.649
0,143,6,7556.649
0,143,7,7556.649
0,143,8,7556.649
0,143,9,7556.649
0,143,10,7556.649
0,143,11,7556.649
0,143,12,7556.649
0,143,13,7556.649
0,143,14,7556.649
0,143,15,7556.649
0,143,16,7556.649
0,143,17,7556.649
0,143,18,7556.649
0,143,19,7556.649
0,143,20,7556.649
0,143,21,7556.649
0,143,22,7556.649
0,143,23,7556.649
0,143,24,7556.649
0,143,25,7556.649
0,143,26,7556.649
0,143,27,7556.649
0,143,28,7556.649
0,143,29,7556.649
0,143,30,7556.649
0,143,31,7556.649
0,143,32,7556.649
0,143,33,7556.649
0,143,34,7556.649
0,143,35,7556.649
0,143,36,7556.649
0,143,37,7556.649
0,143,38,7556.649
0,143,39,7556.649
0,143,40,7556.649
0,143,41,7556.649
0,143,42,7556.649
0,143,43,7556.649
0,143,44,7556.649
0,143,45,7556.649
0,143,46,7556.649
0,143,47,7556.649
0,143,48,7556.649
0,143,49,7556.649
0,143,50,7556.649
0,143,51,7556.649
0,143,52,7556.649
0,143,53,7556.649
0,143,54,7556.649
0,143,55,7556.649
0,143,56,7556.649
0,143,57,7556.649
0,143,58,7556.649
0,143,59,7556.649
0,143,60,7556.649
0,143,61,7556.649
0,143,62,7556.649
0,143,63,7556.649
0,143,64,7556.649
0,143,65,7556.649
0,143,66,7556.649
0,143,67,7556.649
0,143,68,7556.649
0,143,69,7556.649
0,143,70,7556.649
0,143,71,7556.649
0,143,72,7556.649
0,143,73,7556.649
0,143,74,7556.649
0,143,75,7556.649
0,143,76,7556.649
0,143,77,7556.649
0,143,78,7556.649
0,143,79,7556.649
0,143,80,7556.649
0,143,81,7556.649
0,143,82,7556.649
0,143,83,7556.649
0,143,84,7556.649
0,143,85,7556.649
0,143,86,7556.649
0,143,87,7556.649
0,143,88,7556.649
0,143,89,7556.649
0,143,90,7556.649
0,143,91,7556.649
0,143,92,7556.649
0,143,93,7556.649
0,143,94,7556.649
0,143,95,7556.649
0,143,96,7556.649
0,143,97,7556.649
0,143,98,7556.649
0,143,99,7556.649
0,143,100,7556.649
0,143,101,7556.649
0,143,102,7556.649
13,143,103,7556.649
13,143,104,7556.649
13,143,105,7556.649
13,143,106,7556.649
13,143,107,7556.649
14,143,113,7556.649
14,143,114,7556.649
14,143,115,7556.649
14,143,116,7556.649
14,143,117,7556.649
14,143,118,7556.649
14,143,119,7556.649
14,143,120,7556.649
14,143,121,7556.649
0,143,122,7556.649
0,143,123,7556.649
0,143,124,7556.649
0,143,125,7556.649
0,143,126,7556.649
0,143,127,7556.649
0,143,128,7556.649
0,143,129,7556.649
0,143,130,7556.649
0,143,131,7556.649
0,143,132,7556.649
0,143,133,7556.649
0,143,134,7556.649
0,143,135,7556.649
0,143,136,7556.649
0,143,137,7556.649
0,143,138,7556.649
0,143,139,7556.649
0,143,140,7556.649
0,143,141,7556.649
0,143,142,7556.649
0,143,143,7556.649
0,143,144,7556.649
0,143,145,7556.649
0,143,146,7556.649
0,143,147,7556.649
0,143,148,7556.649
0,143,149,7556.649
0,143,150,7556.649
0,143,151,7556.649
0,143,152,7556.649
0,143,153,7556.649
0,143,154,7556.649
0,143,155,7556.649
0,143,156,7556.649
0,143,157,7556.649
0,143,158,7556.649
0,143,159,7556.649
0,143,160,7556.649
0,143,161,7556.649
0,143,162,7556.649
0,143,163,7556.649
0,143,164,7556.649
0,143,165,7556.649
0,143,166,7556.649
0,143,167,7556.649
0,143,168,7556.649
0,143,169,7556.649
0,143,170,7556.649
0,143,171,7556.649
0,143,172,7556.649
0,143,173,7556.649
0,143,174,7556.649
0,143,175,7556.649
0,143,176,7556.649
0,143,177,7556.649
0,143,178,7556.649
0,143,179,7556.649
0,143,180,7556.649
0,143,181,7556.649
0,143,182,7556.649
0,143,183,7556.649
0,143,184,7556.649
0,143,185,7556.649
0,143,186,7556.649
0,143,187,7556.649
0,143,188,7556.649
0,143,189,7556.649
0,143,190,7556.649
0,143,191,7556.649
0,143,192,7556.649
0,143,193,7556.649
0,143,194,7556.649
0,143,195,7556.649
0,143,196,7556.649
0,143,197,7556.649
0,143,198,7556.649
0,143,199,7556.649
0,143,200,7556.649
0,143,201,7556.649
0,143,202,7556.649
0,143,203,7556.649
0,143,204,7556.649
0,143,205,7556.649
0,143,206,7556.649
0,143,207,7556.649
0,143,208,7556.649
0,143,209,7556.649
0,143,210,7556.649
0,143,211,7556.649
0,143,212,7556.649
0,143,213,7556.649
0,143,214,7556.649
0,143,215,7556.649
0,143,216,7556.649
0,143,217,7556.649
0,143,218,7556.649
0,143,219,7556.649
0,143,220,7556.649
0,143,221,7556.649
0,143,222,7556.649
0,143,223,7556.649
0,143,224,7556.649
0,143,225,7556.649
0,143,226,7556.649
0,143,227,7556.649
0,143,228,7556.649
0,143,229,7556.649
0,143,230,7556.649
0,143,231,7556.649
0,143,232,7556.649
0,143,233,7556.649
0,143,234,7556.649
0,143,235,7556.649
0,143,236,7556.649
0,143,237,7556.649
0,143,238,7556.649
0,143,239,7556.649
0,143,240,7556.649
0,143,241,7556.649
0,143,242,7556.649
0,143,243,7556.649
0,143,244,7556.649
0,143,245,7556.649
0,143,246,7556.649
0,143,247,7556.649
0,143,248,7556.649
0,143,249,7556.649
0,143,250,7556.649
0,143,251,7556.649
0,143,252,7556.649
0,143,253,7556.649
0,143,254,7556.649
0,143,255,7556.649
0,143,256,7556.649
0,143,257,7556.649
0,143,258,7556.649
0,143,259,7556.649
0,143,260,7556.649
0,143,261,7556.649
0,143,262,7556.649
0,143,263,7556.649
0,143,264,7556.649
0,143,265,7556.649
0,143,266,7556.649
0,143,267,7556.649
0,143,268,7556.649
0,143,269,7556.649
0,143,270,7556.649
0,143,271,7556.649
0,143,272,7556.649
0,143,273,7556.649
0,143,274,7556.649
0,143,275,7556.649
0,143,276,7556.649
0,143,277,7556.649
0,143,278,7556.649
0,143,279,7556.649
0,143,280,7556.649
0,143,281,7556.649
0,143,282,7556.649
0,143,283,7556.649
0,143,284,7556.649
0,143,285,7556.649
0,143,286,7556.649
0,143,287,7556.649
0,143,288,7556.649
0,143,289,7556.649
0,143,290,7556.649
0,143,291,7556.649
0,143,292,7556.649
0,143,293,7556.649
0,143,294,7556.649
0,143,295,7556.649
0,143,296,7556.649
0,143,297,7556.649
0,143,298,7556.649
0,143,299,7556.649
0,143,300,7556.649
0,143,301,7556.649
0,143,302,7556.649
0,143,303,7556.649
0,143,304,7556.649
0,143,305,7556.649
0,143,306,7556.649
0,143,307,7556.649
0,143,308,7556.649
0,143,309,7556.649
0,143,310,7556.649
0,143,311,7556.649
0,143,312,7556.649
0,143,313,7556.649
0,143,314,7556.649
0,143,315,7556.649
0,143,316,7556.649
0,143,317,7556.649
0,143,318,7556.649
0,143,319,7556.649
0,143,320,7556.649
0,143,321,7556.649
0,143,322,7556.649
0,143,323,7556.649
0,143,324,7556.649
0,143,325,7556.649
0,143,326,7556.649
0,143,327,7556.649
0,143,328,7556.649
0,143,329,7556.649
0,143,330,7556.649
0,143,331,7556.649
0,143,332,7556.649
0,143,333,7556.649
0,143,334,7556.649
0,143,335,7556.649
0,143,336,7556.649
0,143,337,7556.649
0,143,338,7556.649
0,143,339,7556.649
0,143,340,7556.649
0,143,341,7556.649
0,143,342,7556.649
0,143,343,7556.649
0,143,344,7556.649
0,143,345,7556.649
0,143,346,7556.649
0,143,347,7556.649
0,143,348,7556.649
0,143,349,7556.649
0,143,350,7556.649
0,143,351,7556.649
0,143,352,7556.649
0,143,353,7556.649
0,143,354,7556.649
0,143,355,7556.649
0,143,356,7556.649
0,143,357,7556.649
0,143,358,7556.649
0,143,359,7556.649
0,143,360,7556.649
0,144,1,7385.292
0,144,2,7385.292
0,144,3,7385.292
0,144,4,7385.292
0,144,5,7385.292
0,144,6,7385.292
0,144,7,7385.292
0,144,8,7385.292
0,144,9,7385.292
0,144,10,7385.292
0,144,11,7385.292
0,144,12,7385.292
0,144,13,7385.292
0,144,14,7385.292
0,144,15,7385.292
0,144,16,7385.292
0,144,17,7385.292
0,144,18,7385.292
0,144,19,7385.292
0,144,20,7385.292
0,144,21,7385.292
0,144,22,7385.292
0,144,23,7385.292
0,144,24,7385.292
0,144,25,7385.292
0,144,26,7385.292
0,144,27,7385.292
0,144,28,7385.292
0,144,29,7385.292
0,144,30,7385.292
0,144,31,7385.292
0,144,32,7385.292
0,144,33,7385.292
0,144,34,7385.292
0,144,35,7385.292
0,144,36,7385.292
0,144,37,7385.292
0,144,38,7385.292
0,144,39,7385.292
0,144,40,7385.292
0,144,41,7385.292
0,144,42,7385.292
0,144,43,7385.292
0,144,44,7385.292
0,144,45,7385.292
0,144,46,7385.292
0,144,47,7385.292
0,144,48,7385.292
0,144,49,7385.292
0,144,50,7385.292
0,144,51,7385.292
0,144,52,7385.292
0,144,53,7385.292
0,144,54,7385.292
0,144,55,7385.292
0,144,56,7385.292
0,144,57,7385.292
0,144,58,7385.292
0,144,59,7385.292
0,144,60,7385.292
0,144,61,7385.292
0,144,62,7385.292
0,144,63,7385.292
0,144,64,7385.292
0,144,65,7385.292
0,144,66,7385.292
0,144,67,7385.292
0,144,68,7385.292
0,144,69,7385.292
0,144,70,7385.292
0,144,71,7385.292
0,144,72,7385.292
0,144,73,7385.292
0,144,74,7385.292
0,144,75,7385.292
0,144,76,7385.292
0,144,77,7385.292
0,144,78,7385.292
0,144,79,7385.292
0,144,80,7385.292
0,144,81,7385.292
0,144,82,7385.292
0,144,83,7385.292
0,144,84,7385.292
0,144,85,7385.292
0,144,86,7385.292
0,144,87,7385.292
0,144,88,7385.292
0,144,89,7385.292
0,144,90,7385.292
0,144,91,7385.292
0,144,92,7385.292
0,144,93,7385.292
0,144,94,7385.292
0,144,95,7385.292
0,144,96,7385.292
0,144,97,7385.292
0,144,98,7385.292
0,144,99,7385.292
0,144,100,7385.292
0,144,101,7385.292
0,144,102,7385.292
13,144,103,7385.292
13,144,104,7385.292
13,144,105,7385.292
13,144,106,7385.292
13,144,107,7385.292
13,144,108,7385.292
13,144,110,7385.292
14,144,114,7385.292
14,144,115,7385.292
14,144,116,7385.292
14,144,117,7385.292
14,144,118,7385.292
14,144,119,7385.292
14,144,120,7385.292
14,144,121,7385.292
14,144,122,7385.292
0,144,123,7385.292
0,144,124,7385.292
0,144,125,7385.292
0,144,126,7385.292
0,144,127,7385.292
0,144,128,7385.292
0,144,129,7385.292
0,144,130,7385.292
0,144,131,7385.292
0,144,132,7385.292
0,144,133,7385.292
0,144,134,7385.292
0,144,135,7385.292
0,144,136,7385.292
0,144,137,7385.292
0,144,138,7385.292
0,144,139,7385.292
0,144,140,7385.292
0,144,141,7385.292
0,144,142,7385.292
0,144,143,7385.292
0,144,144,7385.292
0,144,145,7385.292
0,144,146,7385.292
0,144,147,7385.292
0,144,148,7385.292
0,144,149,7385.292
0,144,150,7385.292
0,144,151,7385.292
0,144,152,7385.292
0,144,153,7385.292
0,144,154,7385.292
0,144,155,7385.292
0,144,156,7385.292
0,144,157,7385.292
0,144,158,7385.292
0,144,159,7385.292
0,144,160,7385.292
0,144,161,7385.292
0,144,162,7385.292
0,144,163,7385.292
0,144,164,7385.292
0,144,165,7385.292
0,144,166,7385.292
0,144,167,7385.292
0,144,168,7385.292
0,144,169,7385.292
0,144,170,7385.292
0,144,171,7385.292
0,144,172,7385.292
0,144,173,7385.292
0,144,174,7385.292
0,144,175,7385.292
0,144,176,7385.292
0,144,177,7385.292
0,144,178,7385.292
0,144,179,7385.292
0,144,180,7385.292
0,144,181,7385.292
0,144,182,7385.292
0,144,183,7385.292
0,144,184,7385.292
0,144,185,7385.292
0,144,186,7385.292
0,144,187,7385.292
0,144,188,7385.292
0,144,189,7385.292
0,144,190,7385.292
0,144,191,7385.292
0,144,192,7385.292
0,144,193,7385.292
0,144,194,7385.292
0,144,195,7385.292
0,144,196,7385.292
0,144,197,7385.292
0,144,198,7385.292
0,144,199,7385.292
0,144,200,7385.292
0,144,201,7385.292
0,144,202,7385.292
0,144,203,7385.292
0,144,204,7385.292
0,144,205,7385.292
0,144,206,7385.292
0,144,207,7385.292
0,144,208,7385.292
0,144,209,7385.292
0,144,210,7385.292
0,144,211,7385.292
0,144,212,7385.292
0,144,213,7385.292
0,144,214,7385.292
0,144,215,7385.292
0,144,216,7385.292
0,144,217,7385.292
0,144,218,7385.292
0,144,219,7385.292
0,144,220,7385.292
0,144,221,7385.292
0,144,222,7385.292
0,144,223,7385.292
0,144,224,7385.292
0,144,225,7385.292
0,144,226,7385.292
0,144,227,7385.292
0,144,228,7385.292
0,144,229,7385.292
0,144,230,7385.292
0,144,231,7385.292
0,144,232,7385.292
0,144,233,7385.292
0,144,234,7385.292
0,144,235,7385.292
0,144,236,7385.292
0,144,237,7385.292
0,144,238,7385.292
0,144,239,7385.292
0,144,240,7385.292
0,144,241,7385.292
0,144,242,7385.292
0,144,243,7385.292
0,144,244,7385.292
0,144,245,7385.292
0,144,246,7385.292
0,144,247,7385.292
0,144,248,7385.292
0,144,249,7385.292
0,144,250,7385.292
0,144,251,7385.292
0,144,252,7385.292
0,144,253,7385.292
0,144,254,7385.292
0,144,255,7385.292
0,144,256,7385.292
0,144,257,7385.292
0,144,258,7385.292
0,144,259,7385.292
0,144,260,7385.292
0,144,261,7385.292
0,144,262,7385.292
0,144,263,7385.292
0,144,264,7385.292
0,144,265,7385.292
0,144,266,7385.292
0,144,267,7385.292
0,144,268,7385.292
0,144,269,7385.292
0,144,270,7385.292
0,144,271,7385.292
0,144,272,7385.292
0,144,273,7385.292
0,144,274,7385.292
0,144,275,7385.292
0,144,276,7385.292
0,144,277,7385.292
0,144,278,7385.292
0,144,279,7385.292
0,144,280,7385.292
0,144,281,7385.292
0,144,282,7385.292
0,144,283,7385.292
0,144,284,7385.292
0,144,285,7385.292
0,144,286,7385.292
0,144,287,7385.292
0,144,288,7385.292
0,144,289,7385.292
0,144,290,7385.292
0,144,291,7385.292
0,144,292,7385.292
0,144,293,7385.292
0,144,294,7385.292
0,144,295,7385.292
0,144,296,7385.292
0,144,297,7385.292
0,144,298,7385.292
0,144,299,7385.292
0,144,300,7385.292
0,144,301,7385.292
0,144,302,7385.292
0,144,303,7385.292
0,144,304,7385.292
0,144,305,7385.292
0,144,306,7385.292
0,144,307,7385.292
0,144,308,7385.292
0,144,309,7385.292
0,144,310,7385.292
0,144,311,7385.292
0,144,312,7385.292
0,144,313,7385.292
0,144,314,7385.292
0,144,315,7385.292
0,144,316,7385.292
0,144,317,7385.292
0,144,318,7385.292
0,144,319,7385.292
0,144,320,7385.292
0,144,321,7385.292
0,144,322,7385.292
0,144,323,7385.292
0,144,324,7385.292
0,144,325,7385.292
0,144,326,7385.292
0,144,327,7385.292
0,144,328,7385.292
0,144,329,7385.292
0,144,330,7385.292
0,144,331,7385.292
0,144,332,7385.292
0,144,333,7385.292
0,144,334,7385.292
0,144,335,7385.292
0,144,336,7385.292
0,144,337,7385.292
0,144,338,7385.292
0,144,339,7385.292
0,144,340,7385.292
0,144,341,7385.292
0,144,342,7385.292
0,144,343,7385.292
0,144,344,7385.292
0,144,345,7385.292
0,144,346,7385.292
0,144,347,7385.292
0,144,348,7385.292
0,144,349,7385.292
0,144,350,7385.292
0,144,351,7385.292
0,144,352,7385.292
0,144,353,7385.292
0,144,354,7385.292
0,144,355,7385.292
0,144,356,7385.292
0,144,357,7385.292
0,144,358,7385.292
0,144,359,7385.292
0,144,360,7385.292
0,145,1,7211.59
0,145,2,7211.59
0,145,3,7211.59
0,145,4,7211.59
0,145,5,7211.59
0,145,6,7211.59
0,145,7,7211.59
0,145,8,7211.59
0,145,9,7211.59
0,145,10,7211.59
0,145,11,7211.59
0,145,12,7211.59
0,145,13,7211.59
0,145,14,7211.59
0,145,15,7211.59
0,145,16,7211.59
0,145,17,7211.59
0,145,18,7211.59
0,145,19,7211.59
0,145,20,7211.59
0,145,21,7211.59
0,145,22,7211.59
0,145,23,7211.59
0,145,24,7211.59
0,145,25,7211.59
0,145,26,7211.59
0,145,27,7211.59
0,145,28,7211.59
0,145,29,7211.59
0,145,30,7211.59
0,145,31,7211.59
0,145,32,7211.59
0,145,33,7211.59
0,145,34,7211.59
0,145,35,7211.59
0,145,36,7211.59
0,145,37,7211.59
0,145,38,7211.59
0,145,39,7211.59
0,145,40,7211.59
0,145,41,7211.59
0,145,42,7211.59
0,145,43,7211.59
0,145,44,7211.59
0,145,45,7211.59
0,145,46,7211.59
0,145,47,7211.59
0,145,48,7211.59
0,145,49,7211.59
0,145,50,7211.59
0,145,51,7211.59
0,145,52,7211.59
0,145,53,7211.59
0,145,54,7211.59
0,145,55,7211.59
0,145,56,7211.59
0,145,57,7211.59
0,145,58,7211.59
0,145,59,7211.59
0,145,60,7211.59
0,145,61,7211.59
0,145,62,7211.59
0,145,63,7211.59
0,145,64,7211.59
0,145,65,7211.59
0,145,66,7211.59
0,145,67,7211.59
0,145,68,7211.59
0,145,69,7211.59
0,145,70,7211.59
0,145,71,7211.59
0,145,72,7211.59
0,145,73,7211.59
0,145,74,7211.59
0,145,75,7211.59
0,145,76,7211.59
0,145,77,7211.59
0,145,78,7211.59
0,145,79,7211.59
0,145,80,7211.59
0,145,81,7211.59
0,145,82,7211.59
0,145,83,7211.59
0,145,84,7211.59
0,145,85,7211.59
0,145,86,7211.59
0,145,87,7211.59
0,145,88,7211.59
0,145,89,7211.59
0,145,90,7211.59
0,145,91,7211.59
0,145,92,7211.59
0,145,93,7211.59
0,145,94,7211.59
0,145,95,7211.59
0,145,96,7211.59
0,145,97,7211.59
0,145,98,7211.59
0,145,99,7211.59
0,145,100,7211.59
0,145,101,7211.59
0,145,102,7211.59
0,145,103,7211.59
13,145,104,7211.59
13,145,105,7211.59
13,145,106,7211.59
13,145,107,7211.59
13,145,108,7211.59
13,145,109,7211.59
13,145,110,7211.59
0,145,115,7211.59
0,145,116,7211.59
0,145,117,7211.59
0,145,118,7211.59
0,145,119,7211.59
0,145,120,7211.59
0,145,121,7211.59
0,145,122,7211.59
14,145,123,7211.59
0,145,124,7211.59
0,145,125,7211.59
0,145,126,7211.59
0,145,127,7211.59
0,145,128,7211.59
0,145,129,7211.59
0,145,130,7211.59
0,145,131,7211.59
0,145,132,7211.59
0,145,133,7211.59
0,145,134,7211.59
0,145,135,7211.59
0,145,136,7211.59
0,145,137,7211.59
0,145,138,7211.59
0,145,139,7211.59
0,145,140,7211.59
0,145,141,7211.59
0,145,142,7211.59
0,145,143,7211.59
0,145,144,7211.59
0,145,145,7211.59
0,145,146,7211.59
0,145,147,7211.59
0,145,148,7211.59
0,145,149,7211.59
0,145,150,7211.59
0,145,151,7211.59
0,145,152,7211.59
0,145,153,7211.59
0,145,154,7211.59
0,145,155,7211.59
0,145,156,7211.59
0,145,157,7211.59
0,145,158,7211.59
0,145,159,7211.59
0,145,160,7211.59
0,145,161,7211.59
0,145,162,7211.59
0,145,163,7211.59
0,145,164,7211.59
0,145,165,7211.59
0,145,166,7211.59
0,145,167,7211.59
0,145,168,7211.59
0,145,169,7211.59
0,145,170,7211.59
0,145,171,7211.59
0,145,172,7211.59
0,145,173,7211.59
0,145,174,7211.59
0,145,175,7211.59
0,145,176,7211.59
0,145,177,7211.59
0,145,178,7211.59
0,145,179,7211.59
0,145,180,7211.59
0,145,181,7211.59
0,145,182,7211.59
0,145,183,7211.59
0,145,184,7211.59
0,145,185,7211.59
0,145,186,7211.59
0,145,187,7211.59
0,145,188,7211.59
0,145,189,7211.59
0,145,190,7211.59
0,145,191,7211.59
0,145,192,7211.59
0,145,193,7211.59
0,145,194,7211.59
0,145,195,7211.59
0,145,196,7211.59
0,145,197,7211.59
0,145,198,7211.59
0,145,199,7211.59
0,145,200,7211.59
0,145,201,7211.59
0,145,202,7211.59
0,145,203,7211.59
0,145,204,7211.59
0,145,205,7211.59
0,145,206,7211.59
0,145,207,7211.59
0,145,208,7211.59
0,145,209,7211.59
0,145,210,7211.59
0,145,211,7211.59
0,145,212,7211.59
0,145,213,7211.59
0,145,214,7211.59
0,145,215,7211.59
0,145,216,7211.59
0,145,217,7211.59
0,145,218,7211.59
0,145,219,7211.59
0,145,220,7211.59
0,145,221,7211.59
0,145,222,7211.59
0,145,223,7211.59
0,145,224,7211.59
0,145,225,7211.59
0,145,226,7211.59
0,145,227,7211.59
0,145,228,7211.59
0,145,229,7211.59
0,145,230,7211.59
0,145,231,7211.59
0,145,232,7211.59
0,145,233,7211.59
0,145,234,7211.59
0,145,235,7211.59
0,145,236,7211.59
0,145,237,7211.59
0,145,238,7211.59
0,145,239,7211.59
0,145,240,7211.59
0,145,241,7211.59
0,145,242,7211.59
0,145,243,7211.59
0,145,244,7211.59
0,145,245,7211.59
0,145,246,7211.59
0,145,247,7211.59
0,145,248,7211.59
0,145,249,7211.59
0,145,250,7211.59
0,145,251,7211.59
0,145,252,7211.59
0,145,253,7211.59
0,145,254,7211.59
0,145,255,7211.59
0,145,256,7211.59
0,145,257,7211.59
0,145,258,7211.59
0,145,259,7211.59
0,145,260,7211.59
0,145,261,7211.59
0,145,262,7211.59
0,145,263,7211.59
0,145,264,7211.59
0,145,265,7211.59
0,145,266,7211.59
0,145,267,7211.59
0,145,268,7211.59
0,145,269,7211.59
0,145,270,7211.59
0,145,271,7211.59
0,145,272,7211.59
0,145,273,7211.59
0,145,274,7211.59
0,145,275,7211.59
0,145,276,7211.59
0,145,277,7211.59
0,145,278,7211.59
0,145,279,7211.59
0,145,280,7211.59
0,145,281,7211.59
0,145,282,7211.59
0,145,283,7211.59
0,145,284,7211.59
0,145,285,7211.59
0,145,286,7211.59
0,145,287,7211.59
0,145,288,7211.59
0,145,289,7211.59
0,145,290,7211.59
0,145,291,7211.59
0,145,292,7211.59
0,145,293,7211.59
0,145,294,7211.59
0,145,295,7211.59
0,145,296,7211.59
0,145,297,7211.59
0,145,298,7211.59
0,145,299,7211.59
0,145,300,7211.59
0,145,301,7211.59
0,145,302,7211.59
0,145,303,7211.59
0,145,304,7211.59
0,145,305,7211.59
0,145,306,7211.59
0,145,307,7211.59
0,145,308,7211.59
0,145,309,7211.59
0,145,310,7211.59
0,145,311,7211.59
0,145,312,7211.59
0,145,313,7211.59
0,145,314,7211.59
0,145,315,7211.59
0,145,316,7211.59
0,145,317,7211.59
0,145,318,7211.59
0,145,319,7211.59
0,145,320,7211.59
0,145,321,7211.59
0,145,322,7211.59
0,145,323,7211.59
0,145,324,7211.59
0,145,325,7211.59
0,145,326,7211.59
0,145,327,7211.59
0,145,328,7211.59
0,145,329,7211.59
0,145,330,7211.59
0,145,331,7211.59
0,145,332,7211.59
0,145,333,7211.59
0,145,334,7211.59
0,145,335,7211.59
0,145,336,7211.59
0,145,337,7211.59
0,145,338,7211.59
0,145,339,7211.59
0,145,340,7211.59
0,145,341,7211.59
0,145,342,7211.59
0,145,343,7211.59
0,145,344,7211.59
0,145,345,7211.59
0,145,346,7211.59
0,145,347,7211.59
0,145,348,7211.59
0,145,349,7211.59
0,145,350,7211.59
0,145,351,7211.59
0,145,352,7211.59
0,145,353,7211.59
0,145,354,7211.59
0,145,355,7211.59
0,145,356,7211.59
0,145,357,7211.59
0,145,358,7211.59
0,145,359,7211.59
0,145,360,7211.59
0,146,1,7035.595
0,146,2,7035.595
0,146,3,7035.595
0,146,4,7035.595
0,146,5,7035.595
0,146,6,7035.595
0,146,7,7035.595
0,146,8,7035.595
0,146,9,7035.595
0,146,10,7035.595
0,146,11,7035.595
0,146,12,7035.595
0,146,13,7035.595
0,146,14,7035.595
0,146,15,7035.595
0,146,16,7035.595
0,146,17,7035.595
0,146,18,7035.595
0,146,19,7035.595
0,146,20,7035.595
0,146,21,7035.595
0,146,22,7035.595
0,146,23,7035.595
0,146,24,7035.595
0,146,25,7035.595
0,146,26,7035.595
0,146,27,7035.595
0,146,28,7035.595
0,146,29,7035.595
0,146,30,7035.595
0,146,31,7035.595
0,146,32,7035.595
0,146,33,7035.595
0,146,34,7035.595
0,146,35,7035.595
0,146,36,7035.595
0,146,37,7035.595
0,146,38,7035.595
0,146,39,7035.595
0,146,40,7035.595
0,146,41,7035.595
0,146,42,7035.595
0,146,43,7035.595
0,146,44,7035.595
0,146,45,7035.595
0,146,46,7035.595
0,146,47,7035.595
0,146,48,7035.595
0,146,49,7035.595
0,146,50,7035.595
0,146,51,7035.595
0,146,52,7035.595
0,146,53,7035.595
0,146,54,7035.595
0,146,55,7035.595
0,146,56,7035.595
0,146,57,7035.595
0,146,58,7035.595
0,146,59,7035.595
0,146,60,7035.595
0,146,61,7035.595
0,146,62,7035.595
0,146,63,7035.595
0,146,64,7035.595
0,146,65,7035.595
0,146,66,7035.595
0,146,67,7035.595
0,146,68,7035.595
0,146,69,7035.595
0,146,70,7035.595
0,146,71,7035.595
0,146,72,7035.595
0,146,73,7035.595
0,146,74,7035.595
0,146,75,7035.595
0,146,76,7035.595
0,146,77,7035.595
0,146,78,7035.595
0,146,79,7035.595
0,146,80,7035.595
0,146,81,7035.595
0,146,82,7035.595
0,146,83,7035.595
0,146,84,7035.595
0,146,85,7035.595
0,146,86,7035.595
0,146,87,7035.595
0,146,88,7035.595
0,146,89,7035.595
0,146,90,7035.595
0,146,91,7035.595
0,146,92,7035.595
0,146,93,7035.595
0,146,94,7035.595
0,146,95,7035.595
0,146,96,7035.595
0,146,97,7035.595
0,146,98,7035.595
0,146,99,7035.595
0,146,100,7035.595
0,146,101,7035.595
0,146,102,7035.595
0,146,103,7035.595
0,146,104,7035.595
13,146,105,7035.595
13,146,106,7035.595
13,146,107,7035.595
13,146,108,7035.595
13,146,109,7035.595
13,146,110,7035.595
13,146,111,7035.595
13,146,112,7035.595
13,146,113,7035.595
13,146,114,7035.595
0,146,115,7035.595
0,146,116,7035.595
0,146,117,7035.595
0,146,118,7035.595
0,146,119,7035.595
0,146,120,7035.595
0,146,121,7035.595
0,146,122,7035.595
0,146,123,7035.595
0,146,124,7035.595
0,146,125,7035.595
0,146,126,7035.595
0,146,127,7035.595
0,146,128,7035.595
0,146,129,7035.595
0,146,130,7035.595
0,146,131,7035.595
0,146,132,7035.595
0,146,133,7035.595
0,146,134,7035.595
0,146,135,7035.595
0,146,136,7035.595
0,146,137,7035.595
0,146,138,7035.595
0,146,139,7035.595
0,146,140,7035.595
0,146,141,7035.595
0,146,142,7035.595
0,146,143,7035.595
0,146,144,7035.595
0,146,145,7035.595
0,146,146,7035.595
0,146,147,7035.595
0,146,148,7035.595
0,146,149,7035.595
0,146,150,7035.595
0,146,151,7035.595
0,146,152,7035.595
0,146,153,7035.595
0,146,154,7035.595
0,146,155,7035.595
0,146,156,7035.595
0,146,157,7035.595
0,146,158,7035.595
0,146,159,7035.595
0,146,160,7035.595
0,146,161,7035.595
0,146,162,7035.595
0,146,163,7035.595
0,146,164,7035.595
0,146,165,7035.595
0,146,166,7035.595
0,146,167,7035.595
0,146,168,7035.595
0,146,169,7035.595
0,146,170,7035.595
0,146,171,7035.595
0,146,172,7035.595
0,146,173,7035.595
0,146,174,7035.595
0,146,175,7035.595
0,146,176,7035.595
0,146,177,7035.595
0,146,178,7035.595
0,146,179,7035.595
0,146,180,7035.595
0,146,181,7035.595
0,146,182,7035.595
0,146,183,7035.595
0,146,184,7035.595
0,146,185,7035.595
0,146,186,7035.595
0,146,187,7035.595
0,146,188,7035.595
0,146,189,7035.595
0,146,190,7035.595
0,146,191,7035.595
0,146,192,7035.595
0,146,193,7035.595
0,146,194,7035.595
0,146,195,7035.595
0,146,196,7035.595
0,146,197,7035.595
0,146,198,7035.595
0,146,199,7035.595
0,146,200,7035.595
0,146,201,7035.595
0,146,202,7035.595
0,146,203,7035.595
0,146,204,7035.595
0,146,205,7035.595
0,146,206,7035.595
0,146,207,7035.595
0,146,208,7035.595
0,146,209,7035.595
0,146,210,7035.595
0,146,211,7035.595
0,146,212,7035.595
0,146,213,7035.595
0,146,214,7035.595
0,146,215,7035.595
0,146,216,7035.595
0,146,217,7035.595
0,146,218,7035.595
0,146,219,7035.595
0,146,220,7035.595
0,146,221,7035.595
0,146,222,7035.595
0,146,223,7035.595
0,146,224,7035.595
0,146,225,7035.595
0,146,226,7035.595
0,146,227,7035.595
0,146,228,7035.595
0,146,229,7035.595
0,146,230,7035.595
0,146,231,7035.595
0,146,232,7035.595
0,146,233,7035.595
0,146,234,7035.595
0,146,235,7035.595
0,146,236,7035.595
0,146,237,7035.595
0,146,238,7035.595
0,146,239,7035.595
0,146,240,7035.595
0,146,241,7035.595
0,146,242,7035.595
0,146,243,7035.595
0,146,244,7035.595
0,146,245,7035.595
0,146,246,7035.595
0,146,247,7035.595
0,146,248,7035.595
0,146,249,7035.595
0,146,250,7035.595
0,146,251,7035.595
0,146,252,7035.595
0,146,253,7035.595
0,146,254,7035.595
0,146,255,7035.595
0,146,256,7035.595
0,146,257,7035.595
0,146,258,7035.595
0,146,259,7035.595
0,146,260,7035.595
0,146,261,7035.595
0,146,262,7035.595
0,146,263,7035.595
0,146,264,7035.595
0,146,265,7035.595
0,146,266,7035.595
0,146,267,7035.595
0,146,268,7035.595
0,146,269,7035.595
0,146,270,7035.595
0,146,271,7035.595
0,146,272,7035.595
0,146,273,7035.595
0,146,274,7035.595
0,146,275,7035.595
0,146,276,7035.595
0,146,277,7035.595
0,146,278,7035.595
0,146,279,7035.595
0,146,280,7035.595
0,146,281,7035.595
0,146,282,7035.595
0,146,283,7035.595
0,146,284,7035.595
0,146,285,7035.595
0,146,286,7035.595
0,146,287,7035.595
0,146,288,7035.595
0,146,289,7035.595
0,146,290,7035.595
0,146,291,7035.595
0,146,292,7035.595
0,146,293,7035.595
0,146,294,7035.595
0,146,295,7035.595
0,146,296,7035.595
0,146,297,7035.595
0,146,298,7035.595
0,146,299,7035.595
0,146,300,7035.595
0,146,301,7035.595
0,146,302,7035.595
0,146,303,7035.595
0,146,304,7035.595
0,146,305,7035.595
0,146,306,7035.595
0,146,307,7035.595
0,146,308,7035.595
0,146,309,7035.595
0,146,310,7035.595
0,146,311,7035.595
0,146,312,7035.595
0,146,313,7035.595
0,146,314,7035.595
0,146,315,7035.595
0,146,316,7035.595
0,146,317,7035.595
0,146,318,7035.595
0,146,319,7035.595
0,146,320,7035.595
0,146,321,7035.595
0,146,322,7035.595
0,146,323,7035.595
0,146,324,7035.595
0,146,325,7035.595
0,146,326,7035.595
0,146,327,7035.595
0,146,328,7035.595
0,146,329,7035.595
0,146,330,7035.595
0,146,331,7035.595
0,146,332,7035.595
0,146,333,7035.595
0,146,334,7035.595
0,146,335,7035.595
0,146,336,7035.595
0,146,337,7035.595
0,146,338,7035.595
0,146,339,7035.595
0,146,340,7035.595
0,146,341,7035.595
0,146,342,7035.595
0,146,343,7035.595
0,146,344,7035.595
0,146,345,7035.595
0,146,346,7035.595
0,146,347,7035.595
0,146,348,7035.595
0,146,349,7035.595
0,146,350,7035.595
0,146,351,7035.595
0,146,352,7035.595
0,146,353,7035.595
0,146,354,7035.595
0,146,355,7035.595
0,146,356,7035.595
0,146,357,7035.595
0,146,358,7035.595
0,146,359,7035.595
0,146,360,7035.595
0,147,1,6857.358
0,147,2,6857.358
0,147,3,6857.358
0,147,4,6857.358
0,147,5,6857.358
0,147,6,6857.358
0,147,7,6857.358
0,147,8,6857.358
0,147,9,6857.358
0,147,10,6857.358
0,147,11,6857.358
0,147,12,6857.358
0,147,13,6857.358
0,147,14,6857.358
0,147,15,6857.358
0,147,16,6857.358
0,147,17,6857.358
0,147,18,6857.358
0,147,19,6857.358
0,147,20,6857.358
0,147,21,6857.358
0,147,22,6857.358
0,147,23,6857.358
0,147,24,6857.358
0,147,25,6857.358
0,147,26,6857.358
0,147,27,6857.358
0,147,28,6857.358
0,147,29,6857.358
0,147,30,6857.358
0,147,31,6857.358
0,147,32,6857.358
0,147,33,6857.358
0,147,34,6857.358
0,147,35,6857.358
0,147,36,6857.358
0,147,37,6857.358
0,147,38,6857.358
0,147,39,6857.358
0,147,40,6857.358
0,147,41,6857.358
0,147,42,6857.358
0,147,43,6857.358
0,147,44,6857.358
0,147,45,6857.358
0,147,46,6857.358
0,147,47,6857.358
0,147,48,6857.358
0,147,49,6857.358
0,147,50,6857.358
0,147,51,6857.358
0,147,52,6857.358
0,147,53,6857.358
0,147,54,6857.358
0,147,55,6857.358
0,147,56,6857.358
0,147,57,6857.358
0,147,58,6857.358
0,147,59,6857.358
0,147,60,6857.358
0,147,61,6857.358
0,147,62,6857.358
0,147,63,6857.358
0,147,64,6857.358
0,147,65,6857.358
0,147,66,6857.358
0,147,67,6857.358
0,147,68,6857.358
0,147,69,6857.358
0,147,70,6857.358
0,147,71,6857.358
0,147,72,6857.358
0,147,73,6857.358
0,147,74,6857.358
0,147,75,6857.358
0,147,76,6857.358
0,147,77,6857.358
0,147,78,6857.358
0,147,79,6857.358
0,147,80,6857.358
0,147,81,6857.358
0,147,82,6857.358
0,147,83,6857.358
0,147,84,6857.358
0,147,85,6857.358
0,147,86,6857.358
0,147,87,6857.358
0,147,88,6857.358
0,147,89,6857.358
0,147,90,6857.358
0,147,91,6857.358
0,147,92,6857.358
0,147,93,6857.358
0,147,94,6857.358
0,147,95,6857.358
0,147,96,6857.358
0,147,97,6857.358
0,147,98,6857.358
0,147,99,6857.358
0,147,100,6857.358
0,147,101,6857.358
0,147,102,6857.358
0,147,103,6857.358
0,147,104,6857.358
0,147,105,6857.358
0,147,106,6857.358
13,147,107,6857.358
13,147,108,6857.358
13,147,109,6857.358
13,147,110,6857.358
13,147,111,6857.358
13,147,112,6857.358
13,147,113,6857.358
0,147,114,6857.358
0,147,115,6857.358
0,147,116,6857.358
0,147,117,6857.358
0,147,118,6857.358
0,147,119,6857.358
0,147,120,6857.358
0,147,121,6857.358
0,147,122,6857.358
0,147,123,6857.358
0,147,124,6857.358
0,147,125,6857.358
0,147,126,6857.358
0,147,127,6857.358
0,147,128,6857.358
0,147,129,6857.358
0,147,130,6857.358
0,147,131,6857.358
0,147,132,6857.358
0,147,133,6857.358
0,147,134,6857.358
0,147,135,6857.358
0,147,136,6857.358
0,147,137,6857.358
0,147,138,6857.358
0,147,139,6857.358
0,147,140,6857.358
0,147,141,6857.358
0,147,142,6857.358
0,147,143,6857.358
0,147,144,6857.358
0,147,145,6857.358
0,147,146,6857.358
0,147,147,6857.358
0,147,148,6857.358
0,147,149,6857.358
0,147,150,6857.358
0,147,151,6857.358
0,147,152,6857.358
0,147,153,6857.358
0,147,154,6857.358
0,147,155,6857.358
0,147,156,6857.358
0,147,157,6857.358
0,147,158,6857.358
0,147,159,6857.358
0,147,160,6857.358
0,147,161,6857.358
0,147,162,6857.358
0,147,163,6857.358
0,147,164,6857.358
0,147,165,6857.358
0,147,166,6857.358
0,147,167,6857.358
0,147,168,6857.358
0,147,169,6857.358
0,147,170,6857.358
0,147,171,6857.358
0,147,172,6857.358
0,147,173,6857.358
0,147,174,6857.358
0,147,175,6857.358
0,147,176,6857.358
0,147,177,6857.358
0,147,178,6857.358
0,147,179,6857.358
0,147,180,6857.358
0,147,181,6857.358
0,147,182,6857.358
0,147,183,6857.358
0,147,184,6857.358
0,147,185,6857.358
0,147,186,6857.358
0,147,187,6857.358
0,147,188,6857.358
0,147,189,6857.358
0,147,190,6857.358
0,147,191,6857.358
0,147,192,6857.358
0,147,193,6857.358
0,147,194,6857.358
0,147,195,6857.358
0,147,196,6857.358
0,147,197,6857.358
0,147,198,6857.358
0,147,199,6857.358
0,147,200,6857.358
0,147,201,6857.358
0,147,202,6857.358
0,147,203,6857.358
0,147,204,6857.358
0,147,205,6857.358
0,147,206,6857.358
0,147,207,6857.358
0,147,208,6857.358
0,147,209,6857.358
0,147,210,6857.358
0,147,211,6857.358
0,147,212,6857.358
0,147,213,6857.358
0,147,214,6857.358
0,147,215,6857.358
0,147,216,6857.358
0,147,217,6857.358
0,147,218,6857.358
0,147,219,6857.358
0,147,220,6857.358
0,147,221,6857.358
0,147,222,6857.358
0,147,223,6857.358
0,147,224,6857.358
0,147,225,6857.358
0,147,226,6857.358
0,147,227,6857.358
0,147,228,6857.358
0,147,229,6857.358
0,147,230,6857.358
0,147,231,6857.358
0,147,232,6857.358
0,147,233,6857.358
0,147,234,6857.358
0,147,235,6857.358
0,147,236,6857.358
0,147,237,6857.358
0,147,238,6857.358
0,147,239,6857.358
0,147,240,6857.358
0,147,241,6857.358
0,147,242,6857.358
0,147,243,6857.358
0,147,244,6857.358
0,147,245,6857.358
0,147,246,6857.358
0,147,247,6857.358
0,147,248,6857.358
0,147,249,6857.358
0,147,250,6857.358
0,147,251,6857.358
0,147,252,6857.358
0,147,253,6857.358
0,147,254,6857.358
0,147,255,6857.358
0,147,256,6857.358
0,147,257,6857.358
0,147,258,6857.358
0,147,259,6857.358
0,147,260,6857.358
0,147,261,6857.358
0,147,262,6857.358
0,147,263,6857.358
0,147,264,6857.358
0,147,265,6857.358
0,147,266,6857.358
0,147,267,6857.358
0,147,268,6857.358
0,147,269,6857.358
0,147,270,6857.358
0,147,271,6857.358
0,147,272,6857.358
0,147,273,6857.358
0,147,274,6857.358
0,147,275,6857.358
0,147,276,6857.358
0,147,277,6857.358
0,147,278,6857.358
0,147,279,6857.358
0,147,280,6857.358
0,147,281,6857.358
0,147,282,6857.358
0,147,283,6857.358
0,147,284,6857.358
0,147,285,6857.358
0,147,286,6857.358
0,147,287,6857.358
0,147,288,6857.358
0,147,289,6857.358
0,147,290,6857.358
0,147,291,6857.358
0,147,292,6857.358
0,147,293,6857.358
0,147,294,6857.358
0,147,295,6857.358
0,147,296,6857.358
0,147,297,6857.358
0,147,298,6857.358
0,147,299,6857.358
0,147,300,6857.358
0,147,301,6857.358
0,147,302,6857.358
0,147,303,6857.358
0,147,304,6857.358
0,147,305,6857.358
0,147,306,6857.358
0,147,307,6857.358
0,147,308,6857.358
0,147,309,6857.358
0,147,310,6857.358
0,147,311,6857.358
0,147,312,6857.358
0,147,313,6857.358
0,147,314,6857.358
0,147,315,6857.358
0,147,316,6857.358
0,147,317,6857.358
0,147,318,6857.358
0,147,319,6857.358
0,147,320,6857.358
0,147,321,6857.358
0,147,322,6857.358
0,147,323,6857.358
0,147,324,6857.358
0,147,325,6857.358
0,147,326,6857.358
0,147,327,6857.358
0,147,328,6857.358
0,147,329,6857.358
0,147,330,6857.358
0,147,331,6857.358
0,147,332,6857.358
0,147,333,6857.358
0,147,334,6857.358
0,147,335,6857.358
0,147,336,6857.358
0,147,337,6857.358
0,147,338,6857.358
0,147,339,6857.358
0,147,340,6857.358
0,147,341,6857.358
0,147,342,6857.358
0,147,343,6857.358
0,147,344,6857.358
0,147,345,6857.358
0,147,346,6857.358
0,147,347,6857.358
0,147,348,6857.358
0,147,349,6857.358
0,147,350,6857.358
0,147,351,6857.358
0,147,352,6857.358
0,147,353,6857.358
0,147,354,6857.358
0,147,355,6857.358
0,147,356,6857.358
0,147,357,6857.358
0,147,358,6857.358
0,147,359,6857.358
0,147,360,6857.358
0,148,1,6676.933
0,148,2,6676.933
0,148,3,6676.933
0,148,4,6676.933
0,148,5,6676.933
0,148,6,6676.933
0,148,7,6676.933
0,148,8,6676.933
0,148,9,6676.933
0,148,10,6676.933
0,148,11,6676.933
0,148,12,6676.933
0,148,13,6676.933
0,148,14,6676.933
0,148,15,6676.933
0,148,16,6676.933
0,148,17,6676.933
0,148,18,6676.933
0,148,19,6676.933
0,148,20,6676.933
0,148,21,6676.933
0,148,22,6676.933
0,148,23,6676.933
0,148,24,6676.933
0,148,25,6676.933
0,148,26,6676.933
0,148,27,6676.933
0,148,28,6676.933
0,148,29,6676.933
0,148,30,6676.933
0,148,31,6676.933
0,148,32,6676.933
0,148,33,6676.933
0,148,34,6676.933
0,148,35,6676.933
0,148,36,6676.933
0,148,37,6676.933
0,148,38,6676.933
0,148,39,6676.933
0,148,40,6676.933
0,148,41,6676.933
0,148,42,6676.933
0,148,43,6676.933
0,148,44,6676.933
0,148,45,6676.933
0,148,46,6676.933
0,148,47,6676.933
0,148,48,6676.933
0,148,49,6676.933
0,148,50,6676.933
0,148,51,6676.933
0,148,52,6676.933
0,148,53,6676.933
0,148,54,6676.933
0,148,55,6676.933
0,148,56,6676.933
0,148,57,6676.933
0,148,58,6676.933
0,148,59,6676.933
0,148,60,6676.933
0,148,61,6676.933
0,148,62,6676.933
0,148,63,6676.933
0,148,64,6676.933
0,148,65,6676.933
0,148,66,6676.933
0,148,67,6676.933
0,148,68,6676.933
0,148,69,6676.933
0,148,70,6676.933
0,148,71,6676.933
0,148,72,6676.933
0,148,73,6676.933
0,148,74,6676.933
0,148,75,6676.933
0,148,76,6676.933
0,148,77,6676.933
0,148,78,6676.933
0,148,79,6676.933
0,148,80,6676.933
0,148,81,6676.933
0,148,82,6676.933
0,148,83,6676.933
0,148,84,6676.933
0,148,85,6676.933
0,148,86,6676.933
0,148,87,6676.933
0,148,88,6676.933
0,148,89,6676.933
0,148,90,6676.933
0,148,91,6676.933
0,148,92,6676.933
0,148,93,6676.933
0,148,94,6676.933
0,148,95,6676.933
0,148,96,6676.933
0,148,97,6676.933
0,148,98,6676.933
0,148,99,6676.933
0,148,100,6676.933
0,148,101,6676.933
0,148,102,6676.933
0,148,103,6676.933
0,148,104,6676.933
0,148,105,6676.933
0,148,106,6676.933
0,148,107,6676.933
0,148,108,6676.933
0,148,109,6676.933
0,148,110,6676.933
0,148,111,6676.933
0,148,112,6676.933
0,148,113,6676.933
0,148,114,6676.933
0,148,115,6676.933
0,148,116,6676.933
0,148,117,6676.933
0,148,118,6676.933
0,148,119,6676.933
0,148,120,6676.933
0,148,121,6676.933
0,148,122,6676.933
0,148,123,6676.933
0,148,124,6676.933
0,148,125,6676.933
0,148,126,6676.933
0,148,127,6676.933
0,148,128,6676.933
0,148,129,6676.933
0,148,130,6676.933
0,148,131,6676.933
0,148,132,6676.933
0,148,133,6676.933
0,148,134,6676.933
0,148,135,6676.933
0,148,136,6676.933
0,148,137,6676.933
0,148,138,6676.933
0,148,139,6676.933
0,148,140,6676.933
0,148,141,6676.933
0,148,142,6676.933
0,148,143,6676.933
0,148,144,6676.933
0,148,145,6676.933
0,148,146,6676.933
0,148,147,6676.933
0,148,148,6676.933
0,148,149,6676.933
0,148,150,6676.933
0,148,151,6676.933
0,148,152,6676.933
0,148,153,6676.933
0,148,154,6676.933
0,148,155,6676.933
0,148,156,6676.933
0,148,157,6676.933
0,148,158,6676.933
0,148,159,6676.933
0,148,160,6676.933
0,148,161,6676.933
0,148,162,6676.933
0,148,163,6676.933
0,148,164,6676.933
0,148,165,6676.933
0,148,166,6676.933
0,148,167,6676.933
0,148,168,6676.933
0,148,169,6676.933
0,148,170,6676.933
0,148,171,6676.933
0,148,172,6676.933
0,148,173,6676.933
0,148,174,6676.933
0,148,175,6676.933
0,148,176,6676.933
0,148,177,6676.933
0,148,178,6676.933
0,148,179,6676.933
0,148,180,6676.933
0,148,181,6676.933
0,148,182,6676.933
0,148,183,6676.933
0,148,184,6676.933
0,148,185,6676.933
0,148,186,6676.933
0,148,187,6676.933
0,148,188,6676.933
0,148,189,6676.933
0,148,190,6676.933
0,148,191,6676.933
0,148,192,6676.933
0,148,193,6676.933
0,148,194,6676.933
0,148,195,6676.933
0,148,196,6676.933
0,148,197,6676.933
0,148,198,6676.933
0,148,199,6676.933
0,148,200,6676.933
0,148,201,6676.933
0,148,202,6676.933
0,148,203,6676.933
0,148,204,6676.933
0,148,205,6676.933
0,148,206,6676.933
0,148,207,6676.933
0,148,208,6676.933
0,148,209,6676.933
0,148,210,6676.933
0,148,211,6676.933
0,148,212,6676.933
0,148,213,6676.933
0,148,214,6676.933
0,148,215,6676.933
0,148,216,6676.933
0,148,217,6676.933
0,148,218,6676.933
0,148,219,6676.933
0,148,220,6676.933
0,148,221,6676.933
0,148,222,6676.933
0,148,223,6676.933
0,148,224,6676.933
0,148,225,6676.933
0,148,226,6676.933
0,148,227,6676.933
0,148,228,6676.933
0,148,229,6676.933
0,148,230,6676.933
0,148,231,6676.933
0,148,232,6676.933
0,148,233,6676.933
0,148,234,6676.933
0,148,235,6676.933
0,148,236,6676.933
0,148,237,6676.933
0,148,238,6676.933
0,148,239,6676.933
0,148,240,6676.933
0,148,241,6676.933
0,148,242,6676.933
0,148,243,6676.933
0,148,244,6676.933
0,148,245,6676.933
0,148,246,6676.933
0,148,247,6676.933
0,148,248,6676.933
0,148,249,6676.933
0,148,250,6676.933
0,148,251,6676.933
0,148,252,6676.933
0,148,253,6676.933
0,148,254,6676.933
0,148,255,6676.933
0,148,256,6676.933
0,148,257,6676.933
0,148,258,6676.933
0,148,259,6676.933
0,148,260,6676.933
0,148,261,6676.933
0,148,262,6676.933
0,148,263,6676.933
0,148,264,6676.933
0,148,265,6676.933
0,148,266,6676.933
0,148,267,6676.933
0,148,268,6676.933
0,148,269,6676.933
0,148,270,6676.933
0,148,271,6676.933
0,148,272,6676.933
0,148,273,6676.933
0,148,274,6676.933
0,148,275,6676.933
0,148,276,6676.933
0,148,277,6676.933
0,148,278,6676.933
0,148,279,6676.933
0,148,280,6676.933
0,148,281,6676.933
0,148,282,6676.933
0,148,283,6676.933
0,148,284,6676.933
0,148,285,6676.933
0,148,286,6676.933
0,148,287,6676.933
0,148,288,6676.933
0,148,289,6676.933
0,148,290,6676.933
0,148,291,6676.933
0,148,292,6676.933
0,148,293,6676.933
0,148,294,6676.933
0,148,295,6676.933
0,148,296,6676.933
0,148,297,6676.933
0,148,298,6676.933
0,148,299,6676.933
0,148,300,6676.933
0,148,301,6676.933
0,148,302,6676.933
0,148,303,6676.933
0,148,304,6676.933
0,148,305,6676.933
0,148,306,6676.933
0,148,307,6676.933
0,148,308,6676.933
0,148,309,6676.933
0,148,310,6676.933
0,148,311,6676.933
0,148,312,6676.933
0,148,313,6676.933
0,148,314,6676.933
0,148,315,6676.933
0,148,316,6676.933
0,148,317,6676.933
0,148,318,6676.933
0,148,319,6676.933
0,148,320,6676.933
0,148,321,6676.933
0,148,322,6676.933
0,148,323,6676.933
0,148,324,6676.933
0,148,325,6676.933
0,148,326,6676.933
0,148,327,6676.933
0,148,328,6676.933
0,148,329,6676.933
0,148,330,6676.933
0,148,331,6676.933
0,148,332,6676.933
0,148,333,6676.933
0,148,334,6676.933
0,148,335,6676.933
0,148,336,6676.933
0,148,337,6676.933
0,148,338,6676.933
0,148,339,6676.933
0,148,340,6676.933
0,148,341,6676.933
0,148,342,6676.933
0,148,343,6676.933
0,148,344,6676.933
0,148,345,6676.933
0,148,346,6676.933
0,148,347,6676.933
0,148,348,6676.933
0,148,349,6676.933
0,148,350,6676.933
0,148,351,6676.933
0,148,352,6676.933
0,148,353,6676.933
0,148,354,6676.933
0,148,355,6676.933
0,148,356,6676.933
0,148,357,6676.933
0,148,358,6676.933
0,148,359,6676.933
0,148,360,6676.933
0,149,1,6494.373
0,149,2,6494.373
0,149,3,6494.373
0,149,4,6494.373
0,149,5,6494.373
0,149,6,6494.373
0,149,7,6494.373
0,149,8,6494.373
0,149,9,6494.373
0,149,10,6494.373
0,149,11,6494.373
0,149,12,6494.373
0,149,13,6494.373
0,149,14,6494.373
0,149,15,6494.373
0,149,16,6494.373
0,149,17,6494.373
0,149,18,6494.373
0,149,19,6494.373
0,149,20,6494.373
0,149,21,6494.373
0,149,22,6494.373
0,149,23,6494.373
0,149,24,6494.373
0,149,25,6494.373
0,149,26,6494.373
0,149,27,6494.373
0,149,28,6494.373
0,149,29,6494.373
0,149,30,6494.373
0,149,31,6494.373
0,149,32,6494.373
0,149,33,6494.373
0,149,34,6494.373
0,149,35,6494.373
0,149,36,6494.373
0,149,37,6494.373
0,149,38,6494.373
0,149,39,6494.373
0,149,40,6494.373
0,149,41,6494.373
0,149,42,6494.373
0,149,43,6494.373
0,149,44,6494.373
0,149,45,6494.373
0,149,46,6494.373
0,149,47,6494.373
0,149,48,6494.373
0,149,49,6494.373
0,149,50,6494.373
0,149,51,6494.373
0,149,52,6494.373
0,149,53,6494.373
0,149,54,6494.373
0,149,55,6494.373
0,149,56,6494.373
0,149,57,6494.373
0,149,58,6494.373
0,149,59,6494.373
0,149,60,6494.373
0,149,61,6494.373
0,149,62,6494.373
0,149,63,6494.373
0,149,64,6494.373
0,149,65,6494.373
0,149,66,6494.373
0,149,67,6494.373
0,149,68,6494.373
0,149,69,6494.373
0,149,70,6494.373
0,149,71,6494.373
0,149,72,6494.373
0,149,73,6494.373
0,149,74,6494.373
0,149,75,6494.373
0,149,76,6494.373
0,149,77,6494.373
0,149,78,6494.373
0,149,79,6494.373
0,149,80,6494.373
0,149,81,6494.373
0,149,82,6494.373
0,149,83,6494.373
0,149,84,6494.373
0,149,85,6494.373
0,149,86,6494.373
0,149,87,6494.373
0,149,88,6494.373
0,149,89,6494.373
0,149,90,6494.373
0,149,91,6494.373
0,149,92,6494.373
0,149,93,6494.373
0,149,94,6494.373
0,149,95,6494.373
0,149,96,6494.373
0,149,97,6494.373
0,149,98,6494.373
0,149,99,6494.373
0,149,100,6494.373
0,149,101,6494.373
0,149,102,6494.373
0,149,103,6494.373
0,149,104,6494.373
0,149,105,6494.373
0,149,106,6494.373
0,149,107,6494.373
0,149,108,6494.373
0,149,109,6494.373
0,149,110,6494.373
0,149,111,6494.373
0,149,112,6494.373
0,149,113,6494.373
0,149,114,6494.373
0,149,115,6494.373
0,149,116,6494.373
0,149,117,6494.373
0,149,118,6494.373
0,149,119,6494.373
0,149,120,6494.373
0,149,121,6494.373
0,149,122,6494.373
0,149,123,6494.373
0,149,124,6494.373
0,149,125,6494.373
0,149,126,6494.373
0,149,127,6494.373
0,149,128,6494.373
0,149,129,6494.373
0,149,130,6494.373
0,149,131,6494.373
0,149,132,6494.373
0,149,133,6494.373
0,149,134,6494.373
0,149,135,6494.373
0,149,136,6494.373
0,149,137,6494.373
0,149,138,6494.373
0,149,139,6494.373
0,149,140,6494.373
0,149,141,6494.373
0,149,142,6494.373
0,149,143,6494.373
0,149,144,6494.373
0,149,145,6494.373
0,149,146,6494.373
0,149,147,6494.373
0,149,148,6494.373
0,149,149,6494.373
0,149,150,6494.373
0,149,151,6494.373
0,149,152,6494.373
0,149,153,6494.373
0,149,154,6494.373
0,149,155,6494.373
0,149,156,6494.373
0,149,157,6494.373
0,149,158,6494.373
0,149,159,6494.373
0,149,160,6494.373
0,149,161,6494.373
0,149,162,6494.373
0,149,163,6494.373
0,149,164,6494.373
0,149,165,6494.373
0,149,166,6494.373
0,149,167,6494.373
0,149,168,6494.373
0,149,169,6494.373
0,149,170,6494.373
0,149,171,6494.373
0,149,172,6494.373
0,149,173,6494.373
0,149,174,6494.373
0,149,175,6494.373
0,149,176,6494.373
0,149,177,6494.373
0,149,178,6494.373
0,149,179,6494.373
0,149,180,6494.373
0,149,181,6494.373
0,149,182,6494.373
0,149,183,6494.373
0,149,184,6494.373
0,149,185,6494.373
0,149,186,6494.373
0,149,187,6494.373
0,149,188,6494.373
0,149,189,6494.373
0,149,190,6494.373
0,149,191,6494.373
0,149,192,6494.373
0,149,193,6494.373
0,149,194,6494.373
0,149,195,6494.373
0,149,196,6494.373
0,149,197,6494.373
0,149,198,6494.373
0,149,199,6494.373
0,149,200,6494.373
0,149,201,6494.373
0,149,202,6494.373
0,149,203,6494.373
0,149,204,6494.373
0,149,205,6494.373
0,149,206,6494.373
0,149,207,6494.373
0,149,208,6494.373
0,149,209,6494.373
0,149,210,6494.373
0,149,211,6494.373
0,149,212,6494.373
0,149,213,6494.373
0,149,214,6494.373
0,149,215,6494.373
0,149,216,6494.373
0,149,217,6494.373
0,149,218,6494.373
0,149,219,6494.373
0,149,220,6494.373
0,149,221,6494.373
0,149,222,6494.373
0,149,223,6494.373
0,149,224,6494.373
0,149,225,6494.373
0,149,226,6494.373
0,149,227,6494.373
0,149,228,6494.373
0,149,229,6494.373
0,149,230,6494.373
0,149,231,6494.373
0,149,232,6494.373
0,149,233,6494.373
0,149,234,6494.373
0,149,235,6494.373
0,149,236,6494.373
0,149,237,6494.373
0,149,238,6494.373
0,149,239,6494.373
0,149,240,6494.373
0,149,241,6494.373
0,149,242,6494.373
0,149,243,6494.373
0,149,244,6494.373
0,149,245,6494.373
0,149,246,6494.373
0,149,247,6494.373
0,149,248,6494.373
0,149,249,6494.373
0,149,250,6494.373
0,149,251,6494.373
0,149,252,6494.373
0,149,253,6494.373
0,149,254,6494.373
0,149,255,6494.373
0,149,256,6494.373
0,149,257,6494.373
0,149,258,6494.373
0,149,259,6494.373
0,149,260,6494.373
0,149,261,6494.373
0,149,262,6494.373
0,149,263,6494.373
0,149,264,6494.373
0,149,265,6494.373
0,149,266,6494.373
0,149,267,6494.373
0,149,268,6494.373
0,149,269,6494.373
0,149,270,6494.373
0,149,271,6494.373
0,149,272,6494.373
0,149,273,6494.373
0,149,274,6494.373
0,149,275,6494.373
0,149,276,6494.373
0,149,277,6494.373
0,149,278,6494.373
0,149,279,6494.373
0,149,280,6494.373
0,149,281,6494.373
0,149,282,6494.373
0,149,283,6494.373
0,149,284,6494.373
0,149,285,6494.373
0,149,286,6494.373
0,149,287,6494.373
0,149,288,6494.373
0,149,289,6494.373
0,149,290,6494.373
0,149,291,6494.373
0,149,292,6494.373
0,149,293,6494.373
0,149,294,6494.373
0,149,295,6494.373
0,149,296,6494.373
0,149,297,6494.373
0,149,298,6494.373
0,149,299,6494.373
0,149,300,6494.373
0,149,301,6494.373
0,149,302,6494.373
0,149,303,6494.373
0,149,304,6494.373
0,149,305,6494.373
0,149,306,6494.373
0,149,307,6494.373
0,149,308,6494.373
0,149,309,6494.373
0,149,310,6494.373
0,149,311,6494.373
0,149,312,6494.373
0,149,313,6494.373
0,149,314,6494.373
0,149,315,6494.373
0,149,316,6494.373
0,149,317,6494.373
0,149,318,6494.373
0,149,319,6494.373
0,149,320,6494.373
0,149,321,6494.373
0,149,322,6494.373
0,149,323,6494.373
0,149,324,6494.373
0,149,325,6494.373
0,149,326,6494.373
0,149,327,6494.373
0,149,328,6494.373
0,149,329,6494.373
0,149,330,6494.373
0,149,331,6494.373
0,149,332,6494.373
0,149,333,6494.373
0,149,334,6494.373
0,149,335,6494.373
0,149,336,6494.373
0,149,337,6494.373
0,149,338,6494.373
0,149,339,6494.373
0,149,340,6494.373
0,149,341,6494.373
0,149,342,6494.373
0,149,343,6494.373
0,149,344,6494.373
0,149,345,6494.373
0,149,346,6494.373
0,149,347,6494.373
0,149,348,6494.373
0,149,349,6494.373
0,149,350,6494.373
0,149,351,6494.373
0,149,352,6494.373
0,149,353,6494.373
0,149,354,6494.373
0,149,355,6494.373
0,149,356,6494.373
0,149,357,6494.373
0,149,358,6494.373
0,149,359,6494.373
0,149,360,6494.373
0,150,1,6309.733
0,150,2,6309.733
0,150,3,6309.733
0,150,4,6309.733
0,150,5,6309.733
0,150,6,6309.733
0,150,7,6309.733
0,150,8,6309.733
0,150,9,6309.733
0,150,10,6309.733
0,150,11,6309.733
0,150,12,6309.733
0,150,13,6309.733
0,150,14,6309.733
0,150,15,6309.733
0,150,16,6309.733
0,150,17,6309.733
0,150,18,6309.733
0,150,19,6309.733
0,150,20,6309.733
0,150,21,6309.733
0,150,22,6309.733
0,150,23,6309.733
0,150,24,6309.733
0,150,25,6309.733
0,150,26,6309.733
0,150,27,6309.733
0,150,28,6309.733
0,150,29,6309.733
0,150,30,6309.733
0,150,31,6309.733
0,150,32,6309.733
0,150,33,6309.733
0,150,34,6309.733
0,150,35,6309.733
0,150,36,6309.733
0,150,37,6309.733
0,150,38,6309.733
0,150,39,6309.733
0,150,40,6309.733
0,150,41,6309.733
0,150,42,6309.733
0,150,43,6309.733
0,150,44,6309.733
0,150,45,6309.733
0,150,46,6309.733
0,150,47,6309.733
0,150,48,6309.733
0,150,49,6309.733
0,150,50,6309.733
0,150,51,6309.733
0,150,52,6309.733
0,150,53,6309.733
0,150,54,6309.733
0,150,55,6309.733
0,150,56,6309.733
0,150,57,6309.733
0,150,58,6309.733
0,150,59,6309.733
0,150,60,6309.733
0,150,61,6309.733
0,150,62,6309.733
0,150,63,6309.733
0,150,64,6309.733
0,150,65,6309.733
0,150,66,6309.733
0,150,67,6309.733
0,150,68,6309.733
0,150,69,6309.733
0,150,70,6309.733
0,150,71,6309.733
0,150,72,6309.733
0,150,73,6309.733
0,150,74,6309.733
0,150,75,6309.733
0,150,76,6309.733
0,150,77,6309.733
0,150,78,6309.733
0,150,79,6309.733
0,150,80,6309.733
0,150,81,6309.733
0,150,82,6309.733
0,150,83,6309.733
0,150,84,6309.733
0,150,85,6309.733
0,150,86,6309.733
0,150,87,6309.733
0,150,88,6309.733
0,150,89,6309.733
0,150,90,6309.733
0,150,91,6309.733
0,150,92,6309.733
0,150,93,6309.733
0,150,94,6309.733
0,150,95,6309.733
0,150,96,6309.733
0,150,97,6309.733
0,150,98,6309.733
0,150,99,6309.733
0,150,100,6309.733
0,150,101,6309.733
0,150,102,6309.733
0,150,103,6309.733
0,150,104,6309.733
0,150,105,6309.733
0,150,106,6309.733
0,150,107,6309.733
0,150,108,6309.733
0,150,109,6309.733
0,150,110,6309.733
0,150,111,6309.733
0,150,112,6309.733
0,150,113,6309.733
0,150,114,6309.733
0,150,115,6309.733
0,150,116,6309.733
0,150,117,6309.733
0,150,118,6309.733
0,150,119,6309.733
0,150,120,6309.733
0,150,121,6309.733
0,150,122,6309.733
0,150,123,6309.733
0,150,124,6309.733
0,150,125,6309.733
0,150,126,6309.733
0,150,127,6309.733
0,150,128,6309.733
0,150,129,6309.733
0,150,130,6309.733
0,150,131,6309.733
0,150,132,6309.733
0,150,133,6309.733
0,150,134,6309.733
0,150,135,6309.733
0,150,136,6309.733
0,150,137,6309.733
0,150,138,6309.733
0,150,139,6309.733
0,150,140,6309.733
0,150,141,6309.733
0,150,142,6309.733
0,150,143,6309.733
0,150,144,6309.733
0,150,145,6309.733
0,150,146,6309.733
0,150,147,6309.733
0,150,148,6309.733
0,150,149,6309.733
0,150,150,6309.733
0,150,151,6309.733
0,150,152,6309.733
0,150,153,6309.733
0,150,154,6309.733
0,150,155,6309.733
0,150,156,6309.733
0,150,157,6309.733
0,150,158,6309.733
0,150,159,6309.733
0,150,160,6309.733
0,150,161,6309.733
0,150,162,6309.733
0,150,163,6309.733
0,150,164,6309.733
0,150,165,6309.733
0,150,166,6309.733
0,150,167,6309.733
0,150,168,6309.733
0,150,169,6309.733
0,150,170,6309.733
0,150,171,6309.733
0,150,172,6309.733
0,150,173,6309.733
0,150,174,6309.733
0,150,175,6309.733
0,150,176,6309.733
0,150,177,6309.733
0,150,178,6309.733
0,150,179,6309.733
0,150,180,6309.733
0,150,181,6309.733
0,150,182,6309.733
0,150,183,6309.733
0,150,184,6309.733
0,150,185,6309.733
0,150,186,6309.733
0,150,187,6309.733
0,150,188,6309.733
0,150,189,6309.733
0,150,190,6309.733
0,150,191,6309.733
0,150,192,6309.733
0,150,193,6309.733
0,150,194,6309.733
0,150,195,6309.733
0,150,196,6309.733
0,150,197,6309.733
0,150,198,6309.733
0,150,199,6309.733
0,150,200,6309.733
0,150,201,6309.733
0,150,202,6309.733
0,150,203,6309.733
0,150,204,6309.733
0,150,205,6309.733
0,150,206,6309.733
0,150,207,6309.733
0,150,208,6309.733
0,150,209,6309.733
0,150,210,6309.733
0,150,211,6309.733
0,150,212,6309.733
0,150,213,6309.733
0,150,214,6309.733
0,150,215,6309.733
0,150,216,6309.733
0,150,217,6309.733
0,150,218,6309.733
0,150,219,6309.733
0,150,220,6309.733
0,150,221,6309.733
0,150,222,6309.733
0,150,223,6309.733
0,150,224,6309.733
0,150,225,6309.733
0,150,226,6309.733
0,150,227,6309.733
0,150,228,6309.733
0,150,229,6309.733
0,150,230,6309.733
0,150,231,6309.733
0,150,232,6309.733
0,150,233,6309.733
0,150,234,6309.733
0,150,235,6309.733
0,150,236,6309.733
0,150,237,6309.733
0,150,238,6309.733
0,150,239,6309.733
0,150,240,6309.733
0,150,241,6309.733
0,150,242,6309.733
0,150,243,6309.733
0,150,244,6309.733
0,150,245,6309.733
0,150,246,6309.733
0,150,247,6309.733
0,150,248,6309.733
0,150,249,6309.733
0,150,250,6309.733
0,150,251,6309.733
0,150,252,6309.733
0,150,253,6309.733
0,150,254,6309.733
0,150,255,6309.733
0,150,256,6309.733
0,150,257,6309.733
0,150,258,6309.733
0,150,259,6309.733
0,150,260,6309.733
0,150,261,6309.733
0,150,262,6309.733
0,150,263,6309.733
0,150,264,6309.733
0,150,265,6309.733
0,150,266,6309.733
0,150,267,6309.733
0,150,268,6309.733
0,150,269,6309.733
0,150,270,6309.733
0,150,271,6309.733
0,150,272,6309.733
0,150,273,6309.733
0,150,274,6309.733
0,150,275,6309.733
0,150,276,6309.733
0,150,277,6309.733
0,150,278,6309.733
0,150,279,6309.733
0,150,280,6309.733
0,150,281,6309.733
0,150,282,6309.733
0,150,283,6309.733
0,150,284,6309.733
0,150,285,6309.733
0,150,286,6309.733
0,150,287,6309.733
0,150,288,6309.733
0,150,289,6309.733
0,150,290,6309.733
0,150,291,6309.733
0,150,292,6309.733
0,150,293,6309.733
0,150,294,6309.733
0,150,295,6309.733
0,150,296,6309.733
0,150,297,6309.733
0,150,298,6309.733
0,150,299,6309.733
0,150,300,6309.733
0,150,301,6309.733
0,150,302,6309.733
0,150,303,6309.733
0,150,304,6309.733
0,150,305,6309.733
0,150,306,6309.733
0,150,307,6309.733
0,150,308,6309.733
0,150,309,6309.733
0,150,310,6309.733
0,150,311,6309.733
0,150,312,6309.733
0,150,313,6309.733
0,150,314,6309.733
0,150,315,6309.733
0,150,316,6309.733
0,150,317,6309.733
0,150,318,6309.733
0,150,319,6309.733
0,150,320,6309.733
0,150,321,6309.733
0,150,322,6309.733
0,150,323,6309.733
0,150,324,6309.733
0,150,325,6309.733
0,150,326,6309.733
0,150,327,6309.733
0,150,328,6309.733
0,150,329,6309.733
0,150,330,6309.733
0,150,331,6309.733
0,150,332,6309.733
0,150,333,6309.733
0,150,334,6309.733
0,150,335,6309.733
0,150,336,6309.733
0,150,337,6309.733
0,150,338,6309.733
0,150,339,6309.733
0,150,340,6309.733
0,150,341,6309.733
0,150,342,6309.733
0,150,343,6309.733
0,150,344,6309.733
0,150,345,6309.733
0,150,346,6309.733
0,150,347,6309.733
0,150,348,6309.733
0,150,349,6309.733
0,150,350,6309.733
0,150,351,6309.733
0,150,352,6309.733
0,150,353,6309.733
0,150,354,6309.733
0,150,355,6309.733
0,150,356,6309.733
0,150,357,6309.733
0,150,358,6309.733
0,150,359,6309.733
0,150,360,6309.733
0,151,1,6123.071
0,151,2,6123.071
0,151,3,6123.071
0,151,4,6123.071
0,151,5,6123.071
0,151,6,6123.071
0,151,7,6123.071
0,151,8,6123.071
0,151,9,6123.071
0,151,10,6123.071
0,151,11,6123.071
0,151,12,6123.071
0,151,13,6123.071
0,151,14,6123.071
0,151,15,6123.071
0,151,16,6123.071
0,151,17,6123.071
0,151,18,6123.071
0,151,19,6123.071
0,151,20,6123.071
0,151,21,6123.071
0,151,22,6123.071
0,151,23,6123.071
0,151,24,6123.071
0,151,25,6123.071
0,151,26,6123.071
0,151,27,6123.071
0,151,28,6123.071
0,151,29,6123.071
0,151,30,6123.071
0,151,31,6123.071
0,151,32,6123.071
0,151,33,6123.071
0,151,34,6123.071
0,151,35,6123.071
0,151,36,6123.071
0,151,37,6123.071
0,151,38,6123.071
0,151,39,6123.071
0,151,40,6123.071
0,151,41,6123.071
0,151,42,6123.071
0,151,43,6123.071
0,151,44,6123.071
0,151,45,6123.071
0,151,46,6123.071
0,151,47,6123.071
0,151,48,6123.071
0,151,49,6123.071
0,151,50,6123.071
0,151,51,6123.071
0,151,52,6123.071
0,151,53,6123.071
0,151,54,6123.071
0,151,55,6123.071
0,151,56,6123.071
0,151,57,6123.071
0,151,58,6123.071
0,151,59,6123.071
0,151,60,6123.071
0,151,61,6123.071
0,151,62,6123.071
0,151,63,6123.071
0,151,64,6123.071
0,151,65,6123.071
0,151,66,6123.071
0,151,67,6123.071
0,151,68,6123.071
0,151,69,6123.071
0,151,70,6123.071
0,151,71,6123.071
0,151,72,6123.071
0,151,73,6123.071
0,151,74,6123.071
0,151,75,6123.071
0,151,76,6123.071
0,151,77,6123.071
0,151,78,6123.071
0,151,79,6123.071
0,151,80,6123.071
0,151,81,6123.071
0,151,82,6123.071
0,151,83,6123.071
0,151,84,6123.071
0,151,85,6123.071
0,151,86,6123.071
0,151,87,6123.071
0,151,88,6123.071
0,151,89,6123.071
0,151,90,6123.071
0,151,91,6123.071
0,151,92,6123.071
0,151,93,6123.071
0,151,94,6123.071
0,151,95,6123.071
0,151,96,6123.071
0,151,97,6123.071
0,151,98,6123.071
0,151,99,6123.071
0,151,100,6123.071
0,151,101,6123.071
0,151,102,6123.071
0,151,103,6123.071
0,151,104,6123.071
0,151,105,6123.071
0,151,106,6123.071
0,151,107,6123.071
0,151,108,6123.071
0,151,109,6123.071
0,151,110,6123.071
0,151,111,6123.071
0,151,112,6123.071
0,151,113,6123.071
0,151,114,6123.071
0,151,115,6123.071
0,151,116,6123.071
0,151,117,6123.071
0,151,118,6123.071
0,151,119,6123.071
0,151,120,6123.071
0,151,121,6123.071
0,151,122,6123.071
0,151,123,6123.071
0,151,124,6123.071
61,151,125,6123.071
61,151,126,6123.071
61,151,127,6123.071
0,151,128,6123.071
0,151,129,6123.071
0,151,130,6123.071
0,151,131,6123.071
0,151,132,6123.071
0,151,133,6123.071
0,151,134,6123.071
0,151,135,6123.071
0,151,136,6123.071
0,151,137,6123.071
0,151,138,6123.071
0,151,139,6123.071
0,151,140,6123.071
0,151,141,6123.071
0,151,142,6123.071
0,151,143,6123.071
0,151,144,6123.071
0,151,145,6123.071
0,151,146,6123.071
0,151,147,6123.071
0,151,148,6123.071
0,151,149,6123.071
0,151,150,6123.071
0,151,151,6123.071
0,151,152,6123.071
0,151,153,6123.071
0,151,154,6123.071
0,151,155,6123.071
0,151,156,6123.071
0,151,157,6123.071
0,151,158,6123.071
0,151,159,6123.071
0,151,160,6123.071
0,151,161,6123.071
0,151,162,6123.071
0,151,163,6123.071
0,151,164,6123.071
0,151,165,6123.071
0,151,166,6123.071
0,151,167,6123.071
0,151,168,6123.071
0,151,169,6123.071
0,151,170,6123.071
0,151,171,6123.071
0,151,172,6123.071
0,151,173,6123.071
0,151,174,6123.071
0,151,175,6123.071
0,151,176,6123.071
0,151,177,6123.071
0,151,178,6123.071
0,151,179,6123.071
0,151,180,6123.071
0,151,181,6123.071
0,151,182,6123.071
0,151,183,6123.071
0,151,184,6123.071
0,151,185,6123.071
0,151,186,6123.071
0,151,187,6123.071
0,151,188,6123.071
0,151,189,6123.071
0,151,190,6123.071
0,151,191,6123.071
0,151,192,6123.071
0,151,193,6123.071
0,151,194,6123.071
0,151,195,6123.071
0,151,196,6123.071
0,151,197,6123.071
0,151,198,6123.071
0,151,199,6123.071
0,151,200,6123.071
0,151,201,6123.071
0,151,202,6123.071
0,151,203,6123.071
0,151,204,6123.071
0,151,205,6123.071
0,151,206,6123.071
0,151,207,6123.071
0,151,208,6123.071
0,151,209,6123.071
0,151,210,6123.071
0,151,211,6123.071
0,151,212,6123.071
0,151,213,6123.071
0,151,214,6123.071
0,151,215,6123.071
0,151,216,6123.071
0,151,217,6123.071
0,151,218,6123.071
0,151,219,6123.071
0,151,220,6123.071
0,151,221,6123.071
0,151,222,6123.071
0,151,223,6123.071
0,151,224,6123.071
0,151,225,6123.071
0,151,226,6123.071
0,151,227,6123.071
0,151,228,6123.071
0,151,229,6123.071
0,151,230,6123.071
0,151,231,6123.071
0,151,232,6123.071
0,151,233,6123.071
0,151,234,6123.071
0,151,235,6123.071
0,151,236,6123.071
0,151,237,6123.071
0,151,238,6123.071
0,151,239,6123.071
0,151,240,6123.071
0,151,241,6123.071
0,151,242,6123.071
0,151,243,6123.071
0,151,244,6123.071
0,151,245,6123.071
0,151,246,6123.071
0,151,247,6123.071
0,151,248,6123.071
0,151,249,6123.071
0,151,250,6123.071
0,151,251,6123.071
0,151,252,6123.071
0,151,253,6123.071
0,151,254,6123.071
0,151,255,6123.071
0,151,256,6123.071
0,151,257,6123.071
0,151,258,6123.071
0,151,259,6123.071
0,151,260,6123.071
0,151,261,6123.071
0,151,262,6123.071
0,151,263,6123.071
0,151,264,6123.071
0,151,265,6123.071
0,151,266,6123.071
0,151,267,6123.071
0,151,268,6123.071
0,151,269,6123.071
0,151,270,6123.071
0,151,271,6123.071
0,151,272,6123.071
0,151,273,6123.071
0,151,274,6123.071
0,151,275,6123.071
0,151,276,6123.071
0,151,277,6123.071
0,151,278,6123.071
0,151,279,6123.071
0,151,280,6123.071
0,151,281,6123.071
0,151,282,6123.071
0,151,283,6123.071
0,151,284,6123.071
0,151,285,6123.071
0,151,286,6123.071
0,151,287,6123.071
0,151,288,6123.071
0,151,289,6123.071
0,151,290,6123.071
0,151,291,6123.071
0,151,292,6123.071
0,151,293,6123.071
0,151,294,6123.071
0,151,295,6123.071
0,151,296,6123.071
0,151,297,6123.071
0,151,298,6123.071
0,151,299,6123.071
0,151,300,6123.071
0,151,301,6123.071
0,151,302,6123.071
0,151,303,6123.071
0,151,304,6123.071
0,151,305,6123.071
0,151,306,6123.071
0,151,307,6123.071
0,151,308,6123.071
0,151,309,6123.071
0,151,310,6123.071
0,151,311,6123.071
0,151,312,6123.071
0,151,313,6123.071
0,151,314,6123.071
0,151,315,6123.071
0,151,316,6123.071
0,151,317,6123.071
0,151,318,6123.071
0,151,319,6123.071
0,151,320,6123.071
0,151,321,6123.071
0,151,322,6123.071
0,151,323,6123.071
0,151,324,6123.071
0,151,325,6123.071
0,151,326,6123.071
0,151,327,6123.071
0,151,328,6123.071
0,151,329,6123.071
0,151,330,6123.071
0,151,331,6123.071
0,151,332,6123.071
0,151,333,6123.071
0,151,334,6123.071
0,151,335,6123.071
0,151,336,6123.071
0,151,337,6123.071
0,151,338,6123.071
0,151,339,6123.071
0,151,340,6123.071
0,151,341,6123.071
0,151,342,6123.071
0,151,343,6123.071
0,151,344,6123.071
0,151,345,6123.071
0,151,346,6123.071
0,151,347,6123.071
0,151,348,6123.071
0,151,349,6123.071
0,151,350,6123.071
0,151,351,6123.071
0,151,352,6123.071
0,151,353,6123.071
0,151,354,6123.071
0,151,355,6123.071
0,151,356,6123.071
0,151,357,6123.071
0,151,358,6123.071
0,151,359,6123.071
0,151,360,6123.071
0,152,1,5934.441
0,152,2,5934.441
0,152,3,5934.441
0,152,4,5934.441
0,152,5,5934.441
0,152,6,5934.441
0,152,7,5934.441
0,152,8,5934.441
0,152,9,5934.441
0,152,10,5934.441
0,152,11,5934.441
0,152,12,5934.441
0,152,13,5934.441
0,152,14,5934.441
0,152,15,5934.441
0,152,16,5934.441
0,152,17,5934.441
0,152,18,5934.441
0,152,19,5934.441
0,152,20,5934.441
0,152,21,5934.441
0,152,22,5934.441
0,152,23,5934.441
0,152,24,5934.441
0,152,25,5934.441
0,152,26,5934.441
0,152,27,5934.441
0,152,28,5934.441
0,152,29,5934.441
0,152,30,5934.441
0,152,31,5934.441
0,152,32,5934.441
0,152,33,5934.441
0,152,34,5934.441
0,152,35,5934.441
0,152,36,5934.441
0,152,37,5934.441
0,152,38,5934.441
0,152,39,5934.441
0,152,40,5934.441
0,152,41,5934.441
0,152,42,5934.441
0,152,43,5934.441
0,152,44,5934.441
0,152,45,5934.441
0,152,46,5934.441
0,152,47,5934.441
0,152,48,5934.441
0,152,49,5934.441
0,152,50,5934.441
0,152,51,5934.441
0,152,52,5934.441
0,152,53,5934.441
0,152,54,5934.441
0,152,55,5934.441
0,152,56,5934.441
0,152,57,5934.441
0,152,58,5934.441
0,152,59,5934.441
0,152,60,5934.441
0,152,61,5934.441
0,152,62,5934.441
0,152,63,5934.441
0,152,64,5934.441
0,152,65,5934.441
0,152,66,5934.441
0,152,67,5934.441
0,152,68,5934.441
0,152,69,5934.441
0,152,70,5934.441
0,152,71,5934.441
0,152,72,5934.441
0,152,73,5934.441
0,152,74,5934.441
0,152,75,5934.441
0,152,76,5934.441
0,152,77,5934.441
0,152,78,5934.441
0,152,79,5934.441
0,152,80,5934.441
0,152,81,5934.441
0,152,82,5934.441
0,152,83,5934.441
0,152,84,5934.441
0,152,85,5934.441
0,152,86,5934.441
0,152,87,5934.441
0,152,88,5934.441
0,152,89,5934.441
0,152,90,5934.441
0,152,91,5934.441
0,152,92,5934.441
0,152,93,5934.441
0,152,94,5934.441
0,152,95,5934.441
0,152,96,5934.441
0,152,97,5934.441
0,152,98,5934.441
0,152,99,5934.441
0,152,100,5934.441
0,152,101,5934.441
0,152,102,5934.441
0,152,103,5934.441
0,152,104,5934.441
0,152,105,5934.441
0,152,106,5934.441
0,152,107,5934.441
0,152,108,5934.441
0,152,109,5934.441
0,152,110,5934.441
0,152,111,5934.441
0,152,112,5934.441
0,152,113,5934.441
0,152,114,5934.441
0,152,115,5934.441
0,152,116,5934.441
0,152,117,5934.441
0,152,118,5934.441
0,152,119,5934.441
0,152,120,5934.441
61,152,121,5934.441
61,152,122,5934.441
61,152,123,5934.441
61,152,124,5934.441
61,152,125,5934.441
61,152,126,5934.441
61,152,127,5934.441
0,152,128,5934.441
0,152,129,5934.441
0,152,130,5934.441
0,152,131,5934.441
0,152,132,5934.441
0,152,133,5934.441
0,152,134,5934.441
0,152,135,5934.441
0,152,136,5934.441
0,152,137,5934.441
0,152,138,5934.441
0,152,139,5934.441
0,152,140,5934.441
0,152,141,5934.441
0,152,142,5934.441
0,152,143,5934.441
0,152,144,5934.441
0,152,145,5934.441
0,152,146,5934.441
0,152,147,5934.441
0,152,148,5934.441
0,152,149,5934.441
0,152,150,5934.441
0,152,151,5934.441
0,152,152,5934.441
0,152,153,5934.441
0,152,154,5934.441
0,152,155,5934.441
0,152,156,5934.441
0,152,157,5934.441
0,152,158,5934.441
0,152,159,5934.441
0,152,160,5934.441
0,152,161,5934.441
0,152,162,5934.441
0,152,163,5934.441
0,152,164,5934.441
0,152,165,5934.441
0,152,166,5934.441
0,152,167,5934.441
0,152,168,5934.441
0,152,169,5934.441
0,152,170,5934.441
0,152,171,5934.441
0,152,172,5934.441
0,152,173,5934.441
0,152,174,5934.441
0,152,175,5934.441
0,152,176,5934.441
0,152,177,5934.441
0,152,178,5934.441
0,152,179,5934.441
0,152,180,5934.441
0,152,181,5934.441
0,152,182,5934.441
0,152,183,5934.441
0,152,184,5934.441
0,152,185,5934.441
0,152,186,5934.441
0,152,187,5934.441
0,152,188,5934.441
0,152,189,5934.441
0,152,190,5934.441
0,152,191,5934.441
0,152,192,5934.441
0,152,193,5934.441
0,152,194,5934.441
0,152,195,5934.441
0,152,196,5934.441
0,152,197,5934.441
0,152,198,5934.441
0,152,199,5934.441
0,152,200,5934.441
0,152,201,5934.441
0,152,202,5934.441
0,152,203,5934.441
0,152,204,5934.441
0,152,205,5934.441
0,152,206,5934.441
0,152,207,5934.441
0,152,208,5934.441
0,152,209,5934.441
0,152,210,5934.441
0,152,211,5934.441
0,152,212,5934.441
0,152,213,5934.441
0,152,214,5934.441
0,152,215,5934.441
0,152,216,5934.441
0,152,217,5934.441
0,152,218,5934.441
0,152,219,5934.441
0,152,220,5934.441
0,152,221,5934.441
0,152,222,5934.441
0,152,223,5934.441
0,152,224,5934.441
0,152,225,5934.441
0,152,226,5934.441
0,152,227,5934.441
0,152,228,5934.441
0,152,229,5934.441
0,152,230,5934.441
0,152,231,5934.441
0,152,232,5934.441
0,152,233,5934.441
0,152,234,5934.441
0,152,235,5934.441
0,152,236,5934.441
0,152,237,5934.441
0,152,238,5934.441
0,152,239,5934.441
0,152,240,5934.441
0,152,241,5934.441
0,152,242,5934.441
0,152,243,5934.441
0,152,244,5934.441
0,152,245,5934.441
0,152,246,5934.441
0,152,247,5934.441
0,152,248,5934.441
0,152,249,5934.441
0,152,250,5934.441
0,152,251,5934.441
0,152,252,5934.441
0,152,253,5934.441
0,152,254,5934.441
0,152,255,5934.441
0,152,256,5934.441
0,152,257,5934.441
0,152,258,5934.441
0,152,259,5934.441
0,152,260,5934.441
0,152,261,5934.441
0,152,262,5934.441
0,152,263,5934.441
0,152,264,5934.441
0,152,265,5934.441
0,152,266,5934.441
0,152,267,5934.441
0,152,268,5934.441
0,152,269,5934.441
0,152,270,5934.441
0,152,271,5934.441
0,152,272,5934.441
0,152,273,5934.441
0,152,274,5934.441
0,152,275,5934.441
0,152,276,5934.441
0,152,277,5934.441
0,152,278,5934.441
0,152,279,5934.441
0,152,280,5934.441
0,152,281,5934.441
0,152,282,5934.441
0,152,283,5934.441
0,152,284,5934.441
0,152,285,5934.441
0,152,286,5934.441
0,152,287,5934.441
0,152,288,5934.441
0,152,289,5934.441
0,152,290,5934.441
0,152,291,5934.441
0,152,292,5934.441
0,152,293,5934.441
0,152,294,5934.441
0,152,295,5934.441
0,152,296,5934.441
0,152,297,5934.441
0,152,298,5934.441
0,152,299,5934.441
0,152,300,5934.441
0,152,301,5934.441
0,152,302,5934.441
0,152,303,5934.441
0,152,304,5934.441
0,152,305,5934.441
0,152,306,5934.441
0,152,307,5934.441
0,152,308,5934.441
0,152,309,5934.441
0,152,310,5934.441
0,152,311,5934.441
0,152,312,5934.441
0,152,313,5934.441
0,152,314,5934.441
0,152,315,5934.441
0,152,316,5934.441
0,152,317,5934.441
0,152,318,5934.441
0,152,319,5934.441
0,152,320,5934.441
0,152,321,5934.441
0,152,322,5934.441
0,152,323,5934.441
0,152,324,5934.441
0,152,325,5934.441
0,152,326,5934.441
0,152,327,5934.441
0,152,328,5934.441
0,152,329,5934.441
0,152,330,5934.441
0,152,331,5934.441
0,152,332,5934.441
0,152,333,5934.441
0,152,334,5934.441
0,152,335,5934.441
0,152,336,5934.441
0,152,337,5934.441
0,152,338,5934.441
0,152,339,5934.441
0,152,340,5934.441
0,152,341,5934.441
0,152,342,5934.441
0,152,343,5934.441
0,152,344,5934.441
0,152,345,5934.441
0,152,346,5934.441
0,152,347,5934.441
0,152,348,5934.441
0,152,349,5934.441
0,152,350,5934.441
0,152,351,5934.441
0,152,352,5934.441
0,152,353,5934.441
0,152,354,5934.441
0,152,355,5934.441
0,152,356,5934.441
0,152,357,5934.441
0,152,358,5934.441
0,152,359,5934.441
0,152,360,5934.441
0,153,1,5743.903
0,153,2,5743.903
0,153,3,5743.903
0,153,4,5743.903
0,153,5,5743.903
0,153,6,5743.903
0,153,7,5743.903
0,153,8,5743.903
0,153,9,5743.903
0,153,10,5743.903
0,153,11,5743.903
0,153,12,5743.903
0,153,13,5743.903
0,153,14,5743.903
0,153,15,5743.903
0,153,16,5743.903
0,153,17,5743.903
0,153,18,5743.903
0,153,19,5743.903
0,153,20,5743.903
0,153,21,5743.903
0,153,22,5743.903
0,153,23,5743.903
0,153,24,5743.903
0,153,25,5743.903
0,153,26,5743.903
0,153,27,5743.903
0,153,28,5743.903
0,153,29,5743.903
0,153,30,5743.903
0,153,31,5743.903
0,153,32,5743.903
0,153,33,5743.903
0,153,34,5743.903
0,153,35,5743.903
0,153,36,5743.903
0,153,37,5743.903
0,153,38,5743.903
0,153,39,5743.903
0,153,40,5743.903
0,153,41,5743.903
0,153,42,5743.903
0,153,43,5743.903
0,153,44,5743.903
0,153,45,5743.903
0,153,46,5743.903
0,153,47,5743.903
0,153,48,5743.903
0,153,49,5743.903
0,153,50,5743.903
0,153,51,5743.903
0,153,52,5743.903
0,153,53,5743.903
0,153,54,5743.903
0,153,55,5743.903
0,153,56,5743.903
0,153,57,5743.903
0,153,58,5743.903
0,153,59,5743.903
0,153,60,5743.903
0,153,61,5743.903
0,153,62,5743.903
0,153,63,5743.903
0,153,64,5743.903
0,153,65,5743.903
0,153,66,5743.903
0,153,67,5743.903
0,153,68,5743.903
0,153,69,5743.903
0,153,70,5743.903
0,153,71,5743.903
0,153,72,5743.903
0,153,73,5743.903
0,153,74,5743.903
0,153,75,5743.903
0,153,76,5743.903
0,153,77,5743.903
0,153,78,5743.903
0,153,79,5743.903
0,153,80,5743.903
0,153,81,5743.903
0,153,82,5743.903
0,153,83,5743.903
0,153,84,5743.903
0,153,85,5743.903
0,153,86,5743.903
0,153,87,5743.903
0,153,88,5743.903
0,153,89,5743.903
0,153,90,5743.903
0,153,91,5743.903
0,153,92,5743.903
0,153,93,5743.903
0,153,94,5743.903
0,153,95,5743.903
0,153,96,5743.903
0,153,97,5743.903
0,153,98,5743.903
0,153,99,5743.903
0,153,100,5743.903
0,153,101,5743.903
0,153,102,5743.903
0,153,103,5743.903
0,153,104,5743.903
0,153,105,5743.903
0,153,106,5743.903
0,153,107,5743.903
0,153,108,5743.903
0,153,109,5743.903
0,153,110,5743.903
0,153,111,5743.903
0,153,112,5743.903
0,153,113,5743.903
0,153,114,5743.903
0,153,115,5743.903
0,153,116,5743.903
61,153,117,5743.903
61,153,118,5743.903
61,153,119,5743.903
61,153,120,5743.903
61,153,121,5743.903
61,153,122,5743.903
61,153,123,5743.903
61,153,124,5743.903
61,153,125,5743.903
61,153,126,5743.903
61,153,127,5743.903
61,153,128,5743.903
0,153,129,5743.903
0,153,130,5743.903
0,153,131,5743.903
0,153,132,5743.903
0,153,133,5743.903
0,153,134,5743.903
0,153,135,5743.903
0,153,136,5743.903
0,153,137,5743.903
0,153,138,5743.903
0,153,139,5743.903
0,153,140,5743.903
0,153,141,5743.903
0,153,142,5743.903
0,153,143,5743.903
0,153,144,5743.903
0,153,145,5743.903
0,153,146,5743.903
0,153,147,5743.903
0,153,148,5743.903
0,153,149,5743.903
0,153,150,5743.903
0,153,151,5743.903
0,153,152,5743.903
0,153,153,5743.903
0,153,154,5743.903
0,153,155,5743.903
0,153,156,5743.903
0,153,157,5743.903
0,153,158,5743.903
0,153,159,5743.903
0,153,160,5743.903
0,153,161,5743.903
0,153,162,5743.903
0,153,163,5743.903
0,153,164,5743.903
0,153,165,5743.903
0,153,166,5743.903
0,153,167,5743.903
0,153,168,5743.903
0,153,169,5743.903
0,153,170,5743.903
0,153,171,5743.903
0,153,172,5743.903
0,153,173,5743.903
0,153,174,5743.903
0,153,175,5743.903
0,153,176,5743.903
0,153,177,5743.903
0,153,178,5743.903
0,153,179,5743.903
0,153,180,5743.903
0,153,181,5743.903
0,153,182,5743.903
0,153,183,5743.903
0,153,184,5743.903
0,153,185,5743.903
0,153,186,5743.903
0,153,187,5743.903
0,153,188,5743.903
0,153,189,5743.903
0,153,190,5743.903
0,153,191,5743.903
0,153,192,5743.903
0,153,193,5743.903
0,153,194,5743.903
0,153,195,5743.903
0,153,196,5743.903
0,153,197,5743.903
0,153,198,5743.903
0,153,199,5743.903
0,153,200,5743.903
0,153,201,5743.903
0,153,202,5743.903
0,153,203,5743.903
0,153,204,5743.903
0,153,205,5743.903
0,153,206,5743.903
0,153,207,5743.903
0,153,208,5743.903
0,153,209,5743.903
0,153,210,5743.903
0,153,211,5743.903
0,153,212,5743.903
0,153,213,5743.903
0,153,214,5743.903
0,153,215,5743.903
0,153,216,5743.903
0,153,217,5743.903
0,153,218,5743.903
0,153,219,5743.903
0,153,220,5743.903
0,153,221,5743.903
0,153,222,5743.903
0,153,223,5743.903
0,153,224,5743.903
0,153,225,5743.903
0,153,226,5743.903
0,153,227,5743.903
0,153,228,5743.903
0,153,229,5743.903
0,153,230,5743.903
0,153,231,5743.903
0,153,232,5743.903
0,153,233,5743.903
0,153,234,5743.903
0,153,235,5743.903
0,153,236,5743.903
0,153,237,5743.903
0,153,238,5743.903
0,153,239,5743.903
0,153,240,5743.903
0,153,241,5743.903
0,153,242,5743.903
0,153,243,5743.903
0,153,244,5743.903
0,153,245,5743.903
0,153,246,5743.903
0,153,247,5743.903
0,153,248,5743.903
0,153,249,5743.903
0,153,250,5743.903
0,153,251,5743.903
0,153,252,5743.903
0,153,253,5743.903
0,153,254,5743.903
0,153,255,5743.903
0,153,256,5743.903
0,153,257,5743.903
0,153,258,5743.903
0,153,259,5743.903
0,153,260,5743.903
0,153,261,5743.903
0,153,262,5743.903
0,153,263,5743.903
0,153,264,5743.903
0,153,265,5743.903
0,153,266,5743.903
0,153,267,5743.903
0,153,268,5743.903
0,153,269,5743.903
0,153,270,5743.903
0,153,271,5743.903
0,153,272,5743.903
0,153,273,5743.903
0,153,274,5743.903
0,153,275,5743.903
0,153,276,5743.903
0,153,277,5743.903
0,153,278,5743.903
0,153,279,5743.903
0,153,280,5743.903
0,153,281,5743.903
0,153,282,5743.903
0,153,283,5743.903
0,153,284,5743.903
0,153,285,5743.903
0,153,286,5743.903
0,153,287,5743.903
0,153,288,5743.903
0,153,289,5743.903
0,153,290,5743.903
0,153,291,5743.903
0,153,292,5743.903
0,153,293,5743.903
0,153,294,5743.903
0,153,295,5743.903
0,153,296,5743.903
0,153,297,5743.903
0,153,298,5743.903
0,153,299,5743.903
0,153,300,5743.903
0,153,301,5743.903
0,153,302,5743.903
0,153,303,5743.903
0,153,304,5743.903
0,153,305,5743.903
0,153,306,5743.903
0,153,307,5743.903
0,153,308,5743.903
0,153,309,5743.903
0,153,310,5743.903
0,153,311,5743.903
0,153,312,5743.903
0,153,313,5743.903
0,153,314,5743.903
0,153,315,5743.903
0,153,316,5743.903
0,153,317,5743.903
0,153,318,5743.903
0,153,319,5743.903
0,153,320,5743.903
0,153,321,5743.903
0,153,322,5743.903
0,153,323,5743.903
0,153,324,5743.903
0,153,325,5743.903
0,153,326,5743.903
0,153,327,5743.903
0,153,328,5743.903
0,153,329,5743.903
0,153,330,5743.903
0,153,331,5743.903
0,153,332,5743.903
0,153,333,5743.903
0,153,334,5743.903
0,153,335,5743.903
0,153,336,5743.903
0,153,337,5743.903
0,153,338,5743.903
0,153,339,5743.903
0,153,340,5743.903
0,153,341,5743.903
0,153,342,5743.903
0,153,343,5743.903
0,153,344,5743.903
0,153,345,5743.903
0,153,346,5743.903
0,153,347,5743.903
0,153,348,5743.903
0,153,349,5743.903
0,153,350,5743.903
0,153,351,5743.903
0,153,352,5743.903
0,153,353,5743.903
0,153,354,5743.903
0,153,355,5743.903
0,153,356,5743.903
0,153,357,5743.903
0,153,358,5743.903
0,153,359,5743.903
0,153,360,5743.903
0,154,1,5551.515
0,154,2,5551.515
0,154,3,5551.515
0,154,4,5551.515
0,154,5,5551.515
0,154,6,5551.515
0,154,7,5551.515
0,154,8,5551.515
0,154,9,5551.515
0,154,10,5551.515
0,154,11,5551.515
0,154,12,5551.515
0,154,13,5551.515
0,154,14,5551.515
0,154,15,5551.515
0,154,16,5551.515
0,154,17,5551.515
0,154,18,5551.515
0,154,19,5551.515
0,154,20,5551.515
0,154,21,5551.515
0,154,22,5551.515
0,154,23,5551.515
0,154,24,5551.515
0,154,25,5551.515
0,154,26,5551.515
0,154,27,5551.515
0,154,28,5551.515
0,154,29,5551.515
0,154,30,5551.515
0,154,31,5551.515
0,154,32,5551.515
0,154,33,5551.515
0,154,34,5551.515
0,154,35,5551.515
0,154,36,5551.515
0,154,37,5551.515
0,154,38,5551.515
0,154,39,5551.515
0,154,40,5551.515
0,154,41,5551.515
0,154,42,5551.515
0,154,43,5551.515
0,154,44,5551.515
0,154,45,5551.515
0,154,46,5551.515
0,154,47,5551.515
0,154,48,5551.515
0,154,49,5551.515
0,154,50,5551.515
0,154,51,5551.515
0,154,52,5551.515
0,154,53,5551.515
0,154,54,5551.515
0,154,55,5551.515
0,154,56,5551.515
0,154,57,5551.515
0,154,58,5551.515
0,154,59,5551.515
0,154,60,5551.515
0,154,61,5551.515
0,154,62,5551.515
0,154,63,5551.515
0,154,64,5551.515
0,154,65,5551.515
0,154,66,5551.515
0,154,67,5551.515
0,154,68,5551.515
0,154,69,5551.515
0,154,70,5551.515
0,154,71,5551.515
0,154,72,5551.515
0,154,73,5551.515
0,154,74,5551.515
0,154,75,5551.515
0,154,76,5551.515
0,154,77,5551.515
0,154,78,5551.515
0,154,79,5551.515
0,154,80,5551.515
0,154,81,5551.515
0,154,82,5551.515
0,154,83,5551.515
0,154,84,5551.515
0,154,85,5551.515
0,154,86,5551.515
0,154,87,5551.515
0,154,88,5551.515
0,154,89,5551.515
0,154,90,5551.515
0,154,91,5551.515
0,154,92,5551.515
0,154,93,5551.515
0,154,94,5551.515
0,154,95,5551.515
0,154,96,5551.515
0,154,97,5551.515
0,154,98,5551.515
0,154,99,5551.515
0,154,100,5551.515
0,154,101,5551.515
0,154,102,5551.515
0,154,103,5551.515
0,154,104,5551.515
0,154,105,5551.515
0,154,106,5551.515
0,154,107,5551.515
0,154,108,5551.515
0,154,109,5551.515
0,154,110,5551.515
0,154,111,5551.515
0,154,112,5551.515
0,154,113,5551.515
0,154,114,5551.515
61,154,115,5551.515
61,154,116,5551.515
61,154,117,5551.515
61,154,118,5551.515
61,154,119,5551.515
61,154,124,5551.515
61,154,125,5551.515
61,154,126,5551.515
61,154,127,5551.515
0,154,128,5551.515
0,154,129,5551.515
0,154,130,5551.515
0,154,131,5551.515
0,154,132,5551.515
0,154,133,5551.515
0,154,134,5551.515
0,154,135,5551.515
0,154,136,5551.515
0,154,137,5551.515
0,154,138,5551.515
0,154,139,5551.515
0,154,140,5551.515
0,154,141,5551.515
0,154,142,5551.515
0,154,143,5551.515
0,154,144,5551.515
0,154,145,5551.515
0,154,146,5551.515
0,154,147,5551.515
0,154,148,5551.515
0,154,149,5551.515
0,154,150,5551.515
0,154,151,5551.515
0,154,152,5551.515
0,154,153,5551.515
0,154,154,5551.515
0,154,155,5551.515
0,154,156,5551.515
0,154,157,5551.515
0,154,158,5551.515
0,154,159,5551.515
0,154,160,5551.515
0,154,161,5551.515
0,154,162,5551.515
0,154,163,5551.515
0,154,164,5551.515
0,154,165,5551.515
0,154,166,5551.515
0,154,167,5551.515
0,154,168,5551.515
0,154,169,5551.515
0,154,170,5551.515
0,154,171,5551.515
0,154,172,5551.515
0,154,173,5551.515
0,154,174,5551.515
0,154,175,5551.515
0,154,176,5551.515
0,154,177,5551.515
0,154,178,5551.515
0,154,179,5551.515
0,154,180,5551.515
0,154,181,5551.515
0,154,182,5551.515
0,154,183,5551.515
0,154,184,5551.515
0,154,185,5551.515
0,154,186,5551.515
0,154,187,5551.515
0,154,188,5551.515
0,154,189,5551.515
0,154,190,5551.515
0,154,191,5551.515
0,154,192,5551.515
0,154,193,5551.515
0,154,194,5551.515
0,154,195,5551.515
0,154,196,5551.515
0,154,197,5551.515
0,154,198,5551.515
0,154,199,5551.515
0,154,200,5551.515
0,154,201,5551.515
0,154,202,5551.515
0,154,203,5551.515
0,154,204,5551.515
0,154,205,5551.515
0,154,206,5551.515
0,154,207,5551.515
0,154,208,5551.515
0,154,209,5551.515
0,154,210,5551.515
0,154,211,5551.515
0,154,212,5551.515
0,154,213,5551.515
0,154,214,5551.515
0,154,215,5551.515
0,154,216,5551.515
0,154,217,5551.515
0,154,218,5551.515
0,154,219,5551.515
0,154,220,5551.515
0,154,221,5551.515
0,154,222,5551.515
0,154,223,5551.515
0,154,224,5551.515
0,154,225,5551.515
0,154,226,5551.515
0,154,227,5551.515
0,154,228,5551.515
0,154,229,5551.515
0,154,230,5551.515
0,154,231,5551.515
0,154,232,5551.515
0,154,233,5551.515
0,154,234,5551.515
0,154,235,5551.515
0,154,236,5551.515
0,154,237,5551.515
0,154,238,5551.515
0,154,239,5551.515
0,154,240,5551.515
0,154,241,5551.515
0,154,242,5551.515
0,154,243,5551.515
0,154,244,5551.515
0,154,245,5551.515
0,154,246,5551.515
0,154,247,5551.515
0,154,248,5551.515
0,154,249,5551.515
0,154,250,5551.515
0,154,251,5551.515
0,154,252,5551.515
0,154,253,5551.515
0,154,254,5551.515
0,154,255,5551.515
0,154,256,5551.515
0,154,257,5551.515
0,154,258,5551.515
0,154,259,5551.515
0,154,260,5551.515
0,154,261,5551.515
0,154,262,5551.515
0,154,263,5551.515
0,154,264,5551.515
0,154,265,5551.515
0,154,266,5551.515
0,154,267,5551.515
0,154,268,5551.515
0,154,269,5551.515
0,154,270,5551.515
0,154,271,5551.515
0,154,272,5551.515
0,154,273,5551.515
0,154,274,5551.515
0,154,275,5551.515
0,154,276,5551.515
0,154,277,5551.515
0,154,278,5551.515
0,154,279,5551.515
0,154,280,5551.515
0,154,281,5551.515
0,154,282,5551.515
0,154,283,5551.515
0,154,284,5551.515
0,154,285,5551.515
0,154,286,5551.515
0,154,287,5551.515
0,154,288,5551.515
0,154,289,5551.515
0,154,290,5551.515
0,154,291,5551.515
0,154,292,5551.515
0,154,293,5551.515
0,154,294,5551.515
0,154,295,5551.515
0,154,296,5551.515
0,154,297,5551.515
0,154,298,5551.515
0,154,299,5551.515
0,154,300,5551.515
0,154,301,5551.515
0,154,302,5551.515
0,154,303,5551.515
0,154,304,5551.515
0,154,305,5551.515
0,154,306,5551.515
0,154,307,5551.515
0,154,308,5551.515
0,154,309,5551.515
0,154,310,5551.515
0,154,311,5551.515
0,154,312,5551.515
0,154,313,5551.515
0,154,314,5551.515
0,154,315,5551.515
0,154,316,5551.515
0,154,317,5551.515
0,154,318,5551.515
0,154,319,5551.515
0,154,320,5551.515
0,154,321,5551.515
0,154,322,5551.515
0,154,323,5551.515
0,154,324,5551.515
0,154,325,5551.515
0,154,326,5551.515
0,154,327,5551.515
0,154,328,5551.515
0,154,329,5551.515
0,154,330,5551.515
0,154,331,5551.515
0,154,332,5551.515
0,154,333,5551.515
0,154,334,5551.515
0,154,335,5551.515
0,154,336,5551.515
0,154,337,5551.515
0,154,338,5551.515
0,154,339,5551.515
0,154,340,5551.515
0,154,341,5551.515
0,154,342,5551.515
0,154,343,5551.515
0,154,344,5551.515
0,154,345,5551.515
0,154,346,5551.515
0,154,347,5551.515
0,154,348,5551.515
0,154,349,5551.515
0,154,350,5551.515
0,154,351,5551.515
0,154,352,5551.515
0,154,353,5551.515
0,154,354,5551.515
0,154,355,5551.515
0,154,356,5551.515
0,154,357,5551.515
0,154,358,5551.515
0,154,359,5551.515
0,154,360,5551.515
0,155,1,5357.335
0,155,2,5357.335
0,155,3,5357.335
0,155,4,5357.335
0,155,5,5357.335
0,155,6,5357.335
0,155,7,5357.335
0,155,8,5357.335
0,155,9,5357.335
0,155,10,5357.335
0,155,11,5357.335
0,155,12,5357.335
0,155,13,5357.335
0,155,14,5357.335
0,155,15,5357.335
0,155,16,5357.335
0,155,17,5357.335
0,155,18,5357.335
0,155,19,5357.335
0,155,20,5357.335
0,155,21,5357.335
0,155,22,5357.335
0,155,23,5357.335
0,155,24,5357.335
0,155,25,5357.335
0,155,26,5357.335
0,155,27,5357.335
0,155,28,5357.335
0,155,29,5357.335
0,155,30,5357.335
0,155,31,5357.335
0,155,32,5357.335
0,155,33,5357.335
0,155,34,5357.335
0,155,35,5357.335
0,155,36,5357.335
0,155,37,5357.335
0,155,38,5357.335
0,155,39,5357.335
0,155,40,5357.335
0,155,41,5357.335
0,155,42,5357.335
0,155,43,5357.335
0,155,44,5357.335
0,155,45,5357.335
0,155,46,5357.335
0,155,47,5357.335
0,155,48,5357.335
0,155,49,5357.335
0,155,50,5357.335
0,155,51,5357.335
0,155,52,5357.335
0,155,53,5357.335
0,155,54,5357.335
0,155,55,5357.335
0,155,56,5357.335
0,155,57,5357.335
0,155,58,5357.335
0,155,59,5357.335
0,155,60,5357.335
0,155,61,5357.335
0,155,62,5357.335
0,155,63,5357.335
0,155,64,5357.335
0,155,65,5357.335
0,155,66,5357.335
0,155,67,5357.335
0,155,68,5357.335
0,155,69,5357.335
0,155,70,5357.335
0,155,71,5357.335
0,155,72,5357.335
0,155,73,5357.335
0,155,74,5357.335
0,155,75,5357.335
0,155,76,5357.335
0,155,77,5357.335
0,155,78,5357.335
0,155,79,5357.335
0,155,80,5357.335
0,155,81,5357.335
0,155,82,5357.335
0,155,83,5357.335
0,155,84,5357.335
0,155,85,5357.335
0,155,86,5357.335
0,155,87,5357.335
0,155,88,5357.335
0,155,89,5357.335
0,155,90,5357.335
0,155,91,5357.335
0,155,92,5357.335
0,155,93,5357.335
0,155,94,5357.335
0,155,95,5357.335
0,155,96,5357.335
0,155,97,5357.335
0,155,98,5357.335
0,155,99,5357.335
0,155,100,5357.335
0,155,101,5357.335
0,155,102,5357.335
0,155,103,5357.335
0,155,104,5357.335
0,155,105,5357.335
0,155,106,5357.335
0,155,107,5357.335
0,155,108,5357.335
0,155,109,5357.335
0,155,110,5357.335
0,155,111,5357.335
61,155,112,5357.335
61,155,113,5357.335
61,155,114,5357.335
61,155,115,5357.335
61,155,116,5357.335
61,155,120,5357.335
61,155,121,5357.335
61,155,122,5357.335
61,155,123,5357.335
61,155,124,5357.335
61,155,125,5357.335
61,155,126,5357.335
0,155,127,5357.335
0,155,128,5357.335
0,155,129,5357.335
0,155,130,5357.335
0,155,131,5357.335
0,155,132,5357.335
0,155,133,5357.335
0,155,134,5357.335
0,155,135,5357.335
0,155,136,5357.335
0,155,137,5357.335
0,155,138,5357.335
0,155,139,5357.335
0,155,140,5357.335
0,155,141,5357.335
0,155,142,5357.335
0,155,143,5357.335
0,155,144,5357.335
0,155,145,5357.335
0,155,146,5357.335
0,155,147,5357.335
0,155,148,5357.335
0,155,149,5357.335
0,155,150,5357.335
0,155,151,5357.335
0,155,152,5357.335
0,155,153,5357.335
0,155,154,5357.335
0,155,155,5357.335
0,155,156,5357.335
0,155,157,5357.335
0,155,158,5357.335
0,155,159,5357.335
0,155,160,5357.335
0,155,161,5357.335
0,155,162,5357.335
0,155,163,5357.335
0,155,164,5357.335
0,155,165,5357.335
0,155,166,5357.335
0,155,167,5357.335
0,155,168,5357.335
0,155,169,5357.335
0,155,170,5357.335
0,155,171,5357.335
0,155,172,5357.335
0,155,173,5357.335
0,155,174,5357.335
0,155,175,5357.335
0,155,176,5357.335
0,155,177,5357.335
0,155,178,5357.335
0,155,179,5357.335
0,155,180,5357.335
0,155,181,5357.335
0,155,182,5357.335
0,155,183,5357.335
0,155,184,5357.335
0,155,185,5357.335
0,155,186,5357.335
0,155,187,5357.335
0,155,188,5357.335
0,155,189,5357.335
0,155,190,5357.335
0,155,191,5357.335
0,155,192,5357.335
0,155,193,5357.335
0,155,194,5357.335
0,155,195,5357.335
0,155,196,5357.335
0,155,197,5357.335
0,155,198,5357.335
0,155,199,5357.335
0,155,200,5357.335
0,155,201,5357.335
0,155,202,5357.335
0,155,203,5357.335
0,155,204,5357.335
0,155,205,5357.335
0,155,206,5357.335
0,155,207,5357.335
0,155,208,5357.335
0,155,209,5357.335
0,155,210,5357.335
0,155,211,5357.335
0,155,212,5357.335
0,155,213,5357.335
0,155,214,5357.335
0,155,215,5357.335
0,155,216,5357.335
0,155,217,5357.335
0,155,218,5357.335
0,155,219,5357.335
0,155,220,5357.335
0,155,221,5357.335
0,155,222,5357.335
0,155,223,5357.335
0,155,224,5357.335
0,155,225,5357.335
0,155,226,5357.335
0,155,227,5357.335
0,155,228,5357.335
0,155,229,5357.335
0,155,230,5357.335
0,155,231,5357.335
0,155,232,5357.335
0,155,233,5357.335
0,155,234,5357.335
0,155,235,5357.335
0,155,236,5357.335
0,155,237,5357.335
0,155,238,5357.335
0,155,239,5357.335
0,155,240,5357.335
0,155,241,5357.335
0,155,242,5357.335
0,155,243,5357.335
0,155,244,5357.335
0,155,245,5357.335
0,155,246,5357.335
0,155,247,5357.335
0,155,248,5357.335
0,155,249,5357.335
0,155,250,5357.335
0,155,251,5357.335
0,155,252,5357.335
0,155,253,5357.335
0,155,254,5357.335
0,155,255,5357.335
0,155,256,5357.335
0,155,257,5357.335
0,155,258,5357.335
0,155,259,5357.335
0,155,260,5357.335
0,155,261,5357.335
0,155,262,5357.335
0,155,263,5357.335
0,155,264,5357.335
0,155,265,5357.335
0,155,266,5357.335
0,155,267,5357.335
0,155,268,5357.335
0,155,269,5357.335
0,155,270,5357.335
0,155,271,5357.335
0,155,272,5357.335
0,155,273,5357.335
0,155,274,5357.335
61,155,275,5357.335
61,155,276,5357.335
61,155,277,5357.335
61,155,278,5357.335
61,155,279,5357.335
61,155,280,5357.335
61,155,281,5357.335
61,155,282,5357.335
61,155,283,5357.335
61,155,284,5357.335
61,155,285,5357.335
0,155,286,5357.335
0,155,287,5357.335
0,155,288,5357.335
0,155,289,5357.335
0,155,290,5357.335
0,155,291,5357.335
0,155,292,5357.335
0,155,293,5357.335
0,155,294,5357.335
0,155,295,5357.335
0,155,296,5357.335
0,155,297,5357.335
0,155,298,5357.335
0,155,299,5357.335
0,155,300,5357.335
0,155,301,5357.335
0,155,302,5357.335
0,155,303,5357.335
0,155,304,5357.335
0,155,305,5357.335
0,155,306,5357.335
0,155,307,5357.335
0,155,308,5357.335
0,155,309,5357.335
61,155,310,5357.335
61,155,311,5357.335
61,155,312,5357.335
61,155,313,5357.335
61,155,314,5357.335
61,155,316,5357.335
0,155,317,5357.335
0,155,318,5357.335
0,155,319,5357.335
0,155,320,5357.335
0,155,321,5357.335
0,155,322,5357.335
0,155,323,5357.335
0,155,324,5357.335
0,155,325,5357.335
0,155,326,5357.335
0,155,327,5357.335
0,155,328,5357.335
0,155,329,5357.335
0,155,330,5357.335
0,155,331,5357.335
0,155,332,5357.335
0,155,333,5357.335
0,155,334,5357.335
0,155,335,5357.335
0,155,336,5357.335
0,155,337,5357.335
0,155,338,5357.335
0,155,339,5357.335
0,155,340,5357.335
0,155,341,5357.335
0,155,342,5357.335
0,155,343,5357.335
0,155,344,5357.335
0,155,345,5357.335
0,155,346,5357.335
0,155,347,5357.335
0,155,348,5357.335
0,155,349,5357.335
0,155,350,5357.335
0,155,351,5357.335
0,155,352,5357.335
0,155,353,5357.335
0,155,354,5357.335
0,155,355,5357.335
0,155,356,5357.335
0,155,357,5357.335
0,155,358,5357.335
0,155,359,5357.335
0,155,360,5357.335
0,156,1,5161.424
0,156,2,5161.424
0,156,3,5161.424
0,156,4,5161.424
0,156,5,5161.424
0,156,6,5161.424
0,156,7,5161.424
0,156,8,5161.424
0,156,9,5161.424
0,156,10,5161.424
0,156,11,5161.424
0,156,12,5161.424
0,156,13,5161.424
0,156,14,5161.424
0,156,15,5161.424
0,156,16,5161.424
0,156,17,5161.424
0,156,18,5161.424
0,156,19,5161.424
0,156,20,5161.424
0,156,21,5161.424
0,156,22,5161.424
0,156,23,5161.424
0,156,24,5161.424
0,156,25,5161.424
0,156,26,5161.424
0,156,27,5161.424
0,156,28,5161.424
0,156,29,5161.424
0,156,30,5161.424
0,156,31,5161.424
0,156,32,5161.424
0,156,33,5161.424
0,156,34,5161.424
0,156,35,5161.424
0,156,36,5161.424
0,156,37,5161.424
0,156,38,5161.424
0,156,39,5161.424
0,156,40,5161.424
0,156,41,5161.424
0,156,42,5161.424
0,156,43,5161.424
0,156,44,5161.424
0,156,45,5161.424
0,156,46,5161.424
0,156,47,5161.424
0,156,48,5161.424
0,156,49,5161.424
0,156,50,5161.424
0,156,51,5161.424
0,156,52,5161.424
0,156,53,5161.424
0,156,54,5161.424
0,156,55,5161.424
0,156,56,5161.424
0,156,57,5161.424
0,156,58,5161.424
0,156,59,5161.424
0,156,60,5161.424
0,156,61,5161.424
0,156,62,5161.424
0,156,63,5161.424
0,156,64,5161.424
0,156,65,5161.424
0,156,66,5161.424
0,156,67,5161.424
0,156,68,5161.424
0,156,69,5161.424
0,156,70,5161.424
0,156,71,5161.424
0,156,72,5161.424
0,156,73,5161.424
0,156,74,5161.424
0,156,75,5161.424
0,156,76,5161.424
0,156,77,5161.424
0,156,78,5161.424
0,156,79,5161.424
0,156,80,5161.424
0,156,81,5161.424
0,156,82,5161.424
0,156,83,5161.424
0,156,84,5161.424
0,156,85,5161.424
0,156,86,5161.424
0,156,87,5161.424
0,156,88,5161.424
0,156,89,5161.424
0,156,90,5161.424
0,156,91,5161.424
0,156,92,5161.424
0,156,93,5161.424
0,156,94,5161.424
0,156,95,5161.424
0,156,96,5161.424
0,156,97,5161.424
0,156,98,5161.424
0,156,99,5161.424
0,156,100,5161.424
0,156,101,5161.424
0,156,102,5161.424
0,156,103,5161.424
0,156,104,5161.424
0,156,105,5161.424
0,156,106,5161.424
0,156,107,5161.424
0,156,108,5161.424
0,156,109,5161.424
61,156,110,5161.424
61,156,111,5161.424
61,156,112,5161.424
61,156,113,5161.424
61,156,114,5161.424
61,156,115,5161.424
61,156,119,5161.424
61,156,120,5161.424
61,156,121,5161.424
61,156,122,5161.424
61,156,123,5161.424
61,156,124,5161.424
61,156,125,5161.424
0,156,126,5161.424
0,156,127,5161.424
0,156,128,5161.424
0,156,129,5161.424
0,156,130,5161.424
0,156,131,5161.424
0,156,132,5161.424
0,156,133,5161.424
0,156,134,5161.424
0,156,135,5161.424
0,156,136,5161.424
0,156,137,5161.424
0,156,138,5161.424
0,156,139,5161.424
0,156,140,5161.424
0,156,141,5161.424
0,156,142,5161.424
0,156,143,5161.424
0,156,144,5161.424
0,156,145,5161.424
0,156,146,5161.424
0,156,147,5161.424
0,156,148,5161.424
0,156,149,5161.424
0,156,150,5161.424
0,156,151,5161.424
0,156,152,5161.424
0,156,153,5161.424
0,156,154,5161.424
0,156,155,5161.424
0,156,156,5161.424
0,156,157,5161.424
0,156,158,5161.424
0,156,159,5161.424
0,156,160,5161.424
0,156,161,5161.424
0,156,162,5161.424
0,156,163,5161.424
0,156,164,5161.424
0,156,165,5161.424
0,156,166,5161.424
0,156,167,5161.424
0,156,168,5161.424
0,156,169,5161.424
0,156,170,5161.424
0,156,171,5161.424
0,156,172,5161.424
0,156,173,5161.424
0,156,174,5161.424
0,156,175,5161.424
0,156,176,5161.424
0,156,177,5161.424
0,156,178,5161.424
0,156,179,5161.424
0,156,180,5161.424
0,156,181,5161.424
0,156,182,5161.424
0,156,183,5161.424
0,156,184,5161.424
0,156,185,5161.424
0,156,186,5161.424
0,156,187,5161.424
0,156,188,5161.424
0,156,189,5161.424
0,156,190,5161.424
0,156,191,5161.424
0,156,192,5161.424
0,156,193,5161.424
0,156,194,5161.424
0,156,195,5161.424
0,156,196,5161.424
0,156,197,5161.424
0,156,198,5161.424
0,156,199,5161.424
0,156,200,5161.424
0,156,201,5161.424
0,156,202,5161.424
0,156,203,5161.424
0,156,204,5161.424
0,156,205,5161.424
0,156,206,5161.424
0,156,207,5161.424
0,156,208,5161.424
0,156,209,5161.424
0,156,210,5161.424
0,156,211,5161.424
0,156,212,5161.424
0,156,213,5161.424
0,156,214,5161.424
0,156,215,5161.424
0,156,216,5161.424
0,156,217,5161.424
0,156,218,5161.424
0,156,219,5161.424
0,156,220,5161.424
0,156,221,5161.424
0,156,222,5161.424
0,156,223,5161.424
0,156,224,5161.424
0,156,225,5161.424
0,156,226,5161.424
0,156,227,5161.424
0,156,228,5161.424
0,156,229,5161.424
0,156,230,5161.424
61,156,231,5161.424
61,156,232,5161.424
61,156,237,5161.424
0,156,238,5161.424
0,156,239,5161.424
0,156,240,5161.424
0,156,241,5161.424
0,156,242,5161.424
0,156,243,5161.424
0,156,244,5161.424
0,156,245,5161.424
0,156,246,5161.424
0,156,247,5161.424
0,156,248,5161.424
0,156,249,5161.424
0,156,250,5161.424
0,156,251,5161.424
0,156,252,5161.424
0,156,253,5161.424
0,156,254,5161.424
0,156,255,5161.424
0,156,256,5161.424
0,156,257,5161.424
0,156,258,5161.424
0,156,259,5161.424
0,156,260,5161.424
0,156,261,5161.424
61,156,262,5161.424
61,156,263,5161.424
61,156,264,5161.424
61,156,265,5161.424
61,156,266,5161.424
61,156,267,5161.424
61,156,268,5161.424
61,156,269,5161.424
61,156,270,5161.424
61,156,271,5161.424
61,156,272,5161.424
61,156,273,5161.424
61,156,274,5161.424
61,156,275,5161.424
61,156,276,5161.424
61,156,277,5161.424
61,156,278,5161.424
61,156,279,5161.424
61,156,280,5161.424
61,156,281,5161.424
61,156,282,5161.424
61,156,284,5161.424
61,156,285,5161.424
61,156,286,5161.424
61,156,287,5161.424
61,156,288,5161.424
61,156,289,5161.424
61,156,290,5161.424
61,156,291,5161.424
61,156,295,5161.424
61,156,296,5161.424
61,156,297,5161.424
61,156,298,5161.424
61,156,299,5161.424
61,156,300,5161.424
61,156,301,5161.424
61,156,302,5161.424
61,156,303,5161.424
61,156,304,5161.424
61,156,305,5161.424
61,156,306,5161.424
61,156,307,5161.424
61,156,308,5161.424
61,156,309,5161.424
61,156,310,5161.424
61,156,311,5161.424
61,156,312,5161.424
61,156,313,5161.424
61,156,314,5161.424
61,156,316,5161.424
61,156,317,5161.424
61,156,318,5161.424
61,156,319,5161.424
61,156,320,5161.424
61,156,321,5161.424
61,156,322,5161.424
61,156,323,5161.424
61,156,324,5161.424
61,156,325,5161.424
61,156,326,5161.424
61,156,327,5161.424
61,156,328,5161.424
0,156,329,5161.424
61,156,330,5161.424
61,156,331,5161.424
0,156,332,5161.424
0,156,333,5161.424
0,156,334,5161.424
0,156,335,5161.424
0,156,336,5161.424
0,156,337,5161.424
0,156,338,5161.424
0,156,339,5161.424
0,156,340,5161.424
0,156,341,5161.424
0,156,342,5161.424
0,156,343,5161.424
0,156,344,5161.424
0,156,345,5161.424
0,156,346,5161.424
0,156,347,5161.424
0,156,348,5161.424
0,156,349,5161.424
0,156,350,5161.424
0,156,351,5161.424
0,156,352,5161.424
0,156,353,5161.424
0,156,354,5161.424
0,156,355,5161.424
0,156,356,5161.424
0,156,357,5161.424
0,156,358,5161.424
0,156,359,5161.424
0,156,360,5161.424
0,157,1,4963.844
0,157,2,4963.844
0,157,3,4963.844
0,157,4,4963.844
0,157,5,4963.844
0,157,6,4963.844
0,157,7,4963.844
0,157,8,4963.844
0,157,9,4963.844
0,157,10,4963.844
0,157,11,4963.844
0,157,12,4963.844
0,157,13,4963.844
0,157,14,4963.844
0,157,15,4963.844
0,157,16,4963.844
0,157,17,4963.844
0,157,18,4963.844
0,157,19,4963.844
0,157,20,4963.844
0,157,21,4963.844
0,157,22,4963.844
0,157,23,4963.844
0,157,24,4963.844
0,157,25,4963.844
0,157,26,4963.844
0,157,27,4963.844
0,157,28,4963.844
0,157,29,4963.844
0,157,30,4963.844
0,157,31,4963.844
0,157,32,4963.844
0,157,33,4963.844
0,157,34,4963.844
0,157,35,4963.844
0,157,36,4963.844
0,157,37,4963.844
0,157,38,4963.844
0,157,39,4963.844
0,157,40,4963.844
0,157,41,4963.844
0,157,42,4963.844
0,157,43,4963.844
0,157,44,4963.844
0,157,45,4963.844
0,157,46,4963.844
0,157,47,4963.844
0,157,48,4963.844
0,157,49,4963.844
0,157,50,4963.844
0,157,51,4963.844
0,157,52,4963.844
0,157,53,4963.844
0,157,54,4963.844
0,157,55,4963.844
0,157,56,4963.844
0,157,57,4963.844
0,157,58,4963.844
0,157,59,4963.844
0,157,60,4963.844
0,157,61,4963.844
0,157,62,4963.844
0,157,63,4963.844
0,157,64,4963.844
0,157,65,4963.844
0,157,66,4963.844
0,157,67,4963.844
0,157,68,4963.844
0,157,69,4963.844
0,157,70,4963.844
0,157,71,4963.844
0,157,72,4963.844
0,157,73,4963.844
0,157,74,4963.844
0,157,75,4963.844
0,157,76,4963.844
0,157,77,4963.844
0,157,78,4963.844
0,157,79,4963.844
0,157,80,4963.844
0,157,81,4963.844
0,157,82,4963.844
0,157,83,4963.844
0,157,84,4963.844
0,157,85,4963.844
0,157,86,4963.844
0,157,87,4963.844
0,157,88,4963.844
0,157,89,4963.844
0,157,90,4963.844
0,157,91,4963.844
0,157,92,4963.844
0,157,93,4963.844
0,157,94,4963.844
0,157,95,4963.844
0,157,96,4963.844
0,157,97,4963.844
0,157,98,4963.844
0,157,99,4963.844
0,157,100,4963.844
0,157,101,4963.844
0,157,102,4963.844
0,157,103,4963.844
0,157,104,4963.844
0,157,105,4963.844
0,157,106,4963.844
0,157,107,4963.844
61,157,108,4963.844
61,157,109,4963.844
61,157,110,4963.844
61,157,111,4963.844
61,157,112,4963.844
61,157,113,4963.844
61,157,116,4963.844
61,157,117,4963.844
61,157,118,4963.844
61,157,119,4963.844
61,157,120,4963.844
61,157,121,4963.844
61,157,122,4963.844
61,157,123,4963.844
61,157,124,4963.844
0,157,125,4963.844
0,157,126,4963.844
0,157,127,4963.844
0,157,128,4963.844
0,157,129,4963.844
0,157,130,4963.844
0,157,131,4963.844
0,157,132,4963.844
0,157,133,4963.844
0,157,134,4963.844
0,157,135,4963.844
0,157,136,4963.844
0,157,137,4963.844
0,157,138,4963.844
0,157,139,4963.844
0,157,140,4963.844
0,157,141,4963.844
0,157,142,4963.844
0,157,143,4963.844
0,157,144,4963.844
0,157,145,4963.844
0,157,146,4963.844
0,157,147,4963.844
0,157,148,4963.844
0,157,149,4963.844
0,157,150,4963.844
0,157,151,4963.844
0,157,152,4963.844
0,157,153,4963.844
0,157,154,4963.844
0,157,155,4963.844
0,157,156,4963.844
0,157,157,4963.844
0,157,158,4963.844
0,157,159,4963.844
0,157,160,4963.844
0,157,161,4963.844
0,157,162,4963.844
0,157,163,4963.844
0,157,164,4963.844
0,157,165,4963.844
0,157,166,4963.844
0,157,167,4963.844
0,157,168,4963.844
0,157,169,4963.844
0,157,170,4963.844
0,157,171,4963.844
0,157,172,4963.844
0,157,173,4963.844
0,157,174,4963.844
0,157,175,4963.844
0,157,176,4963.844
0,157,177,4963.844
0,157,178,4963.844
0,157,179,4963.844
0,157,180,4963.844
0,157,181,4963.844
0,157,182,4963.844
0,157,183,4963.844
0,157,184,4963.844
0,157,185,4963.844
0,157,186,4963.844
0,157,187,4963.844
0,157,188,4963.844
0,157,189,4963.844
0,157,190,4963.844
0,157,191,4963.844
0,157,192,4963.844
0,157,193,4963.844
0,157,194,4963.844
0,157,195,4963.844
0,157,196,4963.844
0,157,197,4963.844
0,157,198,4963.844
0,157,199,4963.844
0,157,200,4963.844
0,157,201,4963.844
0,157,202,4963.844
0,157,203,4963.844
0,157,204,4963.844
0,157,205,4963.844
0,157,206,4963.844
0,157,207,4963.844
0,157,208,4963.844
0,157,209,4963.844
0,157,210,4963.844
0,157,211,4963.844
0,157,212,4963.844
0,157,213,4963.844
0,157,214,4963.844
0,157,215,4963.844
0,157,216,4963.844
0,157,217,4963.844
0,157,218,4963.844
0,157,219,4963.844
0,157,220,4963.844
0,157,221,4963.844
0,157,222,4963.844
0,157,223,4963.844
0,157,224,4963.844
0,157,225,4963.844
0,157,226,4963.844
61,157,227,4963.844
61,157,228,4963.844
61,157,229,4963.844
61,157,230,4963.844
61,157,239,4963.844
61,157,240,4963.844
61,157,241,4963.844
61,157,242,4963.844
61,157,243,4963.844
61,157,244,4963.844
61,157,245,4963.844
61,157,246,4963.844
61,157,247,4963.844
0,157,248,4963.844
0,157,249,4963.844
61,157,250,4963.844
61,157,251,4963.844
61,157,252,4963.844
61,157,253,4963.844
61,157,254,4963.844
61,157,255,4963.844
61,157,256,4963.844
61,157,257,4963.844
61,157,258,4963.844
61,157,259,4963.844
61,157,260,4963.844
61,157,261,4963.844
61,157,262,4963.844
61,157,263,4963.844
61,157,264,4963.844
61,157,265,4963.844
61,157,266,4963.844
61,157,267,4963.844
61,157,309,4963.844
61,157,325,4963.844
61,157,326,4963.844
61,157,327,4963.844
61,157,328,4963.844
61,157,329,4963.844
61,157,330,4963.844
61,157,331,4963.844
61,157,332,4963.844
61,157,333,4963.844
61,157,334,4963.844
61,157,335,4963.844
61,157,336,4963.844
0,157,337,4963.844
0,157,338,4963.844
0,157,339,4963.844
0,157,340,4963.844
0,157,341,4963.844
0,157,342,4963.844
0,157,343,4963.844
0,157,344,4963.844
0,157,345,4963.844
0,157,346,4963.844
0,157,347,4963.844
0,157,348,4963.844
0,157,349,4963.844
0,157,350,4963.844
0,157,351,4963.844
0,157,352,4963.844
0,157,353,4963.844
0,157,354,4963.844
0,157,355,4963.844
0,157,356,4963.844
0,157,357,4963.844
0,157,358,4963.844
0,157,359,4963.844
0,157,360,4963.844
0,158,1,4764.655
0,158,2,4764.655
0,158,3,4764.655
0,158,4,4764.655
0,158,5,4764.655
0,158,6,4764.655
0,158,7,4764.655
0,158,8,4764.655
0,158,9,4764.655
0,158,10,4764.655
0,158,11,4764.655
0,158,12,4764.655
0,158,13,4764.655
0,158,14,4764.655
0,158,15,4764.655
0,158,16,4764.655
0,158,17,4764.655
0,158,18,4764.655
0,158,19,4764.655
0,158,20,4764.655
0,158,21,4764.655
0,158,22,4764.655
0,158,23,4764.655
0,158,24,4764.655
0,158,25,4764.655
0,158,26,4764.655
0,158,27,4764.655
0,158,28,4764.655
0,158,29,4764.655
0,158,30,4764.655
0,158,31,4764.655
0,158,32,4764.655
0,158,33,4764.655
0,158,34,4764.655
0,158,35,4764.655
0,158,36,4764.655
0,158,37,4764.655
0,158,38,4764.655
0,158,39,4764.655
0,158,40,4764.655
0,158,41,4764.655
0,158,42,4764.655
0,158,43,4764.655
0,158,44,4764.655
0,158,45,4764.655
0,158,46,4764.655
0,158,47,4764.655
0,158,48,4764.655
0,158,49,4764.655
0,158,50,4764.655
0,158,51,4764.655
0,158,52,4764.655
0,158,53,4764.655
0,158,54,4764.655
0,158,55,4764.655
0,158,56,4764.655
0,158,57,4764.655
0,158,58,4764.655
0,158,59,4764.655
0,158,60,4764.655
0,158,61,4764.655
0,158,62,4764.655
0,158,63,4764.655
0,158,64,4764.655
0,158,65,4764.655
0,158,66,4764.655
0,158,67,4764.655
0,158,68,4764.655
0,158,69,4764.655
0,158,70,4764.655
0,158,71,4764.655
0,158,72,4764.655
0,158,73,4764.655
0,158,74,4764.655
0,158,75,4764.655
0,158,76,4764.655
0,158,77,4764.655
0,158,78,4764.655
0,158,79,4764.655
0,158,80,4764.655
0,158,81,4764.655
0,158,82,4764.655
0,158,83,4764.655
0,158,84,4764.655
0,158,85,4764.655
0,158,86,4764.655
0,158,87,4764.655
0,158,88,4764.655
0,158,89,4764.655
0,158,90,4764.655
0,158,91,4764.655
0,158,92,4764.655
0,158,93,4764.655
0,158,94,4764.655
0,158,95,4764.655
0,158,96,4764.655
0,158,97,4764.655
0,158,98,4764.655
0,158,99,4764.655
0,158,100,4764.655
0,158,101,4764.655
0,158,102,4764.655
0,158,103,4764.655
0,158,104,4764.655
0,158,105,4764.655
0,158,106,4764.655
61,158,107,4764.655
61,158,108,4764.655
61,158,109,4764.655
61,158,110,4764.655
61,158,111,4764.655
61,158,112,4764.655
61,158,113,4764.655
61,158,116,4764.655
61,158,117,4764.655
61,158,118,4764.655
61,158,119,4764.655
61,158,120,4764.655
61,158,121,4764.655
61,158,122,4764.655
61,158,123,4764.655
61,158,124,4764.655
0,158,125,4764.655
0,158,126,4764.655
0,158,127,4764.655
0,158,128,4764.655
0,158,129,4764.655
0,158,130,4764.655
0,158,131,4764.655
0,158,132,4764.655
0,158,133,4764.655
0,158,134,4764.655
0,158,135,4764.655
0,158,136,4764.655
0,158,137,4764.655
0,158,138,4764.655
0,158,139,4764.655
0,158,140,4764.655
0,158,141,4764.655
0,158,142,4764.655
0,158,143,4764.655
0,158,144,4764.655
0,158,145,4764.655
0,158,146,4764.655
0,158,147,4764.655
0,158,148,4764.655
0,158,149,4764.655
0,158,150,4764.655
0,158,151,4764.655
0,158,152,4764.655
0,158,153,4764.655
0,158,154,4764.655
0,158,155,4764.655
0,158,156,4764.655
0,158,157,4764.655
0,158,158,4764.655
0,158,159,4764.655
0,158,160,4764.655
0,158,161,4764.655
0,158,162,4764.655
0,158,163,4764.655
0,158,164,4764.655
0,158,165,4764.655
0,158,166,4764.655
0,158,167,4764.655
0,158,168,4764.655
0,158,169,4764.655
0,158,170,4764.655
0,158,171,4764.655
0,158,172,4764.655
0,158,173,4764.655
0,158,174,4764.655
0,158,175,4764.655
0,158,176,4764.655
0,158,177,4764.655
0,158,178,4764.655
0,158,179,4764.655
0,158,180,4764.655
0,158,181,4764.655
0,158,182,4764.655
0,158,183,4764.655
0,158,184,4764.655
0,158,185,4764.655
0,158,186,4764.655
0,158,187,4764.655
0,158,188,4764.655
0,158,189,4764.655
0,158,190,4764.655
0,158,191,4764.655
0,158,192,4764.655
0,158,193,4764.655
0,158,194,4764.655
0,158,195,4764.655
0,158,196,4764.655
0,158,197,4764.655
0,158,198,4764.655
0,158,199,4764.655
0,158,200,4764.655
0,158,201,4764.655
0,158,202,4764.655
0,158,203,4764.655
0,158,204,4764.655
0,158,205,4764.655
0,158,206,4764.655
0,158,207,4764.655
0,158,208,4764.655
0,158,209,4764.655
0,158,210,4764.655
0,158,211,4764.655
0,158,212,4764.655
61,158,213,4764.655
61,158,214,4764.655
0,158,215,4764.655
0,158,216,4764.655
0,158,217,4764.655
0,158,218,4764.655
0,158,219,4764.655
0,158,220,4764.655
0,158,221,4764.655
61,158,222,4764.655
61,158,223,4764.655
61,158,224,4764.655
61,158,251,4764.655
61,158,252,4764.655
61,158,253,4764.655
61,158,254,4764.655
61,158,255,4764.655
61,158,256,4764.655
61,158,257,4764.655
61,158,258,4764.655
61,158,259,4764.655
61,158,260,4764.655
61,158,329,4764.655
61,158,330,4764.655
61,158,331,4764.655
61,158,332,4764.655
61,158,333,4764.655
61,158,334,4764.655
61,158,335,4764.655
61,158,336,4764.655
61,158,337,4764.655
61,158,338,4764.655
0,158,339,4764.655
0,158,340,4764.655
0,158,341,4764.655
0,158,342,4764.655
0,158,343,4764.655
0,158,344,4764.655
0,158,345,4764.655
0,158,346,4764.655
0,158,347,4764.655
0,158,348,4764.655
0,158,349,4764.655
0,158,350,4764.655
0,158,351,4764.655
0,158,352,4764.655
0,158,353,4764.655
0,158,354,4764.655
0,158,355,4764.655
0,158,356,4764.655
0,158,357,4764.655
0,158,358,4764.655
0,158,359,4764.655
0,158,360,4764.655
0,159,1,4563.921
0,159,2,4563.921
0,159,3,4563.921
0,159,4,4563.921
0,159,5,4563.921
0,159,6,4563.921
0,159,7,4563.921
0,159,8,4563.921
0,159,9,4563.921
0,159,10,4563.921
0,159,11,4563.921
0,159,12,4563.921
0,159,13,4563.921
0,159,14,4563.921
0,159,15,4563.921
0,159,16,4563.921
0,159,17,4563.921
0,159,18,4563.921
0,159,19,4563.921
0,159,20,4563.921
0,159,21,4563.921
0,159,22,4563.921
0,159,23,4563.921
0,159,24,4563.921
0,159,25,4563.921
0,159,26,4563.921
0,159,27,4563.921
0,159,28,4563.921
0,159,29,4563.921
0,159,30,4563.921
0,159,31,4563.921
0,159,32,4563.921
0,159,33,4563.921
0,159,34,4563.921
0,159,35,4563.921
0,159,36,4563.921
0,159,37,4563.921
0,159,38,4563.921
0,159,39,4563.921
0,159,40,4563.921
0,159,41,4563.921
0,159,42,4563.921
0,159,43,4563.921
0,159,44,4563.921
0,159,45,4563.921
0,159,46,4563.921
0,159,47,4563.921
0,159,48,4563.921
0,159,49,4563.921
0,159,50,4563.921
0,159,51,4563.921
0,159,52,4563.921
0,159,53,4563.921
0,159,54,4563.921
0,159,55,4563.921
0,159,56,4563.921
0,159,57,4563.921
0,159,58,4563.921
0,159,59,4563.921
0,159,60,4563.921
0,159,61,4563.921
0,159,62,4563.921
0,159,63,4563.921
0,159,64,4563.921
0,159,65,4563.921
0,159,66,4563.921
0,159,67,4563.921
0,159,68,4563.921
0,159,69,4563.921
0,159,70,4563.921
0,159,71,4563.921
0,159,72,4563.921
0,159,73,4563.921
0,159,74,4563.921
0,159,75,4563.921
0,159,76,4563.921
0,159,77,4563.921
0,159,78,4563.921
0,159,79,4563.921
0,159,80,4563.921
0,159,81,4563.921
0,159,82,4563.921
0,159,83,4563.921
0,159,84,4563.921
0,159,85,4563.921
0,159,86,4563.921
0,159,87,4563.921
0,159,88,4563.921
0,159,89,4563.921
0,159,90,4563.921
0,159,91,4563.921
0,159,92,4563.921
0,159,93,4563.921
0,159,94,4563.921
0,159,95,4563.921
0,159,96,4563.921
0,159,97,4563.921
0,159,98,4563.921
0,159,99,4563.921
0,159,100,4563.921
0,159,101,4563.921
0,159,102,4563.921
61,159,103,4563.921
61,159,104,4563.921
61,159,105,4563.921
61,159,106,4563.921
61,159,107,4563.921
61,159,108,4563.921
61,159,111,4563.921
61,159,112,4563.921
61,159,113,4563.921
61,159,118,4563.921
61,159,119,4563.921
61,159,120,4563.921
61,159,121,4563.921
61,159,122,4563.921
61,159,123,4563.921
61,159,124,4563.921
0,159,125,4563.921
0,159,126,4563.921
0,159,127,4563.921
0,159,128,4563.921
0,159,129,4563.921
0,159,130,4563.921
0,159,131,4563.921
0,159,132,4563.921
0,159,133,4563.921
0,159,134,4563.921
0,159,135,4563.921
0,159,136,4563.921
0,159,137,4563.921
0,159,138,4563.921
0,159,139,4563.921
0,159,140,4563.921
0,159,141,4563.921
0,159,142,4563.921
0,159,143,4563.921
0,159,144,4563.921
0,159,145,4563.921
0,159,146,4563.921
0,159,147,4563.921
0,159,148,4563.921
0,159,149,4563.921
0,159,150,4563.921
0,159,151,4563.921
0,159,152,4563.921
0,159,153,4563.921
0,159,154,4563.921
0,159,155,4563.921
0,159,156,4563.921
0,159,157,4563.921
0,159,158,4563.921
0,159,159,4563.921
0,159,160,4563.921
0,159,161,4563.921
0,159,162,4563.921
0,159,163,4563.921
0,159,164,4563.921
0,159,165,4563.921
0,159,166,4563.921
0,159,167,4563.921
0,159,168,4563.921
0,159,169,4563.921
0,159,170,4563.921
0,159,171,4563.921
0,159,172,4563.921
0,159,173,4563.921
0,159,174,4563.921
0,159,175,4563.921
0,159,176,4563.921
0,159,177,4563.921
0,159,178,4563.921
0,159,179,4563.921
0,159,180,4563.921
0,159,181,4563.921
0,159,182,4563.921
0,159,183,4563.921
0,159,184,4563.921
0,159,185,4563.921
0,159,186,4563.921
0,159,187,4563.921
0,159,188,4563.921
0,159,189,4563.921
0,159,190,4563.921
0,159,191,4563.921
0,159,192,4563.921
0,159,193,4563.921
0,159,194,4563.921
0,159,195,4563.921
0,159,196,4563.921
0,159,197,4563.921
0,159,198,4563.921
0,159,199,4563.921
0,159,200,4563.921
0,159,201,4563.921
0,159,202,4563.921
0,159,203,4563.921
0,159,204,4563.921
0,159,205,4563.921
0,159,206,4563.921
0,159,207,4563.921
0,159,208,4563.921
0,159,209,4563.921
0,159,210,4563.921
61,159,211,4563.921
61,159,212,4563.921
61,159,213,4563.921
61,159,216,4563.921
61,159,217,4563.921
61,159,218,4563.921
61,159,219,4563.921
61,159,220,4563.921
61,159,251,4563.921
61,159,252,4563.921
61,159,253,4563.921
61,159,254,4563.921
61,159,255,4563.921
61,159,256,4563.921
61,159,257,4563.921
61,159,258,4563.921
61,159,336,4563.921
61,159,337,4563.921
61,159,338,4563.921
61,159,339,4563.921
0,159,340,4563.921
0,159,341,4563.921
0,159,342,4563.921
0,159,343,4563.921
0,159,344,4563.921
0,159,345,4563.921
0,159,346,4563.921
0,159,347,4563.921
0,159,348,4563.921
0,159,349,4563.921
0,159,350,4563.921
0,159,351,4563.921
0,159,352,4563.921
0,159,353,4563.921
0,159,354,4563.921
0,159,355,4563.921
0,159,356,4563.921
0,159,357,4563.921
0,159,358,4563.921
0,159,359,4563.921
0,159,360,4563.921
0,160,1,4361.705
0,160,2,4361.705
0,160,3,4361.705
0,160,4,4361.705
0,160,5,4361.705
0,160,6,4361.705
0,160,7,4361.705
0,160,8,4361.705
0,160,9,4361.705
0,160,10,4361.705
0,160,11,4361.705
0,160,12,4361.705
0,160,13,4361.705
0,160,14,4361.705
0,160,15,4361.705
0,160,16,4361.705
0,160,17,4361.705
0,160,18,4361.705
0,160,19,4361.705
0,160,20,4361.705
0,160,21,4361.705
0,160,22,4361.705
0,160,23,4361.705
0,160,24,4361.705
0,160,25,4361.705
0,160,26,4361.705
0,160,27,4361.705
0,160,28,4361.705
0,160,29,4361.705
0,160,30,4361.705
0,160,31,4361.705
0,160,32,4361.705
0,160,33,4361.705
0,160,34,4361.705
0,160,35,4361.705
0,160,36,4361.705
0,160,37,4361.705
0,160,38,4361.705
0,160,39,4361.705
0,160,40,4361.705
0,160,41,4361.705
0,160,42,4361.705
0,160,43,4361.705
0,160,44,4361.705
0,160,45,4361.705
0,160,46,4361.705
0,160,47,4361.705
0,160,48,4361.705
0,160,49,4361.705
0,160,50,4361.705
0,160,51,4361.705
0,160,52,4361.705
0,160,53,4361.705
0,160,54,4361.705
0,160,55,4361.705
0,160,56,4361.705
0,160,57,4361.705
0,160,58,4361.705
0,160,59,4361.705
0,160,60,4361.705
0,160,61,4361.705
0,160,62,4361.705
0,160,63,4361.705
0,160,64,4361.705
0,160,65,4361.705
0,160,66,4361.705
0,160,67,4361.705
0,160,68,4361.705
0,160,69,4361.705
0,160,70,4361.705
0,160,71,4361.705
0,160,72,4361.705
0,160,73,4361.705
0,160,74,4361.705
0,160,75,4361.705
0,160,76,4361.705
0,160,77,4361.705
0,160,78,4361.705
0,160,79,4361.705
0,160,80,4361.705
0,160,81,4361.705
0,160,82,4361.705
0,160,83,4361.705
0,160,84,4361.705
0,160,85,4361.705
0,160,86,4361.705
0,160,87,4361.705
0,160,88,4361.705
0,160,89,4361.705
0,160,90,4361.705
0,160,91,4361.705
0,160,92,4361.705
0,160,93,4361.705
0,160,94,4361.705
0,160,95,4361.705
61,160,96,4361.705
61,160,97,4361.705
61,160,98,4361.705
61,160,99,4361.705
61,160,100,4361.705
61,160,101,4361.705
61,160,102,4361.705
61,160,103,4361.705
61,160,104,4361.705
61,160,105,4361.705
61,160,106,4361.705
61,160,107,4361.705
61,160,108,4361.705
61,160,112,4361.705
61,160,119,4361.705
61,160,120,4361.705
61,160,121,4361.705
61,160,122,4361.705
61,160,123,4361.705
61,160,124,4361.705
0,160,125,4361.705
0,160,126,4361.705
0,160,127,4361.705
0,160,128,4361.705
0,160,129,4361.705
0,160,130,4361.705
0,160,131,4361.705
0,160,132,4361.705
0,160,133,4361.705
0,160,134,4361.705
0,160,135,4361.705
0,160,136,4361.705
0,160,137,4361.705
0,160,138,4361.705
0,160,139,4361.705
0,160,140,4361.705
0,160,141,4361.705
0,160,142,4361.705
0,160,143,4361.705
0,160,144,4361.705
0,160,145,4361.705
0,160,146,4361.705
0,160,147,4361.705
0,160,148,4361.705
0,160,149,4361.705
0,160,150,4361.705
0,160,151,4361.705
0,160,152,4361.705
0,160,153,4361.705
0,160,154,4361.705
0,160,155,4361.705
0,160,156,4361.705
0,160,157,4361.705
0,160,158,4361.705
0,160,159,4361.705
0,160,160,4361.705
0,160,161,4361.705
0,160,162,4361.705
0,160,163,4361.705
0,160,164,4361.705
0,160,165,4361.705
0,160,166,4361.705
0,160,167,4361.705
0,160,168,4361.705
0,160,169,4361.705
0,160,170,4361.705
0,160,171,4361.705
0,160,172,4361.705
0,160,173,4361.705
0,160,174,4361.705
0,160,175,4361.705
0,160,176,4361.705
0,160,177,4361.705
0,160,178,4361.705
61,160,179,4361.705
61,160,180,4361.705
61,160,181,4361.705
61,160,182,4361.705
61,160,183,4361.705
61,160,184,4361.705
61,160,185,4361.705
61,160,186,4361.705
61,160,187,4361.705
61,160,188,4361.705
61,160,189,4361.705
61,160,190,4361.705
61,160,191,4361.705
61,160,192,4361.705
61,160,193,4361.705
61,160,194,4361.705
61,160,195,4361.705
61,160,196,4361.705
61,160,197,4361.705
61,160,198,4361.705
61,160,199,4361.705
61,160,200,4361.705
61,160,201,4361.705
61,160,202,4361.705
61,160,203,4361.705
0,160,204,4361.705
0,160,205,4361.705
0,160,206,4361.705
61,160,207,4361.705
61,160,208,4361.705
61,160,209,4361.705
61,160,249,4361.705
61,160,250,4361.705
61,160,251,4361.705
61,160,252,4361.705
61,160,253,4361.705
61,160,341,4361.705
61,160,342,4361.705
61,160,343,4361.705
61,160,344,4361.705
61,160,345,4361.705
61,160,346,4361.705
0,160,347,4361.705
0,160,348,4361.705
0,160,349,4361.705
0,160,350,4361.705
0,160,351,4361.705
0,160,352,4361.705
0,160,353,4361.705
0,160,354,4361.705
0,160,355,4361.705
0,160,356,4361.705
0,160,357,4361.705
0,160,358,4361.705
0,160,359,4361.705
0,160,360,4361.705
0,161,1,4158.071
0,161,2,4158.071
0,161,3,4158.071
0,161,4,4158.071
0,161,5,4158.071
0,161,6,4158.071
0,161,7,4158.071
0,161,8,4158.071
0,161,9,4158.071
0,161,10,4158.071
0,161,11,4158.071
0,161,12,4158.071
0,161,13,4158.071
0,161,14,4158.071
0,161,15,4158.071
0,161,16,4158.071
0,161,17,4158.071
0,161,18,4158.071
0,161,19,4158.071
0,161,20,4158.071
0,161,21,4158.071
0,161,22,4158.071
0,161,23,4158.071
0,161,24,4158.071
0,161,25,4158.071
0,161,26,4158.071
0,161,27,4158.071
0,161,28,4158.071
0,161,29,4158.071
0,161,30,4158.071
0,161,31,4158.071
0,161,32,4158.071
0,161,33,4158.071
0,161,34,4158.071
0,161,35,4158.071
0,161,36,4158.071
0,161,37,4158.071
0,161,38,4158.071
0,161,39,4158.071
0,161,40,4158.071
0,161,41,4158.071
0,161,42,4158.071
0,161,43,4158.071
0,161,44,4158.071
0,161,45,4158.071
0,161,46,4158.071
0,161,47,4158.071
0,161,48,4158.071
0,161,49,4158.071
0,161,50,4158.071
0,161,51,4158.071
0,161,52,4158.071
0,161,53,4158.071
0,161,54,4158.071
0,161,55,4158.071
0,161,56,4158.071
0,161,57,4158.071
0,161,58,4158.071
0,161,59,4158.071
0,161,60,4158.071
0,161,61,4158.071
0,161,62,4158.071
0,161,63,4158.071
0,161,64,4158.071
0,161,65,4158.071
0,161,66,4158.071
0,161,67,4158.071
0,161,68,4158.071
0,161,69,4158.071
0,161,70,4158.071
0,161,71,4158.071
0,161,72,4158.071
0,161,73,4158.071
0,161,74,4158.071
0,161,75,4158.071
0,161,76,4158.071
0,161,77,4158.071
0,161,78,4158.071
0,161,79,4158.071
0,161,80,4158.071
61,161,81,4158.071
61,161,82,4158.071
61,161,83,4158.071
61,161,84,4158.071
61,161,85,4158.071
61,161,86,4158.071
61,161,87,4158.071
61,161,88,4158.071
61,161,89,4158.071
61,161,90,4158.071
61,161,91,4158.071
61,161,92,4158.071
61,161,93,4158.071
61,161,94,4158.071
61,161,95,4158.071
61,161,96,4158.071
61,161,97,4158.071
61,161,98,4158.071
61,161,99,4158.071
61,161,100,4158.071
61,161,101,4158.071
61,161,102,4158.071
61,161,103,4158.071
61,161,104,4158.071
61,161,105,4158.071
61,161,106,4158.071
61,161,107,4158.071
61,161,108,4158.071
61,161,120,4158.071
61,161,121,4158.071
61,161,122,4158.071
61,161,123,4158.071
61,161,124,4158.071
0,161,125,4158.071
0,161,126,4158.071
0,161,127,4158.071
0,161,128,4158.071
0,161,129,4158.071
0,161,130,4158.071
0,161,131,4158.071
0,161,132,4158.071
0,161,133,4158.071
0,161,134,4158.071
0,161,135,4158.071
0,161,136,4158.071
0,161,137,4158.071
0,161,138,4158.071
0,161,139,4158.071
0,161,140,4158.071
0,161,141,4158.071
0,161,142,4158.071
0,161,143,4158.071
0,161,144,4158.071
0,161,145,4158.071
0,161,146,4158.071
0,161,147,4158.071
0,161,148,4158.071
0,161,149,4158.071
0,161,150,4158.071
0,161,151,4158.071
0,161,152,4158.071
0,161,153,4158.071
0,161,154,4158.071
0,161,155,4158.071
0,161,156,4158.071
0,161,157,4158.071
0,161,158,4158.071
0,161,159,4158.071
0,161,160,4158.071
0,161,161,4158.071
0,161,162,4158.071
0,161,163,4158.071
0,161,164,4158.071
0,161,165,4158.071
0,161,166,4158.071
0,161,167,4158.071
0,161,168,4158.071
61,161,169,4158.071
61,161,170,4158.071
61,161,171,4158.071
61,161,172,4158.071
61,161,173,4158.071
61,161,175,4158.071
61,161,176,4158.071
61,161,177,4158.071
61,161,178,4158.071
61,161,179,4158.071
61,161,180,4158.071
61,161,181,4158.071
61,161,182,4158.071
61,161,250,4158.071
61,161,251,4158.071
61,161,252,4158.071
61,161,349,4158.071
61,161,350,4158.071
0,161,351,4158.071
0,161,352,4158.071
0,161,353,4158.071
0,161,354,4158.071
0,161,355,4158.071
0,161,356,4158.071
0,161,357,4158.071
0,161,358,4158.071
0,161,359,4158.071
0,161,360,4158.071
0,162,1,3953.083
61,162,2,3953.083
61,162,3,3953.083
0,162,4,3953.083
0,162,5,3953.083
0,162,6,3953.083
0,162,7,3953.083
0,162,8,3953.083
0,162,9,3953.083
0,162,10,3953.083
0,162,11,3953.083
0,162,12,3953.083
0,162,13,3953.083
0,162,14,3953.083
0,162,15,3953.083
0,162,16,3953.083
0,162,17,3953.083
0,162,18,3953.083
0,162,19,3953.083
0,162,20,3953.083
0,162,21,3953.083
0,162,22,3953.083
0,162,23,3953.083
0,162,24,3953.083
0,162,25,3953.083
0,162,26,3953.083
0,162,27,3953.083
0,162,28,3953.083
0,162,29,3953.083
0,162,30,3953.083
0,162,31,3953.083
0,162,32,3953.083
0,162,33,3953.083
0,162,34,3953.083
0,162,35,3953.083
0,162,36,3953.083
0,162,37,3953.083
0,162,38,3953.083
0,162,39,3953.083
0,162,40,3953.083
0,162,41,3953.083
0,162,42,3953.083
0,162,43,3953.083
0,162,44,3953.083
0,162,45,3953.083
0,162,46,3953.083
0,162,47,3953.083
0,162,48,3953.083
0,162,49,3953.083
0,162,50,3953.083
0,162,51,3953.083
0,162,52,3953.083
0,162,53,3953.083
0,162,54,3953.083
0,162,55,3953.083
0,162,56,3953.083
0,162,57,3953.083
0,162,58,3953.083
0,162,59,3953.083
0,162,60,3953.083
0,162,61,3953.083
0,162,62,3953.083
61,162,63,3953.083
61,162,64,3953.083
61,162,65,3953.083
61,162,66,3953.083
61,162,67,3953.083
61,162,68,3953.083
0,162,69,3953.083
0,162,70,3953.083
0,162,71,3953.083
0,162,72,3953.083
0,162,73,3953.083
0,162,74,3953.083
0,162,75,3953.083
61,162,76,3953.083
61,162,77,3953.083
61,162,78,3953.083
61,162,79,3953.083
61,162,80,3953.083
61,162,81,3953.083
61,162,83,3953.083
61,162,84,3953.083
61,162,85,3953.083
61,162,86,3953.083
61,162,87,3953.083
61,162,88,3953.083
61,162,89,3953.083
61,162,90,3953.083
61,162,91,3953.083
61,162,92,3953.083
61,162,93,3953.083
61,162,94,3953.083
61,162,95,3953.083
61,162,96,3953.083
61,162,97,3953.083
61,162,98,3953.083
61,162,99,3953.083
61,162,100,3953.083
61,162,101,3953.083
61,162,102,3953.083
61,162,103,3953.083
61,162,104,3953.083
61,162,105,3953.083
61,162,107,3953.083
61,162,108,3953.083
61,162,113,3953.083
61,162,120,3953.083
61,162,121,3953.083
61,162,122,3953.083
61,162,123,3953.083
61,162,124,3953.083
61,162,125,3953.083
61,162,126,3953.083
0,162,127,3953.083
0,162,128,3953.083
0,162,129,3953.083
0,162,130,3953.083
0,162,131,3953.083
0,162,132,3953.083
0,162,133,3953.083
0,162,134,3953.083
0,162,135,3953.083
0,162,136,3953.083
0,162,137,3953.083
0,162,138,3953.083
0,162,139,3953.083
0,162,140,3953.083
0,162,141,3953.083
0,162,142,3953.083
0,162,143,3953.083
0,162,144,3953.083
0,162,145,3953.083
0,162,146,3953.083
0,162,147,3953.083
0,162,148,3953.083
0,162,149,3953.083
0,162,150,3953.083
0,162,151,3953.083
0,162,152,3953.083
0,162,153,3953.083
0,162,154,3953.083
0,162,155,3953.083
0,162,156,3953.083
0,162,157,3953.083
0,162,158,3953.083
0,162,159,3953.083
0,162,160,3953.083
0,162,161,3953.083
0,162,162,3953.083
0,162,163,3953.083
61,162,164,3953.083
61,162,165,3953.083
61,162,166,3953.083
61,162,167,3953.083
61,162,168,3953.083
61,162,249,3953.083
61,162,250,3953.083
61,162,251,3953.083
61,162,351,3953.083
61,162,352,3953.083
61,162,353,3953.083
0,162,354,3953.083
0,162,355,3953.083
0,162,356,3953.083
0,162,357,3953.083
0,162,358,3953.083
0,162,359,3953.083
0,162,360,3953.083
61,163,1,3746.807
61,163,2,3746.807
61,163,3,3746.807
61,163,4,3746.807
0,163,5,3746.807
0,163,6,3746.807
0,163,7,3746.807
0,163,8,3746.807
0,163,9,3746.807
0,163,10,3746.807
0,163,11,3746.807
0,163,12,3746.807
0,163,13,3746.807
0,163,14,3746.807
0,163,15,3746.807
0,163,16,3746.807
0,163,17,3746.807
0,163,18,3746.807
0,163,19,3746.807
0,163,20,3746.807
0,163,21,3746.807
0,163,22,3746.807
0,163,23,3746.807
0,163,24,3746.807
0,163,25,3746.807
0,163,26,3746.807
0,163,27,3746.807
0,163,28,3746.807
0,163,29,3746.807
0,163,30,3746.807
0,163,31,3746.807
0,163,32,3746.807
0,163,33,3746.807
0,163,34,3746.807
0,163,35,3746.807
0,163,36,3746.807
0,163,37,3746.807
0,163,38,3746.807
0,163,39,3746.807
0,163,40,3746.807
0,163,41,3746.807
0,163,42,3746.807
0,163,43,3746.807
0,163,44,3746.807
0,163,45,3746.807
0,163,46,3746.807
0,163,47,3746.807
0,163,48,3746.807
0,163,49,3746.807
0,163,50,3746.807
0,163,51,3746.807
0,163,52,3746.807
0,163,53,3746.807
61,163,54,3746.807
61,163,55,3746.807
61,163,56,3746.807
61,163,57,3746.807
61,163,58,3746.807
61,163,59,3746.807
61,163,60,3746.807
61,163,61,3746.807
61,163,62,3746.807
61,163,63,3746.807
61,163,64,3746.807
61,163,65,3746.807
61,163,66,3746.807
61,163,67,3746.807
61,163,68,3746.807
61,163,69,3746.807
61,163,70,3746.807
61,163,71,3746.807
61,163,72,3746.807
61,163,73,3746.807
61,163,74,3746.807
61,163,75,3746.807
61,163,76,3746.807
61,163,77,3746.807
61,163,78,3746.807
61,163,79,3746.807
61,163,80,3746.807
61,163,83,3746.807
61,163,84,3746.807
61,163,85,3746.807
61,163,86,3746.807
61,163,87,3746.807
61,163,88,3746.807
61,163,89,3746.807
61,163,90,3746.807
61,163,92,3746.807
61,163,93,3746.807
61,163,94,3746.807
61,163,95,3746.807
61,163,96,3746.807
61,163,97,3746.807
61,163,98,3746.807
61,163,99,3746.807
61,163,100,3746.807
61,163,101,3746.807
61,163,103,3746.807
61,163,104,3746.807
61,163,105,3746.807
61,163,106,3746.807
61,163,107,3746.807
61,163,108,3746.807
61,163,109,3746.807
61,163,110,3746.807
61,163,111,3746.807
61,163,112,3746.807
61,163,120,3746.807
61,163,121,3746.807
61,163,122,3746.807
61,163,123,3746.807
61,163,124,3746.807
61,163,125,3746.807
61,163,126,3746.807
61,163,127,3746.807
61,163,128,3746.807
61,163,129,3746.807
61,163,130,3746.807
61,163,131,3746.807
61,163,132,3746.807
61,163,133,3746.807
61,163,134,3746.807
61,163,135,3746.807
61,163,136,3746.807
0,163,137,3746.807
0,163,138,3746.807
0,163,139,3746.807
0,163,140,3746.807
0,163,141,3746.807
0,163,142,3746.807
0,163,143,3746.807
0,163,144,3746.807
0,163,145,3746.807
0,163,146,3746.807
0,163,147,3746.807
0,163,148,3746.807
0,163,149,3746.807
0,163,150,3746.807
0,163,151,3746.807
0,163,152,3746.807
0,163,153,3746.807
0,163,154,3746.807
0,163,155,3746.807
0,163,156,3746.807
0,163,157,3746.807
0,163,158,3746.807
0,163,159,3746.807
0,163,160,3746.807
61,163,161,3746.807
61,163,162,3746.807
61,163,163,3746.807
61,163,164,3746.807
61,163,165,3746.807
61,163,166,3746.807
61,163,351,3746.807
61,163,352,3746.807
61,163,353,3746.807
61,163,354,3746.807
61,163,355,3746.807
61,163,356,3746.807
61,163,357,3746.807
0,163,358,3746.807
61,163,359,3746.807
61,163,360,3746.807
61,164,1,3539.308
61,164,2,3539.308
61,164,3,3539.308
0,164,4,3539.308
0,164,5,3539.308
0,164,6,3539.308
0,164,7,3539.308
0,164,8,3539.308
0,164,9,3539.308
0,164,10,3539.308
0,164,11,3539.308
0,164,12,3539.308
0,164,13,3539.308
0,164,14,3539.308
0,164,15,3539.308
0,164,16,3539.308
0,164,17,3539.308
0,164,18,3539.308
0,164,19,3539.308
0,164,20,3539.308
0,164,21,3539.308
0,164,22,3539.308
0,164,23,3539.308
0,164,24,3539.308
0,164,25,3539.308
0,164,26,3539.308
0,164,27,3539.308
0,164,28,3539.308
0,164,29,3539.308
0,164,30,3539.308
0,164,31,3539.308
0,164,32,3539.308
0,164,33,3539.308
0,164,34,3539.308
0,164,35,3539.308
0,164,36,3539.308
0,164,37,3539.308
0,164,38,3539.308
0,164,39,3539.308
0,164,40,3539.308
0,164,41,3539.308
61,164,42,3539.308
61,164,43,3539.308
0,164,44,3539.308
61,164,45,3539.308
0,164,46,3539.308
0,164,47,3539.308
61,164,48,3539.308
61,164,49,3539.308
61,164,50,3539.308
61,164,51,3539.308
61,164,52,3539.308
61,164,53,3539.308
61,164,54,3539.308
61,164,55,3539.308
61,164,56,3539.308
61,164,57,3539.308
61,164,58,3539.308
61,164,60,3539.308
61,164,61,3539.308
61,164,62,3539.308
61,164,63,3539.308
61,164,64,3539.308
61,164,65,3539.308
61,164,66,3539.308
61,164,67,3539.308
61,164,68,3539.308
61,164,69,3539.308
61,164,70,3539.308
61,164,71,3539.308
61,164,72,3539.308
61,164,73,3539.308
61,164,74,3539.308
61,164,75,3539.308
61,164,76,3539.308
61,164,77,3539.308
61,164,78,3539.308
61,164,120,3539.308
61,164,121,3539.308
61,164,122,3539.308
61,164,123,3539.308
61,164,124,3539.308
61,164,125,3539.308
61,164,126,3539.308
61,164,127,3539.308
61,164,128,3539.308
61,164,129,3539.308
61,164,130,3539.308
61,164,131,3539.308
61,164,132,3539.308
61,164,133,3539.308
61,164,134,3539.308
61,164,135,3539.308
61,164,136,3539.308
61,164,137,3539.308
61,164,138,3539.308
61,164,139,3539.308
61,164,140,3539.308
61,164,141,3539.308
0,164,142,3539.308
0,164,143,3539.308
0,164,144,3539.308
0,164,145,3539.308
0,164,146,3539.308
0,164,147,3539.308
0,164,148,3539.308
0,164,149,3539.308
0,164,150,3539.308
0,164,151,3539.308
0,164,152,3539.308
0,164,153,3539.308
61,164,154,3539.308
61,164,155,3539.308
61,164,156,3539.308
61,164,157,3539.308
61,164,158,3539.308
61,164,159,3539.308
61,164,160,3539.308
61,164,161,3539.308
61,164,162,3539.308
61,164,163,3539.308
61,164,164,3539.308
61,164,347,3539.308
61,164,348,3539.308
61,164,349,3539.308
61,164,350,3539.308
61,164,351,3539.308
61,164,352,3539.308
61,164,353,3539.308
61,164,354,3539.308
61,164,355,3539.308
61,164,356,3539.308
61,164,357,3539.308
61,164,358,3539.308
61,164,359,3539.308
61,164,360,3539.308
61,165,1,3330.654
61,165,2,3330.654
61,165,3,3330.654
0,165,4,3330.654
0,165,5,3330.654
0,165,6,3330.654
0,165,7,3330.654
0,165,8,3330.654
0,165,9,3330.654
0,165,10,3330.654
0,165,11,3330.654
0,165,12,3330.654
0,165,13,3330.654
0,165,14,3330.654
0,165,15,3330.654
0,165,16,3330.654
0,165,17,3330.654
0,165,18,3330.654
0,165,19,3330.654
0,165,20,3330.654
0,165,21,3330.654
0,165,22,3330.654
0,165,23,3330.654
0,165,24,3330.654
0,165,25,3330.654
0,165,26,3330.654
0,165,27,3330.654
0,165,28,3330.654
0,165,29,3330.654
0,165,30,3330.654
0,165,31,3330.654
0,165,32,3330.654
0,165,33,3330.654
0,165,34,3330.654
0,165,35,3330.654
61,165,36,3330.654
61,165,37,3330.654
61,165,38,3330.654
61,165,39,3330.654
61,165,40,3330.654
61,165,41,3330.654
61,165,42,3330.654
61,165,43,3330.654
61,165,71,3330.654
61,165,72,3330.654
61,165,73,3330.654
61,165,74,3330.654
61,165,75,3330.654
61,165,76,3330.654
61,165,77,3330.654
61,165,78,3330.654
61,165,79,3330.654
61,165,80,3330.654
61,165,118,3330.654
61,165,119,3330.654
61,165,120,3330.654
61,165,121,3330.654
61,165,122,3330.654
61,165,123,3330.654
61,165,124,3330.654
61,165,125,3330.654
61,165,126,3330.654
61,165,127,3330.654
61,165,128,3330.654
61,165,129,3330.654
61,165,130,3330.654
61,165,131,3330.654
61,165,132,3330.654
61,165,133,3330.654
61,165,134,3330.654
61,165,135,3330.654
61,165,136,3330.654
61,165,137,3330.654
61,165,138,3330.654
61,165,139,3330.654
61,165,140,3330.654
61,165,141,3330.654
61,165,142,3330.654
61,165,143,3330.654
61,165,144,3330.654
61,165,145,3330.654
61,165,146,3330.654
61,165,147,3330.654
61,165,148,3330.654
61,165,149,3330.654
61,165,150,3330.654
61,165,151,3330.654
61,165,152,3330.654
61,165,153,3330.654
61,165,154,3330.654
61,165,155,3330.654
61,165,156,3330.654
61,165,157,3330.654
61,165,158,3330.654
61,165,159,3330.654
61,165,160,3330.654
61,165,161,3330.654
61,165,162,3330.654
61,165,163,3330.654
61,165,344,3330.654
61,165,345,3330.654
61,165,346,3330.654
61,165,347,3330.654
61,165,348,3330.654
61,165,349,3330.654
61,165,350,3330.654
61,165,351,3330.654
61,165,352,3330.654
61,165,353,3330.654
61,165,354,3330.654
61,165,355,3330.654
61,165,356,3330.654
61,165,357,3330.654
61,165,358,3330.654
61,165,359,3330.654
61,165,360,3330.654
61,166,1,3120.911
61,166,2,3120.911
61,166,3,3120.911
61,166,4,3120.911
61,166,5,3120.911
61,166,6,3120.911
61,166,7,3120.911
61,166,8,3120.911
61,166,9,3120.911
61,166,10,3120.911
61,166,11,3120.911
61,166,12,3120.911
61,166,13,3120.911
61,166,14,3120.911
0,166,15,3120.911
0,166,16,3120.911
0,166,17,3120.911
0,166,18,3120.911
0,166,19,3120.911
0,166,20,3120.911
0,166,21,3120.911
0,166,22,3120.911
0,166,23,3120.911
0,166,24,3120.911
0,166,25,3120.911
0,166,26,3120.911
0,166,27,3120.911
61,166,28,3120.911
61,166,29,3120.911
61,166,30,3120.911
61,166,31,3120.911
61,166,32,3120.911
61,166,33,3120.911
61,166,34,3120.911
61,166,115,3120.911
61,166,116,3120.911
61,166,117,3120.911
61,166,118,3120.911
61,166,119,3120.911
61,166,120,3120.911
61,166,121,3120.911
61,166,122,3120.911
61,166,123,3120.911
61,166,124,3120.911
61,166,125,3120.911
61,166,126,3120.911
61,166,127,3120.911
61,166,128,3120.911
61,166,129,3120.911
61,166,130,3120.911
61,166,131,3120.911
61,166,132,3120.911
61,166,133,3120.911
61,166,134,3120.911
61,166,135,3120.911
61,166,136,3120.911
61,166,137,3120.911
61,166,138,3120.911
61,166,139,3120.911
61,166,140,3120.911
61,166,141,3120.911
61,166,142,3120.911
61,166,143,3120.911
61,166,144,3120.911
61,166,145,3120.911
61,166,146,3120.911
61,166,147,3120.911
61,166,148,3120.911
61,166,149,3120.911
61,166,150,3120.911
61,166,151,3120.911
61,166,152,3120.911
61,166,153,3120.911
61,166,154,3120.911
61,166,155,3120.911
61,166,156,3120.911
61,166,157,3120.911
61,166,158,3120.911
61,166,344,3120.911
61,166,345,3120.911
61,166,346,3120.911
61,166,347,3120.911
61,166,348,3120.911
61,166,349,3120.911
61,166,350,3120.911
61,166,351,3120.911
61,166,352,3120.911
61,166,353,3120.911
61,166,354,3120.911
61,166,355,3120.911
61,166,356,3120.911
61,166,357,3120.911
61,166,358,3120.911
61,166,359,3120.911
61,166,360,3120.911
61,167,1,2910.147
61,167,2,2910.147
61,167,3,2910.147
61,167,4,2910.147
61,167,5,2910.147
61,167,6,2910.147
61,167,7,2910.147
61,167,8,2910.147
61,167,9,2910.147
61,167,10,2910.147
61,167,11,2910.147
61,167,12,2910.147
61,167,13,2910.147
61,167,14,2910.147
61,167,15,2910.147
61,167,16,2910.147
61,167,17,2910.147
61,167,18,2910.147
61,167,19,2910.147
61,167,20,2910.147
61,167,21,2910.147
61,167,22,2910.147
61,167,23,2910.147
61,167,24,2910.147
61,167,25,2910.147
61,167,26,2910.147
61,167,27,2910.147
61,167,28,2910.147
61,167,29,2910.147
61,167,30,2910.147
61,167,31,2910.147
61,167,32,2910.147
61,167,33,2910.147
61,167,34,2910.147
61,167,104,2910.147
61,167,105,2910.147
61,167,106,2910.147
61,167,107,2910.147
61,167,108,2910.147
61,167,109,2910.147
61,167,110,2910.147
61,167,111,2910.147
61,167,112,2910.147
61,167,113,2910.147
61,167,114,2910.147
61,167,115,2910.147
61,167,116,2910.147
61,167,117,2910.147
61,167,118,2910.147
61,167,119,2910.147
61,167,120,2910.147
61,167,121,2910.147
61,167,122,2910.147
61,167,123,2910.147
61,167,124,2910.147
61,167,125,2910.147
61,167,126,2910.147
61,167,127,2910.147
61,167,128,2910.147
61,167,129,2910.147
61,167,130,2910.147
61,167,131,2910.147
61,167,132,2910.147
61,167,133,2910.147
61,167,134,2910.147
61,167,135,2910.147
61,167,136,2910.147
61,167,137,2910.147
61,167,138,2910.147
61,167,139,2910.147
61,167,140,2910.147
61,167,141,2910.147
61,167,142,2910.147
61,167,143,2910.147
61,167,144,2910.147
61,167,145,2910.147
61,167,146,2910.147
61,167,147,2910.147
61,167,148,2910.147
61,167,149,2910.147
61,167,150,2910.147
61,167,344,2910.147
61,167,345,2910.147
61,167,346,2910.147
61,167,347,2910.147
61,167,348,2910.147
61,167,349,2910.147
61,167,350,2910.147
61,167,351,2910.147
61,167,352,2910.147
61,167,353,2910.147
61,167,354,2910.147
61,167,355,2910.147
61,167,356,2910.147
61,167,357,2910.147
61,167,358,2910.147
61,167,359,2910.147
61,167,360,2910.147
61,168,1,2698.43
61,168,2,2698.43
61,168,3,2698.43
61,168,4,2698.43
61,168,5,2698.43
61,168,6,2698.43
61,168,7,2698.43
61,168,8,2698.43
61,168,9,2698.43
61,168,10,2698.43
61,168,11,2698.43
61,168,12,2698.43
61,168,13,2698.43
61,168,14,2698.43
61,168,15,2698.43
61,168,16,2698.43
61,168,17,2698.43
61,168,18,2698.43
61,168,19,2698.43
61,168,20,2698.43
61,168,21,2698.43
61,168,22,2698.43
61,168,104,2698.43
61,168,107,2698.43
61,168,108,2698.43
61,168,109,2698.43
61,168,110,2698.43
61,168,111,2698.43
61,168,112,2698.43
61,168,113,2698.43
61,168,114,2698.43
61,168,115,2698.43
61,168,116,2698.43
61,168,117,2698.43
61,168,118,2698.43
61,168,119,2698.43
61,168,120,2698.43
61,168,121,2698.43
61,168,122,2698.43
61,168,123,2698.43
61,168,124,2698.43
61,168,125,2698.43
61,168,126,2698.43
61,168,127,2698.43
61,168,128,2698.43
61,168,129,2698.43
61,168,130,2698.43
61,168,131,2698.43
61,168,132,2698.43
61,168,135,2698.43
61,168,136,2698.43
61,168,137,2698.43
61,168,138,2698.43
61,168,139,2698.43
61,168,140,2698.43
61,168,141,2698.43
61,168,142,2698.43
61,168,143,2698.43
61,168,144,2698.43
61,168,145,2698.43
61,168,346,2698.43
61,168,347,2698.43
61,168,348,2698.43
61,168,349,2698.43
61,168,350,2698.43
61,168,351,2698.43
61,168,352,2698.43
61,168,353,2698.43
61,168,354,2698.43
61,168,355,2698.43
61,168,356,2698.43
61,168,357,2698.43
61,168,358,2698.43
61,168,359,2698.43
61,168,360,2698.43
61,169,1,2485.829
61,169,2,2485.829
61,169,3,2485.829
61,169,4,2485.829
61,169,5,2485.829
61,169,6,2485.829
61,169,7,2485.829
61,169,8,2485.829
61,169,9,2485.829
61,169,10,2485.829
61,169,11,2485.829
61,169,12,2485.829
61,169,13,2485.829
61,169,14,2485.829
61,169,15,2485.829
61,169,16,2485.829
61,169,17,2485.829
61,169,20,2485.829
61,169,21,2485.829
61,169,22,2485.829
61,169,23,2485.829
61,169,24,2485.829
61,169,25,2485.829
61,169,26,2485.829
61,169,98,2485.829
61,169,99,2485.829
61,169,100,2485.829
61,169,102,2485.829
61,169,103,2485.829
61,169,104,2485.829
61,169,105,2485.829
61,169,106,2485.829
61,169,107,2485.829
61,169,108,2485.829
61,169,109,2485.829
61,169,112,2485.829
61,169,113,2485.829
61,169,114,2485.829
61,169,115,2485.829
61,169,116,2485.829
61,169,117,2485.829
61,169,118,2485.829
61,169,119,2485.829
61,169,120,2485.829
61,169,121,2485.829
61,169,122,2485.829
61,169,123,2485.829
61,169,124,2485.829
61,169,125,2485.829
61,169,126,2485.829
61,169,127,2485.829
61,169,128,2485.829
61,169,129,2485.829
61,169,130,2485.829
61,169,137,2485.829
61,169,138,2485.829
61,169,139,2485.829
61,169,140,2485.829
61,169,141,2485.829
61,169,142,2485.829
61,169,143,2485.829
61,169,144,2485.829
61,169,342,2485.829
61,169,343,2485.829
61,169,344,2485.829
61,169,345,2485.829
61,169,346,2485.829
61,169,347,2485.829
61,169,348,2485.829
61,169,349,2485.829
61,169,350,2485.829
61,169,351,2485.829
61,169,352,2485.829
61,169,353,2485.829
61,169,354,2485.829
61,169,355,2485.829
61,169,356,2485.829
61,169,357,2485.829
61,169,358,2485.829
61,169,359,2485.829
61,169,360,2485.829
61,170,1,2272.413
61,170,2,2272.413
61,170,3,2272.413
61,170,4,2272.413
61,170,5,2272.413
61,170,6,2272.413
61,170,7,2272.413
61,170,8,2272.413
61,170,9,2272.413
61,170,10,2272.413
61,170,11,2272.413
61,170,12,2272.413
61,170,13,2272.413
61,170,14,2272.413
61,170,15,2272.413
61,170,16,2272.413
61,170,17,2272.413
61,170,18,2272.413
61,170,19,2272.413
61,170,20,2272.413
61,170,21,2272.413
61,170,22,2272.413
61,170,23,2272.413
61,170,24,2272.413
61,170,25,2272.413
61,170,26,2272.413
61,170,27,2272.413
61,170,28,2272.413
61,170,29,2272.413
61,170,30,2272.413
61,170,31,2272.413
61,170,32,2272.413
61,170,33,2272.413
61,170,105,2272.413
61,170,106,2272.413
61,170,107,2272.413
61,170,108,2272.413
61,170,109,2272.413
61,170,110,2272.413
61,170,111,2272.413
61,170,112,2272.413
61,170,113,2272.413
61,170,114,2272.413
61,170,115,2272.413
61,170,116,2272.413
61,170,117,2272.413
61,170,118,2272.413
61,170,121,2272.413
61,170,122,2272.413
61,170,123,2272.413
61,170,124,2272.413
61,170,125,2272.413
61,170,126,2272.413
61,170,127,2272.413
61,170,128,2272.413
61,170,137,2272.413
61,170,138,2272.413
61,170,139,2272.413
61,170,140,2272.413
61,170,141,2272.413
61,170,142,2272.413
61,170,143,2272.413
61,170,144,2272.413
61,170,145,2272.413
61,170,146,2272.413
61,170,147,2272.413
61,170,148,2272.413
61,170,149,2272.413
61,170,150,2272.413
61,170,151,2272.413
61,170,341,2272.413
61,170,342,2272.413
61,170,343,2272.413
61,170,344,2272.413
61,170,345,2272.413
61,170,346,2272.413
61,170,347,2272.413
61,170,348,2272.413
61,170,349,2272.413
61,170,350,2272.413
61,170,351,2272.413
61,170,352,2272.413
61,170,353,2272.413
61,170,354,2272.413
61,170,355,2272.413
61,170,356,2272.413
61,170,357,2272.413
61,170,358,2272.413
61,170,359,2272.413
61,170,360,2272.413
61,171,1,2058.251
61,171,2,2058.251
61,171,3,2058.251
61,171,4,2058.251
61,171,5,2058.251
61,171,6,2058.251
61,171,7,2058.251
61,171,8,2058.251
61,171,9,2058.251
61,171,10,2058.251
61,171,11,2058.251
61,171,12,2058.251
61,171,13,2058.251
61,171,14,2058.251
61,171,15,2058.251
61,171,16,2058.251
61,171,17,2058.251
61,171,18,2058.251
61,171,19,2058.251
61,171,20,2058.251
61,171,21,2058.251
61,171,22,2058.251
61,171,23,2058.251
61,171,24,2058.251
61,171,25,2058.251
61,171,26,2058.251
61,171,27,2058.251
61,171,28,2058.251
61,171,29,2058.251
61,171,30,2058.251
61,171,31,2058.251
61,171,32,2058.251
61,171,33,2058.251
61,171,109,2058.251
61,171,110,2058.251
61,171,111,2058.251
61,171,112,2058.251
61,171,113,2058.251
61,171,114,2058.251
61,171,115,2058.251
61,171,116,2058.251
61,171,117,2058.251
61,171,118,2058.251
61,171,119,2058.251
61,171,120,2058.251
61,171,121,2058.251
61,171,122,2058.251
61,171,123,2058.251
61,171,124,2058.251
61,171,125,2058.251
61,171,126,2058.251
61,171,127,2058.251
61,171,128,2058.251
61,171,129,2058.251
61,171,130,2058.251
61,171,131,2058.251
61,171,132,2058.251
61,171,133,2058.251
61,171,134,2058.251
61,171,135,2058.251
61,171,136,2058.251
61,171,137,2058.251
61,171,138,2058.251
61,171,139,2058.251
61,171,140,2058.251
61,171,141,2058.251
61,171,142,2058.251
61,171,143,2058.251
61,171,342,2058.251
61,171,343,2058.251
61,171,344,2058.251
61,171,345,2058.251
61,171,346,2058.251
61,171,347,2058.251
61,171,348,2058.251
61,171,349,2058.251
61,171,350,2058.251
61,171,351,2058.251
61,171,352,2058.251
61,171,353,2058.251
61,171,354,2058.251
61,171,355,2058.251
61,171,356,2058.251
61,171,357,2058.251
61,171,358,2058.251
61,171,359,2058.251
61,171,360,2058.251
61,172,1,1843.414
61,172,2,1843.414
61,172,3,1843.414
61,172,4,1843.414
61,172,5,1843.414
61,172,6,1843.414
61,172,7,1843.414
61,172,8,1843.414
61,172,9,1843.414
61,172,10,1843.414
61,172,11,1843.414
61,172,12,1843.414
61,172,13,1843.414
61,172,14,1843.414
61,172,15,1843.414
61,172,16,1843.414
61,172,17,1843.414
61,172,18,1843.414
61,172,19,1843.414
61,172,20,1843.414
61,172,21,1843.414
61,172,22,1843.414
61,172,23,1843.414
61,172,24,1843.414
61,172,25,1843.414
61,172,26,1843.414
61,172,117,1843.414
61,172,118,1843.414
61,172,119,1843.414
61,172,120,1843.414
61,172,121,1843.414
61,172,122,1843.414
61,172,123,1843.414
61,172,124,1843.414
61,172,125,1843.414
61,172,126,1843.414
61,172,127,1843.414
61,172,128,1843.414
61,172,129,1843.414
61,172,344,1843.414
61,172,345,1843.414
61,172,346,1843.414
61,172,347,1843.414
61,172,348,1843.414
61,172,349,1843.414
61,172,350,1843.414
61,172,351,1843.414
61,172,352,1843.414
61,172,353,1843.414
61,172,354,1843.414
61,172,355,1843.414
61,172,356,1843.414
61,172,357,1843.414
61,172,358,1843.414
61,172,359,1843.414
61,172,360,1843.414
61,173,1,1627.971
61,173,2,1627.971
61,173,3,1627.971
61,173,4,1627.971
61,173,5,1627.971
61,173,6,1627.971
61,173,7,1627.971
61,173,8,1627.971
61,173,9,1627.971
61,173,10,1627.971
61,173,11,1627.971
61,173,12,1627.971
61,173,13,1627.971
61,173,14,1627.971
61,173,15,1627.971
61,173,16,1627.971
61,173,17,1627.971
61,173,18,1627.971
61,173,19,1627.971
61,173,20,1627.971
61,173,21,1627.971
61,173,22,1627.971
61,173,23,1627.971
61,173,24,1627.971
61,173,25,1627.971
61,173,26,1627.971
61,173,27,1627.971
61,173,122,1627.971
61,173,348,1627.971
61,173,349,1627.971
61,173,350,1627.971
61,173,351,1627.971
61,173,352,1627.971
61,173,353,1627.971
61,173,354,1627.971
61,173,355,1627.971
61,173,356,1627.971
61,173,357,1627.971
61,173,358,1627.971
61,173,359,1627.971
61,173,360,1627.971
61,174,1,1411.992
61,174,2,1411.992
61,174,3,1411.992
61,174,4,1411.992
61,174,5,1411.992
61,174,6,1411.992
61,174,7,1411.992
61,174,8,1411.992
61,174,9,1411.992
61,174,10,1411.992
61,174,11,1411.992
61,174,12,1411.992
61,174,13,1411.992
61,174,14,1411.992
61,174,15,1411.992
61,174,16,1411.992
61,174,17,1411.992
61,174,18,1411.992
61,174,19,1411.992
61,174,20,1411.992
61,174,21,1411.992
61,174,22,1411.992
61,174,23,1411.992
61,174,24,1411.992
61,174,25,1411.992
61,174,26,1411.992
61,174,27,1411.992
61,174,357,1411.992
61,174,358,1411.992
61,174,359,1411.992
61,174,360,1411.992
61,175,15,1195.55
61,175,16,1195.55
61,175,17,1195.55
61,175,18,1195.55
61,175,19,1195.55
61,175,20,1195.55
61,175,21,1195.55
61,175,22,1195.55
61,175,23,1195.55
61,175,24,1195.55
61,175,25,1195.55
61,175,26,1195.55
61,175,27,1195.55
61,175,28,1195.55
61,175,29,1195.55
61,175,30,1195.55
61,175,31,1195.55
