Country, FleetNo,1950,1951,1952,1953,1954,1955,1956,1957,1958,1959,1960,1961,1962,1963,1964,1965,1966,1967,1968,1969,1970,1971,1972,1973,1974,1975,1976,1977,1978,1979,1980,1981,1982,1983,1984,1985,1986,1987,1988,1989,1990,1991,1992,1993,1994,1995,1996,1997,1998,1999,2000,2001,2002,2003,2004,2005,2006
1000,1,0.00246413238346577,0.00271028187125921,0.00268930406309664,0.0018080638255924,0.0017915484495461,0.00167403055820614,0.001746661728248,0.00184622930828482,0.00160677474923432,0.00147055089473724,0.00139386183582246,0.00144131854176521,0.00143318658228964,0.00139657396357507,0.00128918630070984,0.00139976746868342,0.00127294333651662,0.0011675514979288,0.00115069688763469,0.00104490190278739,0.00089726597070694,0.00104499654844403,0.00108251289930195,0.00103756494354457,0.000846328039187938,0.000603144289925694,0.000421499367803335,0.00582365645095706,0.00625888723880053,0.00756843946874142,0.00774007011204958,0.0092634717002511,0.0110014919191599,0.0118919899687171,0.0123416129499674,0.0138204712420702,0.0138418199494481,0.0123729966580868,0.011141799390316,0.0109505243599415,0.0105859106406569,0.008691081777215,0.0103602558374405,0.010292761027813,0.00970013812184334,0.00947365444153547,0.0102779036387801,0.0109029961749911,0.0103191444650292,0.00940950401127338,0.00850280560553074,0.00833469815552235,0.0079575814306736,0.00697566848248243,0.00517659028992057,0.00526329781860113,0.00510829407721758
1000,2,0.0456227101385593,0.0380177609622478,0.0383038967847824,0.0380696170032024,0.0495127514004707,0.0524530000984669,0.0581656917929649,0.0571666099131107,0.0360430739820004,0.0697599723935127,0.0519733279943466,0.0432940237224102,0.0436357781291008,0.0459802336990833,0.048173189163208,0.047495175153017,0.049456775188446,0.0475069954991341,0.0479752644896507,0.0428853556513786,0.0410849750041962,0.0400919504463673,0.0376517288386822,0.0445489175617695,0.0417708158493042,0.0408095680177212,0.0354368947446346,0.0375290513038635,0.0350087471306324,0.0330627746880054,0.0340785756707191,0.0365560166537762,0.0390048734843731,0.0369864888489246,0.0591290034353733,0.0518842749297619,0.0495544746518135,0.0466908998787403,0.0433218032121658,0.0395059399306774,0.0407615751028061,0.0397699438035488,0.0375184938311577,0.0364815816283226,0.0379552319645882,0.0365296341478825,0.0363988019526005,0.0361204110085964,0.0371349304914474,0.0422378480434418,0.0373935326933861,0.0369749590754509,0.0371193885803223,0.0476973876357079,0.0383764579892159,0.0369101874530315,0.0379524268209934
1000,3,0,3.89381433762992E-08,7.77503217364028E-08,1.21122411655961E-07,1.67083115343303E-07,2.06765562893452E-07,2.45400997300749E-07,3.00414399134752E-07,2.7536970037545E-07,3.242527952807E-07,3.62860305358481E-07,4.11255797416743E-07,4.53060010841E-07,4.98878819144011E-07,5.76312913835864E-07,6.89897831307462E-07,6.8878421188856E-07,7.75439730205107E-07,8.49538594138721E-07,9.68610947893467E-07,1.00501199540304E-06,1.1027898381144E-06,1.5053165043355E-06,1.56737576162413E-06,1.43089789617079E-06,1.60266915827378E-06,1.80952304162929E-06,2.09404652196099E-06,2.21670302380517E-06,2.80033395938517E-06,3.49367883245577E-06,4.39268706031726E-06,4.74959188068169E-06,7.20972002454801E-06,5.08201901538996E-06,2.43333033722593E-05,1.73999051185092E-05,2.15323125303257E-05,0.0135077377781272,0.0189174897968769,0.0106049766764045,0.00924108270555735,0.00601760391145945,0.00723607372492552,0.00705223856493831,0.00686788652092218,0.00709345610812306,0.00700246449559927,0.00627868436276913,0.00743028847500682,0.00718250731006265,0.00663610175251961,0.00775244226679206,0.00992553401738405,0.0107583673670888,0.00882767140865326,0.00864168908447027
1000,4,0.0991015881299973,0.0956069007515907,0.100819543004036,0.0938397943973541,0.106027036905289,0.0962781310081482,0.0907510444521904,0.0769016593694687,0.0772074311971664,0.0749297216534615,0.0733734369277954,0.0714873075485229,0.0695641040802002,0.0687018856406212,0.0730089768767357,0.0836559534072876,0.0873496830463409,0.0890447497367859,0.085260309278965,0.0772385448217392,0.0831481069326401,0.0849174484610558,0.0829846858978271,0.0819355025887489,0.07899110019207,0.0698083564639091,0.0680831968784332,0.0730342417955399,0.0739941820502281,0.0712810829281807,0.0797162428498268,0.0736303478479385,0.0705694779753685,0.07574113458395,0.073257178068161,0.0712891295552254,0.067667730152607,0.0672971531748772,0.065909780561924,0.0631622150540352,0.0613516829907894,0.0563465468585491,0.0559613667428494,0.056657712906599,0.0557304434478283,0.0594878979027271,0.052503939718008,0.0507942400872707,0.0501833371818066,0.0505148395895958,0.0466556884348392,0.0469951666891575,0.0467867776751518,0.0447442345321178,0.0409503430128098,0.0412106513977051,0.040925282984972
1000,5,0.00823183730244637,0.00107626512181014,0.000290572992525995,0.000196552791749127,0.00136554997880012,0.000796480511780828,0.00131597346626222,0.00099413632415235,0.00089826132170856,0.00104628875851631,0.00128623808268458,0.00139015517197549,0.00599375832825899,0.00321033596992493,0.0199349448084831,0.0209777690470219,0.0184061620384455,0.0237416010349989,0.0244693346321583,0.0165644958615303,0.0192205812782049,0.0154505232349038,0.011010505259037,0.00655281683430076,0.00893888343125582,0.00584127241745591,0.0034574749879539,0.00498521793633699,0.00392604246735573,0.00411980366334319,0.0046768682077527,0.00493693957105279,0.00541323702782393,0.00618333136662841,0.00803193543106318,0.00923760235309601,0.0129788815975189,0.00987279135733843,0.0101605486124754,0.0113276736810803,0.0099102184176445,0.00954739097505808,0.013850505463779,0.0131555544212461,0.0187583696097136,0.0205324832350016,0.019723067060113,0.0285479631274939,0.0278078354895115,0.0286628659814596,0.0214727614074945,0.022400438785553,0.0160561092197895,0.0126146664842963,0.0127696692943573,0.0184151660650969,0.0141995884478092
1000,6,0.0460663661360741,0.0448635183274746,0.0471117310225964,0.0483798198401928,0.0535240583121777,0.054774533957243,0.0549398437142372,0.0472571179270744,0.0442170277237892,0.0467998050153255,0.043220516294241,0.0433055683970451,0.0430724211037159,0.043995376676321,0.0440715253353119,0.0549831762909889,0.0529885739088058,0.0516954176127911,0.0511967875063419,0.0453822836279869,0.0526104122400284,0.0529195256531239,0.0534172393381596,0.0524786710739136,0.0508078970015049,0.0465095415711403,0.0458487533032894,0.0492233783006668,0.0424993745982647,0.0401044711470604,0.0369368530809879,0.0381121262907982,0.0370841436088085,0.0410353504121304,0.037711251527071,0.0380711853504181,0.0392150543630123,0.0381994247436523,0.0402846522629261,0.0372650288045406,0.0328678265213966,0.0332070663571358,0.0334333330392838,0.0313064679503441,0.0317738316953182,0.0306129138916731,0.0293817836791277,0.0288083758205175,0.029999827966094,0.034674160182476,0.0407963842153549,0.0395315662026405,0.0430149957537651,0.0403940975666046,0.0432779677212238,0.0434161126613617,0.0411511957645416
1000,7,0.00608220463618636,0.00619895849376917,0.00661376072093844,0.00533714657649398,0.00501542072743177,0.00584515929222107,0.00425875233486295,0.00425288593396544,0.00421129679307342,0.00489107146859169,0.00418947031721473,0.00479746982455254,0.00449041090905666,0.00356651889160275,0.00654830457642674,0.00843816064298153,0.00824021361768246,0.00796452537178993,0.00789736676961184,0.00881038699299097,0.00714534008875489,0.00546712800860405,0.00617285817861557,0.00449144560843706,0.00562253128737211,0.002788872923702,0.00481494003906846,0.00839523691684008,0.0146220317110419,0.00939770136028528,0.00988859124481678,0.00920258462429047,0.0109369456768036,0.0151583878323436,0.0167536735534668,0.0144860371947289,0.00488629098981619,0.00473627913743258,0.00522451149299741,0.00605521118268371,0.00929293781518936,0.0124479038640857,0.0136684766039252,0.0161495041102171,0.00837663281708956,0.00783532112836838,0.00888456031680107,0.00449302466586232,0.0078525310382247,0.016895180568099,0.0219446085393429,0.0149555066600442,0.0106530515477061,0.00860648974776268,0.00941623374819756,0.00704703200608492,0.00670288875699043
1000,8,0.0383862182497978,0.0530761368572712,0.0353628359735012,0.0395609959959984,0.029151875525713,0.0322327688336372,0.0336352996528149,0.0250583570450544,0.0181150790303946,0.027055911719799,0.0304226223379374,0.0316521376371384,0.0268315952271223,0.0210455674678087,0.0242214631289244,0.0312097948044539,0.0427193008363247,0.0491277761757374,0.0517489872872829,0.0474507547914982,0.04211400821805,0.0443853698670864,0.0419643521308899,0.0459467954933643,0.0511838421225548,0.0453626066446304,0.0508291088044643,0.0676015466451645,0.0686227232217789,0.0722791776061058,0.0787081196904182,0.0674483850598335,0.0713575929403305,0.0779741555452347,0.0792087838053703,0.0797993615269661,0.0805317535996437,0.0901936963200569,0.0885305479168892,0.091268002986908,0.0953048095107079,0.0981049463152885,0.0903105139732361,0.0912951827049255,0.0878718867897987,0.0918126627802849,0.0955551862716675,0.094031885266304,0.0911221727728844,0.0833848044276237,0.071103647351265,0.0759096145629883,0.0714637115597725,0.0756558179855347,0.0707981213927269,0.0730534121394157,0.0795265585184097
1000,9,0.00231386348605156,0.00264508090913296,0.00270977453328669,0.00273358263075352,0.00251465570181608,0.00373627757653594,0.00286807236261666,0.00370780634693801,0.00284006516449153,0.0027393891941756,0.00294649600982666,0.00313568883575499,0.00316204992122948,0.0031340045388788,0.00327971624210477,0.00336547894403338,0.00327919563278556,0.003449990414083,0.00285607809200883,0.00349471368826926,0.00288687949068844,0.00306107825599611,0.00355021073482931,0.00269533996470273,0.00347073189914227,0.0033738084603101,0.00256129703484476,0.00210720347240567,0.0030207191593945,0.00279700476676226,0.00203206250444055,0.00193236756604165,0.00191672844812274,0.00190957577433437,0.00169563724193722,0.00783161446452141,0.00441125500947237,0.00359402992762625,0.00381795642897487,0.00280990544706583,0.00203945394605398,0.00258657522499561,0.0035063847899437,0.00260248850099742,0.00283534615300596,0.00295992800965905,0.00305117946118116,0.00290313479490578,0.00232958607375622,0.0030099602881819,0.00294671929441392,0.0027278948109597,0.00293758558109403,0.00290696672163904,0.00301563274115324,0.00316057400777936,0.00317569309845567
1000,10,0.106718748807907,0.106727197766304,0.105314947664738,0.107074879109859,0.103756174445152,0.100580222904682,0.0936989635229111,0.0903042107820511,0.04331960901618,0.068965382874012,0.0759115591645241,0.07221669703722,0.0676622241735458,0.0636422112584114,0.0744543373584747,0.0726265907287598,0.0674089416861534,0.0653426870703697,0.0624271146953106,0.0668763443827629,0.0728646218776703,0.0682962536811829,0.0733759850263596,0.0755960270762444,0.0669709742069244,0.0619863867759705,0.0663590356707573,0.0733791440725327,0.0811731442809105,0.0869745537638664,0.0840433388948441,0.0803606137633324,0.0736649557948112,0.0659719705581665,0.060374803841114,0.0633693039417267,0.0572257563471794,0.0544061847031116,0.0535042993724346,0.0534655563533306,0.0513466075062752,0.0495394244790077,0.055985152721405,0.0468722991645336,0.0402348414063454,0.0405333191156387,0.0420674346387386,0.0417428947985172,0.040759488940239,0.0407879576086998,0.0378815568983555,0.0378573462367058,0.0372232683002949,0.0379076227545738,0.03468943759799,0.0347300358116627,0.0359027497470379
1000,11,0.000759034301154315,0.000626611639745533,0.000713706423994154,0.000723476114217192,0.0006982785416767,0.000620845530647784,0.000996010145172477,0.000937724835239351,0.102186158299446,0.109179772436619,0.111009888350964,0.116451360285282,0.110137149691582,0.0941055193543434,0.0778623968362808,0.0802556946873665,0.086010754108429,0.0847479626536369,0.0786382630467415,0.0776692926883698,0.077903725206852,0.0791987702250481,0.0834196954965591,0.0821512266993523,0.0808303877711296,0.0803870782256126,0.0817742943763733,0.0828272625803947,0.0847481340169907,0.0852715447545052,0.0865128412842751,0.0756645202636719,0.0720286965370178,0.0606634542346001,0.0633906945586205,0.0621747821569443,0.0614168755710125,0.064265139400959,0.0619199611246586,0.0565330311655998,0.0622873529791832,0.0597893409430981,0.0598330684006214,0.0601770095527172,0.0602393448352814,0.0617908984422684,0.0625826939940453,0.061880324035883,0.0610120967030525,0.0621544793248177,0.0616144761443138,0.0526898875832558,0.0571537874639034,0.061447374522686,0.0630723908543587,0.055194828659296,0.053000308573246
1000,12,0.039284311234951,0.039284311234951,0.039284311234951,0.039284311234951,0.039284311234951,0.039284311234951,0.039284311234951,0.039284311234951,0.039284311234951,0.039284311234951,0.039284311234951,0.0439570732414722,0.0418802052736282,0.0299044921994209,0.032426156103611,0.0212832540273666,0.0224630255252123,0.022136339917779,0.0195999406278133,0.366035908460617,0.26128563284874,0.225930243730545,0.0818523913621902,0.0670333877205849,0.0790433883666992,0.0443083345890045,0.0386534333229065,0.0414026267826557,0.0456599369645119,0.0497888177633286,0.02997693605721,0.0534283109009266,0.0492539219558239,0.0634142383933067,0.0457165762782097,0.0614303275942802,0.0465339235961437,0.043728768825531,0.0425581112504005,0.0310140196233988,0.0404740795493126,0.0333565138280392,0.0250090714544058,0.0218471884727478,0.0226766318082809,0.0204475075006485,0.0201684311032295,0.0225006677210331,0.0257389079779387,0.0289897993206978,0.0290815662592649,0.0263433698564768,0.0182140525430441,0.0300279259681702,0.0375750958919525,0.0303964521735907,0.0278370920568705
1000,13,0.0214734431356192,0.00382593250833452,0.0258080773055553,0.0258080773055553,0.0256895367056131,0.0306911896914244,0.0306911896914244,0.0306247491389513,0.0306247491389513,0.0306247491389513,0.0298356898128986,0.0289502292871475,0.0282013025134802,0.0223325882107019,0.0155894570052624,0.00685572996735573,0.014199037104845,0.011328780092299,0.00915730930864811,0.00550380535423756,0.0216949991881847,0.0224114637821913,0.0247001089155674,0.026571974158287,0.0278133749961853,0.0349968485534191,0.0330232307314873,0.0353899151086807,0.0341587401926517,0.0329555384814739,0.0278459209948778,0.0339249894022942,0.028651749715209,0.0232277028262615,0.0194124616682529,0.0256227105855942,0.0173930395394564,0.013508003205061,0.0226407554000616,0.0152062103152275,0.0137955620884895,0.0226664748042822,0.0206976048648357,0.0203100312501192,0.025172607973218,0.0294162705540657,0.0254295710474253,0.031646616756916,0.041616465896368,0.036054503172636,0.0342375710606575,0.0448553673923016,0.0539665818214417,0.0776283442974091,0.105690389871597,0.0791837796568871,0.103204935789108
1000,14,0.00981588382273912,0.00981588382273912,0.00981588382273912,0.00981588382273912,0.00981588382273912,0.00981588382273912,0.00981588382273912,0.00981588382273912,0.00981588382273912,0.00981588382273912,0.00981588382273912,0.00376753485761583,0.00577143020927906,0.0134774269536138,0.0109652513638139,0.00557678891345859,0.00274097663350403,0.113464452326298,0.177586764097214,0.336487799882889,0.292436540126801,0.314891189336777,0.278743833303452,0.27684074640274,0.347261011600494,0.276315867900848,0.31443777680397,0.359931915998459,0.322305738925934,0.27839919924736,0.297704607248306,0.27797332406044,0.232257261872292,0.121379248797894,0.0992574542760849,0.197277903556824,0.253892034292221,0.208887621760368,0.268151462078094,0.249012768268585,0.253664880990982,0.166248872876167,0.137892693281174,0.138069123029709,0.149573236703873,0.154053345322609,0.0885937213897705,0.0882975086569786,0.145374938845634,0.131557196378708,0.123662427067757,0.139647826552391,0.158245399594307,0.204262971878052,0.218535050749779,0.13177353143692,0.134766891598701
1001,2,0.0040900451131165,0.00399663951247931,0.00415188586339355,0.00425039511173964,0.00403562840074301,0.0040436047129333,0.00402004178613424,0.0036991024389863,0.00439959950745106,0.00367909879423678,0.00464956182986498,0.00475161569193006,0.00460606021806598,0.00503421248868108,0.00495193712413311,0.00480363378301263,0.00491244532167912,0.00466463947668672,0.00526341749355197,0.00489033572375774,0.00310895079746842,0.00350729771889746,0.00383912608958781,0.0026811077259481,0.00209654797799885,0.00230279192328453,0.00428857235237956,0.00381693174131215,0.0046168421395123,0.00437306892126799,0.00309112062677741,0.0023383260704577,0.00302138645201921,0.00396932661533356,0.0032576103694737,0.0025170708540827,0.00320114404894412,0.00504319695755839,0.0034398848656565,0.003889927174896,0.00404262077063322,0.00406400393694639,0.00294956006109715,0.0037535906303674,0.00326850800774992,0.00272727571427822,0.00321815186180174,0.0031800358556211,0.00355390133336186,0.00336517486721277,0.00304020079784095,0.00280373799614608,0.00381493126042187,0.00467250077053905,0.00394447427242994,0.00342096923850477,0.00325403176248074
1001,3,0.00427030818536878,0.0042974753305316,0.00423443969339132,0.0043272185139358,0.00437432341277599,0.00421680090948939,0.00408976711332798,0.00414598174393177,0.00333606614731252,0.00342465611174703,0.00346050155349076,0.00328010646626353,0.00301124900579453,0.00336167868226767,0.0034592121373862,0.00388915278017521,0.00367775396443903,0.00383045338094234,0.00443297298625112,0.00501181278377771,0.00323021970689297,0.00361867109313607,0.00488957483321428,0.00334927579388022,0.00227559520862997,0.00267889210954309,0.00462369108572602,0.0043422975577414,0.0052997968159616,0.00585027597844601,0.00496392790228128,0.00371967907994986,0.00600501336157322,0.00853751599788666,0.00447680661454797,0.00740380166098475,0.00630553718656302,0.0147461909800768,0.00938841607421637,0.0118162576109171,0.00515234377235174,0.00553692830726504,0.00411650585010648,0.00548707414418459,0.00479103904217482,0.00397174153476954,0.00493237329646945,0.00463754031807184,0.00533916428685188,0.00459208572283387,0.00453860545530915,0.00415759673342109,0.00657234666869044,0.00726134609431028,0.0064137689769268,0.00530426809564233,0.00482330331578851
1001,4,0.000854259065818042,0.000909993017558008,0.000891228322871029,0.000984534504823387,0.000963127356953919,0.000982410158030689,0.000937817501835525,0.000992860295809805,0.00116701261140406,0.00103982212021947,0.00114644272252917,0.00109995016828179,0.000910149305127561,0.00131781795062125,0.00112101749982685,0.00109378062188625,0.00116709072608501,0.00119090138468891,0.0012428677873686,0.00117812387179583,0.000932381837628782,0.000987242092378438,0.00101647456176579,0.00105065666139126,0.00106188689824194,0.00113064248580486,0.00117973471060395,0.00108411104883999,0.0010713137453422,0.00106443429831415,0.00120905903168023,0.00129007268697023,0.00123276270460337,0.00119969295337796,0.00116619095206261,0.00113886583130807,0.00108532188460231,0.00107838539406657,0.00105422991327941,0.00101143657229841,0.00100415316410363,0.000800496840383857,0.000734572124201804,0.00100497878156602,0.000713829300366342,0.000549837306607515,0.000743639131542295,0.000687007326632738,0.000773842504713684,0.000614352698903531,0.000561820575967431,0.000555272039491683,0.000754506851080805,0.000701459823176265,0.000594079261645675,0.000592694152146578,0.000534211576450616
1001,6,0.00019760690338444,0.000210849349969067,0.000208700890652835,0.00021353384363465,0.00020618703274522,0.000194407082744874,0.0001941624796018,0.000205498319701292,0.000217540975427255,0.000216783882933669,0.000231176396482624,0.000221996568143368,0.000205622389330529,0.000223328563151881,0.000224092989810742,0.000215775216929615,0.000220723464735784,0.000224685849389061,0.000281542888842523,0.000312744581606239,0.000202567185624503,0.000195613611140288,0.00022732034267392,0.000157407543156296,0.000125528415082954,0.000143878205562942,0.000253801001235843,0.000208378260140307,0.00027476649847813,0.000275571044767275,0.000208620855119079,0.000152585620526224,0.0002161677548429,0.000304875720757991,0.000256659172009677,0.000207102639251389,0.00028008411754854,0.000463840202428401,0.000353268842445686,0.000412384717492387,0.000409685890190303,0.000414492882555351,0.000307962414808571,0.00040713488124311,0.000362736464012414,0.000309981085592881,0.000370423338608816,0.000359105295501649,0.000412670633522794,0.000339133315719664,0.000325835339026526,0.000306799862300977,0.000414443609770387,0.000418676587287337,0.000411104207159951,0.000386109080864117,0.000343120220350102
1001,8,0.00289511820301414,0.00266242725774646,0.00299878930673003,0.00290643586777151,0.00269357254728675,0.00254428340122104,0.0027594103012234,0.00250878604128957,0.00243651936762035,0.00225822837091982,0.00210730428807437,0.00232694344595075,0.00244158552959561,0.00246446533128619,0.00242067431099713,0.00233532558195293,0.00229989155195653,0.00200027809478343,0.0014661744935438,0.00157149834558368,0.00207546888850629,0.00184666039422154,0.00172303232830018,0.0020188691560179,0.00222245091572404,0.00208942196331918,0.00150062469765544,0.00147606350947171,0.00125445192679763,0.00128712051082402,0.00162045937031507,0.00232755136676133,0.00223084376193583,0.00178767926990986,0.00193161540664732,0.00239358004182577,0.00208797911182046,0.00137516669929028,0.00194814545102417,0.00169050821568817,0.00139503972604871,0.00137965299654752,0.00142477720510215,0.00102661573328078,0.0010476978495717,0.00119741191156209,0.000915461976546794,0.000917509896680713,0.000749606697354466,0.00104382669087499,0.00116148113738745,0.00118953606579453,0.000745642348192632,0.000701104640029371,0.000757495814468712,0.000794805819168687,0.000940525613259524
1001,9,0.00020825388492085,0.00031598040368408,0.000318526785122231,0.000315824465360492,0.000311987416353077,0.000310358736896887,0.000317818339681253,0.000311029551085085,0.000318461883580312,0.000300315179629251,0.000307045964291319,0.00030342282843776,0.000256136321695521,0.000377613643649966,0.000318928883643821,0.000369216199032962,0.000360444682883099,0.000277514074696228,0.00039899061084725,0.000287483388092369,0.000268021889496595,0.000101630212157033,9.62710837484337E-05,7.74345680838451E-05,5.91356729273684E-05,6.77277930662967E-05,0.000108543383248616,8.13149090390652E-05,0.000131829787278548,0.000118568052130286,8.58480489114299E-05,6.42182494630106E-05,8.3202772657387E-05,0.000122082143207081,0.000110289191070478,9.22704784898087E-05,0.000120178818178829,0.000190691411262378,0.000144730205647647,0.000183838157681748,0.000169087943504564,0.000176020694198087,0.00012618227628991,0.00017211890371982,0.000154489200212993,0.000125063685118221,0.000160401541506872,0.000150872307131067,0.000177136927959509,0.000141945551149547,0.000143015102366917,0.000141057258588262,0.000188710066140629,0.000184951961273327,0.000169987848494202,0.000178589049028233,0.000164953089552
1001,10,0.00509245786815882,0.00480753695592284,0.00491181388497353,0.00479509495198727,0.00472984369844198,0.00465786876156926,0.00440542632713914,0.004317422863096,0.00590858049690723,0.00395548297092319,0.00383704551495612,0.00415825145319104,0.00455774087458849,0.0041734199039638,0.003782176412642,0.00367133994586766,0.00359041639603674,0.00371830724179745,0.00316681200638413,0.00316588208079338,0.00492946803569794,0.00452782260254025,0.00471767131239176,0.00613494962453842,0.00611335365101695,0.00556088052690029,0.00366442929953337,0.00429191207513213,0.00379379815421999,0.00428031058982015,0.00523605477064848,0.00611557485535741,0.00567782996222377,0.00441723549738526,0.00482579926028848,0.00632613291963935,0.00527879642322659,0.00363399833440781,0.0053253979422152,0.00493079656735063,0.00406516948714852,0.00388151546940207,0.00460902787744999,0.00276348763145506,0.00264090113341808,0.00327147357165813,0.00253505958244205,0.00278796232305467,0.00227260007523,0.0029537791851908,0.00309012900106609,0.00330722541548312,0.0019900044426322,0.00220432900823653,0.00222479249350727,0.00248244730755687,0.00310178566724062
1001,11,0.0127830449491739,0.0112827615812421,0.012932158075273,0.0132020646706223,0.0125480517745018,0.0112941628322005,0.0115670217201114,0.0114432517439127,0.00531749986112118,0.00538882846012712,0.00513655552640557,0.00458134803920984,0.00523572973906994,0.00525571452453732,0.00593008985742927,0.00621039886027575,0.00691363820806146,0.00724258460104465,0.00563438422977924,0.00521706556901336,0.00808900408446789,0.00834535248577595,0.00868506543338299,0.0111558856442571,0.012804820202291,0.0130775319412351,0.0103320805355906,0.0116942171007395,0.0109816379845142,0.0124487522989511,0.0163403321057558,0.018393674865365,0.0161992479115725,0.0125057706609368,0.0154212163761258,0.0186465326696634,0.0173705834895372,0.013893211260438,0.0191309377551079,0.0163901802152395,0.0157813914120197,0.0151910409331322,0.015515566803515,0.0114139122888446,0.0128449629992247,0.015863623470068,0.012351549230516,0.0132695948705077,0.0114235319197178,0.0143616897985339,0.0151359420269728,0.0142176635563374,0.010372937656939,0.0117243370041251,0.0128668555989861,0.0122424745932221,0.0134275462478399
1002,2,0.0040900451131165,0.00399663951247931,0.00415188586339355,0.00425039511173964,0.00403562840074301,0.0040436047129333,0.00402004178613424,0.0036991024389863,0.00439959950745106,0.00367909879423678,0.00464956182986498,0.00475161569193006,0.00460606021806598,0.00503421248868108,0.00495193712413311,0.00480363378301263,0.00491244532167912,0.00466463947668672,0.00526341749355197,0.0320288240909576,0.030968826264143,0.0243645533919334,0.0240255873650312,0.0215948149561882,0.0263665895909071,0.0205877535045147,0.030972346663475,0.0249328855425119,0.0275195725262165,0.0268705878406763,0.0223993137478828,0.0227941367775202,0.0206174440681934,0.0224071275442839,0.0193497315049171,0.0266952682286501,0.0244145654141903,0.0246103219687939,0.0188977364450693,0.0196671262383461,0.0131834549829364,0.0184323918074369,0.0180485788732767,0.0166724715381861,0.0151195405051112,0.013251475058496,0.0112461559474468,0.0120436567813158,0.0113148652017117,0.012186698615551,0.0111443800851703,0.0107674654573202,0.0113792140036821,0.0140401255339384,0.0117362607270479,0.0105484630912542,0.0104008726775646
1002,3,0.0212189648300409,0.0210960060358047,0.0208917893469334,0.0214148424565792,0.0207237619906664,0.019402613863349,0.0187060534954071,0.0195929054170847,0.0152560798451304,0.0167427267879248,0.0159672740846872,0.0122591853141785,0.013378276489675,0.0135410446673632,0.012254923582077,0.0135002601891756,0.0124133164063096,0.0125395618379116,0.0128850787878036,0.0135484263300896,0.0111078144982457,0.0113198393955827,0.0142632946372032,0.0120600229129195,0.00977649632841349,0.0106262536719441,0.012909384444356,0.0130674410611391,0.0132999792695045,0.0174330323934555,0.0207398775964975,0.0185817461460829,0.025683106854558,0.0264833867549896,0.0156250689178705,0.0168028995394707,0.0134585229679942,0.0257201008498669,0.0167335961014032,0.0191891361027956,0.00834005326032639,0.00927752256393433,0.00769042782485485,0.00802362989634275,0.00730236247181892,0.0064047216437757,0.00723209884017706,0.0068269488401711,0.00746057089418173,0.00669173384085298,0.00660448661074042,0.00610044598579407,0.00872450228780508,0.0096302442252636,0.00851403549313545,0.00707386946305633,0.00654795207083225
1002,4,0.0160087887197733,0.0169719140976667,0.0164066683501005,0.0165115278214216,0.0126896230503917,0.0138374166563153,0.0105548109859228,0.0117933303117752,0.0132919158786535,0.0121999690309167,0.0133119132369757,0.015421224758029,0.0140325240790844,0.014544908888638,0.0149886328727007,0.0123510044068098,0.0130543801933527,0.0141159612685442,0.0142175611108541,0.0148061970248818,0.0135678108781576,0.0149081731215119,0.0146209886297584,0.0141888447105885,0.013104846701026,0.0135883493348956,0.0137281166389585,0.0138507718220353,0.0132683850824833,0.012682132422924,0.0132591826841235,0.0145438322797418,0.014633004553616,0.0144939022138715,0.0140268802642822,0.0146320816129446,0.0219504367560148,0.0211632903665304,0.0222762487828732,0.0212625227868557,0.0228885859251022,0.0214744303375483,0.0218857824802399,0.0205541625618935,0.0209976304322481,0.0254701878875494,0.0209919810295105,0.0216889958828688,0.0203274451196194,0.0239794794470072,0.0220038928091526,0.0239847581833601,0.0244537945836782,0.0222939439117908,0.0205323714762926,0.0204622093588114,0.0182873755693436
1002,5,0.00189078319817781,0.00179546396248043,0.00270114629529417,0.00162415439262986,0.00102891295682639,0.00129970454145223,0.000819188891910017,0.000930046604480594,0.00267549301497638,0.00236723711714149,0.00252941926009953,0.00287555158138275,0.0040482422336936,0.00528672058135271,0.00370613788254559,0.00315059768036008,0.00333902635611594,0.00362801668234169,0.00324416672810912,0.00309702358208597,0.00275874347425997,0.0032856441102922,0.00346699915826321,0.00282729649916291,0.00375148002058268,0.00448062596842647,0.00420884508639574,0.0054170535877347,0.00423555728048086,0.00333360815420747,0.00299553736113012,0.00348281743936241,0.00293448683805764,0.00299414782784879,0.00250786542892456,0.00328547274693847,0.00423096586018801,0.00500005390495062,0.00581514602527022,0.00775245949625969,0.0101078413426876,0.0077649331651628,0.00892078690230846,0.0142730819061399,0.0194709412753582,0.0189030058681965,0.0207940954715014,0.0226437933743,0.0138363214209676,0.0112167615443468,0.0118490345776081,0.0107343560084701,0.0114452093839645,0.0140518574044108,0.00933897774666548,0.00921592116355896,0.00863619893789291
1002,6,0.00395253440365195,0.00405205274000764,0.00452887685969472,0.00444111879914999,0.00482725910842419,0.00519360508769751,0.00501979980617762,0.00566059071570635,0.00517204869538546,0.00497787771746516,0.00594692677259445,0.00586898671463132,0.00562290288507938,0.00557906366884708,0.00508503476157784,0.00456456560641527,0.0048929201439023,0.00532177276909351,0.0050448882393539,0.00540477596223354,0.0051922295242548,0.00671229371801019,0.00682938331738114,0.00715200323611498,0.00566517049446702,0.00688519282266498,0.00605841679498553,0.006141128949821,0.00569994514808059,0.00579252233728766,0.00626636017113924,0.00612420169636607,0.00596151454374194,0.00559532688930631,0.00579840410500765,0.00586023274809122,0.00613995594903827,0.00585893355309963,0.00547139579430223,0.0052967993542552,0.00624120840802789,0.00632359459996223,0.00541190197691321,0.00554634956642985,0.0047102184034884,0.00416782544925809,0.00435960432514548,0.00378400832414627,0.00389399379491806,0.00350286113098264,0.00348204700276256,0.00379124376922846,0.00353201362304389,0.0039526242762804,0.00332742440514266,0.00355813140049577,0.00284393271431327
1002,7,0.000547319476027042,0.000545995077118278,0.000548825715668499,0.000476347806397825,0.000467137550003827,0.000423258694354445,0.00042704216320999,0.000409798522014171,0.000420372525695711,0.000429367879405618,0.000374046008801088,0.000224941002670676,0.000426958256866783,0.00038773354026489,0.000186240926268511,0.000296347629046068,0.000160494877491146,0.000337950739776716,0.000265155744273216,0.000445868383394554,0.000655598822049797,0.000542497669812292,0.000469601509394124,0.000698234827723354,0.00114612921606749,0.00145076215267181,0.00140808359719813,0.00166069436818361,0.00131581630557775,0.00140918197575957,0.00151973345782608,0.00189256842713803,0.00191639654804021,0.00236230553127825,0.00179314275737852,0.00195430475287139,0.0022693055216223,0.0037007147911936,0.00547379814088345,0.00603821128606796,0.00778450537472963,0.0076623372733593,0.00813988596200943,0.0119482753798366,0.0158419255167246,0.0200942885130644,0.0196602251380682,0.022461298853159,0.0258047394454479,0.0235099587589502,0.0231269411742687,0.0242780447006226,0.0260090455412865,0.0224342588335276,0.0271886680275202,0.0264136511832476,0.033209640532732
1002,8,0.00838593021035194,0.0076589030213654,0.00801611039787531,0.00659100245684385,0.00601361459121108,0.00538060907274485,0.00555303506553173,0.00516410078853369,0.00561581552028656,0.00478851236402988,0.0044697136618197,0.0044719111174345,0.00495716696605086,0.00517670856788754,0.00457257963716984,0.00420714495703578,0.0041564661078155,0.00367098045535386,0.00300445524044335,0.00296603119932115,0.00341323367320001,0.00332867982797325,0.00325571466237307,0.0031858547590673,0.00323259155265987,0.00304820970632136,0.0023566079325974,0.00245327409356833,0.00218814518302679,0.00228846003301442,0.00259980466216803,0.00360421044752002,0.00391192827373743,0.00370184564962983,0.00360967731103301,0.00418788613751531,0.00384037219919264,0.00323154358193278,0.0037568137049675,0.00349849415943027,0.00369249563664198,0.00375981978140771,0.00325872958637774,0.00277035241015255,0.00327177275903523,0.0025213398039341,0.00304524437524378,0.00266833254136145,0.00218456843867898,0.00250598136335611,0.00173062912654132,0.00217279559001327,0.0017417196650058,0.00182452111039311,0.00213292147964239,0.00197868864051998,0.00225795060396194
1002,9,0.00512520177289844,0.00521484389901161,0.00568545376881957,0.00510105909779668,0.00519160600379109,0.00556597765535116,0.00528977066278458,0.00573524879291654,0.005327760707587,0.00498672109097242,0.00555391516536474,0.00571088679134846,0.00562388962134719,0.00581183470785618,0.00516901211813092,0.00501706730574369,0.00511905131861568,0.00454172072932124,0.00470060529187322,0.00453002564609051,0.00455004815012217,0.00586640322580934,0.00581346126273274,0.00572034530341625,0.00470304023474455,0.00546144507825375,0.00434765126556158,0.0042397347278893,0.00388381024822593,0.00348495622165501,0.00387445325031877,0.00397644657641649,0.00354863260872662,0.00373424333520234,0.00414097402244806,0.00323759973980486,0.00644951034337282,0.00621363706886768,0.00632582604885101,0.00646129110828042,0.00685568852350116,0.0050650886259973,0.00434587011113763,0.00462494557723403,0.00496614119037986,0.00485532451421022,0.00524089625105262,0.00483038648962975,0.00495305983349681,0.00465430878102779,0.00454877689480782,0.00450469506904483,0.00443683285266161,0.00455358251929283,0.00434842798858881,0.00462908297777176,0.00472586881369352
1002,10,0.0139507008716464,0.0129413874819875,0.0131391733884811,0.0127031169831753,0.0127853183075786,0.012597082182765,0.011921526864171,0.0119309164583683,0.0167374443262815,0.0109461974352598,0.0106527460739017,0.011152271181345,0.0116639230400324,0.0114578688517213,0.0103705860674381,0.010053233243525,0.00954710133373737,0.00952779687941074,0.00958666577935219,0.00946745928376913,0.0118348579853773,0.010689303278923,0.0110460659489036,0.0123799480497837,0.0114192720502615,0.0102787828072906,0.0077850641682744,0.0085704829543829,0.00802093371748924,0.00847138371318579,0.00900352280586958,0.00948323588818312,0.00906358752399683,0.00743708806112409,0.00757843488827348,0.00920391362160444,0.0078670671209693,0.00608415016904473,0.00772476056590676,0.00731835654005408,0.0063492339104414,0.0060755112208426,0.00707751233130693,0.00481923157349229,0.00439808936789632,0.00501219788566232,0.00431024562567472,0.00458274595439434,0.00406091706827283,0.00468569993972778,0.00480873789638281,0.00499812420457602,0.00364329409785569,0.00388046237640083,0.00375419063493609,0.00401099259033799,0.00469792308285832
1002,11,0.0127830449491739,0.0112827615812421,0.012932158075273,0.0132020646706223,0.0125480517745018,0.0112941628322005,0.0115670217201114,0.0114432517439127,0.00531749986112118,0.00538882846012712,0.00513655552640557,0.00458134803920984,0.00523572973906994,0.00525571452453732,0.00593008985742927,0.00621039886027575,0.00691363820806146,0.00724258460104465,0.00563438422977924,0.00521706556901336,0.00808900408446789,0.00834535248577595,0.00868506543338299,0.0111558856442571,0.012804820202291,0.0130775319412351,0.0103320805355906,0.0116942171007395,0.0109816379845142,0.0124487522989511,0.0163403321057558,0.018393674865365,0.0161992479115725,0.0125057706609368,0.0154212163761258,0.0186465326696634,0.0173705834895372,0.013893211260438,0.0191309377551079,0.0163901802152395,0.0157813914120197,0.0151910409331322,0.015515566803515,0.0114139122888446,0.0128449629992247,0.015863623470068,0.012351549230516,0.0132695948705077,0.0114235319197178,0.0143616897985339,0.0151359420269728,0.0142176635563374,0.010372937656939,0.0117243370041251,0.0128668555989861,0.0122424745932221,0.0134275462478399
1002,12,0,0,0,0,0,0,0,0,0,0,0,0,0,0,0,0,0,0,0,0,0,0,0,0,0,0,0,0,0,0,0,0,0,5.28533917076857E-07,1.33175842620403E-06,1.39958365252824E-06,1.32718264467258E-06,1.31083550058975E-06,1.25718440813216E-06,1.29725367514766E-06,1.08264907794364E-06,1.0204921636614E-06,9.81183006842912E-07,9.50132857724384E-07,8.39265055674332E-07,7.92597802501405E-07,8.18390219592402E-07,7.30633416878845E-07,6.46898286049691E-07,6.00137582296156E-07,6.34724244719109E-07,6.29500220838963E-07,6.01431793256779E-07,5.82312054575596E-07,5.43399153229984E-07,4.68571641931703E-07,4.20114758981072E-07
1002,13,0,0,0,0,0,0,0,0,0,0,0,0,0,0,0,0,4.05495114819132E-07,6.87345846017706E-07,8.32643934245425E-07,0.00125707557890564,0.00232347776181996,0.00220464006997645,0.00256315851584077,0.00179517804645002,0.00186359882354736,0.00104846828617156,0.000915932701900601,0.000150002815644257,8.33461745060049E-05,1.9584949768614E-05,9.68360382103128E-06,2.06338404495909E-06,2.56081989391532E-06,3.50040932062257E-06,1.34787233037059E-05,2.1698451746488E-05,2.98956110782456E-05,3.65405503544025E-05,3.903668402927E-05,2.66091992671136E-05,2.87316615867894E-05,5.49126743862871E-05,4.71642815682571E-05,4.86580975120887E-05,5.54529506189283E-05,2.17791330214823E-05,1.66933423315641E-05,2.97078131552553E-05,2.76597365882481E-05,6.69613800710067E-05,7.33509732526727E-05,4.74638836749364E-05,6.34066818747669E-05,5.88167204114143E-05,8.22452129796147E-05,6.02571963099763E-05,6.00458042754326E-05
1002,14,0,0,0,0,0,0,0,0,0,0,0,0,0,0,0,0,0,0,0,0,5.89890405535698E-05,6.38179990346543E-05,5.66387534490786E-05,5.61226006539073E-05,5.63674948352855E-05,4.47731799795292E-05,4.96762550028507E-05,5.80427149543539E-05,5.19033637829125E-05,4.38841634604614E-05,3.9917096728459E-05,3.41736413247418E-05,4.75963242934085E-05,2.4692357328604E-05,4.51369014626835E-05,5.72931421629619E-05,4.39199320680927E-05,4.10691936849616E-05,3.59930054401048E-05,2.93161101581063E-05,2.62823486991692E-05,2.31107896979665E-05,1.99489713850198E-05,2.02280916710151E-05,1.90681439562468E-05,2.13336425076704E-05,1.37828146762331E-05,1.22427727546892E-05,1.060575232259E-05,1.08670210465789E-05,1.04655782706686E-05,9.94461424852489E-06,9.09135178517317E-06,9.06816785573028E-06,8.54262361826841E-06,7.62834588385886E-06,7.69192047300749E-06
1003,2,0.00869278889149427,0.00907969567924738,0.00809426512569189,0.00818879622966051,0.00698146875947714,0.00650686770677567,0.00637600291520357,0.00601912895217538,0.00596932508051395,0.00377598125487566,0.00404134439304471,0.00375185115262866,0.00323021924123168,0.00266411737538874,0.0020432046148926,0.00144083669874817,0.000975275703240186,0.00461225165054202,0.00776410195976496,0.00927592441439629,0.00944124814122915,0.00980716291815043,0.00980954989790916,0.00776508869603276,0.00621881894767284,0.00467656506225467,0.00329016777686775,0.00166817544959486,0.00201721163466573,0.00480461679399014,0.000831370824016631,0.00390189769677818,0.00615443382412195,0.00800186023116112,0.00987724307924509,0.0109676439315081,0.0119787054136395,0.0131875704973936,0.0123413754627109,0.0139865586534142,0.0141242062672973,0.0143639808520675,0.0132452454417944,0.014110061340034,0.0157770868390799,0.0156457796692848,0.014321799390018,0.014886025339365,0.0146207129582763,0.0171942710876465,0.0166418924927711,0.0168687216937542,0.0165144894272089,0.00274729053489864,0.01103232242167,0.0176564920693636,0.0183096639811993
1003,3,0.0015554508427158,0.0013188972370699,0.00138093344867229,0.00139532459434122,0.00131120753940195,0.00681070704013109,0.00810696557164192,0.00670548947528005,0.00647021131590009,0.00560253905132413,0.00193256814964116,0.00250290497206151,0.00364543101750314,0.00672203116118908,0.0071887681260705,0.00204992946237326,0.00407382799312472,0.00595572823658586,0.00521935801953077,0.00320346630178392,0.00575732765719295,0.00717515405267477,0.00918749999254942,0.00869250204414129,0.00535321934148669,0.00692254956811666,0.00709460396319628,0.00818901136517525,0.00800666864961386,0.00851280428469181,0.00893570017069578,0.00758205633610487,0.010865643620491,0.0113919768482447,0.00655231671407819,0.00697857327759266,0.00454953033477068,0.00780003750696778,0.00561784347519279,0.012984867207706,0.00530323479324579,0.00331254932098091,0.00384797109290957,0.00437976140528917,0.00323138246312737,0.00199996796436608,0.00207861745730042,0.00313208415172994,0.00317776133306324,0.00366072682663798,0.00240495335310698,0.00405880575999618,0.00494480226188898,0.00486069964244962,0.0036416850052774,0.00288204592652619,0.00346147548407316
1003,4,0.00502551626414061,0.00406431499868631,0.00507765403017402,0.0056201727129519,0.00501626450568438,0.00526343612000346,0.00492441235110164,0.00591015443205833,0.00695386715233326,0.00546094309538603,0.00551759451627731,0.00549936154857278,0.00505596632137895,0.00679644383490086,0.00765835959464312,0.00779396295547485,0.00646286644041538,0.00667941244319081,0.00856647081673145,0.00878054182976484,0.00595406163483858,0.00598276266828179,0.00781751982867718,0.00686737801879644,0.00722695095464587,0.00822055619210005,0.00750554259866476,0.00709814950823784,0.00590897025540471,0.00685684802010655,0.0079785929992795,0.0094378748908639,0.00889457482844591,0.00830266159027815,0.00919037498533726,0.0093889320269227,0.00894759315997362,0.0083654560148716,0.00828989688307047,0.0079115591943264,0.00759572349488735,0.0100362757220864,0.00951967295259237,0.00935626123100519,0.00640528276562691,0.00651630898937583,0.00827303156256676,0.00609387503936887,0.00859803520143032,0.00661516888067126,0.00594972539693117,0.0064544789493084,0.00681999558582902,0.00609588250517845,0.00595082715153694,0.00564871495589614,0.00565219717100263
1003,5,0.0208289436995983,0.024321161210537,0.024536456912756,0.0264688786119223,0.0261061806231737,0.0267363172024488,0.0262543968856335,0.0304092019796371,0.0282978974282742,0.0274750888347626,0.0285804718732834,0.0281630959361792,0.0276166815310717,0.0305831618607044,0.0265295319259167,0.0298013743013144,0.0283767618238926,0.0315692462027073,0.0324558988213539,0.0373986661434174,0.0346868224442005,0.0354604572057724,0.0333491936326027,0.0375950820744038,0.0426376573741436,0.0399026088416576,0.0374928303062916,0.0351217947900295,0.0390975512564182,0.0419856570661068,0.0428055860102177,0.0449228808283806,0.0405310466885567,0.0441962778568268,0.0449292436242104,0.0422879196703434,0.0358645096421242,0.0333750508725643,0.0364638417959213,0.0339163355529308,0.0332392975687981,0.0368794873356819,0.0315332487225533,0.0330381765961647,0.0329880863428116,0.0325815193355083,0.0293640326708555,0.02658661454916,0.027226397767663,0.0285275466740131,0.0323098637163639,0.0341853797435761,0.0363678112626076,0.0346806608140469,0.0343508906662464,0.0331736914813519,0.0335729904472828
1003,6,0.00125957443378866,0.00138175766915083,0.00123926810920238,0.00118165626190603,0.00160657032392919,0.00145678827539086,0.0014554881490767,0.00172177841886878,0.00201899535022676,0.00187992211431265,0.00202318816445768,0.00209554610773921,0.00213436642661691,0.00220997468568385,0.00234992662444711,0.00219582789577544,0.00253278436139226,0.00233441335149109,0.00250913784839213,0.00242398539558053,0.00198343070223928,0.00213642278686166,0.00220213457942009,0.00233155046589673,0.0018757056677714,0.00223690457642078,0.00259055732749403,0.0024371724575758,0.00323404022492468,0.00378009723499417,0.00379779771901667,0.0042736753821373,0.00351861817762256,0.00352065172046423,0.0036323294043541,0.00462227920070291,0.00396811962127686,0.00400540931150317,0.00438742246478796,0.00347034959122539,0.00427547842264175,0.00385280419141054,0.00428540445864201,0.00439094193279743,0.00417118612676859,0.00422476837411523,0.00407373765483499,0.00396878318861127,0.00407877052202821,0.00349815818481147,0.00307746836915612,0.00292390934191644,0.0027440341655165,0.0029246243648231,0.0030163717456162,0.0033844958525151,0.00328428624197841
1003,7,0.0209799483418465,0.0230839475989342,0.0235740449279547,0.020000733435154,0.0191549584269524,0.0182313024997711,0.0165026634931564,0.0171126555651426,0.0148819983005524,0.0180222392082214,0.0162951331585646,0.0126409055665135,0.0154454866424203,0.0149909816682339,0.0135068213567138,0.013254719786346,0.0155451027676463,0.0144796930253506,0.0139719815924764,0.0164010003209114,0.0153319370001554,0.0157981775701046,0.0158718880265951,0.0133810620754957,0.0163332466036081,0.0150131015107036,0.0135599998757243,0.0151173677295446,0.0121168186888099,0.0107581447809935,0.0105288522318006,0.0104197505861521,0.00950301624834538,0.00965425930917263,0.00837979186326265,0.0100318873301148,0.0104614179581404,0.0095372898504138,0.00839465949684381,0.00753316283226013,0.00627281656488776,0.00622567161917686,0.00665401015430689,0.00607271632179618,0.00569142587482929,0.00611042510718107,0.00522506702691317,0.00558914756402373,0.00612139096483588,0.00585182011127472,0.00517661450430751,0.00606081774458289,0.0058673769235611,0.00582819944247603,0.00553082767874002,0.00500266440212727,0.00563774909824133
1003,8,0.000501720700412989,0.000485511118313298,0.000510091136675328,0.000405162572860718,0.000457269081380218,0.000430420361226425,0.000584969762712717,0.00044126738794148,0.000424017896875739,0.000316086778184399,0.000337408448103815,0.000428177736466751,0.000461087183794007,0.000488646561279893,0.000489668804220855,0.000472199375508353,0.000513605889864266,0.000350647518644109,0.000410069420468062,0.000373049202607945,0.000358789198799059,0.000338907266268507,0.000288126524537802,0.000235529689234681,0.000275724014500156,0.000292277021799237,0.000317166588502005,0.000383241684176028,0.000319172948366031,0.000380966608645394,0.000444793025963008,0.000693864014465362,0.000992970308288932,0.00132066861260682,0.00146003172267228,0.00193286058492959,0.00254791346378624,0.00322695355862379,0.00299020763486624,0.0028430582024157,0.00290293851867318,0.00295600015670061,0.00273995194584131,0.00345114571973681,0.00352434511296451,0.0030350515153259,0.00290263327769935,0.00270578777417541,0.00339345051907003,0.00336167355999351,0.00342448544688523,0.00381289515644312,0.00409148633480072,0.00365103036165237,0.00392114510759711,0.00413991278037429,0.00401843385770917
1003,9,0.000330240378389135,0.00039044872391969,0.000334962416673079,0.000332135357894003,0.000321151252137497,0.000321103259921074,0.000328564434312284,0.00035802778438665,0.000364585139323026,0.000292797165457159,0.000343352847266942,0.000348194065736607,0.000376352021703497,0.000386329338653013,0.000388970831409097,0.000366883061360568,0.000487270444864407,0.000430935790063813,0.000444629811681807,0.00048904912546277,0.000399315234972164,0.000471906008897349,0.000479513226309791,0.00045635158312507,0.000523181748576462,0.000497583649121225,0.000465623306808993,0.000449195620603859,0.000539524073246866,0.000501788628753275,0.00049244670663029,0.000465669931145385,0.000326985085848719,0.000366379390470684,0.000542203546501696,0.000569149968214333,0.000628684996627271,0.000635685049928725,0.000676959287375212,0.000666511827148497,0.000599315972067416,0.000607511086855084,0.000579393119551241,0.000645326508674771,0.000661519821733236,0.000717782822903246,0.00064370158361271,0.000614746822975576,0.000682389596477151,0.000679677643347532,0.000613762298598886,0.000691225752234459,0.000686719198711216,0.000691413704771549,0.000670159235596657,0.000701244629453868,0.000708871171809733
1003,10,0.00321394996717572,0.00297621125355363,0.00291560799814761,0.00275200721807778,0.00341956154443324,0.00314444932155311,0.00432150159031153,0.00295935454778373,0.00587994139641523,0.00476597808301449,0.00716250343248248,0.0085207000374794,0.00982665363699198,0.00723932217806578,0.00634881667792797,0.00623344676569104,0.00582077959552407,0.00567952310666442,0.00567293632775545,0.00588148972019553,0.00611216900870204,0.00545182870700955,0.0123229566961527,0.0111344754695892,0.0136047033593059,0.0157822389155626,0.0147010358050466,0.0167641341686249,0.0175434444099665,0.0180712100118399,0.0186686553061008,0.00829116813838482,0.00833308137953281,0.00743015529587865,0.0145206255838275,0.00756571348756552,0.00794029422104359,0.0145244812592864,0.0127022825181484,0.0111261587589979,0.0138268088921905,0.013492526486516,0.0155341932550073,0.0140235554426908,0.0125795183703303,0.0126766161993146,0.0133279338479042,0.016942173242569,0.0143869807943702,0.017664697021246,0.0181799475103617,0.0185489896684885,0.0186876878142357,0.0196795631200075,0.0187651570886374,0.0185697693377733,0.0200982913374901
1003,11,0.000540641660336405,0.000497915549203753,0.000577722559683025,0.00059408403467387,0.000572810939047486,0.000523311260621995,0.000543131260201335,0.000543785688932985,0.000257178529864177,0.000264009344391525,0.000258855056017637,0.000222705784835853,0.000244413648033515,0.000267324270680547,0.000316797086270526,0.000326391163980588,0.000349693902535364,0.000344409781973809,0.000314076925860718,0.000310061703203246,0.000305198482237756,0.000308441813103855,0.000323979707900435,0.000318143313052133,0.000311990268528461,0.00030924886232242,0.000315104407491162,0.000319328944897279,0.000324658874887973,0.000326165260048583,0.000323409971315414,0.000282624445389956,0.000268288305960596,0.00023016074555926,0.000240169814787805,0.000235024082940072,0.000231506754062138,0.00024105524062179,0.000231710888328962,0.000211007994948886,0.000232070131460205,0.00022278270625975,0.000222696457058191,0.000219032386667095,0.000219405614188872,0.000225506853894331,0.000223855633521453,0.000220739078940824,0.000218215442146175,0.000217991881072521,0.000214995161513798,0.000185083772521466,0.000196796449017711,0.000208362762350589,0.000212758415727876,0.000181624971446581,0.000172203232068568
1003,12,0.0355721153318882,0.0355721153318882,0.0355721153318882,0.0355721153318882,0.0355721153318882,0.0355721153318882,0.0355721153318882,0.0355721153318882,0.0355721153318882,0.0355721153318882,0.0355721153318882,0.0209299549460411,0.0392666980624199,0.0386798940598965,0.024338822811842,0.0411774925887585,0.0291966740041971,0.0264279320836067,0.020860506221652,0.0229240637272596,0.0217257644981146,0.0214691814035177,0.00839204713702202,0.00751350354403257,0.00746831903234124,0.00625962065532804,0.00792315602302551,0.00489517627283931,0.00529062049463391,0.00218304246664047,0.00256845075637102,0.00610476173460484,0.0040024146437645,0.00398459238931537,0.00326498621143401,0.00341963651590049,0.00284293829463422,0.00363977788947523,0.00224457844160497,0.00290949316695333,0.00236822036094964,0.00301230303011835,0.00208282005041838,0.00220988830551505,0.00132538506295532,0.00184699392411858,0.00129127863328904,0.0010749117936939,0.000691091117914766,0.000786208838690072,0.000745391473174095,0.00076175871072337,0.000755631597712636,0.000686696032062173,0.000672352383844554,0.000581696454901248,0.000527655705809593
1003,13,0,0,0.0207705944776535,0.0207705944776535,0.0214407332241535,0.0213306695222855,0.0213306695222855,0.0212844926863909,0.0212844926863909,0.0212844926863909,0.020736088976264,0.0197330005466938,0.017923891544342,0.019496738910675,0.00679884990677238,0.00884544756263494,0.00679608201608062,0.00605689501389861,0.00632121553644538,0.00514903478324413,0.0080559067428112,0.00930178910493851,0.00931297894567251,0.00877823121845722,0.00936622358858585,0.0106774512678385,0.0120343519374728,0.00487956637516618,0.00432407390326262,0.00545578822493553,0.00484062870964408,0.00605865800753236,0.00489865662530065,0.00658907648175955,0.00916190445423126,0.00855148863047361,0.00606543710455298,0.00766739761456847,0.00907984841614962,0.00768363522365689,0.00650847470387816,0.00607867119833827,0.00583221670240164,0.0053557469509542,0.0067778960801661,0.00632067397236824,0.00658136885613203,0.00634265039116144,0.00741881784051657,0.00672463327646255,0.00667198467999697,0.00678861234337091,0.00773430895060301,0.00851159635931253,0.0101536093279719,0.00986508186906576,0.0097548458725214
1003,14,0.0708956345915794,0.0708956345915794,0.0708956345915794,0.0708956345915794,0.0708956345915794,0.0708956345915794,0.0708956345915794,0.0708956345915794,0.0708956345915794,0.0708956345915794,0.0708956345915794,0.0759267136454582,0.0438252948224545,0.0622247084975243,0.0813279896974564,0.0541496463119984,0.0403533577919006,0.0377395264804363,0.0338229387998581,0.0370683968067169,0.0564829967916012,0.0285973381251097,0.0302893538028002,0.0242872778326273,0.0229326486587524,0.031281016767025,0.029178760945797,0.0178004875779152,0.0198874957859516,0.0175460409373045,0.0220343787223101,0.018844798207283,0.0164849385619164,0.0294324476271868,0.0302205979824066,0.0114425551146269,0.0127116711810231,0.0211799237877131,0.015061603859067,0.021694203838706,0.012611954472959,0.0117890825495124,0.0159192811697721,0.0200073681771755,0.0207424629479647,0.0075859297066927,0.00693128630518913,0.0108530055731535,0.0098043093457818,0.00980829820036888,0.00546344462782145,0.0108602335676551,0.0131199220195413,0.00419535906985402,0.00586495501920581,0.00865709688514471,0.0082260575145483
1004,3,0,0,0,0,0,0.00551902456209064,0.00698124757036567,0.00548617215827107,0.00577551033347845,0.00440227892249823,0.000959565222728997,0.00160088844131678,0.00268525048159063,0.00567347090691328,0.0058785192668438,0.00190752081107348,0.00274247070774436,0.00579547369852662,0.00504189264029264,0.00127237057313323,0.00556371919810772,0.00553647102788091,0.00685635907575488,0.0064221010543406,0.00330842169933021,0.00670797890052199,0.00629131961613894,0.00675035314634442,0.00610331352800131,0.00656145066022873,0.00719220237806439,0.00578097486868501,0.00889895763248205,0.00953500717878342,0.00529527990147471,0.00669485703110695,0.00437645148485899,0.00493873562663794,0.00293051428161561,0.00587101327255368,0.00202201888896525,0.00182890670839697,0.00162903603632003,0.00163693760987371,0.00165896711405367,0.00179106357973069,0.00174537335988134,0.00220836279913783,0.00169510359410197,0.00222555687651038,0.00223309965804219,0.00214022607542574,0.00239672092720866,0.00269349408335984,0.0024562228936702,0.00199542031623423,0.00198204745538533
1004,4,0,0,0,0,0,0,0,0,0,0,0,0,0,0,0,0,0,0,0,0,0,0,0,0,0,0,0,0,0,0,0,0.00144671380985528,0.00199754838831723,0.00165798817761242,0.00159788352902979,0.00154794356785715,0.00111603399273008,0.000776277796830982,0.000763226125854999,0.000782971677836031,0.000844678957946599,0.000878486083820462,0.000903534062672406,0.000940286146942526,0.000418728101067245,0.000724303768947721,0.00196637096814811,0.000435407651821151,0.00137328437995166,0.000450047373306006,0.000385228719096631,0.00062015833100304,0.000785815413109958,0.000377296441001818,0.000425581471063197,0.000264865695498884,0.000255810213275254
1004,5,0,0,0,0.00169013673439622,0.00216827704571188,0.00291094975546002,0.00244649779051542,0.00423237262293696,0.00238198880106211,0.00313848140649498,0.00221724924631417,0.0021392572671175,0.00219657411798835,0.00254413392394781,0.00272087031044066,0.00389243406243622,0.00256020249798894,0.00231607630848885,0.00258734403178096,0.00328328600153327,0.00276183593086898,0.00206631910987198,0.00223512412048876,0.001819449942559,0.0032436135224998,0.00277867098338902,0.00254570343531668,0.0024909523781389,0.00192667229566723,0.00111840211320668,0.00139023666270077,0.00177451851777732,0.00144292088225484,0.00176760740578175,0.00157851190306246,0.00355643779039383,0.00220414181239903,0.00245487433858216,0.00337247620336711,0.00272170570679009,0.00173155148513615,0.00107430771458894,0.000989554217085242,0.000954067567363381,0.00110335904173553,0.000829957076348364,0.00219563324935734,0.00161252147518098,0.00113263761159033,0.00204124813899398,0.00247836508788168,0.00252610212191939,0.00258071394637227,0.00218345667235553,0.00246059824712574,0.00225374381989241,0.00212303269654512
1004,6,0,0,0,0,0.000386823376175016,0.000245795177761465,0.000210151731153019,0.000282066612271592,0.00046735885553062,0.000486089469632134,0.000553661957383156,0.000534733990207314,0.000479613285278901,0.000506524695083499,0.000479074660688639,0.000534191844053566,0.000794572464656085,0.000830677163321525,0.000987311941571534,0.000994868343695998,0.000919082609470934,0.00100407504942268,0.00100145791657269,0.00107909634243697,0.000521171430591494,0.000622631807345897,0.00101319747045636,0.000912998395506293,0.00149493431672454,0.00170616619288921,0.00151472445577383,0.00238036410883069,0.00168751238379627,0.00156292167957872,0.00173588516190648,0.00200694636441767,0.00141075893770903,0.00122639362234622,0.00119820609688759,0.000950105139054358,0.0014774032169953,0.00147265952546149,0.00129191926680505,0.00122930074576288,0.00143862224649638,0.00142918108031154,0.00105754123069346,0.00078724866034463,0.00109516410157084,0.000631124363280833,0.000630174356047064,0.00058619596529752,0.000578805163968354,0.000586721929721534,0.000581065367441624,0.000748172227758914,0.000732255692128092
1004,7,0.0159137137234211,0.0168383754789829,0.0174845177680254,0.0136761395260692,0.0127905961126089,0.0127362767234445,0.0112389903515577,0.012257912196219,0.00936664920300245,0.0120713962242007,0.0108230728656054,0.00866722874343395,0.0104036899283528,0.00890038907527924,0.00852488446980715,0.00694705499336123,0.00854824669659138,0.00543163577094674,0.00450301170349121,0.0046241944655776,0.00504473224282265,0.00428590644150972,0.00386202125810087,0.00339095108211041,0.00613832240924239,0.00511578423902392,0.0033541948068887,0.00344575475901365,0.0029352477286011,0.00242932676337659,0.00158070144243538,0.0022527847904712,0.00299792201258242,0.00414368789643049,0.00306582357734442,0.00391538441181183,0.0027576822321862,0.00303337280638516,0.00272847875021398,0.00189834763295949,0.000897988560609519,0.000729916035197675,0.00137073779478669,0.00168695743195713,0.00107669597491622,0.00117540929932147,0.00143577111884952,0.00133297545835376,0.00169631233438849,0.00140158808790147,0.00109966227319092,0.00133919017389417,0.00125247519463301,0.00159066508058459,0.00137649604585022,0.00137440883554518,0.00144700077362359
1004,8,0,0,0,0,9.32337861740962E-05,8.12704529380426E-05,0.000136202099383809,7.90443664300255E-05,5.2999395848019E-05,6.42589584458619E-05,5.78956060053315E-05,5.98645892750937E-05,9.02486135601066E-05,6.46874759695493E-05,5.50355071027298E-05,6.70383669785224E-05,4.50345396529883E-05,4.22243792854715E-05,3.38667159667239E-05,3.14636308758054E-05,2.99578496196773E-05,2.71622448053677E-05,2.2328214981826E-05,2.6586749299895E-05,6.01961328356992E-05,6.69625806040131E-05,7.02877005096525E-05,0.000117431118269451,4.5849086745875E-05,4.46727099188138E-05,5.86083151574712E-05,4.70487793791108E-05,8.29272394184954E-05,3.98711708839983E-05,3.61053862434346E-05,3.00327519653365E-05,2.51396941166604E-05,2.92199492832879E-05,2.45368937612511E-05,2.63166712102247E-05,5.8931032071996E-06,6.46025682726759E-06,7.90006197348703E-06,9.23918014450464E-06,7.84570147516206E-06,9.17930628929753E-06,1.06479783426039E-05,1.62651140271919E-05,1.70207131304778E-05,2.69324209511979E-05,2.50733246502932E-05,2.5222905605915E-05,2.45765531872166E-05,1.91064773389371E-05,1.94050917343702E-05,1.61585576279322E-05,1.64082903211238E-05
1004,10,0.000410909677157179,0.000394760892959312,0.000401077355490997,0.000358067452907562,0.000650662288535386,0.000649966823402792,0.00192860944662243,0.000571166165173054,0.00252876686863601,0.00248094485141337,0.00319043407216668,0.00405208254233003,0.00489424774423242,0.00580024067312479,0.00532737141475081,0.00533815752714872,0.0050849705003202,0.00505909556522965,0.00515038846060634,0.00544020254164934,0.00575771601870656,0.00522795552387834,0.00355136906728148,0.00171031756326556,0.0049450327642262,0.0075019309297204,0.00696212332695723,0.0082023199647665,0.00861559808254242,0.00904960930347443,0.00859115645289421,0.00664513418450952,0.00400825403630733,0.00119131698738784,0.00883384142071009,0.00162038765847683,0.00259307911619544,0.00946261081844568,0.00774533953517675,0.00619360012933612,0.00910806562751532,0.00895985960960388,0.0104344487190247,0.00977650843560696,0.0089492704719305,0.0090803811326623,0.00966050382703543,0.0132342558354139,0.0106924222782254,0.0140866506844759,0.0146294021978974,0.0150556927546859,0.0152720883488655,0.0162167698144913,0.0156055092811584,0.0154118854552507,0.0168007649481297
1004,12,0.0354525074362755,0.0354525074362755,0.0354525074362755,0.0354525074362755,0.0354525074362755,0.0354525074362755,0.0354525074362755,0.0354525074362755,0.0354525074362755,0.0354525074362755,0.0354525074362755,0.0208469163626432,0.0391691625118256,0.0385563969612122,0.0241812504827976,0.0410841442644596,0.0291282497346401,0.0263147056102753,0.0207649078220129,0.0228761117905378,0.0216716453433037,0.0214027427136898,0.00740341423079371,0.0066121662966907,0.00640975032001734,0.005201221909374,0.00664704339578748,0.00365739688277245,0.00421309471130371,0.00125969853252172,0.00166927021928132,0.00453394185751677,0.00269886595197022,0.00229350524023175,0.00216314173303545,0.00213354756124318,0.00189842621330172,0.00258351466618478,0.00101956026628613,0.00158602325245738,0.0015320178354159,0.00248102401383221,0.00150198815390468,0.00173457432538271,0.000969078624621034,0.00164823594968766,0.000998974195681512,0.000913335359655321,0.000540453242138028,0.00063275481807068,0.000660480349324644,0.000666834821458906,0.000644731160718948,0.000630522903520614,0.000594412267673761,0.000525454932358116,0.000476028624689206
1004,13,0,0,0,0,0.000765543896704912,0.000761614064686,0.000761614064686,0.000759965274482965,0.000759965274482965,0.000759965274482965,0.000740384450182319,0.000704569101799279,0.000639974605292082,0.000593588978517801,0.000436605361755937,0.000770370184909552,0.000691206252668053,0.000309511815430596,0.000431540858699009,0.000454817054560408,0.00103729101829231,0.00105387112125754,0.000981294200755656,0.00157206016592681,0.0018210323760286,0.0023852358572185,0.00155147281475365,0.00077422137837857,0.000818344007711858,0.00130603741854429,0.00111279881093651,0.0022017527371645,0.00105259020347148,0.0010780852753669,0.00346664874814451,0.0035062178503722,0.00284288800321519,0.00302735180594027,0.00392859661951661,0.00362723809666932,0.00308275548741221,0.00363418483175337,0.00317619368433952,0.00302016804926097,0.00386215699836612,0.00383438332937658,0.00373540981672704,0.00352620682679117,0.00477118836715817,0.00450833328068256,0.00473118852823973,0.00419347733259201,0.00463708536699414,0.00621181540191174,0.00925992988049984,0.00718533433973789,0.00684453453868628
1004,14,0.0389614477753639,0.0389614477753639,0.0389614477753639,0.0389614477753639,0.0389614477753639,0.0389614477753639,0.0389614477753639,0.0389614477753639,0.0389614477753639,0.0389614477753639,0.0389614477753639,0.0387543253600597,0.026940343901515,0.0503884926438332,0.0535730086266994,0.025328965857625,0.0157994478940964,0.00731241330504417,0.0078846262767911,0.00727848988026381,0.0348760299384594,0.0151853431016207,0.00318339373916388,0.00259281136095524,0.00749799003824592,0.0103892209008336,0.0105939209461212,0.00661349622532725,0.00882135890424252,0.0103494981303811,0.0114663066342473,0.0101478509604931,0.00505975959822536,0.00258290395140648,0.0049020447768271,0.00277633056975901,0.00230806320905685,0.00395176419988275,0.00268065417185426,0.00178452779073268,0.0037691886536777,0.00213754456490278,0.00265845470130444,0.00323397177271545,0.00701754773035645,0.00189528532791883,0.00157865625806153,0.00543632917106152,0.00254566362127662,0.00187550368718803,0.00167498865630478,0.00182831380516291,0.00483144726604223,0.00130050606094301,0.00224007829092443,0.00252466625533998,0.00187624979298562
1005,2,0.0304247587919235,0.0317789353430271,0.0283299256116152,0.0286607854068279,0.0244351401925087,0.0227740369737148,0.0223160106688738,0.0210669506341219,0.0208926368504763,0.0132159339264035,0.014144703745842,0.0131314788013697,0.0113057671114802,0.00932441093027592,0.00715121580287814,0.00504292827099562,0.00341346487402916,0.0161428805440664,0.0271743554621935,0.0324657335877419,0.0330443680286407,0.0343250706791878,0.0343334227800369,0.0271778088063002,0.0217658672481775,0.0163679774850607,0.0115155866369605,0.00583861395716667,0.0070602404884994,0.0168161578476429,0.00290979770943522,0.013656641356647,0.0215405188500881,0.0280065089464188,0.0345703512430191,0.0383867546916008,0.0419254675507545,0.0461564958095551,0.0431948155164719,0.0489529557526112,0.0494347214698792,0.0502739325165749,0.0463583581149578,0.0493852123618126,0.0552198030054569,0.0547602251172066,0.0501262955367565,0.0521010868251324,0.0511724948883057,0.0601799450814724,0.058246623724699,0.0590405277907848,0.0578007102012634,0.00961551629006863,0.0386131294071674,0.0617977194488049,0.0640838220715523
1005,3,0.00544407777488232,0.00461613992229104,0.00483326707035303,0.00488363578915596,0.0045892265625298,0.0155589375644922,0.0179025083780289,0.0152399549260736,0.013982473872602,0.013005468994379,0.00532464031130075,0.00635883444920182,0.00873113237321377,0.0150169031694531,0.0163429100066423,0.00431347172707319,0.0101446909829974,0.0121518392115831,0.0107049141079187,0.00930357631295919,0.0118050687015057,0.016808332875371,0.0218717120587826,0.0207906048744917,0.0137736359611154,0.0141669539734721,0.0153941344469786,0.0185360088944435,0.0188683699816465,0.0199526380747557,0.0204866472631693,0.0178657360374928,0.0246813148260117,0.0255694091320038,0.0149901891127229,0.0143827218562365,0.00935867801308632,0.0198920276015997,0.0152666810899973,0.0366405136883259,0.0155282923951745,0.00885056238621473,0.0110243447124958,0.0128737585619092,0.00882138777524233,0.00431329291313887,0.00465710135176778,0.00764974998310208,0.0085795084014535,0.00947420857846737,0.00506768701598048,0.0109954811632633,0.0137117253616452,0.0129722077399492,0.00906156282871962,0.00709403026849031,0.00914209336042404
1005,4,0.0175893064588308,0.0142251010984182,0.0177717879414558,0.0196706037968397,0.0175569262355566,0.0184220261871815,0.0172354429960251,0.0206855405122042,0.0243385341018438,0.0191133003681898,0.0193115789443254,0.0192477647215128,0.0176958814263344,0.0237875524908304,0.026804257184267,0.0272788684815168,0.0226200316101313,0.0233779419213533,0.0299826469272375,0.0307318959385157,0.0208392161875963,0.0209396686404943,0.0273613166064024,0.0240358226001263,0.0252943281084299,0.0287719462066889,0.0262693986296654,0.0248435214161873,0.020681394264102,0.0239989683032036,0.0279250759631395,0.0308624915778637,0.0281346905976534,0.0265723317861557,0.0297694876790047,0.0305393449962139,0.0296425241976976,0.0281146783381701,0.027869800105691,0.0265159979462624,0.0253180135041475,0.0338092334568501,0.0319635532796383,0.0313364826142788,0.0217903964221478,0.0217206254601479,0.0260060541331768,0.0206754505634308,0.0280331950634718,0.0224780179560184,0.0202461946755648,0.0216604378074408,0.022691261023283,0.0207696445286274,0.0201895218342543,0.0193732026964426,0.0193989742547274
1005,5,0.0729013010859489,0.0851240605115891,0.0858775973320007,0.0901058688759804,0.0881192088127136,0.08921068161726,0.0882206410169601,0.100083649158478,0.0954696536064148,0.0914550870656967,0.0967057794332504,0.0953619480133057,0.0933635160326958,0.103224866092205,0.0887720510363579,0.098466157913208,0.095478355884552,0.107018247246742,0.109714634716511,0.125970393419266,0.117261126637459,0.1210121139884,0.113369487226009,0.128853604197502,0.144366383552551,0.135491117835045,0.127406343817711,0.119189850986004,0.133951410651207,0.145272195339203,0.147734194993973,0.154568299651146,0.139694288372993,0.152035549283028,0.154884591698647,0.142673060297966,0.122219569981098,0.113130360841751,0.122564733028412,0.114624612033367,0.113740213215351,0.12746673822403,0.108882032334805,0.11420251429081,0.113803267478943,0.112790383398533,0.0994806587696075,0.0906343683600426,0.0935934334993362,0.0967845395207405,0.109366975724697,0.115859664976597,0.123416267335415,0.118107125163078,0.116537220776081,0.112727306783199,0.114320911467075
1005,6,0.00440851040184498,0.00483615137636662,0.00433743838220835,0.00413579680025578,0.00504276109859347,0.00473006581887603,0.00477898074313998,0.00560312438756227,0.00636544544249773,0.00585059309378266,0.00625066552311182,0.0065323100425303,0.00675086257979274,0.00697512412443757,0.00750613072887063,0.0068841096945107,0.00767288682982326,0.00692443083971739,0.00730101438239217,0.00699164625257254,0.00556338392198086,0.00597136747092009,0.00620528403669596,0.00654178205877543,0.00578321237117052,0.00689521804451942,0.00754715455695987,0.0071606058627367,0.00907673873007298,0.0106710903346539,0.0110202049836516,0.0113873183727264,0.00978389475494623,0.00997789856046438,0.010109324939549,0.0131675573065877,0.0117722796276212,0.0121793420985341,0.0135586690157652,0.0107210660353303,0.0127480691298842,0.0112758250907063,0.0130610363557935,0.0135243460536003,0.0124412178993225,0.0126429172232747,0.0126717695966363,0.0127098681405187,0.0126329502090812,0.0112968664616346,0.00982587784528732,0.00935438834130764,0.00873591192066669,0.00935610197484493,0.0096857026219368,0.010723477229476,0.0103966174647212
1005,7,0.0495592504739761,0.0555362515151501,0.0562823787331581,0.0494883544743061,0.0478564612567425,0.0447051450610161,0.0409008376300335,0.041507426649332,0.0380370207130909,0.0449707433581352,0.0407983548939228,0.0312423277646303,0.0384536683559418,0.0391178540885448,0.0344865471124649,0.0359709374606609,0.0415854901075363,0.0425314716994762,0.0421474166214466,0.0504672043025494,0.0460946820676327,0.0488647632300854,0.0497585721313953,0.0417472869157791,0.0479588769376278,0.0448721759021282,0.0424287058413029,0.0477421544492245,0.038005992770195,0.034009512513876,0.0344799309968948,0.0330899469554424,0.0287636741995811,0.0275743771344423,0.0247305352240801,0.0292385276407003,0.0324784405529499,0.0288304556161165,0.02528858743608,0.0235185474157333,0.0206078756600618,0.020694974809885,0.0212329290807247,0.0187240708619356,0.0183049459010363,0.0196233745664358,0.0161340776830912,0.0175625532865524,0.0188803989440203,0.0183789879083633,0.0164686571806669,0.0192040763795376,0.0186571069061756,0.0180127006024122,0.0172931533306837,0.015447711572051,0.0175616201013327
1005,8,0.00175602233503014,0.00169928884133697,0.0017853188328445,0.00141806900501251,0.00146059109829366,0.00138456549029797,0.00184309110045433,0.0014258692972362,0.00140456343069673,0.00100991525687277,0.00109408621210605,0.00140882516279817,0.00147843221202493,0.00161323160864413,0.00163128739222884,0.00155214022379369,0.00173006870318204,0.00116392970085144,0.00138444278854877,0.00125847663730383,0.00121082540135831,0.00114543200470507,0.000974950497038662,0.000784473784733564,0.000874739780556411,0.000922525650821626,0.00100465153809637,0.00116519920993596,0.00104833173099905,0.00126637401990592,0.0014688631054014,0.00235795066691935,0.00335100502707064,0.00456253346055746,0.00505595281720161,0.00671996269375086,0.00887998752295971,0.0112505070865154,0.0104289213195443,0.00991122797131538,0.0101514449343085,0.010336309671402,0.00957798212766647,0.0120651507750154,0.0123234391212463,0.0106089115142822,0.010143244639039,0.00944585911929607,0.0118515454232693,0.011725458316505,0.0119480881839991,0.0133072985336185,0.0142833376303315,0.0127499457448721,0.0136948991566896,0.014465456828475,0.0140399057418108
1005,9,0.00115584128070623,0.00136657047551125,0.00117236841470003,0.00116247369442135,0.00112402939703315,0.00112386140972376,0.00114997546188533,0.00125309720169753,0.00127604801673442,0.00102479010820389,0.00120173487812281,0.00121867912821472,0.00131723203230649,0.00135215255431831,0.00136139790993184,0.00128409068565816,0.00170544651336968,0.00150827527977526,0.00155620428267866,0.00171167182270437,0.00139760330785066,0.00165167101658881,0.00167829624842852,0.00159723055548966,0.00183113617822528,0.00174154271371663,0.00162968155927956,0.00157218461390585,0.00188833428546786,0.00175626017153263,0.00172356341499835,0.00162984477356076,0.00114444782957435,0.00128232780843973,0.00189771223813295,0.00199202494695783,0.00220039742998779,0.00222489750012755,0.00236935750581324,0.0023327914532274,0.00209760572761297,0.00212628883309662,0.00202787574380636,0.00225864257663488,0.00231531914323568,0.00251223985105753,0.00225295545533299,0.00215161382220685,0.00238836347125471,0.00237887166440487,0.00214816792868078,0.00241929013282061,0.00240351702086627,0.00241994787938893,0.0023455573245883,0.00245435605756938,0.00248104892671108
1005,10,0.0106324600055814,0.0098245982080698,0.00960301142185926,0.00909492373466492,0.0109924720600247,0.0100306225940585,0.0122323408722878,0.00950099155306816,0.0167866442352533,0.012959505431354,0.0202831104397774,0.0237443260848522,0.0270519144833088,0.0166372675448656,0.0142298014834523,0.0138098280876875,0.0127452723681927,0.0122896870598197,0.0121296951547265,0.012424910441041,0.012756017036736,0.0112394681200385,0.0378032922744751,0.036405187100172,0.0401989109814167,0.0439849384129047,0.0410104393959045,0.0463709905743599,0.0484786592423916,0.0496748201549053,0.0524535551667213,0.0190513860434294,0.023153405636549,0.0242185685783625,0.0375714264810085,0.0240494161844254,0.0239014104008675,0.0366417653858662,0.0328399799764156,0.029651153832674,0.0347317308187485,0.0337840504944324,0.0387180037796497,0.0344176813960075,0.0306044090539217,0.0307475831359625,0.0321570113301277,0.0394462235271931,0.0343157984316349,0.0406964644789696,0.0416857115924358,0.04233792796731,0.0424987748265266,0.044553317129612,0.0422697849571705,0.0418763682246208,0.0451428703963757
1005,11,0.00189224572386593,0.00174270430579782,0.00202202890068293,0.00207929406315088,0.00200483808293939,0.00183158926665783,0.00190095941070467,0.00190324988216162,0.000900124839972705,0.000924032705370337,0.000905992637854069,0.000779470195993781,0.000855447782669216,0.000935634889174253,0.00110878981649876,0.00114236900117248,0.00122392864432186,0.0012054342078045,0.00109926913864911,0.00108521594665945,0.00106819462962449,0.00107954628765583,0.00113392900675535,0.00111350161023438,0.00109196582343429,0.00108237098902464,0.00110286544077098,0.0011176512343809,0.00113630609121174,0.00114157842472196,0.00113193481229246,0.000989185529761016,0.000939009070862085,0.000805562594905496,0.000840594293549657,0.000822584261186421,0.000810273631941527,0.000843693327624351,0.000810988072771579,0.000738527975045145,0.000812245416454971,0.000779739406425506,0.000779437541496009,0.000766613346058875,0.000767919642385095,0.000789273995906115,0.000783494673669338,0.000772586790844798,0.000763754011131823,0.000762971583753824,0.000752483028918505,0.000647793232928962,0.000688787549734116,0.000729269639123231,0.000744654447771609,0.000635687378235161,0.000602711283136159
1005,12,0.0713236406445503,0.0713236406445503,0.0713236406445503,0.0713236406445503,0.0713236406445503,0.0713236406445503,0.0713236406445503,0.0713236406445503,0.0713236406445503,0.0713236406445503,0.0713236406445503,0.0419844686985016,0.0786797031760216,0.0775450393557549,0.0489140041172504,0.0824950113892555,0.0584959834814072,0.0530257038772106,0.0418644100427628,0.0459200516343117,0.043532706797123,0.0430380180478096,0.0182670429348946,0.0163790117949247,0.0165244899690151,0.0141068389639258,0.0177604798227549,0.0116470213979483,0.0121975298970938,0.00575110036879778,0.00648567220196128,0.0145657537505031,0.00996015314012766,0.0105058159679174,0.00818273890763521,0.0087684066966176,0.00710264453664422,0.00886395014822483,0.00632668379694223,0.00780419073998928,0.00599074456840754,0.00682152435183525,0.00503688771277666,0.00513274781405926,0.00318522984161973,0.00399212492629886,0.00302101369015872,0.00239218818023801,0.00160813902039081,0.00180259870830923,0.00161814957391471,0.00166590313892812,0.00167761382181197,0.00145765172783285,0.00146161497104913,0.00124775513540953,0.00113275204785168
1005,13,0,0,0.0726970732212067,0.0726970732212067,0.0738942474126816,0.073514923453331,0.073514923453331,0.0733557716012001,0.0733557716012001,0.0733557716012001,0.0714657306671143,0.0680086463689804,0.0617736540734768,0.0673482045531273,0.0231410656124353,0.0298035107553005,0.0227494779974222,0.020734865218401,0.0214769430458546,0.0173393953591585,0.0266397371888161,0.0309754554182291,0.0311234854161739,0.0283657182008028,0.0300502330064774,0.0337932258844376,0.0397930182516575,0.0159171484410763,0.0139067424461246,0.0171362012624741,0.0152730010449886,0.017902672290802,0.0155664123594761,0.0214446391910315,0.0268666911870241,0.0246708821505308,0.0169646982103586,0.0222948640584946,0.0258865728974342,0.0214518662542105,0.0181555282324553,0.0158240720629692,0.0156484693288803,0.0142148621380329,0.0179293993860483,0.0163707826286554,0.0174316745251417,0.0169099662452936,0.0188090801239014,0.0167737156152725,0.0162551626563072,0.0174699258059263,0.0201144516468048,0.020472863689065,0.0216477364301682,0.0237497854977846,0.0238751582801342
1005,14,0.189692541956902,0.189692541956902,0.189692541956902,0.189692541956902,0.189692541956902,0.189692541956902,0.189692541956902,0.189692541956902,0.189692541956902,0.189692541956902,0.189692541956902,0.20761202275753,0.112978011369705,0.142203748226166,0.204288452863693,0.151530310511589,0.117537572979927,0.12111971527338,0.106553345918655,0.118821650743484,0.145376443862915,0.0773126631975174,0.101237647235394,0.0811162516474724,0.0690172836184502,0.0938997194170952,0.0862347781658173,0.0523814633488655,0.0563741959631443,0.0458868965506554,0.0599208623170853,0.0507350154221058,0.0501076430082321,0.0991392061114311,0.0984190255403519,0.0358844473958015,0.0410287529230118,0.0682020857930183,0.0486946292221546,0.0732529163360596,0.0384880565106869,0.0380554720759392,0.0517298020422459,0.065174825489521,0.0620722956955433,0.0237078256905079,0.0218915175646544,0.029831025749445,0.0304965861141682,0.0315157882869244,0.0166095737367868,0.0352683439850807,0.0386725552380085,0.0127329966053367,0.0171672254800797,0.0265128389000893,0.0259768255054951
1006,2,0.0217319708317518,0.0226992387324572,0.0202356614172459,0.02047199010849,0.0174536723643541,0.0162671692669392,0.0159400068223476,0.0150478212162852,0.0149233127012849,0.00943995360285044,0.0101033607497811,0.00937962811440229,0.00807554740458727,0.00666029332205653,0.00510801142081618,0.00360209168866277,0.00243818922899663,0.0115306293591857,0.0194102544337511,0.0231898110359907,0.023603118956089,0.0245179068297148,0.0245238747447729,0.0194127205759287,0.0155470473691821,0.0116914128884673,0.00822541955858469,0.00417043874040246,0.00504302885383368,0.0120115419849753,0.00207842700183392,0.00975474435836077,0.0153860850259662,0.0200046487152576,0.0246931090950966,0.0274191107600927,0.0299467630684376,0.0329689271748066,0.0308534391224384,0.0349663980305195,0.0353105142712593,0.0359099507331848,0.0331131145358086,0.035275150090456,0.0394427180290222,0.0391144491732121,0.0358044989407063,0.0372150652110577,0.0365517809987068,0.0429856739938259,0.0416047312319279,0.0421718060970306,0.0412862226366997,0.00686822645366192,0.0275808069854975,0.0441412292420864,0.045774158090353
1006,3,0.0038886268157512,0.0032972430344671,0.00345233362168074,0.00348831131123006,0.00327801890671253,0.00322920619510114,0.00281429570168257,0.00304829375818372,0.00173675222322345,0.0030006505548954,0.00243250722996891,0.00225504115223885,0.00240045133978128,0.00262140110135078,0.0032756223808974,0.000356021424522623,0.00332839274778962,0.000400636839913204,0.000443663535406813,0.0048277392052114,0.000484021700685844,0.0040967077948153,0.0058278520591557,0.00567600224167109,0.00511199468746781,0.00053642614511773,0.00200821086764336,0.00359664531424642,0.00475838826969266,0.00487838359549642,0.00435874424874783,0.0045027039013803,0.00491671403869987,0.0046424251049757,0.00314259226433933,0.000709291081875563,0.000432696775533259,0.00715325446799397,0.00671832310035825,0.0177846346050501,0.00820303894579411,0.00370910647325218,0.00554733769968152,0.00685705943033099,0.00393103808164597,0.000522261136211455,0.000833110476378351,0.00230930326506495,0.00370664405636489,0.00358792464248836,0.000429634121246636,0.00479644909501076,0.00637020310387015,0.00541801424697042,0.00296365492977202,0.00221656402572989,0.00369857018813491
1006,4,0.0125637901946902,0.0101607870310545,0.0126941343769431,0.0140504315495491,0.0125406607985497,0.0131585905328393,0.0123110301792622,0.0147753860801458,0.0173846669495106,0.0136523572728038,0.0137939853593707,0.0137484036386013,0.0126399165019393,0.0169911086559296,0.0191458985209465,0.0194849073886871,0.0161571651697159,0.0166985299438238,0.0214161761105061,0.0219513531774282,0.0148851545527577,0.0149569064378738,0.0195437986403704,0.0171684455126524,0.0180673766881227,0.0205513909459114,0.0187638569623232,0.0177453737705946,0.0147724254056811,0.0171421207487583,0.0199464820325375,0.0199779029935598,0.0172425676137209,0.0166116822510958,0.0189812295138836,0.019602470099926,0.0195788983255625,0.018972946330905,0.0188166778534651,0.0178214684128761,0.0168776102364063,0.022894473746419,0.0215403474867344,0.0210399366915226,0.0149663863703609,0.0144800124689937,0.0157666523009539,0.0141461687162519,0.0180618762969971,0.0154128028079867,0.0139112416654825,0.0145858014002442,0.01508545037359,0.0142964655533433,0.0138131137937307,0.0134596228599548,0.0134909674525261
1006,5,0.0520723573863506,0.0608029030263424,0.0613411404192448,0.0619468539953232,0.0598447546362877,0.0595634169876575,0.059519749134779,0.0654420778155327,0.0647897720336914,0.060841515660286,0.0659080594778061,0.065059594810009,0.0635502636432648,0.0700975731015205,0.0595216527581215,0.0647723451256752,0.0645413920283318,0.0731329247355461,0.0746713876724243,0.0852884501218796,0.0798124670982361,0.0834853425621986,0.0777851715683937,0.0894390791654587,0.0984851121902466,0.0928098410367966,0.0873678177595139,0.0815771073102951,0.0929271951317787,0.102168135344982,0.103538371622562,0.107870906591415,0.0977203175425529,0.106071673333645,0.108376830816269,0.0968286991119385,0.0841509252786636,0.0773004367947578,0.0827284157276154,0.0779865756630898,0.0787693709135056,0.0895129516720772,0.0763592347502708,0.0802102759480476,0.0797118246555328,0.0793789103627205,0.0679209977388382,0.0624352321028709,0.065234400331974,0.0662157461047173,0.0745787471532822,0.0791481882333755,0.0844677463173866,0.0812430083751678,0.0797257348895073,0.0772998705506325,0.07862488925457
1006,6,0.00314893596805632,0.00345439417287707,0.00309817027300596,0.00295414053834975,0.00304936734028161,0.003027482656762,0.00311334081925452,0.00359927956014872,0.00387909123674035,0.00348458159714937,0.00367381563410163,0.00390203017741442,0.00413688272237778,0.00425862474367023,0.00467712944373488,0.00415408983826637,0.00434552971273661,0.00375934038311243,0.00380456470884383,0.00357279251329601,0.00266087055206299,0.00283086951822042,0.00300169177353382,0.00313113536685705,0.00338633544743061,0.00403568148612976,0.00394339999184012,0.00381043506786227,0.0043477644212544,0.00518482737243176,0.00570768304169178,0.00473327888175845,0.00457776430994272,0.00489432504400611,0.00474111083894968,0.00653833243995905,0.00639340141788125,0.00694753928110003,0.00797304138541222,0.00630061095580459,0.00699518760666251,0.00595036195591092,0.00748371332883835,0.00790410302579403,0.00683140987530351,0.00698896823450923,0.00754049140959978,0.00795383658260107,0.00745901605114341,0.0071675842627883,0.0061182351782918,0.00584428338333964,0.00541307218372822,0.00584475556388497,0.00608826614916325,0.00659080920740962,0.00638007605448365
1006,7,0.0126655884087086,0.0156139293685555,0.015223816037178,0.0158114843070507,0.0159109067171812,0.0137375658378005,0.0131591847166419,0.0121368588879704,0.0137883732095361,0.0148771079257131,0.013680150732398,0.00993419252336025,0.0126044908538461,0.0152264824137092,0.0124548422172666,0.0157691612839699,0.0174921397119761,0.0226201433688402,0.0236724261194468,0.0294420123100281,0.0257180128246546,0.0287806782871485,0.0300246644765139,0.0249752756208181,0.0254873093217611,0.0247432924807072,0.0255145132541656,0.0291790310293436,0.0229539256542921,0.0208220444619656,0.0223703775554895,0.0204174146056175,0.016262736171484,0.0137764289975166,0.013284919783473,0.0152912568300962,0.0192593391984701,0.0162597931921482,0.0141654508188367,0.0140870371833444,0.0134370699524879,0.013739388436079,0.0132081806659698,0.010964397341013,0.011536824516952,0.0123375402763486,0.00947324000298977,0.0106404302641749,0.0110626965761185,0.0111255794763565,0.0101923802867532,0.0118040684610605,0.0115372547879815,0.0105938352644444,0.0103858290240169,0.00907063856720924,0.010476871393621
1006,8,0.00125430175103247,0.00121377781033516,0.00127522775437683,0.00101290643215179,0.000910088245291263,0.000872874748893082,0.00112191925290972,0.000905557535588741,0.000927546236198395,0.000629569520242512,0.000698782154358923,0.000920782855246216,0.000927096407394856,0.00105989759322256,0.00108658312819898,0.00101290247403085,0.00117142824456096,0.000771057850215584,0.000940506753977388,0.000853963894769549,0.000822078320197761,0.000779362511821091,0.000664495804812759,0.000522357353474945,0.000538819702342153,0.000563286070246249,0.000617197249084711,0.0006645264220424,0.00068330968497321,0.00084073469042778,0.000965461775194854,0.0016170380404219,0.00227510742843151,0.00320199364796281,0.0035598159302026,0.004757069516927,0.00630693417042494,0.00799433421343565,0.00741417659446597,0.00704185338690877,0.00724261347204447,0.00737384939566255,0.0068301297724247,0.00860476586967707,0.00879124831408262,0.00756468065083027,0.00722996331751347,0.0067238062620163,0.0084410747513175,0.00833685230463743,0.00849852990359068,0.00946918036788702,0.0101672746241093,0.00907980930060148,0.00975434947758913,0.0103093851357698,0.0100050633773208
1006,9,0.000825600931420922,0.000976121751591563,0.000837406027130783,0.000830338336527348,0.000802878115791827,0.000802758149802685,0.000821411027573049,0.000895069446414709,0.000911462877411395,0.000731992884539068,0.000858382089063525,0.000870485149789602,0.000940880039706826,0.000965823302976787,0.000972427078522742,0.00091720768250525,0.0012181760976091,0.00107733951881528,0.00111157458741218,0.0012226226972416,0.000998288043774664,0.00117976497858763,0.00119878305122256,0.00114087900146842,0.00130795442964882,0.0012439590645954,0.00116405822336674,0.00112298910971731,0.00134881027042866,0.00125447160098702,0.00123111682478338,0.00116417487151921,0.000817462743725628,0.000915948476176709,0.00135550880804658,0.00142287497874349,0.00157171243336052,0.00158921256661415,0.00169239821843803,0.0016662796260789,0.00149828987196088,0.00151877768803388,0.00144848274067044,0.0016133162425831,0.00165379943791777,0.00179445696994662,0.00160925392992795,0.00153686699923128,0.00170597399119288,0.001699194079265,0.00153440574649721,0.00172806438058615,0.00171679793857038,0.00172853423282504,0.00167539808899164,0.00175311148632318,0.00177217787131667
1006,10,0.00700760073959827,0.00645362585783005,0.00628632633015513,0.00598484929651022,0.00692224781960249,0.00623620627447963,0.0059822304174304,0.00597047107294202,0.00837793666869402,0.00571258272975683,0.00993017293512821,0.0111715439707041,0.0123310135677457,0.00359770376235247,0.00255361339077353,0.00223822356201708,0.00183952215593308,0.00155106838792562,0.00130637001711875,0.0011032180627808,0.000886132067535073,0.000559683423489332,0.0219289679080248,0.0235603954643011,0.0216491762548685,0.0207007694989443,0.0193472802639008,0.0214045364409685,0.0223196167498827,0.022554000839591,0.0251937452703714,0.00411508372053504,0.0108120692893863,0.0155970957130194,0.0142169604077935,0.0148633141070604,0.0133680375292897,0.0126546751707792,0.0123923569917679,0.0123313963413239,0.0117968572303653,0.0113316662609577,0.0127493608742952,0.0106176165863872,0.00907562021166086,0.00899058673530817,0.00916857551783323,0.00926979538053274,0.00923639535903931,0.00894511770457029,0.00887636281549931,0.00873324368149042,0.00853899866342545,0.00865698326379061,0.00789911765605211,0.00789471156895161,0.00824381597340107
1006,11,0.00135160412173718,0.00124478887300938,0.00144430645741522,0.00148521002847701,0.00143202731851488,0.0013082780642435,0.00135782815050334,0.00135946425143629,0.000642946281004697,0.000660023360978812,0.000647137581836432,0.000556764425709844,0.000611034163739532,0.000668310676701367,0.0007919927011244,0.000815977924503386,0.000874234770890325,0.000861024425830692,0.00078519230009988,0.00077515427256003,0.00076299614738673,0.000771104474551976,0.000809949240647256,0.000795358268078417,0.000779975613113493,0.000773122126702219,0.000787761004175991,0.000798322318587452,0.000811647216323763,0.000815413135569543,0.000808524899184704,0.00070656108437106,0.000670720764901489,0.000575401878450066,0.000600424536969513,0.000587560178246349,0.000578766863327473,0.000602638116106391,0.000579277228098363,0.000527519965544343,0.000580175314098597,0.000556956743821502,0.000556741142645478,0.000547580944839865,0.000548514013644308,0.000563767156563699,0.000559639069251716,0.000551847682800144,0.000545538612641394,0.000544979702681303,0.000537487911060452,0.000462709431303665,0.00049199111526832,0.000520906876772642,0.000531896017491817,0.000454062421340495,0.000430508080171421
1006,12,0.00029902087408118,0.00029902087408118,0.00029902087408118,0.00029902087408118,0.00029902087408118,0.00029902087408118,0.00029902087408118,0.00029902087408118,0.00029902087408118,0.00029902087408118,0.00029902087408118,0.000207595992833376,0.000243841262999922,0.000308747199596837,0.000393931259168312,0.000233371581998654,0.000171059829881415,0.000283065426629037,0.000238994849496521,0.000119878030091058,0.000135297726956196,0.000166095021995716,0.00247158226557076,0.00225334265269339,0.00264642131514847,0.0026459963992238,0.0031902811024338,0.00309444824233651,0.00269381445832551,0.00230835960246623,0.00224795122630894,0.00392705015838146,0.00325887207873166,0.00422771787270904,0.00275461096316576,0.00321522238664329,0.00236127991229296,0.00264065782539546,0.00306254532188177,0.00330867455340922,0.00209050648845732,0.00132819742430001,0.00145207962486893,0.0011882851831615,0.000890766154043376,0.000496894936077297,0.000730761035811156,0.000403941114200279,0.000376594718545675,0.000383635080652311,0.000212277765967883,0.000237309679505415,0.00027725106338039,0.000140432835905813,0.000194850319530815,0.000140603762702085,0.000129067688249052
1006,13,0,0,0.0519264824688435,0.0519264824688435,0.0516879744827747,0.0514226369559765,0.0514226369559765,0.0513113178312778,0.0513113178312778,0.0513113178312778,0.0499892607331276,0.0475710779428482,0.0432097911834717,0.047257874161005,0.0159056112170219,0.0201876927167177,0.0152621893212199,0.0143684577196836,0.0147241866216063,0.011735544539988,0.0175465401262045,0.0206197947263718,0.0208292119204998,0.0180154275149107,0.0188629776239395,0.0207305382937193,0.0262071955949068,0.0102633619681001,0.00876432470977306,0.0103743765503168,0.00931957457214594,0.00964226294308901,0.009615165181458,0.0137774785980582,0.0142381386831403,0.0126131763681769,0.00805637240409851,0.0116001144051552,0.0128781292587519,0.0101409927010536,0.00856429804116488,0.00611121533438563,0.00664005801081657,0.00583894737064838,0.00728934723883867,0.00621572602540255,0.00711489701643586,0.00704110879451036,0.00661907391622663,0.00554074998944998,0.0048519903793931,0.00648783706128597,0.00774305826053023,0.00574945192784071,0.00223419792018831,0.00669936882331967,0.00727577740326524
1006,14,0.0798354670405388,0.0798354670405388,0.0798354670405388,0.0798354670405388,0.0798354670405388,0.0798354670405388,0.0798354670405388,0.0798354670405388,0.0798354670405388,0.0798354670405388,0.0798354670405388,0.092930980026722,0.0422123745083809,0.0295905433595181,0.0693874508142471,0.0720517039299011,0.0613847710192204,0.0760677754878998,0.0648457854986191,0.0744747668504715,0.0540174171328545,0.0335299856960773,0.067764900624752,0.0542361661791801,0.0385866463184357,0.0522294864058495,0.0464620962738991,0.0279674790799618,0.0276653412729502,0.0179913565516472,0.0264201778918505,0.0217423662543297,0.0285629462450743,0.0671238601207733,0.063296377658844,0.0216655619442463,0.0260090194642544,0.0430703982710838,0.0309523735195398,0.0497741885483265,0.0221069138497114,0.024128844961524,0.0331520661711693,0.0419334881007671,0.0343122854828835,0.0142266107723117,0.0133815743029118,0.0135416919365525,0.018146613612771,0.0198319870978594,0.00947113987058401,0.0225797984749079,0.0207211878150702,0.00723713217303157,0.00906219147145748,0.0153310764580965,0.0158745180815458
1007,2,0.0217319708317518,0.0226992387324572,0.0202356614172459,0.02047199010849,0.0174536723643541,0.0162671692669392,0.0159400068223476,0.0150478212162852,0.0149233127012849,0.00943995360285044,0.0101033607497811,0.00937962811440229,0.00807554740458727,0.00666029332205653,0.00510801142081618,0.00360209168866277,0.00243818922899663,0.0115306293591857,0.0194102544337511,0.0638975501060486,0.0653929337859154,0.055803794413805,0.0548035688698292,0.0477832816541195,0.0519521087408066,0.0391188561916351,0.0482510812580585,0.0358443707227707,0.0393971279263496,0.045757818967104,0.0310407150536776,0.040438462048769,0.0417801700532436,0.0476613529026508,0.0488312914967537,0.0636864081025124,0.0617668963968754,0.0623196139931679,0.0540402196347713,0.0586321949958801,0.0490217655897141,0.0574625320732594,0.0557616427540779,0.0546534731984138,0.0572192668914795,0.0549007467925549,0.0478465035557747,0.0505104959011078,0.0481932274997234,0.0562179610133171,0.0537609979510307,0.0541173964738846,0.0526326447725296,0.0209196619689465,0.0392684862017632,0.0548324696719646,0.0564944185316563
1007,3,0.0293116141110659,0.0284950416535139,0.0284383576363325,0.029119748622179,0.0278021786361933,0.0260079260915518,0.0247387234121561,0.0262186788022518,0.0196167733520269,0.0229777581989765,0.0211926661431789,0.0157236587256193,0.0179509930312634,0.0178904496133327,0.0164691898971796,0.0147726824507117,0.016431737691164,0.0134643008932471,0.0131218219175935,0.0176326595246792,0.0123004140332341,0.0156484600156546,0.0198884326964617,0.018742123618722,0.0163633469492197,0.0124574694782495,0.0144367506727576,0.0166843626648188,0.0167586635798216,0.022252518683672,0.0280226692557335,0.0267958045005798,0.0344338528811932,0.0315612331032753,0.0198649857193232,0.0148079385980964,0.0111621748656034,0.0236141197383404,0.0177360940724611,0.028843954205513,0.0129846036434174,0.00931999739259481,0.0109082208946347,0.010661892592907,0.00769802369177341,0.00417173141613603,0.00428269896656275,0.0055934158153832,0.00688875466585159,0.00673739705234766,0.00352845573797822,0.00771072320640087,0.00959843676537275,0.00897136144340038,0.00611405493691564,0.0048709656111896,0.0062855426222086
1007,4,0.0352955833077431,0.0342536680400372,0.035967294126749,0.0373409241437912,0.0301304049789906,0.0324411019682884,0.0267365220934153,0.030976090580225,0.035572025924921,0.0303925778716803,0.0320421904325485,0.0352303124964237,0.0323234796524048,0.0368317477405071,0.0399473235011101,0.0363707430660725,0.0339880995452404,0.0360861197113991,0.0408782176673412,0.0423934645950794,0.0338382981717587,0.0358383059501648,0.0399505719542503,0.0368757285177708,0.0361318178474903,0.0392379499971867,0.0375864282250404,0.036895364522934,0.0330680347979069,0.0345686674118042,0.0380216687917709,0.0398585423827171,0.0373429283499718,0.0365529991686344,0.0382722616195679,0.0398422926664352,0.0508765690028667,0.0491003021597862,0.050649706274271,0.0481980964541435,0.0497042573988438,0.0539053753018379,0.053267166018486,0.0503637120127678,0.0453920885920525,0.0518605373799801,0.0461391657590866,0.0456491522490978,0.0473922826349735,0.0504604950547218,0.046074353158474,0.0497300326824188,0.0506343841552734,0.0466851927340031,0.0437205545604229,0.0432638935744762,0.0401207096874714
1007,5,0.0549085326492786,0.0634960979223251,0.0653928592801094,0.0643830820918083,0.061388123780489,0.0615129731595516,0.0607485324144363,0.0668371468782425,0.0688030123710632,0.0643923729658127,0.069702185690403,0.0693729221820831,0.069622628390789,0.0780276507139206,0.0650808587670326,0.069498248398304,0.0695499330759048,0.0785749480128288,0.0795376375317574,0.0899339839816093,0.083950586616993,0.0884138122200966,0.0829856693744659,0.0936800241470337,0.104112327098846,0.0995307788252831,0.0936810821294785,0.0897026881575584,0.0992805287241936,0.107168547809124,0.108031682670116,0.113095134496689,0.10212204605341,0.110562890768051,0.112138628959656,0.101756907999516,0.0904973670840263,0.0848005190491676,0.0914511382579803,0.0896152630448341,0.0939311310648918,0.1011603474617,0.0897404104471207,0.101619899272919,0.108918234705925,0.10773342102766,0.0991121381521225,0.0964009240269661,0.0859888792037964,0.0830408856272697,0.0923523008823395,0.0952497199177742,0.101635560393333,0.102320797741413,0.0937342047691345,0.0911237522959709,0.0915791913866997
1007,6,0.00878132693469524,0.0092161986976862,0.00957843381911516,0.00929551851004362,0.00998097565025091,0.0105262799188495,0.0103517966344953,0.0117819188162684,0.0113108530640602,0.0106262220069766,0.01224744040519,0.0123725160956383,0.0122628035023808,0.0122922286391258,0.0119685428217053,0.0106772761791945,0.0113538252189755,0.0114049715921283,0.0109495827928185,0.0112108401954174,0.0101453643292189,0.0126058906316757,0.0129047865048051,0.0136230299249291,0.0116957994177938,0.0141476541757584,0.0126503231003881,0.0127095617353916,0.0124855330213904,0.0134602542966604,0.0147942919284105,0.0136907026171684,0.0131957847625017,0.012830002233386,0.013053729198873,0.0150180272758007,0.0151832085102797,0.0150401797145605,0.0156502313911915,0.013627233915031,0.0157424714416265,0.0148140145465732,0.0151396235451102,0.0156129244714975,0.013352632522583,0.0127757340669632,0.0135242622345686,0.013091191649437,0.0126810008659959,0.011913176625967,0.0108525529503822,0.0110709490254521,0.0100894272327423,0.0111456774175167,0.0104627460241318,0.0113488426432014,0.0101312948390841
1007,7,0.0134865678846836,0.0164329223334789,0.0160470549017191,0.0165260061621666,0.0166116133332253,0.0143724540248513,0.0137997474521399,0.0127515569329262,0.0144189326092601,0.0155211593955755,0.0142412194982171,0.0102716041728854,0.013244928792119,0.0158080831170082,0.0127342035993934,0.016213683411479,0.0177328828722239,0.023127069696784,0.0240701586008072,0.0301108136773109,0.0267014112323523,0.029594425112009,0.030729066580534,0.0260226279497147,0.0272065028548241,0.0269194357097149,0.0276266392320395,0.0316700749099255,0.0249276496469975,0.0229358170181513,0.024649977684021,0.023256266489625,0.01913733035326,0.0173198878765106,0.015974635258317,0.018222713842988,0.0226632989943028,0.0218108650296927,0.0223761480301619,0.0231443550437689,0.0251138284802437,0.025232894346118,0.0254180114716291,0.0288868099451065,0.0352997146546841,0.0424789749085903,0.0389635786414146,0.0443323813378811,0.0497698076069355,0.0463905185461044,0.0448827929794788,0.0482211373746395,0.0505508258938789,0.0442452244460583,0.0511688329279423,0.0486911162734032,0.0602913349866867
1007,8,0.00949051976203918,0.00870849192142487,0.00880120880901814,0.00653975596651435,0.00589015102013946,0.00512736337259412,0.00531235663220286,0.00488852988928556,0.00569649040699005,0.00442499527707696,0.00424239644780755,0.00413823453709483,0.00470046885311604,0.00512826256453991,0.00431444169953465,0.00382063165307045,0.00395629042759538,0.00327711156569421,0.00324792810715735,0.00294576329179108,0.00282872561365366,0.00300239189527929,0.00296351965516806,0.00227283593267202,0.00205403054133058,0.0020014678593725,0.00190117198508233,0.00213034241460264,0.00208384939469397,0.00234274403192103,0.0024344795383513,0.00353202666155994,0.00479673454537988,0.00607324345037341,0.00607690867036581,0.00744852889329195,0.00893552415072918,0.0107788993045688,0.0101271793246269,0.00975383259356022,0.010688797570765,0.0109441000968218,0.00958105828613043,0.011220371350646,0.0121273603290319,0.00955057237297297,0.0104246372357011,0.00935003999620676,0.0105935176834464,0.0105300843715668,0.00935225188732147,0.0109440702944994,0.011661390773952,0.0107649341225624,0.0118174878880382,0.0120852096006274,0.0119812013581395
1007,9,0.00820102263242006,0.00832441728562117,0.00888779666274786,0.00800819043070078,0.00812230631709099,0.00868618674576283,0.00827933941036463,0.00903139915317297,0.00842541083693504,0.00776160228997469,0.00872868672013283,0.0089816814288497,0.00899250991642475,0.00911715533584356,0.00824755150824785,0.00788898393511772,0.00835608690977097,0.00747364945709705,0.00756399659439921,0.007586435880512,0.00742132728919387,0.00982692465186119,0.00977456755936146,0.00960524566471577,0.00827381107956171,0.00933453533798456,0.00752272037789226,0.00736061949282885,0.00697678094729781,0.00630405405536294,0.00691402424126863,0.00703251734375954,0.00601560808718205,0.00633419025689363,0.00740153668448329,0.00614086911082268,0.0110657094046474,0.010623631067574,0.010964042507112,0.0110824592411518,0.0115281902253628,0.00885237939655781,0.00777801498770714,0.00829255674034357,0.00887127779424191,0.00888984836637974,0.00922999531030655,0.00855613872408867,0.00886985845863819,0.00846773851662874,0.00814304873347282,0.008273521438241,0.0080889817327261,0.00828147958964109,0.00794305838644505,0.00842885300517082,0.00861355196684599
1007,10,0.0202949661761522,0.0186544042080641,0.0186273660510778,0.0178468823432922,0.0190054606646299,0.0181450266391039,0.0172563809901476,0.017390713095665,0.0246212333440781,0.0161986537277699,0.0201537255197763,0.0216625723987818,0.0229902882128954,0.014524376951158,0.0124362278729677,0.0118110636249185,0.0107745509594679,0.0102653037756681,0.0109361503273249,0.0105555830523372,0.0112442169338465,0.00980190467089415,0.0314215607941151,0.032927893102169,0.029608054086566,0.027777623385191,0.0255282334983349,0.0278223920613527,0.0286603216081858,0.028840608894825,0.0308449473232031,0.00916657503694296,0.0158907063305378,0.0201268754899502,0.0183459147810936,0.0191799849271774,0.0172504428774118,0.0163299031555653,0.0159914009273052,0.0159127358347178,0.0152229545637965,0.0146226603537798,0.0164520889520645,0.0137012330815196,0.0117114027962089,0.0116016743704677,0.0118313543498516,0.0119619714096189,0.0119188716635108,0.0115429991856217,0.0114542758092284,0.0112695917487144,0.0110189327970147,0.0111711835488677,0.0101932156831026,0.0101875299587846,0.010638021863997
1007,11,0.00135160412173718,0.00124478887300938,0.00144430645741522,0.00148521002847701,0.00143202731851488,0.0013082780642435,0.00135782815050334,0.00135946425143629,0.000642946281004697,0.000660023360978812,0.000647137581836432,0.000556764425709844,0.000611034163739532,0.000668310676701367,0.0007919927011244,0.000815977924503386,0.000874234770890325,0.000861024425830692,0.00078519230009988,0.00077515427256003,0.00076299614738673,0.000771104474551976,0.000809949240647256,0.000795358268078417,0.000779975613113493,0.000773122126702219,0.000787761004175991,0.000798322318587452,0.000811647216323763,0.000815413135569543,0.000808524899184704,0.00070656108437106,0.000670720764901489,0.000575401878450066,0.000600424536969513,0.000587560178246349,0.000578766863327473,0.000602638116106391,0.000579277228098363,0.000527519965544343,0.000580175314098597,0.000556956743821502,0.000556741142645478,0.000547580944839865,0.000548514013644308,0.000563767156563699,0.000559639069251716,0.000551847682800144,0.000545538612641394,0.000544979702681303,0.000537487911060452,0.000462709431303665,0.00049199111526832,0.000520906876772642,0.000531896017491817,0.000454062421340495,0.000430508080171421
1007,12,0.00029902087408118,0.00029902087408118,0.00029902087408118,0.00029902087408118,0.00029902087408118,0.00029902087408118,0.00029902087408118,0.00029902087408118,0.00029902087408118,0.00029902087408118,0.00029902087408118,0.000207595992833376,0.000243841262999922,0.000308747199596837,0.000393931259168312,0.000233371581998654,0.000171059829881415,0.000283065426629037,0.000238994849496521,0.000119878030091058,0.000135297726956196,0.000166095021995716,0.00247158226557076,0.00225334265269339,0.00264642131514847,0.0026459963992238,0.0031902811024338,0.00309444824233651,0.00269381445832551,0.00230835960246623,0.00224795122630894,0.00392705015838146,0.00325887207873166,0.00422851089388132,0.00275660865008831,0.00321732182055712,0.00236327084712684,0.00264262408018112,0.00306443101726472,0.00331062031909823,0.00209213024936616,0.00132972816936672,0.00145355134736747,0.0011897103395313,0.000892025069333613,0.000498083827551454,0.000731988635379821,0.000405037077143788,0.000377565040253103,0.000384535291232169,0.00021322985412553,0.000238253938732669,0.000278153223916888,0.00014130630006548,0.000195665415958501,0.000141306620207615,0.000129697858938016
1007,13,0,0,0.0519264824688435,0.0519264824688435,0.0516879744827747,0.0514226369559765,0.0514226369559765,0.0513113178312778,0.0513113178312778,0.0513113178312778,0.0499892607331276,0.0475710779428482,0.0432097911834717,0.047257874161005,0.0159056112170219,0.0201876927167177,0.0152627974748611,0.0143694886937737,0.0147254355251789,0.0136211579665542,0.0210317559540272,0.023926755413413,0.0246739499270916,0.0207081940025091,0.0216583758592606,0.0223032422363758,0.0275810956954956,0.0104883657768369,0.00888934452086687,0.0104037541896105,0.00933409947901964,0.00964535772800446,0.00961900688707829,0.0137827284634113,0.0142583567649126,0.0126457242295146,0.00810121651738882,0.011654925532639,0.0129366843029857,0.0101809063926339,0.00860739499330521,0.00619358429685235,0.00671080453321338,0.00591193465515971,0.0073725264519453,0.00624839449301362,0.00713993702083826,0.00708567025139928,0.00666056340560317,0.0056411917321384,0.00496201682835817,0.00655903294682503,0.00783816818147898,0.00583767704665661,0.00235756579786539,0.00678975461050868,0.00736584607511759
1007,14,0.0798354670405388,0.0798354670405388,0.0798354670405388,0.0798354670405388,0.0798354670405388,0.0798354670405388,0.0798354670405388,0.0798354670405388,0.0798354670405388,0.0798354670405388,0.0798354670405388,0.092930980026722,0.0422123745083809,0.0295905433595181,0.0693874508142471,0.0720517039299011,0.0613847710192204,0.0760677754878998,0.0648457854986191,0.0744747668504715,0.0541059002280235,0.0336257107555866,0.0678498595952988,0.0543203502893448,0.0386711992323399,0.0522966459393501,0.0465366132557392,0.0280545428395271,0.0277431961148977,0.0180571842938662,0.0264800544828177,0.0217936281114817,0.0286343395709991,0.0671608969569206,0.0633640885353088,0.0217515025287867,0.0260748993605375,0.0431320033967495,0.0310063622891903,0.0498181618750095,0.02214633859694,0.0241635106503963,0.0331819914281368,0.0419638305902481,0.034340888261795,0.0142586110159755,0.0134022487327456,0.0135600557550788,0.0181625224649906,0.0198482871055603,0.00948683824390173,0.0225947163999081,0.0207348242402077,0.00725073413923383,0.00907500553876162,0.0153425186872482,0.0158860571682453
1008,2,0,0,0,0,0,9.01358907867689E-06,7.7177310231491E-06,1.82386411324842E-05,4.7263914893847E-05,4.02473124267999E-05,1.88531066669384E-05,5.09510718984529E-05,9.37560907914303E-05,0.000116233342851046,0.000101591023849323,9.35332354856655E-05,0.000146821315865964,0.0001799726014724,0.000248831667704508,0.0408976078033447,0.0419188924133778,0.0314522758126259,0.0303533878177404,0.0285139568150043,0.0365086197853088,0.0275714639574289,0.0401561483740807,0.0318346545100212,0.0344479084014893,0.0338307023048401,0.0290562100708485,0.0307018086314201,0.0263964049518108,0.0276575852185488,0.0241384897381067,0.0362678058445454,0.0318208411335945,0.0293514579534531,0.0231871381402016,0.0236666072160006,0.0137257063761353,0.0215670596808195,0.0226687621325254,0.0193822514265776,0.0177861303091049,0.0158083122223616,0.0120729459449649,0.0133288241922855,0.0116677163168788,0.0132514126598835,0.0121682425960898,0.0119548570364714,0.0113669829443097,0.014069096185267,0.0116897076368332,0.0106927799060941,0.0107231242582202
1008,3,0.0260902587324381,0.0258641093969345,0.0254665818065405,0.0261313375085592,0.0249815154820681,0.0231272969394922,0.0222432930022478,0.0234170202165842,0.0180459450930357,0.0201658923178911,0.0189490802586079,0.0136616788804531,0.0157166998833418,0.0155931981280446,0.0134567050263286,0.0147083504125476,0.0133505361154675,0.0133052039891481,0.0128485672175884,0.0129981273785233,0.0119964731857181,0.0117208240553737,0.0143925761803985,0.0132787898182869,0.0114966183900833,0.0121345957741141,0.0127059957012534,0.0133578898385167,0.0123017933219671,0.0178276132792234,0.0241465996950865,0.023097712546587,0.03025165759027,0.0274908989667892,0.0170289967209101,0.0145235424861312,0.0110983168706298,0.0169739983975887,0.0115000549703836,0.011566299945116,0.00503072747960687,0.00586201110854745,0.0056114592589438,0.0039182030595839,0.00386699847877026,0.00372831034474075,0.00346682034432888,0.00351536110974848,0.003511942923069,0.00347109604626894,0.00330987107008696,0.00308567122556269,0.00340924318879843,0.0037875568959862,0.00337066850624979,0.00296211941167712,0.00280168745666742
1008,4,0.0227317940443754,0.0240928810089827,0.0232731606811285,0.0232904925942421,0.0175897441804409,0.0192825105041265,0.0144254909828305,0.0162007045000792,0.0181873571127653,0.0167402196675539,0.0182482041418552,0.0214819107204676,0.0196835622191429,0.0198406372219324,0.0208014249801636,0.0168858356773853,0.0178309343755245,0.0193875897675753,0.01946203969419,0.020442109555006,0.0189531445503235,0.0208813976496458,0.0204088781028986,0.0197157952934504,0.018071360886097,0.0186993815004826,0.0188353452831507,0.0191612299531698,0.0183062683790922,0.0174367371946573,0.0180863458663225,0.0198921430855989,0.0201110001653433,0.0199513472616673,0.0193004999309778,0.0202488098293543,0.0313060060143471,0.0301354248076677,0.0318407230079174,0.0303838327527046,0.0328338071703911,0.0310178138315678,0.0317334569990635,0.0293303653597832,0.0304398722946644,0.0373845584690571,0.0306099094450474,0.031584806740284,0.0293721277266741,0.0351226329803467,0.0322274155914783,0.0352322906255722,0.0355768799781799,0.0324046276509762,0.0299375019967556,0.0298439580947161,0.026677867397666
1008,5,0.00283617479726672,0.00269319606013596,0.00405171932652593,0.00243623158894479,0.00154336960986257,0.00194955698680133,0.00122878339607269,0.00139506999403238,0.00401323940604925,0.00355085590854287,0.00379412923939526,0.00431332737207413,0.0060723633505404,0.00793008040636778,0.00555920694023371,0.00472589675337076,0.00500853965058923,0.00544202513992786,0.00486625032499433,0.00464553572237492,0.00413811532780528,0.00492846593260765,0.00520049873739481,0.00424094498157501,0.00562722003087401,0.00672093918547034,0.0063132680952549,0.00812558084726334,0.00635333592072129,0.00500041246414185,0.00449330639094114,0.00522422604262829,0.00440173037350178,0.00449122162535787,0.00376179814338684,0.00492820935323834,0.0063500190153718,0.00752011733129621,0.00885610282421112,0.0116511769592762,0.0151909291744232,0.0116911865770817,0.0134329870343208,0.0254047624766827,0.0343329720199108,0.0309251435101032,0.0403130352497101,0.0373209118843079,0.0231674965471029,0.0183764528483152,0.0186364091932774,0.0166196990758181,0.0173434484750032,0.0211570467799902,0.0145717393606901,0.0148571413010359,0.0142879299819469
1008,6,0.00563239119946957,0.00576180499047041,0.00697515113279223,0.00683405296877027,0.00743556581437588,0.0080191558226943,0.00777155626565218,0.00877450034022331,0.00805437192320824,0.00774761335924268,0.00922676548361778,0.00912357587367296,0.00876864697784185,0.0086263669654727,0.00789194460958242,0.00706139393150806,0.00754407746717334,0.00821770448237658,0.00773689989000559,0.0082281306385994,0.00810265727341175,0.010374397970736,0.0104923145845532,0.0110816825181246,0.00886672083288431,0.0106791127473116,0.00923008564859629,0.00938269216567278,0.00859611574560404,0.00869837123900652,0.00959725305438042,0.00945972837507725,0.0090711796656251,0.00850450154393911,0.00886533036828041,0.00898623559623957,0.00922084972262383,0.00850101001560688,0.00811481289565563,0.00776188308373094,0.00906277820467949,0.0091700991615653,0.00790465530008078,0.00791642814874649,0.0066539328545332,0.0060657705180347,0.00621700845658779,0.0053430087864399,0.00552236009389162,0.00496312277391553,0.00489667523652315,0.005422234069556,0.00500930473208427,0.00565886590629816,0.004748425912112,0.00507272128015757,0.00399845978245139
1008,7,0.000820979243144393,0.000818992615677416,0.000823238573502749,0.000714521738700569,0.00070070632500574,0.000634888070635498,0.0006405632593669,0.000614697812125087,0.000630558817647398,0.000644051819108427,0.000561068998649716,0.000337411504006013,0.000640437414404005,0.00058160035405308,0.000279361382126808,0.000444521458121017,0.000240742316236719,0.000506926095113158,0.000397733645513654,0.000668802589643747,0.000983398291282356,0.000813746475614607,0.000704402278643101,0.0010473522124812,0.0017191938823089,0.00217614322900772,0.00211212551221251,0.00249104155227542,0.00197372445836663,0.00211377302184701,0.00227960012853146,0.00283885281533003,0.00287459488026798,0.0035434584133327,0.00268971431069076,0.00293145724572241,0.00340395839884877,0.00555107230320573,0.00821069814264774,0.00905731692910194,0.0116767585277557,0.0114935059100389,0.0122098298743367,0.0179224126040936,0.0237628892064095,0.0301414337009192,0.0294903386384249,0.0336919501423836,0.038707111030817,0.0352649390697479,0.0352125242352486,0.0375067852437496,0.0394614562392235,0.0339726731181145,0.0410884879529476,0.039912723004818,0.0501098297536373
1008,8,0.0100649781525135,0.00921718496829271,0.00819724146276712,0.00623475527390838,0.00551368063315749,0.00457839900627732,0.00448388652876019,0.00417638616636395,0.00492553599178791,0.00396697176620364,0.00368653191253543,0.00337639614008367,0.0039045438170433,0.00432245992124081,0.00346313673071563,0.00308534316718578,0.00305170705541968,0.00263828714378178,0.00242949766106904,0.0022880332544446,0.00212417496368289,0.00234979158267379,0.00243256357498467,0.00185700447764248,0.00171558267902583,0.00164339283946902,0.00160527054686099,0.00176327012013644,0.00176930415909737,0.00194708502385765,0.00175566948018968,0.00229256134480238,0.00299499393440783,0.00327245937660336,0.00289813103154302,0.00281270919367671,0.00287329871207476,0.00302130728960037,0.00289493566378951,0.00288066454231739,0.00379603239707649,0.00397323491051793,0.00341660506092012,0.00289306230843067,0.00361176813021302,0.00224166316911578,0.00344683951698244,0.00284645427018404,0.00253814435563982,0.00275022792629898,0.00124125753063709,0.00164107314776629,0.00163192208856344,0.00182217266410589,0.00222572521306574,0.0020947540178895,0.00227590138092637
1008,9,0.0073754214681685,0.00734829576686025,0.00805039051920176,0.00717785209417343,0.00731942849233747,0.00788342859596014,0.00745792873203754,0.00813632924109697,0.00751394825056195,0.0070296092890203,0.00787030439823866,0.0081111965700984,0.00805163010954857,0.00815133191645145,0.00727512454614043,0.00697177648544312,0.0071379104629159,0.00639630993828177,0.00645242212340236,0.00636381329968572,0.00642303936183453,0.00864715967327356,0.00857578497380018,0.00846436712890863,0.00696585699915886,0.00809057615697384,0.00635866215452552,0.00623763026669621,0.00562797067686915,0.00504958257079124,0.00568290753290057,0.00586834270507097,0.00519814528524876,0.00541824195533991,0.00604602787643671,0.00471799401566386,0.0094939973205328,0.00903441850095987,0.00927164405584335,0.00941617973148823,0.0100299008190632,0.00733360182493925,0.0063295322470367,0.00667924014851451,0.00721747847273946,0.00709539139643312,0.00762074161320925,0.00701927160844207,0.00716388458386064,0.00676854467019439,0.00660864263772964,0.00654545705765486,0.00637218402698636,0.00655294582247734,0.0062676602974534,0.00667574116960168,0.00684137362986803
1008,10,0.0132873645052314,0.0122007774189115,0.012341040186584,0.011862033046782,0.0120832128450274,0.011908819898963,0.0112741505727172,0.0114202415570617,0.0162432976067066,0.0104860719293356,0.0102235609665513,0.0104911047965288,0.0106622660532594,0.0109311994165182,0.00988321751356125,0.00957326218485832,0.00893526338040829,0.00871462747454643,0.00963033363223076,0.00945310574024916,0.0103590283542871,0.00924321822822094,0.00949377659708261,0.00936974864453077,0.00796057563275099,0.00707950070500374,0.00618307944387197,0.00641987286508083,0.00634250696748495,0.00628820853307843,0.00565247097983956,0.00505247432738543,0.00507947290316224,0.00453036185353994,0.00412933714687824,0.0043169166892767,0.00388248753733933,0.00367528712376952,0.00359908421523869,0.00358145707286894,0.00342612783424556,0.00329102389514446,0.0037027639336884,0.00308449589647353,0.00263757375068963,0.00261183525435627,0.00266337883658707,0.00269261724315584,0.002682751044631,0.00259798904880881,0.00257811043411493,0.00253647309727967,0.00248018302954733,0.00251520774327219,0.002295017009601,0.00229373690672219,0.00239516561850905
1008,11,0.000628794659860432,0.000567829585634172,0.000413257832406089,0.000471680163173005,0.00042016405495815,0.000281551794614643,0.000253576668910682,0.000241382076637819,9.9702607258223E-05,0.0001144108173321,8.09544580988586E-05,7.23880075383931E-05,7.24580240785144E-05,9.59323806455359E-05,0.000116857212560717,0.000138532355776988,0.000154849331011064,0.000114390590169933,0.000123289530165493,0.000147532322444022,0.000111769579234533,0.000125505743199028,0.000117284653242677,0.000116928502393421,0.000150389052578248,0.000153338318341412,0.000182164774741977,0.00018922881281469,0.000192798543139361,0.000266415241640061,0.00022756279213354,0.000328135443851352,0.000274120975518599,0.000190774837392382,0.000192933788639493,0.000131174689158797,0.000180206043296494,0.000199181216885336,0.000210234065889381,0.000191488099517301,0.000268610659986734,0.000252503377851099,0.000258119835052639,0.000451494037406519,0.000516709813382477,0.000862060871440917,0.000255769613431767,0.000230409423238598,0.000194918786291964,0.000231702753808349,0.000344407890224829,0.000192240360775031,0.000192437131772749,0.000226320349611342,0.000291515170829371,0.00025764646125026,0.000325283617712557
1008,12,0,0,0,0,0,0,0,0,0,0,0,0,0,0,0,0,0,0,0,0,0,0,0,0,0,0,0,0,0,0,0,0,0,7.92800904036994E-07,1.99763758246263E-06,2.09937547879235E-06,1.9907740806957E-06,1.96625342141488E-06,1.88577655535482E-06,1.94588051272149E-06,1.62397361691546E-06,1.53073835917894E-06,1.47177456710779E-06,1.42519922974316E-06,1.25889755508979E-06,1.18889670375211E-06,1.22758535781031E-06,1.09595009689656E-06,9.70347514339664E-07,9.00206373444234E-07,9.52086395500373E-07,9.44250359680154E-07,9.02147689885169E-07,8.73468081863393E-07,8.15098701423267E-07,7.028574486867E-07,6.30172166893317E-07
1008,13,0,0,0,0,0,0,0,0,0,0,0,0,0,0,0,0,6.08242658017844E-07,1.03101876902656E-06,1.24896598663327E-06,0.00188561342656612,0.00348521652631462,0.00330695998854935,0.00384473777376115,0.00269276718609035,0.00279539823532104,0.00157270242925733,0.0013738990528509,0.000225004216190428,0.000125019272672944,2.9377424652921E-05,1.45254061862943E-05,3.0950759537518E-06,3.84122995455982E-06,5.25061386724701E-06,2.02180854103062E-05,3.25476794387214E-05,4.48434184363578E-05,5.48108255316038E-05,5.85550296818838E-05,3.99138007196598E-05,4.30974941991735E-05,8.23690133984201E-05,7.07464205333963E-05,7.29871462681331E-05,8.3179424109403E-05,3.26687004417181E-05,2.50400134973461E-05,4.45617188233882E-05,4.14896057918668E-05,0.00010044207010651,0.000110026463516988,7.1195827331394E-05,9.5110030088108E-05,8.82250824361108E-05,0.000123367819469422,9.03857944649644E-05,9.00687082321383E-05
1008,14,0,0,0,0,0,0,0,0,0,0,0,0,0,0,0,0,0,0,0,0,8.84835608303547E-05,9.57270021899603E-05,8.49581338115968E-05,8.41838991618715E-05,8.45512477098964E-05,6.71597736072727E-05,7.45143843232654E-05,8.70640724315308E-05,7.78550456743687E-05,6.58262433717027E-05,5.98756487306673E-05,5.12604638061021E-05,7.13944900780916E-05,3.70385350834113E-05,6.77053540130146E-05,8.5939718701411E-05,6.58799035591073E-05,6.16037941654213E-05,5.39895117981359E-05,4.39741670561489E-05,3.94235248677433E-05,3.46661836374551E-05,2.9923456168035E-05,3.03421384160174E-05,2.86022150248755E-05,3.20004655804951E-05,2.0674222469097E-05,1.83641586772865E-05,1.5908628483885E-05,1.63005315698683E-05,1.56983678607503E-05,1.49169218275347E-05,1.36370281325071E-05,1.36022517835954E-05,1.28139363368973E-05,1.14425183710409E-05,1.15378816190059E-05
1009,2,0,0,0,0,0,0,0,0,0,0,0,0,0,0,0,0,0,0,0,0.0135692451149225,0.0139299379661679,0.0104286279529333,0.010093230754137,0.00945685338228941,0.0121350204572082,0.00914248079061508,0.0133418869227171,0.0105579765513539,0.0114513654261827,0.0112487589940429,0.00965409632772207,0.0102279055863619,0.00879802834242582,0.00921890046447515,0.00804606080055237,0.012089098803699,0.0106067107990384,0.00978356227278709,0.00772892590612173,0.00788859929889441,0.00457041710615158,0.00718419346958399,0.0075495089404285,0.00645944057032466,0.00592551613226533,0.00526209967210889,0.00401400215923786,0.004431810695678,0.0038804819341749,0.00441076187416911,0.00405208952724934,0.00398186361417174,0.00378214125521481,0.00468381214886904,0.00389589346013963,0.00356374680995941,0.0035734202247113
1009,3,0.00847432855516672,0.00839926581829786,0.00832867436110973,0.00854381173849106,0.0081747192889452,0.00759290624409914,0.00730814319103956,0.00772346183657646,0.00596000673249364,0.00665903557091951,0.00625338638201356,0.00448953919112682,0.00518351374194026,0.00508968299254775,0.00439785560593009,0.0048055537045002,0.00436778133735061,0.00435455422848463,0.00422605266794562,0.00426830677315593,0.00393879739567637,0.00385058391839266,0.00468685990199447,0.00435537379235029,0.00375045067630708,0.00397368101403117,0.00414284644648433,0.0043625719845295,0.00400009145960212,0.00579137820750475,0.00788797531276941,0.00743103353306651,0.00983904674649239,0.00897293537855148,0.00557413091883063,0.00469954870641232,0.00357649265788496,0.00548695493489504,0.00367259047925472,0.0036864394787699,0.00159385486040264,0.00187029701191932,0.00178696098737419,0.00126827775966376,0.00125566183123738,0.00121649005450308,0.0011498627718538,0.00109470414463431,0.00106070342008024,0.00104982405900955,0.00103294057771564,0.000971424684394151,0.00107607804238796,0.00118444918189198,0.00105013325810432,0.000884800625499338,0.00086232420289889
1009,4,0.00757726468145847,0.00803096033632755,0.00775771960616112,0.00776349706575274,0.00586324790492654,0.00642750319093466,0.00480849668383598,0.00540023483335972,0.00606245175004005,0.00558007322251797,0.0060827350243926,0.00716063706204295,0.0065611875616014,0.00661354558542371,0.0069338078610599,0.00562861189246178,0.00594364479184151,0.00646252976730466,0.00648734671995044,0.00681403651833534,0.0063177146948874,0.00696046557277441,0.00680225715041161,0.0065690940245986,0.006021480076015,0.00622885348275304,0.00627419119700789,0.00638333056122065,0.00609853584319353,0.00580884888768196,0.00602506194263697,0.00662687979638577,0.00670012086629868,0.0066471048630774,0.00643034465610981,0.00674660783261061,0.0104325572028756,0.0100424522534013,0.0106110097840428,0.0101255429908633,0.0109422160312533,0.0103369671851397,0.0105756055563688,0.0097745917737484,0.0101419007405639,0.0124601749703288,0.0101241711527109,0.0105009945109487,0.00977680087089539,0.0116825634613633,0.0107210362330079,0.011714743450284,0.0118496436625719,0.0107962423935533,0.00996914599090815,0.00993475783616304,0.00887658167630434
1009,5,0.000945391599088907,0.000897731981240213,0.00135057314764708,0.000812077196314931,0.000514456478413194,0.000649852270726115,0.000409594445955008,0.000465023302240297,0.00133774650748819,0.00118361855857074,0.00126470963004977,0.00143777579069138,0.0020241211168468,0.00264336029067636,0.0018530689412728,0.00157529884018004,0.00166951317805797,0.00181400834117085,0.00162208336405456,0.00154851179104298,0.00137937173712999,0.0016428220551461,0.0017334995791316,0.00141364824958146,0.00187574001029134,0.00224031298421323,0.00210442254319787,0.00270852679386735,0.00211777864024043,0.00166680407710373,0.00149776868056506,0.0017414087196812,0.00146724341902882,0.0014970739139244,0.00125393271446228,0.00164273637346923,0.002115482930094,0.00250002695247531,0.00290757301263511,0.00387622974812984,0.0050539206713438,0.0038824665825814,0.00446039345115423,0.00713654095306993,0.0097354706376791,0.00945150293409824,0.0103970477357507,0.01132189668715,0.00691816071048379,0.0056083807721734,0.00592451728880405,0.00536717800423503,0.00572260469198227,0.00702592870220542,0.00466948887333274,0.00460796058177948,0.00431809946894646
1009,6,0.00187746365554631,0.00192060158587992,0.00216008792631328,0.00211379257962108,0.0023105361033231,0.00249959900975227,0.00241281860508025,0.00272754626348615,0.00247725378721952,0.00238054688088596,0.00285787507891655,0.00282349507324398,0.00270864018239081,0.00267786765471101,0.00243047089315951,0.00217439513653517,0.00233609834685922,0.00254854350350797,0.00238167261704803,0.00254601566120982,0.00249483110383153,0.00325834006071091,0.00330103142186999,0.00349729787558317,0.00276982109062374,0.00337065733037889,0.00290230778045952,0.00296637532301247,0.00271258922293782,0.00275847571901977,0.00302886962890625,0.00298580806702375,0.0028726733289659,0.00264522549696267,0.00277087255381048,0.00282656494528055,0.00292993593029678,0.00269754673354328,0.00255906349048018,0.00244220742024481,0.00291576120071113,0.00295455078594387,0.00255196983925998,0.00256960722617805,0.0021737408824265,0.00192892213817686,0.00199459050782025,0.00171245145611465,0.00174066156614572,0.00158186396583915,0.00157810584641993,0.00174222199711949,0.00155878497753292,0.00176697387360036,0.00145816011354327,0.00158601114526391,0.0012504062615335
1009,7,0.000273659738013521,0.000272997538559139,0.00027441285783425,0.000238173903198913,0.000233568775001913,0.000211629347177222,0.000213521081604995,0.000204899261007085,0.000210186262847856,0.000214683939702809,0.000187023004400544,0.000112470501335338,0.000213479128433391,0.000193866770132445,9.31204631342553E-05,0.000148173814523034,8.02474387455732E-05,0.000168975369888358,0.000132577872136608,0.000222934191697277,0.000327799411024898,0.000271248834906146,0.000234800754697062,0.000349117413861677,0.000573064608033746,0.000725381076335907,0.000704041798599064,0.000830347184091806,0.000657908152788877,0.000704590987879783,0.000759866728913039,0.000946284213569015,0.000958198274020106,0.00118115276563913,0.000896571378689259,0.000977152376435697,0.00113465276081115,0.0018503573955968,0.00273689907044172,0.00301910564303398,0.00389225268736482,0.00383116863667965,0.00406994298100472,0.00597413768991828,0.00792096275836229,0.0100471442565322,0.0098301125690341,0.0112306494265795,0.012902369722724,0.0117549793794751,0.0115634705871344,0.0121390223503113,0.0130045227706432,0.0112171294167638,0.0135943340137601,0.0132068255916238,0.016604820266366
1009,8,0.0027454060036689,0.00249823788180947,0.00250866031274199,0.00184228317812085,0.00166002090554684,0.0014181628357619,0.00139681249856949,0.00132765749003738,0.00158964807633311,0.00126514188013971,0.00118120480328798,0.00107248383574188,0.00125779083464295,0.00135612150188535,0.00107595277950168,0.000935909687541425,0.000928287277929485,0.000835351238492876,0.000769140431657434,0.000697266426868737,0.000668882392346859,0.000741009716875851,0.000766341225244105,0.00058349285973236,0.000505070318467915,0.000479393871501088,0.000427991588367149,0.000488605292048305,0.00046684656990692,0.000500669702887535,0.000489672587718815,0.000638329540379345,0.000840542314108461,0.000957083189859986,0.000839030952192843,0.000897153106052428,0.000876196485478431,0.000928188383113593,0.000904334185179323,0.000903992971871048,0.00114872795529664,0.00119008345063776,0.000916976190637797,0.000871868396643549,0.00111203745473176,0.000661963946186006,0.00106489122845232,0.000875411264132708,0.000717480899766088,0.00073107733624056,0.000284574023680761,0.000491629762109369,0.000498038658406585,0.000561708235181868,0.00068771286169067,0.000591941352467984,0.000658712524455041
1009,9,0.00245847390033305,0.00244943168945611,0.00268346350640059,0.00239261728711426,0.00243980926461518,0.00262780953198671,0.00248597608879209,0.0027121095918119,0.00250464933924377,0.00234320294111967,0.00262343464419246,0.00270373187959194,0.00268387654796243,0.00271711056120694,0.00242504151538014,0.00232392549514771,0.0023793033324182,0.00213210331276059,0.00215080729685724,0.00212127109989524,0.00214101304300129,0.00288238655775785,0.00285859499126673,0.00282145547680557,0.00232195225544274,0.00269685871899128,0.00211955397389829,0.00207921001128852,0.00187599018681794,0.00168319407384843,0.00189430254977196,0.00195611407980323,0.00173271493986249,0.00180608057416975,0.00201534247025847,0.00157266459427774,0.00316466577351093,0.00301147275604308,0.00309054786339402,0.00313872657716274,0.00334330019541085,0.0024445338640362,0.00210984400473535,0.00222641322761774,0.00240582600235939,0.00236513046547771,0.0025402472820133,0.00233975704759359,0.00238796137273312,0.00225618155673146,0.002202880801633,0.00218181894160807,0.00212406134232879,0.00218431535176933,0.00208922009915113,0.00222524697892368,0.00228045787662268
1009,10,0.00442912150174379,0.00406692549586296,0.00411367975175381,0.00395401101559401,0.00402773730456829,0.00396960647776723,0.0037580500356853,0.0038067470304668,0.00541443238034844,0.00349535723216832,0.00340785039588809,0.00349700963124633,0.00355309108272195,0.0036422242410481,0.00329420482739806,0.00319094676524401,0.00297834258526564,0.00290474505163729,0.00320992665365338,0.00315078860148788,0.00345269497483969,0.00308074033819139,0.00316419755108655,0.003122498979792,0.00265295896679163,0.00235895114019513,0.00206031743437052,0.00213928520679474,0.00211356789804995,0.00209553632885218,0.00188373401761055,0.00168383039999753,0.00169287889730185,0.00150992628186941,0.00137631793040782,0.00143889023456722,0.00129413523245603,0.00122507603373379,0.00119968131184578,0.00119377986993641,0.00114203221164644,0.00109699787572026,0.00123424234334379,0.00102787208743393,0.000878594175446779,0.000870362273417413,0.000887592963408679,0.000897391932085156,0.000894158554729074,0.000865960435476154,0.000859304389450699,0.000845449394546449,0.000826644769404083,0.00083806668408215,0.000764699128922075,0.000764272583182901,0.000798068707808852
1009,12,0,0,0,0,0,0,0,0,0,0,0,0,0,0,0,0,0,0,0,0,0,0,0,0,0,0,0,0,0,0,0,0,0,2.64266958538428E-07,6.65879213102016E-07,6.99791826264118E-07,6.63591322336288E-07,6.55417750294873E-07,6.28592204066081E-07,6.48626837573829E-07,5.41324538971821E-07,5.10246081830701E-07,4.90591503421456E-07,4.75066428862192E-07,4.19632527837166E-07,3.96298901250702E-07,4.09195109796201E-07,3.65316708439423E-07,3.23449143024845E-07,3.00068791148078E-07,3.17362122359555E-07,3.14750110419482E-07,3.0071589662839E-07,2.91156027287798E-07,2.71699576614992E-07,2.34285820965852E-07,2.10057379490536E-07
1009,13,0,0,0,0,0,0,0,0,0,0,0,0,0,0,0,0,2.02747557409566E-07,3.43672923008853E-07,4.16321967122713E-07,0.000628537789452821,0.00116173888090998,0.00110232003498822,0.00128157925792038,0.000897589023225009,0.000931799411773682,0.000524234143085778,0.000457966350950301,7.50014078221284E-05,4.16730872530025E-05,9.79247488430701E-06,4.84180191051564E-06,1.03169202247955E-06,1.28040994695766E-06,1.75020466031128E-06,6.73936165185296E-06,1.0849225873244E-05,1.49478055391228E-05,1.82702751772013E-05,1.9518342014635E-05,1.33045996335568E-05,1.43658307933947E-05,2.74563371931436E-05,2.35821407841286E-05,2.43290487560444E-05,2.77264753094641E-05,1.08895665107411E-05,8.34667116578203E-06,1.48539065776276E-05,1.3829868294124E-05,3.34806900355034E-05,3.66754866263364E-05,2.37319418374682E-05,3.17033409373835E-05,2.94083602057071E-05,4.11226064898074E-05,3.01285981549881E-05,3.00229021377163E-05
1009,14,0,0,0,0,0,0,0,0,0,0,0,0,0,0,0,0,0,0,0,0,2.94945202767849E-05,3.19089995173272E-05,2.83193767245393E-05,2.80613003269536E-05,2.81837474176427E-05,2.23865899897646E-05,2.48381275014253E-05,2.90213574771769E-05,2.59516818914562E-05,2.19420817302307E-05,1.99585483642295E-05,1.70868206623709E-05,2.37981621467043E-05,1.2346178664302E-05,2.25684507313417E-05,2.86465710814809E-05,2.19599660340464E-05,2.05345968424808E-05,1.79965027200524E-05,1.46580550790532E-05,1.31411743495846E-05,1.15553948489833E-05,9.97448569250992E-06,1.01140458355076E-05,9.53407197812339E-06,1.06668212538352E-05,6.89140733811655E-06,6.12138637734461E-06,5.30287616129499E-06,5.43351052328944E-06,5.23278913533431E-06,4.97230712426244E-06,4.54567589258659E-06,4.53408392786514E-06,4.2713118091342E-06,3.81417294192943E-06,3.84596023650374E-06
1010,2,0.00434639444574714,0.00453984783962369,0.00404713256284595,0.00409439811483026,0.00349073437973857,0.00325343385338783,0.00318800145760179,0.00300956447608769,0.00298466254025698,0.00188799062743783,0.00202067219652236,0.00187592557631433,0.00161510962061584,0.00133205868769437,0.0010216023074463,0.000720418349374086,0.000487637851620093,0.00230612582527101,0.00388205097988248,0.00463796220719814,0.00472062407061458,0.00490358145907521,0.00490477494895458,0.00388254434801638,0.00310940947383642,0.00233828253112733,0.00164508388843387,0.000834087724797428,0.00100860581733286,0.00240230839699507,0.000415685412008315,0.00195094884838909,0.00307721691206098,0.00400093011558056,0.00493862153962255,0.00548382196575403,0.00598935270681977,0.0065937852486968,0.00617068773135543,0.00699327932670712,0.00706210313364863,0.00718199042603374,0.0066226227208972,0.007055030670017,0.00788854341953993,0.00782288983464241,0.00716089969500899,0.0074430126696825,0.00731035647913814,0.00859713554382324,0.00832094624638557,0.0084343608468771,0.00825724471360445,0.00137364526744932,0.00551616121083498,0.0088282460346818,0.00915483199059963
1010,3,0.0007777254213579,0.000659448618534952,0.000690466724336147,0.000697662297170609,0.000655603769700974,0.000645841239020228,0.000562859117053449,0.000609658716712147,0.000347350462106988,0.000600130122620612,0.000486501434352249,0.000451008236268535,0.000480090267956257,0.00052428018534556,0.000655124487821013,7.12042819941416E-05,0.00066567852627486,8.01273708930239E-05,8.87327114469372E-05,0.000965547864325345,9.68043459579349E-05,0.000819341628812253,0.00116557045839727,0.00113520049490035,0.00102239893749356,0.000107285231933929,0.000401642173528671,0.000719329109415412,0.000951677677221596,0.00097567675402388,0.000871748896315694,0.000900540850125253,0.000983342877589166,0.000928485009353608,0.000628518464509398,0.000141858225106262,8.65393521962687E-05,0.00143065094016492,0.00134366471320391,0.00355692696757615,0.00164060783572495,0.000741821306291968,0.00110946758650243,0.00137141195591539,0.000786207616329193,0.000104452228697482,0.000166622092365287,0.000461860647192225,0.000741328811272979,0.000717584975063801,8.59268257045187E-05,0.000959289842285216,0.00127404055092484,0.00108360277954489,0.000592730997595936,0.000443312805145979,0.000739714014343917
1010,4,0.0025127581320703,0.00203215749934316,0.00253882701508701,0.00281008635647595,0.00250813225284219,0.00263171806000173,0.00246220617555082,0.00295507721602917,0.00347693357616663,0.00273047154769301,0.00275879725813866,0.00274968077428639,0.00252798316068947,0.00339822191745043,0.00382917979732156,0.00389698147773743,0.00323143322020769,0.00333970622159541,0.00428323540836573,0.00439027091488242,0.00297703081741929,0.0029913813341409,0.00390875991433859,0.00343368900939822,0.00361347547732294,0.00411027809605002,0.00375277129933238,0.00354907475411892,0.00295448512770236,0.00342842401005328,0.00398929649963975,0.00399558059871197,0.00344851333647966,0.00332233658991754,0.00379624590277672,0.00392049411311746,0.00391577975824475,0.00379458907991648,0.00376333552412689,0.00356429372914135,0.00337552232667804,0.00457889493554831,0.00430806959047914,0.00420798780396581,0.00299327727407217,0.00289600249379873,0.00315333041362464,0.00282923365011811,0.00361237535253167,0.00308256060816348,0.00278224842622876,0.00291716028004885,0.00301709002815187,0.0028592930175364,0.00276262289844453,0.00269192457199097,0.00269819353707135
1010,5,0.0104144718497992,0.0121605806052685,0.012268228456378,0.0123893711715937,0.0119689516723156,0.0119126830250025,0.0119039500132203,0.013088415376842,0.0129579538479447,0.0121683031320572,0.0131816118955612,0.0130119193345308,0.012710053473711,0.0140195144340396,0.0119043309241533,0.0129544697701931,0.0129082789644599,0.0146265849471092,0.0149342780932784,0.0170576889067888,0.0159624945372343,0.0166970696300268,0.0155570348724723,0.0178878158330917,0.0196970216929913,0.0185619685798883,0.0174735635519028,0.01631542108953,0.0185854397714138,0.0204336289316416,0.0207076743245125,0.0215741824358702,0.0195440631359816,0.0212143342941999,0.0216753669083118,0.0193657409399748,0.0168301854282618,0.0154600879177451,0.0165456831455231,0.0155973145738244,0.0157538745552301,0.0179025903344154,0.0152718462049961,0.0160420555621386,0.0159423649311066,0.015875780954957,0.0135841993615031,0.0124870473518968,0.0130468802526593,0.0132431490346789,0.014915750361979,0.0158296376466751,0.0168935488909483,0.0162486024200916,0.0159451477229595,0.015459974296391,0.015724977478385
1010,6,0.000629787216894329,0.000690878834575415,0.000619634054601192,0.000590828130953014,0.000609873502980918,0.000605496519710869,0.000622668187133968,0.00071985594695434,0.000775818305555731,0.000696916307788342,0.000734763103537261,0.000780406058765948,0.000827376556117088,0.000851724995300174,0.000935425923671573,0.000830818025860935,0.000869105977471918,0.000751868123188615,0.000760912953410298,0.000714558525942266,0.000532174075488001,0.000566173926927149,0.0006003383314237,0.000626227061729878,0.000677267089486122,0.000807136355433613,0.000788679986726493,0.000762087060138583,0.000869552954100072,0.00103696552105248,0.00114153663162142,0.000946655753068626,0.00091555283870548,0.000978865078650415,0.000948222179431468,0.00130766641814262,0.00127868028357625,0.00138950790278614,0.00159460818395019,0.00126012228429317,0.00139903754461557,0.00119007239118218,0.0014967427123338,0.00158082065172493,0.00136628199834377,0.00139779364690185,0.00150809821207076,0.00159076729323715,0.00149180321022868,0.00143351685255766,0.00122364703565836,0.0011688566301018,0.0010826145298779,0.00116895115934312,0.00121765327639878,0.00131816184148192,0.00127601518761367
1010,7,0.00253311777487397,0.00312278582714498,0.00304476311430335,0.0031622969545424,0.00318218115717173,0.00274751312099397,0.00263183680362999,0.00242737191729248,0.0027576747816056,0.00297542149201036,0.00273603014647961,0.00198683864437044,0.00252089812420309,0.00304529652930796,0.00249096844345331,0.00315383239649236,0.00349842803552747,0.00452402886003256,0.00473448494449258,0.00588840246200562,0.0051436023786664,0.00575613556429744,0.00600493280217052,0.00499505549669266,0.00509746186435223,0.00494865840300918,0.00510290265083313,0.00583580648526549,0.00459078513085842,0.00416440889239311,0.00447407551109791,0.00408348301425576,0.0032525472342968,0.00275528593920171,0.00265698414295912,0.00305825145915151,0.00385186797939241,0.00325195863842964,0.0028330902568996,0.002817407483235,0.0026874141767621,0.00274787773378193,0.0026416361797601,0.0021928793285042,0.00230736494995654,0.00246750796213746,0.00189464807044715,0.00212808605283499,0.00221253931522369,0.0022251158952713,0.00203847605735064,0.00236081378534436,0.00230745086446404,0.00211876723915339,0.00207716599106789,0.00181412778329104,0.00209537427872419
1010,8,0.000250860350206494,0.000242755559156649,0.000255045568337664,0.000202581286430359,0.000182017654879019,0.000174574946868233,0.000224383838940412,0.000181111507117748,0.000185509241418913,0.000125913909869269,0.000139756433782168,0.000184156582690775,0.000185419281478971,0.000211979524465278,0.000217316643102095,0.000202580500626937,0.000234285660553724,0.000154211578774266,0.000188101344974712,0.000170792787685059,0.000164415672770701,0.000155872505274601,0.000132899163872935,0.000104471473605372,0.000107763939013239,0.000112657216959633,0.000123439443996176,0.000132905290229246,0.000136661939905025,0.000168146943906322,0.000193092360859737,0.000323407613905147,0.000455021508969367,0.000640398706309497,0.000711963162757456,0.000951413880102336,0.00126138690393418,0.00159886677283794,0.00148283538874239,0.00140837067738175,0.00144852278754115,0.00147476990241557,0.00136602600105107,0.00172095326706767,0.00175824970938265,0.00151293608359993,0.00144599261693656,0.00134476122912019,0.0016882149502635,0.00166737055405974,0.00169970607385039,0.00189383618999273,0.00203345506452024,0.00181596190668643,0.00195086991880089,0.00206187716685236,0.00200101267546415
1010,9,0.000165120189194568,0.000195224361959845,0.00016748120833654,0.000166067678947002,0.000160575626068749,0.000160551629960537,0.000164282217156142,0.000179013892193325,0.000182292569661513,0.00014639858272858,0.000171676423633471,0.000174097032868303,0.000188176010851748,0.000193164669326507,0.000194485415704548,0.000183441530680284,0.000243635222432204,0.000215467895031907,0.000222314905840904,0.000244524562731385,0.000199657617486082,0.000235953004448675,0.000239756613154896,0.000228175791562535,0.000261590874288231,0.000248791824560612,0.000232811653404497,0.00022459781030193,0.000269762036623433,0.000250894314376637,0.000246223353315145,0.000232834965572692,0.000163492542924359,0.000183189695235342,0.000271101773250848,0.000284574984107167,0.000314342498313636,0.000317842524964362,0.000338479643687606,0.000333255913574249,0.000299657986033708,0.000303755543427542,0.000289696559775621,0.000322663254337385,0.000330759910866618,0.000358891411451623,0.000321850791806355,0.000307373411487788,0.000341194798238575,0.000339838821673766,0.000306881149299443,0.000345612876117229,0.000343359599355608,0.000345706852385774,0.000335079617798328,0.000350622314726934,0.000354435585904866
1010,10,0.00140152021776885,0.00129072519484907,0.00125726533588022,0.00119696988258511,0.00138444965705276,0.00124724127817899,0.00119644613005221,0.00119409419130534,0.00167558726388961,0.00114251649938524,0.0019860346801579,0.00223430874757469,0.00246620271354914,0.000719540752470493,0.000510722689796239,0.000447644706582651,0.000367904460290447,0.000310213683405891,0.000261273991782218,0.00022064360382501,0.000177226407686248,0.000111936686153058,0.00438579358160496,0.00471207918599248,0.00432983553037047,0.00414015399292111,0.00386945623904467,0.00428090756759048,0.00446392362937331,0.00451080035418272,0.00503874896094203,0.000823016802314669,0.00216241390444338,0.00311941909603775,0.0028433920815587,0.00297266291454434,0.00267360755242407,0.00253093522042036,0.00247847125865519,0.0024662793148309,0.00235937163233757,0.00226633320562541,0.0025498722679913,0.0021235232707113,0.00181512406561524,0.00179811741691083,0.00183371501043439,0.00185395916923881,0.00184727914165705,0.00178902351763099,0.0017752725398168,0.00174664880614728,0.00170779973268509,0.00173139665275812,0.00157982355449349,0.00157894240692258,0.00164876307826489
1010,11,0.000270320830168203,0.000248957774601877,0.000288861279841512,0.000297042017336935,0.000286405469523743,0.000261655630310997,0.000271565630100667,0.000271892844466493,0.000128589264932089,0.000132004672195762,0.000129427528008819,0.000111352892417926,0.000122206824016757,0.000133662135340273,0.000158398543135263,0.000163195581990294,0.000174846951267682,0.000172204890986905,0.000157038462930359,0.000155030851601623,0.000152599241118878,0.000154220906551927,0.000161989853950217,0.000159071656526066,0.000155995134264231,0.00015462443116121,0.000157552203745581,0.00015966447244864,0.000162329437443987,0.000163082630024292,0.000161704985657707,0.000141312222694978,0.000134144152980298,0.00011508037277963,0.000120084907393903,0.000117512041470036,0.000115753377031069,0.000120527620310895,0.000115855444164481,0.000105503997474443,0.000116035065730102,0.000111391353129875,0.000111348228529096,0.000109516193333548,0.000109702807094436,0.000112753426947165,0.000111927816760726,0.000110369539470412,0.000109107721073087,0.000108995940536261,0.000107497580756899,9.2541886260733E-05,9.83982245088555E-05,0.000104181381175295,0.000106379207863938,9.08124857232906E-05,8.61016160342842E-05
1010,12,5.98041769990232E-05,5.98041769990232E-05,5.98041769990232E-05,5.98041769990232E-05,5.98041769990232E-05,5.98041769990232E-05,5.98041769990232E-05,5.98041769990232E-05,5.98041769990232E-05,5.98041769990232E-05,5.98041769990232E-05,4.15191971114837E-05,4.87682518723886E-05,6.17494370089844E-05,7.87862518336624E-05,4.66743149445392E-05,3.42119674314745E-05,5.66130875085946E-05,4.77989706269E-05,2.39756063820096E-05,2.70595464826329E-05,3.32190065819304E-05,0.000494316453114152,0.000450668536359444,0.00052928423974663,0.000529199314769357,0.000638056197203696,0.00061888963682577,0.000538762891665101,0.000461671937955543,0.000449590239441022,0.000785409996751696,0.000651774404104799,0.000845543632749468,0.000550922239199281,0.000643044477328658,0.000472256011562422,0.000528131553437561,0.000612509029451758,0.000661734899040312,0.000418101291870698,0.000265639508143067,0.00029041591915302,0.000237657033721916,0.000178153233719058,9.93789872154593E-05,0.000146152204251848,8.07882242952473E-05,7.53189451643266E-05,7.67270175856538E-05,4.24555546487682E-05,4.74619373562746E-05,5.54502148588654E-05,2.80865679087583E-05,3.89700653613545E-05,2.81207539956085E-05,2.58135369222146E-05
1010,13,0,0,0.0103852972388268,0.0103852972388268,0.0103375948965549,0.0102845281362534,0.0102845281362534,0.010262263007462,0.010262263007462,0.010262263007462,0.00999785214662552,0.0095142163336277,0.00864195823669434,0.00945157464593649,0.00318112224340439,0.00403753854334354,0.00305243791081011,0.00287369173020124,0.00294483732432127,0.00234710890799761,0.00350930797867477,0.00412395922467113,0.00416584266349673,0.00360308564268053,0.00377259566448629,0.00414610793814063,0.00524143921211362,0.00205267244018614,0.00175286503508687,0.00207487540319562,0.00186391489114612,0.00192845263518393,0.00192303315270692,0.00275549571961164,0.00284762773662806,0.00252263527363539,0.0016112745506689,0.00232002302072942,0.0025756258983165,0.00202819844707847,0.00171285960823298,0.00122224306687713,0.00132801162544638,0.00116778945084661,0.00145786942448467,0.00124314520508051,0.00142297940328717,0.00140822178218514,0.00132381485309452,0.00110814999789,0.00097039807587862,0.00129756738897413,0.00154861167538911,0.0011498904787004,0.000446839578216895,0.00133987376466393,0.00145515555050224
1010,14,0.0159670934081078,0.0159670934081078,0.0159670934081078,0.0159670934081078,0.0159670934081078,0.0159670934081078,0.0159670934081078,0.0159670934081078,0.0159670934081078,0.0159670934081078,0.0159670934081078,0.0185861960053444,0.00844247546046972,0.00591810885816813,0.0138774905353785,0.0144103411585093,0.0122769549489021,0.0152135556563735,0.0129691567271948,0.0148949529975653,0.0108034834265709,0.00670599704608321,0.0135529804974794,0.010847233235836,0.00771732954308391,0.0104458974674344,0.00929241999983788,0.00559349590912461,0.00553306844085455,0.00359827140346169,0.00528403557837009,0.00434847362339497,0.00571258924901485,0.0134247718378901,0.0126592768356204,0.00433311238884926,0.00520180398598313,0.0086140800267458,0.00619047461077571,0.00995483808219433,0.00442138314247131,0.0048257689923048,0.00663041323423386,0.00838669762015343,0.00686245737597346,0.0028453222475946,0.00267631490714848,0.00270833843387663,0.00362932262942195,0.00396639760583639,0.001894228043966,0.00451595988124609,0.00414423737674952,0.00144742638804018,0.00181243836414069,0.00306621519848704,0.00317490380257368
1011,2,0,0.00285406992770731,0.00294836796820164,0.00300701428204775,0.00286574778147042,0.00288672395981848,0.00286793638952076,0.0025307924952358,0.00300704524852335,0.0025522846262902,0.00318095600232482,0.00343969184905291,0.00350271980278194,0.00350922509096563,0.00649318983778358,0.0049992916174233,0.00409833528101444,0.00125186366494745,0.00644824467599392,0.0034536081366241,0.0035954259801656,0.00473036849871278,0.00558669585734606,0.00538782309740782,0.0054754032753408,0.00546517595648766,0.00625799549743533,0.00708301924169064,0.0071841636672616,0.00680224318057299,0.00593751901760697,0.0055980565957725,0.00217602495104074,0.00268367398530245,0.00314064370468259,0.00321255344897509,0.0033146901987493,0.00352149596437812,0.00355350505560637,0.00338581600226462,0.00404095137491822,0.00423667021095753,0.00433016242459416,0.00444331578910351,0.00485572079196572,0.00505570322275162,0.00483520096167922,0.00517700612545013,0.00522522861137986,0.00593995861709118,0.00571832107380033,0.00581027008593082,0.00578787876293063,0.00741627346724272,0.00696533871814609,0.00656916294246912,0.00705605698749423
1011,3,0,0,0,0,0,0.0110380491241813,0.0139624951407313,0.0109723443165421,0.0115510206669569,0.00880455784499645,0.00191913044545799,0.00320177688263357,0.00537050096318126,0.0113469418138266,0.0117570385336876,0.00381504162214696,0.00548494141548872,0.0115909473970532,0.0100837852805853,0.00254474114626646,0.0111274383962154,0.0110729420557618,0.0137127181515098,0.0128442021086812,0.00661684339866042,0.013415957801044,0.0125826392322779,0.0135007062926888,0.0122066270560026,0.0131229013204575,0.0143844047561288,0.01156194973737,0.0177979152649641,0.0190700143575668,0.0105905598029494,0.0133897140622139,0.00875290296971798,0.00987747125327587,0.00586102856323123,0.0117420265451074,0.0040440377779305,0.00365781341679394,0.00325807207264006,0.00327387521974742,0.00331793422810733,0.00358212715946138,0.00349074671976268,0.00441672559827566,0.00339020718820393,0.00445111375302076,0.00446619931608438,0.00428045215085149,0.00479344185441732,0.00538698816671968,0.0049124457873404,0.00399084063246846,0.00396409491077065
1011,4,0.00572466477751732,0.00582391023635864,0.00557781988754869,0.00599961448460817,0.00577604724094272,0.00580966100096703,0.00543566141277552,0.0057158381678164,0.00642081489786506,0.00554246082901955,0.00600728392601013,0.00582138495519757,0.005614107940346,0.00551288016140461,0.00548081146553159,0.00458484189584851,0.00475119799375534,0.00480789877474308,0.00395738612860441,0.00483535556122661,0.00434993952512741,0.00433682836592197,0.00422310549765825,0.00414794683456421,0.0040029208175838,0.00408521480858326,0.00409268587827683,0.00362992146983743,0.0034642240498215,0.00333548150956631,0.00367582240141928,0.006712949834764,0.00754341995343566,0.00669345678761601,0.00639641005545855,0.00616528373211622,0.00508895562961698,0.00434709386900067,0.00419726595282555,0.00409893691539764,0.00420426158234477,0.00422164145857096,0.00424706283956766,0.00445115333423018,0.00309000140987337,0.00374002358876169,0.00611392362043262,0.0030856414232403,0.00485486863180995,0.00308562046848238,0.0027243965305388,0.00328329857438803,0.00355529924854636,0.0026881864760071,0.00260591390542686,0.0023211392108351,0.0022710575722158
1011,5,0.00192550814244896,0.00232505379244685,0.00244516646489501,0.00605574576184154,0.00683326972648501,0.00851956941187382,0.00698732351884246,0.0101485326886177,0.00598150258883834,0.00699386792257428,0.00467550335451961,0.00499483803287148,0.00594793632626534,0.00690326560288668,0.00730635644868016,0.00988429225981236,0.00726549234241247,0.00712350895628333,0.00758652249351144,0.0104643125087023,0.00665987795218825,0.00529419118538499,0.00556308124214411,0.00490693794563413,0.00774800078943372,0.00675217993557453,0.00823486596345901,0.00786273088306189,0.00618971092626452,0.00453951908275485,0.00504250265657902,0.00450177257880569,0.00432812562212348,0.00495286751538515,0.00485773524269462,0.00779601046815515,0.00760929891839623,0.0103226955980062,0.0103038363158703,0.00714410375803709,0.00488732103258371,0.00296407006680965,0.00332487444393337,0.00381275243125856,0.00416228594258428,0.00416714092716575,0.00707304012030363,0.00466673029586673,0.00421159947291017,0.00587803404778242,0.00640781270340085,0.00590948853641748,0.00605835672467947,0.00559611339122057,0.00760590052232146,0.00804725755006075,0.00753182219341397
1011,6,0.000199305708520114,0.00021112771355547,0.000208235593163408,0.000193011088413186,0.000945957493968308,0.00059084763051942,0.000500836700666696,0.000614909455180168,0.00139916432090104,0.00140482140704989,0.00172416772693396,0.00164250296074897,0.00168153911363333,0.00171707721892744,0.00186858128290623,0.00197559501975775,0.00227126781828702,0.00246554682962596,0.00339220813475549,0.00308012310415506,0.00429109809920192,0.00420250790193677,0.00457469234243035,0.00441129691898823,0.00372558226808906,0.00395973771810532,0.00467412360012531,0.00407429179176688,0.00471088849008083,0.00591188296675682,0.00578151503577828,0.0142119051888585,0.0108615970239043,0.00978823285549879,0.0108885774388909,0.0138239525258541,0.0136531088501215,0.0119756897911429,0.0152134457603097,0.0114821260794997,0.0152746271342039,0.0155060403048992,0.0139307454228401,0.0125423073768616,0.01221455167979,0.0115284444764256,0.0101315230131149,0.0114978766068816,0.0121367843821645,0.0137553615495563,0.0142974546179175,0.0151383699849248,0.0154099958017468,0.0145950643345714,0.0161230340600014,0.0161668807268143,0.014718902297318
1011,7,0.0651178359985352,0.0688847154378891,0.071501687169075,0.0600229725241661,0.062410082668066,0.059353768825531,0.0601233057677746,0.0622509717941284,0.0614634566009045,0.0713568478822708,0.0644583627581596,0.065288819372654,0.0690473318099976,0.065123088657856,0.0658563822507858,0.0702628493309021,0.067333459854126,0.0682462453842163,0.0724937245249748,0.0542709082365036,0.0767989978194237,0.0778594166040421,0.0645256415009499,0.0658615753054619,0.0653147920966148,0.0627704337239265,0.0605414770543575,0.0570091381669044,0.0623690187931061,0.060496486723423,0.0613518282771111,0.073321744799614,0.083315022289753,0.0783364996314049,0.0727594122290611,0.0659447759389877,0.0646113976836205,0.0697975382208824,0.0534075871109962,0.0653732866048813,0.0459374785423279,0.0473449751734734,0.0488298833370209,0.0632238388061523,0.0646293759346008,0.0610840991139412,0.0611223317682743,0.0477976016700268,0.0446406528353691,0.0363363213837147,0.0284646674990654,0.025271175429225,0.0197460651397705,0.0309842638671398,0.0213515348732471,0.0222647972404957,0.0281056463718414
1011,8,0.00267299194820225,0.00265014683827758,0.00296583096496761,0.00318414089269936,0.00308935157954693,0.0032724856864661,0.00417136354371905,0.0036608565133065,0.00142127019353211,0.00174092908855528,0.00140148890204728,0.00141092576086521,0.000998385599814355,0.0010285236639902,0.0011875230120495,0.00123108876869082,0.00130384264048189,0.000474320870125666,0.000275599624728784,0.000247608695644885,0.000645580992568284,0.000632202834822237,0.000757472531404346,0.000367759639630094,0.000421767676016316,0.000468874059151858,0.000359132827725261,0.000453025830211118,0.00043078581802547,0.00035871152067557,0.000421632605139166,0.00108941737562418,0.0018068696372211,0.0016699010739103,0.00275426264852285,0.000759083777666092,0.00110587698873132,0.000947175663895905,0.00111679127439857,0.00432471558451653,0.00165864359587431,0.00109185406472534,0.00543939601629972,0.00328580313362181,0.00445457315072417,0.00646887393668294,0.00600470835343003,0.00677403528243303,0.00705532915890217,0.00319352350197732,0.00328190112486482,0.00465541798621416,0.00439895829185843,0.0024001516867429,0.0028382355812937,0.00397415086627007,0.00491487374529243
1011,9,0,0,0,0,0,0,0,0,0,0,0,0,0,0.00317788636311889,0.00319341779686511,0.00323113263584673,0.0031291067134589,0.00309907412156463,0.00340377702377737,0.00332691753283143,0.00329737202264369,0.00337946508079767,0.00343405548483133,0.00348125072196126,0.00355449784547091,0.00354545237496495,0.00395621219649911,0.00395972980186343,0.00430404860526323,0.00437838165089488,0.00458715343847871,0.0045273988507688,0.00423314515501261,0.00379131874069572,0.00365174561738968,0.0031723000574857,0.00306002446450293,0.00278910901397467,0.00278255599550903,0.00300283939577639,0.00255857082083821,0.00268289912492037,0.00313601666130126,0.00274217338301241,0.0027626792434603,0.00336404796689749,0.00324649945832789,0.00304231443442404,0.00294161727651954,0.00286750588566065,0.00277428072877228,0.00273633608594537,0.00266280001960695,0.0026691434904933,0.00258910655975342,0.0027185152284801,0.00274538854137063
1011,10,0.000821819354314357,0.000789521785918623,0.000802154710981995,0.000716134905815125,0.00130132457707077,0.00129993364680558,0.00385721889324486,0.00114233233034611,0.00505753373727202,0.00496188970282674,0.00638086814433336,0.00810416508466005,0.00978849548846483,0.0584809258580208,0.0537488348782063,0.0539666302502155,0.0516070127487183,0.0514535382390022,0.0525759160518646,0.0558849275112152,0.0594254732131958,0.054367434233427,0.0534036010503769,0.0503007136285305,0.0508119910955429,0.0523642376065254,0.0457089357078075,0.0485079996287823,0.0500516071915627,0.0572195500135422,0.0532205253839493,0.0463177375495434,0.0173366814851761,0.0039890892803669,0.0477148182690144,0.00949438288807869,0.0115591324865818,0.0247552562505007,0.0210012085735798,0.0176729466766119,0.0196667239069939,0.0347675979137421,0.0367362983524799,0.0375489667057991,0.0504348464310169,0.0520443618297577,0.0539980418980122,0.0619128160178661,0.0573524087667465,0.0638050511479378,0.0654621869325638,0.0665728151798248,0.0670587196946144,0.0703325346112251,0.0666292086243629,0.0670917555689812,0.0723814517259598
1011,12,0.164252907037735,0.164252907037735,0.164252907037735,0.164252907037735,0.164252907037735,0.164252907037735,0.164252907037735,0.164252907037735,0.164252907037735,0.164252907037735,0.164252907037735,0.125739231705666,0.18061800301075,0.164253562688828,0.13589183986187,0.141444832086563,0.0951930955052376,0.0911507308483124,0.0851535424590111,0.0561884865164757,0.0506083853542805,0.0520956143736839,0.0170904844999313,0.0146511439234018,0.0146024394780397,0.0126604903489351,0.0147348958998919,0.00988686643540859,0.0101699074730277,0.00599065236747265,0.00417983066290617,0.0100453849881887,0.00677935592830181,0.00543304160237312,0.00493055116385221,0.00549551751464605,0.00449983822181821,0.00574504490941763,0.00248223566450179,0.00365993264131248,0.00346335396170616,0.00540268793702126,0.00336843240074813,0.00376946711912751,0.00218020332977176,0.00361055810935795,0.0023621350992471,0.00207498390227556,0.00123101042117923,0.00160671421326697,0.00183856347575784,0.00185528805013746,0.0017887445865199,0.00174608291126788,0.001643669558689,0.00145684112794697,0.00131698627956212
1011,13,0,0,0,0,0.00153108779340982,0.001523228129372,0.001523228129372,0.00151993054896593,0.00151993054896593,0.00151993054896593,0.00148076890036464,0.00140913820359856,0.00127994921058416,0.0011871779570356,0.000873210723511875,0.018329918384552,0.0191094428300858,0.0171587821096182,0.0161841604858637,0.0155590381473303,0.0164086017757654,0.0159899592399597,0.0160183310508728,0.0173994340002537,0.017942450940609,0.0208590999245644,0.0127334091812372,0.0106842676177621,0.0101481145247817,0.00958982482552528,0.00790542364120483,0.00926299579441547,0.00670092599466443,0.00641992129385471,0.0101635474711657,0.0108211962506175,0.00855687819421291,0.00882353913038969,0.0101741021499038,0.0100329304113984,0.00728866131976247,0.00811709277331829,0.00709458347409964,0.00671930750831962,0.00836771074682474,0.00821817666292191,0.00829716864973307,0.00783728156238794,0.0104847056791186,0.00997696444392204,0.0103248301893473,0.00918176770210266,0.0108360005542636,0.0128942672163248,0.019586069509387,0.0154370702803135,0.0152954012155533
1011,14,0.350424468517303,0.350424468517303,0.350424468517303,0.350424468517303,0.350424468517303,0.350424468517303,0.350424468517303,0.350424468517303,0.350424468517303,0.350424468517303,0.350424468517303,0.335858225822449,0.495851844549179,0.547474503517151,0.422566086053848,0.407141506671906,0.454692602157593,0.175897821784019,0.152033984661102,0.0940775573253632,0.147807627916336,0.217812806367874,0.158031404018402,0.15198689699173,0.150133430957794,0.239620015025139,0.136263072490692,0.112033359706402,0.136693879961967,0.114546053111553,0.0710402801632881,0.066254660487175,0.0397336594760418,0.0194489695131779,0.029557978734374,0.0343256518244743,0.0313158072531223,0.0286867879331112,0.0246924199163914,0.0192941930145025,0.0238665081560612,0.0144911836832762,0.0136370956897736,0.0143633810803294,0.0260659419000149,0.0169304739683867,0.0117074735462666,0.0201106294989586,0.0124776316806674,0.0145264817401767,0.0161438919603825,0.0135077573359013,0.0227858163416386,0.015254981815815,0.0158145073801279,0.0146430628374219,0.0135056003928185
1012,1,0.41956889629364,0.365135550498962,0.3627028465271,0.357691079378128,0.294687658548355,0.331973880529404,0.288027673959732,0.184457063674927,0.200448274612427,0.245969235897064,0.252672642469406,0.217344641685486,0.205980524420738,0.182122379541397,0.179254099726677,0.117054082453251,0.176912501454353,0.226815670728683,0.202606126666069,0.281854420900345,0.307959526777267,0.314089983701706,0.336083203554153,0.344171762466431,0.315841436386108,0.296586245298386,0.301481246948242,0.20661161839962,0.283960670232773,0.278241008520126,0.36658975481987,0.359919548034668,0.373487234115601,0.399915635585785,0.440936267375946,0.438692271709442,0.373815208673477,0.338349223136902,0.320389151573181,0.313535392284393,0.369096666574478,0.322529166936874,0.230881288647652,0.289023190736771,0.353824764490128,0.375846177339554,0.327257573604584,0.215405479073524,0.196727901697159,0.265914529561996,0.278660863637924,0.249376475811005,0.238441377878189,0.282389581203461,0.354473829269409,0.341529011726379,0.350817799568176
1012,2,0.0407738573849201,0.0424509570002556,0.0447990745306015,0.0442373380064964,0.0457668080925941,0.0443678461015224,0.0414190478622913,0.0441738441586494,0.0468555502593517,0.0435610339045525,0.0497815012931824,0.0548812784254551,0.0345298163592815,0.0476008206605911,0.0504338480532169,0.0574662797152996,0.0510785765945911,0.0495578534901142,0.0527251586318016,0.0423363000154495,0.0404348112642765,0.0382749959826469,0.0408898219466209,0.0389489158987999,0.0406811349093914,0.0386468470096588,0.0442223139107227,0.0389389730989933,0.0386228114366531,0.0461882166564465,0.0451372265815735,0.0454072952270508,0.043695330619812,0.0434823036193848,0.038880966603756,0.0399549156427383,0.0390576645731926,0.0382136106491089,0.0368353091180325,0.0351585112512112,0.0508047007024288,0.0542532876133919,0.0498166047036648,0.0397254563868046,0.0435170158743858,0.0436094366014004,0.0402217879891396,0.045004453510046,0.0453299321234226,0.0495867840945721,0.0553534962236881,0.0541179552674294,0.0499191544950008,0.0620809309184551,0.0552351027727127,0.0535540543496609,0.0566099546849728
1012,3,0,0,0,0,0,0,0,0,0,0,0,0,0,0,0,0,0.0324132293462753,0.0340462028980255,0.0322982296347618,0.0348271913826466,0.0330753587186337,0.0332438349723816,0.0412361472845078,0.0351818427443504,0.034598670899868,0.037039790302515,0.0355186983942986,0.0416040346026421,0.040056686848402,0.0466310903429985,0.0508332811295986,0.0577444098889828,0.0665120184421539,0.0652752444148064,0.0427987314760685,0.0652598142623901,0.0188709441572428,0.0364637486636639,0.0410544313490391,0.0469465143978596,0.00225935061462224,0.0194577034562826,0.0194230899214745,0.0209185183048248,0.0212124399840832,0.0210015699267387,0.020432323217392,0.0198921784758568,0.0196971502155066,0.0199711918830872,0.019650012254715,0.0184797719120979,0.0204706322401762,0.0225322172045708,0.0199770759791136,0.0168318916112185,0.0164043139666319
1012,4,0.0605408363044262,0.0653313770890236,0.0630563125014305,0.0573748461902142,0.0544873960316181,0.0607898347079754,0.0588357448577881,0.0853078365325928,0.0850058421492577,0.0741933137178421,0.0783204957842827,0.0960729047656059,0.0920928493142128,0.0994981303811073,0.092765636742115,0.0930923819541931,0.0763949528336525,0.0531751699745655,0.0665357336401939,0.0535282753407955,0.0718367472290993,0.0680974349379539,0.0634363442659378,0.0628970116376877,0.0668976828455925,0.0701504126191139,0.0788616761565208,0.0738126933574677,0.0742364227771759,0.0758766904473305,0.0624030083417892,0.0740814283490181,0.06676035374403,0.0630359128117561,0.0614550560712814,0.0605701617896557,0.0619330070912838,0.0660209506750107,0.070903979241848,0.061609573662281,0.0571954995393753,0.0730890557169914,0.0649691298604012,0.0679865777492523,0.0618497841060162,0.0669358894228935,0.0633882284164429,0.053000632673502,0.0540968663990498,0.0504280626773834,0.0517810396850109,0.0503994189202785,0.0501923598349094,0.0537977628409863,0.055185928940773,0.0540206842124462,0.0539757907390594
1012,5,0.034020721912384,0.0241505466401577,0.0251863151788712,0.0393556170165539,0.0467977300286293,0.0398043394088745,0.0160056687891483,0.0179332140833139,0.019472798332572,0.027328172698617,0.0529941059648991,0.0460698343813419,0.0379066206514835,0.0391551144421101,0.0297296326607466,0.0429610386490822,0.0326710194349289,0.0290068630129099,0.0212077628821135,0.0225461032241583,0.0296350121498108,0.0172790456563234,0.0163173098117113,0.015873359516263,0.0128862615674734,0.0139635279774666,0.0129770347848535,0.0152111994102597,0.0167384315282106,0.0145416855812073,0.0119575830176473,0.0166663285344839,0.0145630845800042,0.0130128096789122,0.0148418210446835,0.0124362194910645,0.0151517540216446,0.0174578204751015,0.0166039504110813,0.0178500786423683,0.0203163418918848,0.0145211713388562,0.0205570328980684,0.0263930223882198,0.0268756579607725,0.030573271214962,0.0314733982086182,0.0327099598944187,0.0400472171604633,0.0398644953966141,0.0369787514209747,0.0378427356481552,0.0372591428458691,0.0369368977844715,0.0440672412514687,0.0501936748623848,0.0472539290785789
1012,6,0.017813378944993,0.0230220686644316,0.0216868501156569,0.015854999423027,0.0170991010963917,0.013837706297636,0.0116489473730326,0.0151618523523211,0.0162964966148138,0.0200375355780125,0.0110372304916382,0.0169019773602486,0.0256683565676212,0.0234957151114941,0.0204330664128065,0.0218275617808104,0.0206043962389231,0.0218540765345097,0.0249562077224255,0.0245282724499702,0.0225603543221951,0.0257093217223883,0.0265579987317324,0.0278490427881479,0.030912546440959,0.0308646503835917,0.0329490900039673,0.0285310186445713,0.0250212419778109,0.0238177664577961,0.0270538907498121,0.0306694004684687,0.0295461360365152,0.0275625307112932,0.0324060022830963,0.0327369458973408,0.0318238995969296,0.0311919860541821,0.0378683656454086,0.0404081009328365,0.0457856580615044,0.0479304306209087,0.0498335249722004,0.0491768456995487,0.0482642389833927,0.0515708290040493,0.0474433898925781,0.0456013232469559,0.0437079481780529,0.0432598106563091,0.0403744801878929,0.0399388149380684,0.0367153286933899,0.0403602682054043,0.03983224183321,0.0369849093258381,0.0347328782081604
1012,7,0.160204187035561,0.149411365389824,0.158257856965065,0.201213717460632,0.173593252897263,0.196246132254601,0.244721978902817,0.197740823030472,0.191901475191116,0.160050690174103,0.217327237129211,0.209397315979004,0.160817816853523,0.158991515636444,0.192265257239342,0.191583544015884,0.167026370763779,0.176280602812767,0.192931681871414,0.161036178469658,0.205056414008141,0.179398864507675,0.150037974119186,0.142741456627846,0.136911273002625,0.124669343233109,0.13004632294178,0.130841746926308,0.118372723460197,0.13632844388485,0.129637211561203,0.142153471708298,0.13138085603714,0.115718349814415,0.0981582328677177,0.0975415855646133,0.0905349105596542,0.0920337960124016,0.0788745582103729,0.0839842557907104,0.0666966736316681,0.073359377682209,0.0719936788082123,0.0890065804123878,0.0966470241546631,0.0838341414928436,0.0795973613858223,0.0702648907899857,0.0615293420851231,0.0551417395472527,0.0498383715748787,0.0576585419476032,0.0623015724122524,0.0622844621539116,0.0542299523949623,0.0571129471063614,0.0647483766078949
1012,8,0.0257279984652996,0.018588175997138,0.0241965148597956,0.0195109806954861,0.0256539732217789,0.0217523965984583,0.0192066356539726,0.0189959481358528,0.0224881786853075,0.0209049247205257,0.0189462974667549,0.0152053358033299,0.0102720195427537,0.0104603888466954,0.0108344219624996,0.0131438206881285,0.0131949642673135,0.0170431099832058,0.0143959810957313,0.0191250648349524,0.0261591356247664,0.0224454756826162,0.0216399449855089,0.0162823777645826,0.00812610611319542,0.0145606994628906,0.00945697352290154,0.0115064037963748,0.0196538232266903,0.0222063269466162,0.0110330432653427,0.0122399479150772,0.0106126219034195,0.0149271758273244,0.0126721691340208,0.013460754416883,0.0124390553683043,0.01284268964082,0.0130582638084888,0.0134926224127412,0.0117056230083108,0.00736177572980523,0.00524451583623886,0.00551133835688233,0.00538195529952645,0.00518015492707491,0.00559195224195719,0.0120863867923617,0.0160569474101067,0.0163642670959234,0.0190531630069017,0.0186529159545898,0.0197417940944433,0.0170526318252087,0.0171465370804071,0.0167838428169489,0.0160676278173923
1012,9,0.000358820892870426,0.000348148430930451,0.000375019939383492,0.000374276743968949,0.000125583916087635,0.000287479808321223,0.000338038691552356,0.000379327131668106,0.000397930503822863,0.000328283000271767,0.000338870333507657,0.000275513099040836,0.000153427172335796,0.00020563110592775,0.000254701328231022,0.000369803165085614,0.000381034973543137,0.00047566756256856,0.000551075208932161,0.000586001202464104,0.000655321520753205,0.000562930828891695,0.000569446012377739,0.000592898519244045,0.00129492359701544,0.00108915637247264,0.00267935683950782,0.00206730817444623,0.0028560389764607,0.00266424543224275,0.00504489848390222,0.00399104040116072,0.00333408918231726,0.00138624291867018,0.000890825991518795,0.00089562003267929,0.000981898512691259,0.000773108564317226,0.000841509143356234,0.000662533275317401,0.000876782578416169,0.000804782379418612,0.000867042283061892,0.001076580141671,0.000980032724328339,0.00184960511978716,0.00189506530296057,0.00495743658393621,0.00365239754319191,0.00402237381786108,0.00301536056213081,0.0042330683209002,0.00428004469722509,0.00423648720607162,0.00406554527580738,0.00410249689593911,0.00416621612384915
1012,10,0.00627756398171186,0.00600849417969584,0.00616002362221479,0.00597222102805972,0.00590443331748247,0.0059159342199564,0.00557899894192815,0.00560532044619322,0.00768873980268836,0.00507424399256706,0.00500459689646959,0.00529860146343708,0.00546901021152735,0.00553706847131252,0.00502095138654113,0.00511268759146333,0.00491642765700817,0.0112479599192739,0.0113321114331484,0.0118501111865044,0.0127865495160222,0.0118757067248225,0.0120542738586664,0.0120907565578818,0.010340441018343,0.00941194035112858,0.00817258283495903,0.0084719667211175,0.00875119492411613,0.00610059732571244,0.00782740209251642,0.0073150428943336,0.00739422952756286,0.00566933257505298,0.00479971757158637,0.00510734831914306,0.00530469231307507,0.00542355421930552,0.00572550389915705,0.00588788650929928,0.00569375464692712,0.00540516711771488,0.00592464068904519,0.0055009638890624,0.00480925478041172,0.00470863888040185,0.00485941162332892,0.0114328041672707,0.00944049190729856,0.00846296455711126,0.00831278506666422,0.0101043544709682,0.0119836805388331,0.0121364202350378,0.0109114004299045,0.0109339961782098,0.0114337410777807
1012,11,0.00947289727628231,0.00827625952661037,0.00980768352746964,0.00990850105881691,0.00967037584632635,0.116520471870899,0.118832118809223,0.123185992240906,0.0602856650948524,0.0628612712025642,0.0619043074548244,0.053548414260149,0.059112474322319,0.065226823091507,0.078465573489666,0.0827755853533745,0.0915687307715416,0.0925644710659981,0.0863739624619484,0.0879724323749542,0.0912875533103943,0.0979811623692513,0.105652488768101,0.10621252655983,0.107614330947399,0.108650133013725,0.112097255885601,0.117321990430355,0.12058724462986,0.126541793346405,0.128671258687973,0.11621069163084,0.117565453052521,0.125998228788376,0.109087966382504,0.11249328404665,0.112685404717922,0.116416238248348,0.117535851895809,0.108885034918785,0.125676274299622,0.123419798910618,0.12379065901041,0.120616681873798,0.122931718826294,0.129507541656494,0.131452739238739,0.148542776703835,0.14189675450325,0.148396402597427,0.147574409842491,0.132986634969711,0.144876644015312,0.149534448981285,0.153777152299881,0.128898993134499,0.125797882676125
1012,12,0.0535113252699375,0.0535113252699375,0.0535113252699375,0.0535113252699375,0.0535113252699375,0.0535113252699375,0.0535113252699375,0.0535113252699375,0.0535113252699375,0.0535113252699375,0.0535113252699375,0.0724384486675262,0.0663435906171799,0.0302781574428082,0.0280341282486916,0.0221521481871605,0.0322056375443935,0.0254200305789709,0.0220884159207344,0.00446282839402556,0.00572996167466044,0.00304028275422752,0.00132426526397467,0.00091388908913359,0.00152211682870984,0.00193214160390198,0.000889562536031008,0.001877551083453,0.00163884891662747,0.00238003535196185,0.000789819227065891,0.00612096907570958,0.160166755318642,0.0221737027168274,0.0164932198822498,0.0193584486842155,0.0165800526738167,0.0215974599123001,0.0113786570727825,0.0016015381552279,0.0119665637612343,0.01619459874928,0.0136463930830359,0.0200129207223654,0.0149621348828077,0.0160625167191029,0.0179770924150944,0.0142246391624212,0.0141538279131055,0.0128749813884497,0.0189136993139982,0.0188350006937981,0.00224928464740515,0.0151333920657635,0.0160943865776062,0.0126377129927278,0.0113310618326068
1012,13,0,0,0,0,0,0,0,0,0,0,0,0,0,0,0,0.000163036835147068,0.000172144165844657,0.000160614756168798,0.000148780367453583,0.000142257864354178,0.00190419657155871,0.0168868657201529,0.0170979481190443,0.0173407159745693,0.0173955429345369,0.019570829346776,0.018722627311945,0.0188982766121626,0.0187999159097672,0.0165223572403193,0.0144830774515867,0.013708240352571,0.0174089465290308,0.0248164422810078,0.0287467669695616,0.0282856188714504,0.0722784399986267,0.0553885251283646,0.0164038855582476,0.0137536954134703,0.0597425028681755,0.0558821298182011,0.0565317571163177,0.0531331300735474,0.0512145645916462,0.0534383356571198,0.0537789240479469,0.0498418807983398,0.0549114570021629,0.0461997091770172,0.0472117178142071,0.0436204373836517,0.0626793578267097,0.0521178804337978,0.0530702769756317,0.0567647777497768,0.0655404925346375
1012,14,0.14967642724514,0.14967642724514,0.14967642724514,0.14967642724514,0.14967642724514,0.14967642724514,0.14967642724514,0.14967642724514,0.14967642724514,0.14967642724514,0.14967642724514,0.126906186342239,0.208632349967957,0.0938278585672379,0.0612690709531307,0.0539201684296131,0.0675485730171204,0.016072116792202,0.0539120733737946,0.0153386825695634,0.0323045924305916,0.0622568912804127,0.082520879805088,0.113505899906158,0.117456264793873,0.0533753857016563,0.0580287240445614,0.0473708212375641,0.0840846449136734,0.0581772960722446,0.0246264208108187,0.0186392180621624,0.0232794936746359,0.0104543948546052,0.0197103321552277,0.0279238969087601,0.0286700241267681,0.0249161776155233,0.017983715981245,0.0166561547666788,0.0215585231781006,0.0126594351604581,0.0123557420447469,0.0128872347995639,0.0173566080629826,0.00974452868103981,0.00880225002765656,0.0157249253243208,0.00819862820208073,0.00775689864531159,0.0101043628528714,0.00922299362719059,0.0321295857429504,0.00923345424234867,0.0101969679817557,0.00866276677697897,0.00644037872552872
1013,1,0.0822648033499718,0.0601764097809792,0.0489366874098778,0.0258781760931015,0.0190048106014729,0.0313918069005013,0.046364564448595,0.0626157969236374,0.0659746751189232,0.0702872350811958,0.0659749880433083,0.0675103813409805,0.0643616244196892,0.0625721290707588,0.0594027005136013,0.0606745965778828,0.0543782897293568,0.0489756129682064,0.0492376647889614,0.0449240244925022,0.0441044643521309,0.0426162369549274,0.0403880774974823,0.0384708605706692,0.0397293120622635,0.0385776162147522,0.043102964758873,0.0399175807833672,0.0359804704785347,0.0362424924969673,0.0323669835925102,0.033775020390749,0.0337386205792427,0.0337170138955116,0.0321117080748081,0.0352622158825397,0.0353980846703053,0.0314982049167156,0.028235761448741,0.0280029941350222,0.0270036812871695,0.0223903842270374,0.0253432299941778,0.0236245226114988,0.0214492920786142,0.0212207138538361,0.0232822615653276,0.0249452013522387,0.0239009317010641,0.0220765341073275,0.0201138351112604,0.0199275929480791,0.0193463619798422,0.0169959086924791,0.0125340549275279,0.012667958624661,0.0117271104827523
1013,2,0.0362523682415485,0.0416564792394638,0.0436264909803867,0.0445856004953384,0.0410349331796169,0.0417906790971756,0.0424677059054375,0.0390434600412846,0.0375213958323002,0.029325608164072,0.0417107827961445,0.0397513136267662,0.0352294035255909,0.0270173065364361,0.0161551982164383,0.0357858315110207,0.0109591223299503,0.0159965846687555,0.0174263399094343,0.014549314044416,0.0169953089207411,0.0102388234809041,0.0214545167982578,0.0229976996779442,0.0118504045531154,0.0137948645278811,0.00937719456851482,0.0162186566740274,0.0130218509584665,0.00676721427589655,0.00567319523543119,0.00560905039310455,0.00450698146596551,0.00390378595329821,0.0039957850240171,0.00397945381700993,0.00305387447588146,0.00238641141913831,0.00161514629144222,0.00295865535736084,0.00300349970348179,0.00295660435222089,0.00225609354674816,0.00166427611839026,0.0011851207818836,0.00369601882994175,0.00298631051555276,0.00233518565073609,0.00281495368108153,0.00680573144927621,0.00669006258249283,0.00491052540019155,0.00249864696525037,0.00626474479213357,0.0132743772119284,0.015178001485765,0.0124938590452075
1013,3,0.0338025838136673,0.0337538346648216,0.0330490842461586,0.033647496253252,0.0341083258390427,0.033064067363739,0.0320155508816242,0.032867256551981,0.0257782731205225,0.026373740285635,0.0259471535682678,0.0254620499908924,0.0188010521233082,0.013630329631269,0.0257934853434563,0.0278079267591238,0.0250837691128254,0.0255803726613522,0.0254362821578979,0.00335983769036829,0.0248981099575758,0.0251204203814268,0.0315361954271793,0.0302079357206821,0.0268478263169527,0.0165038425475359,0.0285855401307344,0.0301147885620594,0.0219990946352482,0.0323376394808292,0.0373253971338272,0.0386913791298866,0.0483494736254215,0.015476499684155,0.0113955792039633,0.035246267914772,0.024026682600379,0.0367837585508823,0.0340888872742653,0.0355929620563984,0.0151938926428556,0.0158218946307898,0.0186738520860672,0.0127703724429011,0.0187483932822943,0.0200554244220257,0.0226598158478737,0.0193827077746391,0.0208171177655458,0.0199918653815985,0.0191033203154802,0.0176302418112755,0.0204815585166216,0.0258790776133537,0.0250309724360704,0.0182970836758614,0.0171412639319897
1013,4,0.00144287699367851,0.00147756631486118,0.00142453622538596,0.00154249032493681,0.00149501767009497,0.00151388917583972,0.00142611167393625,0.00150989531539381,0.00170788250397891,0.00148448068648577,0.00162030407227576,0.00158119993284345,0.001535804127343,0.00180733518209308,0.00178561720531434,0.00128150638192892,0.00169766531325877,0.0015353785129264,0.00146556471008807,0.0016078952467069,0.00143532501533628,0.00154183059930801,0.00135680940002203,0.00133230956271291,0.00148913520388305,0.00137452268972993,0.00158923224080354,0.00134667125530541,0.00108773959800601,0.00120483816135675,0.00135508039966226,0.00133682962041348,0.00113260629586875,0.00108502025250345,0.0011262628249824,0.00111685891170055,0.00105919188354164,0.00102435203734785,0.000898741185665131,0.000854872982017696,0.000862341257743537,0.000845504808239639,0.000825574388727546,0.000832527875900269,0.00072614464443177,0.000746468373108655,0.000749962404370308,0.000724838173482567,0.000715988804586232,0.000931433110963553,0.000831919198390096,0.000669914588797838,0.000661552941892296,0.000633236893918365,0.000601910229306668,0.000585385889280587,0.000579045794438571
1013,5,0.00577567936852574,0.00621466664597392,0.00618188362568617,0.00578503077849746,0.0104543967172503,0.00795690063387156,0.00780374836176634,0.00903466623276472,0.0103103155270219,0.00945092737674713,0.00642148545011878,0.00694892043247819,0.00822171196341515,0.00942047126591206,0.0122061250731349,0.00998229812830687,0.00959105044603348,0.0107253743335605,0.00979918241500854,0.0125119229778647,0.0100445467978716,0.0107104275375605,0.0109665207564831,0.0119709111750126,0.00983946491032839,0.0104978419840336,0.0149847967550159,0.0102772805839777,0.0102139329537749,0.0108013227581978,0.010979282669723,0.0100392876192927,0.00755645195022225,0.0115011362358928,0.0113310255110264,0.01585260219872,0.0151196932420135,0.010023326613009,0.00841425638645887,0.00637878337875009,0.00604404741898179,0.00722567830234766,0.00637429719790816,0.00419263495132327,0.00343766016885638,0.00266039208509028,0.00265140435658395,0.00379926734603941,0.00399279221892357,0.00487481756135821,0.00517098791897297,0.00362325506284833,0.00301523762755096,0.00475572654977441,0.00496919499710202,0.00483217276632786,0.00325048249214888
1013,6,0.0106111317873001,0.0106695611029863,0.0105852158740163,0.0106231793761253,0.01021515019238,0.00979598984122276,0.00971687957644463,0.0098685696721077,0.0101576317101717,0.0103405071422458,0.0109654758125544,0.0109869483858347,0.0104131437838078,0.0118302451446652,0.0107070421800017,0.00907591544091702,0.0101287569850683,0.0094104241579771,0.0101662296801805,0.0101661207154393,0.00966865196824074,0.0091075673699379,0.00927612464874983,0.008930460549891,0.0091057326644659,0.00787378940731287,0.00819740444421768,0.00819496903568506,0.00591037468984723,0.00863688718527555,0.00855210050940514,0.00860740337520838,0.0068765883333981,0.00768807204440236,0.00769218616187572,0.00853759702295065,0.00951007381081581,0.00823557004332542,0.00760583067312837,0.00685850810259581,0.00675205187872052,0.00579034304246306,0.00474018417298794,0.00425756815820932,0.0036617498844862,0.00406065909191966,0.00394464936107397,0.00519188120961189,0.00549725303426385,0.0057585840113461,0.00699834385886788,0.00525669800117612,0.00557316653430462,0.00584737351164222,0.00654559349641204,0.00678583886474371,0.00745197106152773
1013,7,0,0,0,0.00166587415151298,0.00119465554598719,0.000837865867651999,0.000917880795896053,0.006209512706846,0.00655571930110455,0.00384745956398547,0.00492675229907036,0.00462839286774397,0.00721558881923556,0.00650707073509693,0.0119447214528918,0.00908051338046789,0.0186463575810194,0.0168965775519609,0.0129135083407164,0.0180406365543604,0.0151915503665805,0.016585249453783,0.0103279855102301,0.0126631585881114,0.011232209391892,0.0111733805388212,0.0100827477872372,0.00865768082439899,0.00779047375544906,0.00204382766969502,0.00153356278315187,0.00164360634516925,0.00201509450562298,0.00775466719642282,0.00240796897560358,0.00246715522371233,0.00231047719717026,0.00400505354627967,0.00249142409302294,0.00215015769936144,0.00247340928763151,0.00401025312021375,0.00430677086114883,0.00285996915772557,0.00304612424224615,0.00223890715278685,0.00187313708011061,0.00287938769906759,0.00162239768542349,0.00173792464192957,0.00118578958790749,0.00114903075154871,0.00129640649538487,0.00154584168922156,0.00156122422777116,0.00178501114714891,0.00177247205283493
1013,8,0.00101964687928557,0.000687780848238617,0.00110714638140053,0.000857812236063182,0.00083339522825554,0.000836766907013953,0.00162816268857569,0.00108412222471088,0.0011666197096929,0.00129455630667508,0.000960557197686285,0.00143303908407688,0.00182310119271278,0.00189969502389431,0.0022792739327997,0.0020468442235142,0.00149935064837337,0.00208510807715356,0.00167228432837874,0.00213961210101843,0.00423148181289434,0.0067140432074666,0.00364194810390472,0.00447594281286001,0.00746100628748536,0.00811817683279514,0.0112005388364196,0.00853182096034288,0.0100581450387836,0.00689977128058672,0.00689605437219143,0.0105534503236413,0.0118970070034266,0.010041194036603,0.0126446029171348,0.0129321152344346,0.0111147835850716,0.0130736567080021,0.0120220417156816,0.0121184336021543,0.0111283725127578,0.0135144321247935,0.0121764047071338,0.0118045387789607,0.0116478307172656,0.011155866086483,0.0123352110385895,0.00890707224607468,0.00987395830452442,0.0119212567806244,0.00961046013981104,0.00977177452296019,0.00894247647374868,0.00770992878824472,0.00612972024828196,0.00498782144859433,0.00365820550359786
1013,9,0.0273113679140806,0.0267834458500147,0.0275100581347942,0.0271783769130707,0.0260844230651855,0.024265892803669,0.0243292506784201,0.023561118170619,0.0235221348702908,0.0213790312409401,0.0213999338448048,0.0227901190519333,0.0222321879118681,0.0220789108425379,0.0215468630194664,0.0211750417947769,0.0185590106993914,0.0178077258169651,0.0189282838255167,0.0178839638829231,0.0187315493822098,0.0181687939912081,0.0155074493959546,0.0145248575136065,0.013645313680172,0.0209377557039261,0.0202368889003992,0.0193377919495106,0.0245704315602779,0.0230702646076679,0.0231604967266321,0.023194957524538,0.0190605297684669,0.0301826205104589,0.0326900742948055,0.0215789377689362,0.0141106387600303,0.0196047648787498,0.0195526536554098,0.0194295067340136,0.0179796982556582,0.0171788651496172,0.0164148919284344,0.0190319884568453,0.0176475513726473,0.0171954836696386,0.016534386202693,0.0153773715719581,0.0147074609994888,0.0141374319791794,0.0138983204960823,0.0137195521965623,0.0133367907255888,0.0133387800306082,0.012893607839942,0.0134769706055522,0.0135420141741633
1013,10,0.00828771106898785,0.00796202849596739,0.0122426496818662,0.0112717598676682,0.0125595582649112,0.0209593363106251,0.0438788756728172,0.0799259021878242,0.125924676656723,0.209852531552315,0.207692936062813,0.202849805355072,0.19591498374939,0.177046224474907,0.15867406129837,0.146430283784866,0.218649253249168,0.222000822424889,0.224602103233337,0.179963439702988,0.132182702422142,0.16587433218956,0.0631496757268906,0.043584443628788,0.121990285813808,0.175128176808357,0.214050620794296,0.155696883797646,0.0949263349175453,0.0340683460235596,0.0590564347803593,0.154720440506935,0.188856437802315,0.176399305462837,0.167470619082451,0.185190975666046,0.2007165402174,0.166333481669426,0.190545246005058,0.196101680397987,0.174877285957336,0.204337790608406,0.0992805138230324,0.216676101088524,0.299743741750717,0.28507998585701,0.230208963155746,0.147787779569626,0.157610610127449,0.162668958306313,0.165249302983284,0.166353836655617,0.16649241745472,0.12459971010685,0.16126012802124,0.165003105998039,0.0911644399166107
1013,11,0.0131441308185458,0.00471060629934072,0.00501494482159615,0.00472912192344666,0.00417777057737112,0.00349264615215361,0.000445765152107924,0.000431442720582709,0.000197472152649425,0.000196389097254723,0.000186726087122224,0.000155929519678466,0.000166243946296163,0.000176781293703243,0.000203840842004865,0.000210014070034958,0.000225008057896048,0.000221608017454855,0.000202090552193113,0.000199507005163468,0.000196377790416591,0.000198464680579491,0.000208462442969903,0.000204707059310749,0.000200747919734567,0.00019898398022633,0.000202751689357683,0.000205469928914681,0.000208899451536126,0.000209868725505657,0.00020809585112147,0.00018185269436799,0.0348479859530926,0.0103849535807967,0.0171415209770203,0.0229441225528717,0.0286782756447792,0.0361893102526665,0.04086934030056,0.0381065309047699,0.0463567301630974,0.0338152535259724,0.0506583601236343,0.0450983308255672,0.0458310134708881,0.048774491995573,0.0500497594475746,0.0505439825356007,0.0511435344815254,0.0490612424910069,0.0463848151266575,0.0382080227136612,0.0450605824589729,0.0464993417263031,0.0141434799879789,0.016720250248909,0.020258279517293
1013,12,8.22777001303621E-05,8.22777001303621E-05,8.22777001303621E-05,8.22777001303621E-05,8.22777001303621E-05,8.22777001303621E-05,8.22777001303621E-05,8.22777001303621E-05,8.22777001303621E-05,8.22777001303621E-05,8.22777001303621E-05,2.52330464718398E-05,6.63235332467593E-05,0.000120509634143673,0.000121450633741915,8.01175046944991E-05,3.01693344226805E-05,3.33914031216409E-05,4.90309503220487E-05,1.04788787211874E-05,1.33552666738979E-05,1.57073118316475E-05,1.83780753104656E-06,8.21488697511086E-07,6.99798022196774E-07,3.67460728512015E-07,2.35804080261914E-07,9.52605603288248E-08,1.31338742903608E-06,2.41472571360646E-06,2.70664031631895E-06,2.72326883532514E-06,2.57029387285002E-06,3.02772923532757E-06,2.14430360756523E-06,2.25351118388062E-06,2.13693624573352E-06,2.11061524169054E-06,2.02422984330042E-06,2.08874666896008E-06,1.74320530277328E-06,1.64312473316386E-06,1.57983197368594E-06,1.52983704992948E-06,1.35132552259165E-06,1.27618523038109E-06,1.31771435007977E-06,1.1764145710913E-06,1.04159016700578E-06,9.66299239735235E-07,1.02198839613266E-06,1.01357704807015E-06,9.68383119470673E-07,9.37597917527455E-07,8.74943054895994E-07,7.54461098040338E-07,6.76439242397464E-07
1013,13,0,0,0,0,0,0,0,0.00216477061621845,0.00216477061621845,0.00216477061621845,0.027874406427145,0.0265260115265846,0.024094121530652,0.0223477687686682,0.0164375621825457,0.013916770927608,0.0146941691637039,0.0137100229039788,0.0122300954535604,0.0115842912346125,0.010607773438096,0.00810977816581726,0.0021917806006968,0.00777894537895918,0.00385832600295544,0.00458316784352064,0.00463259173557162,0.00465548457577825,0.00461097061634064,0.00403469428420067,0.00352135580033064,0.00319510838016868,0.00303347920998931,0.00335745955817401,0.00311754131689668,0.00287632481195033,0.00277734128758311,0.00261294865049422,0.00226895301602781,0.00214304309338331,0.00128642399795353,0.00115487270522863,0.00120037083979696,0.00107979401946068,0.00107022281736135,0.00101159990299493,0.00104658037889749,0.00103667902294546,0.00106458982918411,0.000821584253571928,0.000784388626925647,0.00080670858733356,0.000813242862932384,0.00073617632733658,0.00100517179816961,0.000719495641533285,0.000700196658726782
1013,14,0.00497599737718701,0.00497599737718701,0.00497599737718701,0.00497599737718701,0.00497599737718701,0.00497599737718701,0.00497599737718701,0.00497599737718701,0.00497599737718701,0.00497599737718701,0.00497599737718701,0.000846143579110503,0.00613600248470902,0.0164928063750267,0.00595499807968736,0.00795331969857216,0.018278444185853,0.00647693499922752,0.0047077271156013,0.0373324975371361,0.00647565582767129,0.00653579831123352,0.0133381895720959,0.0372950211167336,0.00993937347084284,0.0193633250892162,0.0535868778824806,0.0473311953246593,0.0203396584838629,0.0130419014021754,0.00594301894307137,0.00555366929620504,0.000964825332630426,0.00429300172254443,0.00506892707198858,0.00461165094748139,0.00213816412724555,0.0033334877807647,0.0022814660333097,0.00130084005650133,0.00246356916613877,0.00121109734755009,0.00274428119882941,0.00545371789485216,0.00164222053717822,0.000865789654199034,0.0006926404312253,0.00078715878771618,0.00167558039538562,0.00047579756937921,0.000564261747058481,0.000613285345025361,0.000864211295265704,0.000661900267004967,0.000459322065580636,0.000392375572118908,0.000398230826249346
1014,1,0.0845009088516235,0.0558429732918739,0.0545653775334358,0.0346393249928951,0.0394344069063663,0.0327521525323391,0.0442717783153057,0.0475224778056145,0.042112223803997,0.0400098860263824,0.0399191491305828,0.0435221903026104,0.0428083389997482,0.0427676551043987,0.0421655140817165,0.0442000031471252,0.040508471429348,0.0371788069605827,0.0380764566361904,0.0353781320154667,0.0352360717952251,0.033190693706274,0.0304387025535107,0.0284341424703598,0.0291846841573715,0.0290913190692663,0.0319039933383465,0.0292126350104809,0.0261105559766293,0.0262911673635244,0.0234155282378197,0.0244049020111561,0.0243782699108124,0.0244742073118687,0.0233856048434973,0.025686226785183,0.025688249617815,0.0228749215602875,0.0204451642930508,0.0208853110671043,0.0199629589915276,0.0162866711616516,0.0183490868657827,0.0170466378331184,0.0154754566028714,0.015783004462719,0.0177254416048527,0.0191796310245991,0.018629377707839,0.0180218201130629,0.0169576276093721,0.0167856458574533,0.0167514197528362,0.0149368485435843,0.0107572982087731,0.0107696680352092,0.0108727887272835
1014,2,0.00965117011219263,0.00131922634318471,0.00145088566932827,0.00151355913840234,0.00156654953025281,0.00157036585733294,0.001368373981677,0.0151389772072434,0.00746745662763715,0.0149394385516644,0.00516253570094705,0.00288068596273661,0.00295759970322251,0.0150496950373054,0.00299760838970542,0.0074547752737999,0.00331854424439371,0.0073271500878036,0.0108109414577484,0.01221863925457,0.00432388763874769,0.00481036119163036,0.00515358056873083,0.0054489322938025,0.00592538714408875,0.00624343054369092,0.00659321388229728,0.00647655501961708,0.00577688170596957,0.00535532319918275,0.00499810697510839,0.00506352400407195,0.00440335180610418,0.00413772789761424,0.00397719955071807,0.00384556036442518,0.0036106975749135,0.00350518571212888,0.00315104471519589,0.00288858730345964,0.00284824706614017,0.00305624003522098,0.00274523603729904,0.0022648808080703,0.00272739469073713,0.00234876293689013,0.00232947710901499,0.00225273729301989,0.00215497799217701,0.00216400274075568,0.00187522382475436,0.00188682973384857,0.00202247500419617,0.00246179173700511,0.00224057282321155,0.00190511613618582,0.00177414889913052
1014,3,3.12781921820715E-05,2.14393203350483E-05,3.66857348126359E-05,3.26093904732261E-05,2.84813613689039E-05,2.33828723139595E-05,1.87365058081923E-05,3.49485271726735E-05,2.71614371740725E-05,1.27529920064262E-05,2.28263997996692E-05,3.72013564629015E-05,3.16553341690451E-05,2.35132156376494E-05,3.14089957100805E-05,2.84278467006516E-05,2.52630143222632E-05,2.6901095679932E-06,4.98199779030983E-06,0.00014799548080191,0.0112484507262707,0.0112487506121397,0.0140098640695214,0.0121812960132957,0.00999890640377998,0.0106667866930366,0.0105184307321906,0.0133421821519732,0.0125133451074362,0.0140627296641469,0.0131449047476053,0.0144350500777364,0.0176645684987307,0.0305897649377584,0.0220091417431831,0.0328933894634247,0.0231161322444677,0.0264838133007288,0.0229111276566982,0.0241175554692745,0.0103366998955607,0.0107996528968215,0.00681748194620013,0.00702214008197188,0.00788828078657389,0.0117491325363517,0.0103067373856902,0.00946939736604691,0.0100053418427706,0.0106743713840842,0.0106113227084279,0.0105870524421334,0.0115142650902271,0.0138565981760621,0.0134090827777982,0.0115384729579091,0.0118528129532933
1014,4,8.51990553201176E-05,0.000124609185149893,0.000108038097096141,8.43995658215135E-05,0.000111875793663785,9.19261001399718E-05,6.38249402982183E-05,0.000122144832857884,9.13816256797872E-05,5.72516219108365E-05,8.98649450391531E-05,6.07814981776755E-05,4.07661464123521E-05,4.73474356113002E-05,2.84231773548527E-05,2.16365915548522E-05,2.83473109448096E-05,2.67011218966218E-05,3.78112781618256E-05,2.97912083624396E-05,2.02562659978867E-05,2.48063606704818E-05,1.15919283416588E-05,1.67058042279677E-05,1.09627580968663E-05,2.57185274676885E-05,4.90666161567788E-06,3.73802708963922E-06,2.71862882073037E-06,8.78075638865994E-07,1.12284476472269E-06,2.58878617387381E-06,2.34243316299398E-06,4.90982210976654E-06,5.20260891789803E-06,6.09353446634486E-06,5.93785671298974E-06,4.36040500062518E-06,4.23133860749658E-06,6.02351792622358E-06,3.27897669194499E-06,4.85205509903608E-06,3.11046028400597E-06,3.55043493982521E-06,2.07345146918669E-05,4.20720425609034E-06,3.40458905156993E-06,4.04710363000049E-06,1.30007231291529E-06,2.37131444009719E-05,3.88084163205349E-06,0.000177061418071389,0.00015702644304838,0.000132679895614274,0.000103863552794792,8.71165393618867E-05,7.08626394043677E-05
1014,5,0.00109712313860655,0.000996358226984739,0.000772816245444119,0.00108909362461418,0.000997647410258651,0.000968152249697596,0.00120204023551196,0.00104913231916726,0.000990448170341551,0.00100846472196281,0.0014017743524164,0.00153597537428141,0.00142826314549893,0.00122073641978204,0.00107453612145036,0.00101537455338985,0.000860091124195606,0.00108891527634114,0.0013165568234399,0.00178982131183147,0.00311227166093886,0.00168299186043441,0.000762578274589032,0.000434779794886708,0.000279721250990406,0.000585341011174023,0.000372541253454983,0.000261007429799065,0.000141561598866247,0.000167242280440405,0.000112193469249178,9.11378301680088E-05,7.0452100771945E-05,0.00025958611513488,0.00032562535488978,0.000243119517108425,0.000178136702743359,0.000177923822775483,0.000112458219518885,0.000892017036676407,0.000551435863599181,0.000143881756230257,0.00013857102021575,5.38377717020921E-05,3.98810516344383E-05,0.000721020391210914,0.00120650266762823,0.00131156551651657,0.00150111399125308,0.00216688122600317,0.00275813438929617,0.00305469008162618,0.00354071403853595,0.00414969120174646,0.00370148196816444,0.00365710025653243,0.00478558009490371
1014,6,0.00706098973751068,0.00757552217692137,0.0074372747913003,0.00751217501237988,0.00754830474033952,0.00719486596062779,0.0072124358266592,0.00648225890472531,0.00780079746618867,0.00665133586153388,0.00858926400542259,0.00839463993906975,0.00865991413593292,0.00756091065704823,0.00867780204862356,0.00798425916582346,0.00862722937017679,0.00912593118846416,0.00944620650261641,0.00924412440508604,0.0102663971483707,0.0106269605457783,0.0106892203912139,0.011084295809269,0.011485100723803,0.0113164316862822,0.0112696867436171,0.0107454899698496,0.0133794015273452,0.0170099530369043,0.0188318602740765,0.0204080957919359,0.0196060501039028,0.0180792324244976,0.0173693597316742,0.0184837020933628,0.0189231187105179,0.0188061166554689,0.020366033539176,0.0207106228917837,0.0207885056734085,0.0208859127014875,0.0229172371327877,0.0196530930697918,0.0279150791466236,0.0224999412894249,0.0275639034807682,0.0285839419811964,0.0273222904652357,0.0266535524278879,0.0258235223591328,0.0245094448328018,0.0228348355740309,0.0248083490878344,0.0238944813609123,0.0266829952597618,0.0261455625295639
1014,7,0.00469925161451101,0.0081888334825635,0.00863643642514944,0.00812314543873072,0.00402191281318665,0.00420727953314781,0.00611051497980952,0.0030926913022995,0.00367671763524413,0.0019595050252974,0.00150126020889729,0.00233834935352206,0.00170020805671811,0.00100630789529532,0.000720641750376672,0.000547706033103168,0.000327207410009578,0.000371852511307225,0.000834046106319875,0.000676219235174358,0.000481673836475238,0.00076556607382372,0.000484196789329872,0.000386169005651027,0.000332872732542455,0.000273650482995436,0.000263998983427882,0.000297712016617879,9.44577259360813E-05,2.32487345783738E-05,0.000443822820670903,0.00180513469967991,0.00345803541131318,0.00977519247680902,0.0145045714452863,0.0053707123734057,0.00389930466189981,0.000690008688252419,0.00848118495196104,0.00564278336241841,0.00400028703734279,0.00302163301967084,0.00778852868825197,0.00446706637740135,0.00395378796383739,0.00148393947165459,0.00182253099046648,0.00114801689051092,0.00434886198490858,0.00295599806122482,0.00711234100162983,0.0178709831088781,0.0128645515069366,0.0133708203211427,0.00717377290129662,0.00193155917804688,0.00848400499671698
1014,8,0.00358911138027906,0.00547003047540784,0.00647733826190233,0.0067266495898366,0.0072052632458508,0.00676131760701537,0.00577966729179025,0.00564090954139829,0.00638548890128732,0.00605606660246849,0.00685597397387028,0.0075517762452364,0.00670060608536005,0.00662853382527828,0.00721252290531993,0.00560144614428282,0.00339650502428412,0.00344736175611615,0.00378382648341358,0.00305066793225706,0.00480631086975336,0.00435670698061585,0.00492970459163189,0.0046572838909924,0.00451842276379466,0.00434098020195961,0.00486550712957978,0.00544933741912246,0.00520930718630552,0.00564407976344228,0.00674629490822554,0.00776471290737391,0.00667328340932727,0.00709794508293271,0.00621661311015487,0.00751358363777399,0.0069149830378592,0.0066591021604836,0.00640186946839094,0.00612103519961238,0.00602053618058562,0.00708589609712362,0.00592506537213922,0.00484492862597108,0.00542063778266311,0.00431858561933041,0.00633906852453947,0.00503133051097393,0.00653569819405675,0.00788772944360971,0.0077149523422122,0.00690305745229125,0.00877062138170004,0.00827456917613745,0.0103950006887317,0.00923581048846245,0.00715910596773028
1014,9,1.6877902453416E-05,1.91121107491199E-05,1.76339744939469E-05,1.50100167957135E-05,1.4046105206944E-05,1.51557242134004E-05,1.35752488858998E-05,2.10271136893425E-05,1.58280818141066E-05,1.04460759757785E-05,1.23121608339716E-05,1.15031498353346E-05,1.12120587800746E-05,1.0512721928535E-05,6.59294437355129E-06,5.59782802156406E-06,6.93955962560722E-06,4.21838558395393E-06,6.78909555063001E-06,7.64614924264606E-06,7.85279371484648E-06,1.1355428796378E-05,6.43678322376218E-06,7.23710627426044E-06,5.04705985804321E-06,5.11001553604729E-06,1.55970360538049E-06,1.44023852044484E-06,1.15889304197481E-06,5.77776233967597E-07,8.15176520063687E-07,8.00325437921856E-07,6.11662756000442E-07,6.94827292591071E-07,1.41156488098204E-06,1.31174419948366E-06,9.91913793768617E-07,1.24554003377852E-06,1.57847523496457E-06,1.60672720994626E-06,8.07757260190556E-07,1.29948170979333E-06,1.20284096283285E-06,8.95237860731868E-07,8.45550687245122E-07,8.1174738397749E-07,9.33831756810832E-07,6.69894063776155E-07,3.12594465867733E-07,8.00874829565146E-07,9.2811706053908E-07,4.65166721141941E-07,1.06315758330311E-06,6.12256314980186E-07,6.12539452049532E-07,4.54052809573113E-07,5.76729064505344E-07
1014,10,0.000239277549553663,0.000222548202145845,0.000183657626621425,0.000148302890011109,0.000191075087059289,0.000223058799747378,0.000168688682606444,0.000181075534783304,0.0002345922839595,0.000124134094221517,0.000136241491418332,0.000133984605781734,9.62772173807025E-05,0.000109283086203504,9.17121360544115E-05,7.30517131160013E-05,5.10608078911901E-05,5.84526678721886E-05,6.69835208100267E-05,7.83377399784513E-05,6.73746617394499E-05,8.85011904756539E-05,0.000150410574860871,0.000106385668914299,8.35300161270425E-05,6.98433432262391E-05,3.86471147066914E-05,2.93708380922908E-05,1.49101297211018E-05,1.49229272210505E-05,1.04759656096576E-05,1.26181139421533E-05,8.61392982187681E-06,1.09524135041283E-05,1.37043261929648E-05,1.63976837939117E-05,1.88298836292233E-05,1.96025866898708E-05,1.91461986105423E-05,2.25617350224638E-05,1.11531289803679E-05,1.86336746992311E-05,1.9095654351986E-05,9.76610499492381E-06,1.33117364384816E-05,9.84049984253943E-06,1.11068666228675E-05,1.2326480828051E-05,7.32404942027642E-06,9.02332612895407E-06,1.19228716357611E-05,1.00971074061817E-05,1.74253073055297E-05,2.15510808629915E-05,2.53208381764125E-05,2.34794115385739E-05,1.91598901437828E-05
1014,11,0.000696979986969382,0.000755874323658645,0.00078657316043973,0.000851098739076406,0.000613337673712522,0.000564073212444782,0.000532095204107463,0.000778222747612745,0.000292462384095415,0.00020416454935912,0.000266943738097325,0.000164158642292023,0.000179172537173145,0.000218214641790837,0.000176590343471617,0.000162700423970819,0.000185966782737523,0.000212157377973199,0.000319949205731973,0.000299698323942721,0.00024468099582009,0.000264034897554666,0.000226207499508746,0.000245996663579717,0.000250718469033018,0.000346601271303371,0.00011616968549788,9.63762504397891E-05,8.2419988757465E-05,5.04813360748813E-05,7.35961148166098E-05,6.41423321212642E-05,5.91531752434094E-05,6.25219472567551E-05,0.000109508539026137,0.000107740379462484,0.000135846799821593,0.000116168928798288,0.0001880222116597,0.000124458005302586,0.000151516607729718,0.000197114801267162,0.000222357208258472,0.000161614269018173,0.000242923953919671,0.000259341701166704,0.000200292561203241,0.000203762232558802,0.000236718740779907,0.000256325321970508,0.000332123134285212,0.000276307400781661,0.000215067600947805,0.000244158552959561,0.000276905746432021,0.000276209233561531,0.000207799283089116
1014,12,0,0,0,0,0,0,0,0,0,0,0,0,0,0,0,0,0,0,0,0,0,0,0,0,0,0,0,0,0,0,0,0,0,0,0,0,0,0,0,0,0,0,0,0,0,0,0,0,0,0,0,4.76016948081082E-10,4.19101309212522E-10,4.05777939027629E-10,3.7866187962976E-10,3.26519145055215E-10,2.92752488917358E-10
1014,14,0,0,0,0,0,0,0,0,0,0,0,0,0,0,0,0,0,0,0,0,0,0,0,0,0,0,0,0,0,0,0,0,0,0,0,0,0,0,0,0,0,0,0,0,0,0,0,0,0,0,0,9.51101299051516E-07,7.55210805891693E-07,7.5328489401727E-07,7.09628409367724E-07,6.33680144801474E-07,6.38961239474156E-07
1015,1,0,0.0446636453270912,0.0434592850506306,0.0284164268523455,0.0284763239324093,0.0274374280124903,0.0269800201058388,0.0300818327814341,0.0282790679484606,0.017898028716445,0.0244581177830696,0.0245378576219082,0.0266861952841282,0.0291454754769802,0.0307082924991846,0.0344699770212173,0.0336750186979771,0.0337788239121437,0.0350197814404964,0.0329190827906132,0.0296913981437683,0.0286547858268023,0.0271236822009087,0.0258047729730606,0.0266165174543858,0.0258135069161654,0.0288064386695623,0.0266450643539429,0.0239877142012119,0.0241328664124012,0.0215258989483118,0.022434800863266,0.022410623729229,0.0223962720483541,0.0213299579918385,0.0234226584434509,0.0235129091888666,0.0209224428981543,0.0187553912401199,0.0186007767915726,0.0179369896650314,0.0148726440966129,0.0168340485543013,0.0156924109905958,0.0142475301399827,0.0140956984832883,0.0154650658369064,0.0165696609765291,0.0158760119229555,0.0146641712635756,0.0133604630827904,0.0132367536425591,0.0128506748005748,0.0112894037738442,0.00832565128803253,0.00841459538787603,0.00778964441269636
1015,2,0.00475444225594401,0.00510011846199632,0.00527566345408559,0.00539109297096729,0.00512768933549523,0.00513711897656322,0.00487099215388298,0.0041922046802938,0.00486907595768571,0.00405461806803942,0.00555121898651123,0.00600232137367129,0.00665388163179159,0.00662329094484448,0.00634096888825297,0.00587614672258496,0.00492448778823018,0.00452306913211942,0.00503835314884782,0.00350560178048909,0.00343414000235498,0.00410733744502068,0.00376811949536204,0.00394620001316071,0.00379969808273017,0.00381755479611456,0.00427822815254331,0.00454857386648655,0.00395638961344957,0.00418931851163507,0.0052522704936564,0.00517914118245244,0.00300694326870143,0.000372953101759776,0.00353658921085298,0.00149713398423046,0.0021048397757113,0.00252015748992562,0.000337385514285415,0.00100689544342458,0.000611953379120678,0.000903884239960462,0.0011179547291249,0.00131054839584976,0.00160116190090775,0.00180087948683649,0.0018322184914723,0.0013048256514594,0.00117268343456089,0.00118571368511766,0.0010133080650121,0.000904784712474793,0.0007874735747464,0.00095686933491379,0.000806339376140386,0.000720883719623089,0.000734926550649107
1015,4,0.00386087433435023,0.00444383919239044,0.00429365690797567,0.00467118015512824,0.00453899940475822,0.00459339888766408,0.00414947420358658,0.00406975671648979,0.00457243574783206,0.00393835781142116,0.00474840402603149,0.00464682979509234,0.00496478425338864,0.00499925622716546,0.00510541582480073,0.00434187473729253,0.00387777481228113,0.00375779182650149,0.00402604462578893,0.00344765582121909,0.00322667742148042,0.00402481621131301,0.00422522146254778,0.00445069652050734,0.00457280501723289,0.0049324375577271,0.00405161641538143,0.00264351419173181,0.00244394922628999,0.00274126487784088,0.00331824878230691,0.00285278121009469,0.00285665597766638,0.00237174658104777,0.00270343362353742,0.00289925676770508,0.0027780479285866,0.00278030522167683,0.00196455931290984,0.00186866766307503,0.00252512446604669,0.0022829242516309,0.00226192711852491,0.00183091883081943,0.00160284724552184,0.00170507642906159,0.00159431900829077,0.00152207119390368,0.00160535739269108,0.00159569398965687,0.00147192424628884,0.00153876247350127,0.00147378596011549,0.00140915554948151,0.0013340066652745,0.00129485875368118,0.0012010884238407
1015,5,0,0,2.99216571875149E-06,2.29940292229003E-06,2.27846840061829E-06,2.04795492209087E-06,2.29645102081122E-05,2.32897236855933E-05,2.93359771603718E-05,2.28781082114438E-05,2.85626992990728E-05,2.908005444624E-05,3.29176618834026E-05,3.9081340219127E-05,4.08466657972895E-05,3.92653964809142E-05,5.15230676683132E-05,9.10112139536068E-05,4.57542191725224E-05,5.49617325305007E-05,2.04645111807622E-05,3.35969452862628E-05,3.05149478663225E-05,2.71891367447097E-05,3.67169195669703E-05,1.91444778465666E-05,2.88419996650191E-05,3.00858064292697E-05,3.50074478774332E-05,9.38502034841804E-06,5.99072773184162E-05,3.13109703711234E-05,3.3886590244947E-05,3.31831070070621E-05,3.46640226780437E-05,3.25564978993498E-05,2.87206730718026E-05,2.06434033316327E-05,1.3628388842335E-05,1.60243125719717E-05,3.17578924295958E-05,2.92635722871637E-05,2.60591841652058E-05,1.91887993423734E-05,2.18581262743101E-05,7.92124556028284E-05,8.47395640448667E-05,8.6636260675732E-05,0.000131042266730219,0.000178616392076947,9.14285483304411E-05,5.95499077462591E-05,9.96646194835193E-05,8.39537460706197E-05,0.000172452331753448,0.000253914709901437,0.000263037247350439
1015,6,0.0010301050497219,0.0011824609246105,0.00114618486259133,0.00119156937580556,0.00118533510249108,0.00110747234430164,0.00114806985948235,0.00126823480241001,0.00129564583767205,0.00119229278061539,0.00135562114883214,0.00135720835532993,0.00149140111170709,0.00142937758937478,0.00146727147512138,0.00120286201126873,0.00108142616227269,0.00108625390566885,0.00140327040571719,0.00116954173427075,0.00117013708222657,0.00157383049372584,0.001552295521833,0.00184176920447499,0.0019301816355437,0.00220837467350066,0.00243379850871861,0.00230496958829463,0.00217733322642744,0.00284848595038056,0.00382506777532399,0.00330172921530902,0.00366987893357873,0.00275707268156111,0.00321452529169619,0.00325358123518527,0.00323543418198824,0.00298632285557687,0.00214060675352812,0.00198696344159544,0.00303394766524434,0.00276951561681926,0.00262963096611202,0.00207531172782183,0.00226953951641917,0.00241773738525808,0.0024938490241766,0.0024505618494004,0.00272557139396667,0.00278153852559626,0.00277987215667963,0.00293491268530488,0.00289758155122399,0.00288634747266769,0.00300738913938403,0.00275253201834857,0.00262340507470071
1015,7,0.00295667094178498,0.00333693134598434,0.00367407291196287,0.00311432196758688,0.00284710992127657,0.00275233900174499,0.00286854174919426,0.00329722068272531,0.00373782031238079,0.00239241262897849,0.00295895617455244,0.00329342344775796,0.00379004306159914,0.0041092224419117,0.00345307751558721,0.00525010889396071,0.00409560510888696,0.00409895461052656,0.00428662961348891,0.00405959226191044,0.00392164988443255,0.00412356201559305,0.00506917806342244,0.00364910322241485,0.00406875275075436,0.00331479567103088,0.00337718706578016,0.00476413406431675,0.00403323769569397,0.00651460234075785,0.00518972612917423,0.0045075872913003,0.00580903189256787,0.00361614488065243,0.00465439865365624,0.00543930707499385,0.00508370203897357,0.00407513324171305,0.00277338176965714,0.00294090574607253,0.00611725449562073,0.00444082031026483,0.00464487029239535,0.00285039492882788,0.00301918596960604,0.00462002027779818,0.00439076172187924,0.00483204610645771,0.00404971046373248,0.00292081409133971,0.00280507607385516,0.0021776391658932,0.00220351642929018,0.00261713797226548,0.00262085325084627,0.00299178459681571,0.00270156073383987
1015,8,0.000181549359695055,0.000192600447917357,0.000217534412513487,0.000207724922802299,0.000177870591869578,0.000175487701199017,0.0002047166635748,0.000199224436073564,0.000199895323021337,0.000229450743063353,0.000265171227511019,0.000340167200192809,0.000457158399512991,0.000537761021405458,0.000593880948144943,0.000599395600147545,0.000460164650576189,0.000364147272193804,0.000321635801810771,0.000312082847813144,0.000477464171126485,0.000332395953591913,0.000360089965397492,0.000306693691527471,0.000279877393040806,0.000225779731408693,0.000458085181890056,0.000403003767132759,0.000346948683727533,0.000255492923315614,0.000278134510153905,0.000275522557785735,0.000336346885887906,0.000192200270248577,0.000232654274441302,0.000262605579337105,0.000227245822316036,0.000156993031851016,0.000103918355307542,0.00011033227929147,0.000217003209399991,0.000207069053431042,0.000193360348930582,0.000150911713717505,0.000139253781526349,0.000183500655111857,0.000196707653230987,0.000210543119465001,0.000217691456782632,0.000215786029002629,0.000222887567360885,0.000204406489501707,0.000228363394853659,0.000224361137952656,0.000244407128775492,0.000240447858232073,0.000201173868845217
1015,9,0.00208019930869341,0.00208281027153134,0.00209214678034186,0.00206987396813929,0.00205797445960343,0.00207846006378531,0.00216779531911016,0.00209622154943645,0.0021442451979965,0.00199804431758821,0.00205175462178886,0.00209178170189261,0.00209806999191642,0.00214208476245403,0.00215173559263349,0.00217620329931378,0.0024372551124543,0.00243902881629765,0.00228857924230397,0.00264287157915533,0.00258569768629968,0.0022532818838954,0.00225517014041543,0.00225221808068454,0.00226596067659557,0.00222768122330308,0.00219906470738351,0.00189599033910781,0.00222769705578685,0.0019033377757296,0.00186576682608575,0.00187402463052422,0.00182478839997202,0.0016693586949259,0.00172047840896994,0.00175113929435611,0.0016409003874287,0.00154417322482914,0.00159898097626865,0.001636374858208,0.00148798315785825,0.00147141714114696,0.00145549280568957,0.00133867131080478,0.00150722509715706,0.00180087378248572,0.0015006389003247,0.00143788079731166,0.00176417885813862,0.00156948668882251,0.00152530474588275,0.00140809046570212,0.00149392057210207,0.00151946221012622,0.00153459014836699,0.00160077097825706,0.00141352892387658
1015,10,0.00854134652763605,0.00820569787174463,0.00833698362112045,0.00807250943034887,0.00796888768672943,0.00786646734923124,0.00745864026248455,0.00733314314857125,0.0101187666878104,0.00680951680988073,0.00673944083973765,0.00703487591817975,0.00724866660311818,0.00755054550245404,0.00693583069369197,0.00696172239258885,0.0066573373042047,0.00663347076624632,0.00677752820774913,0.00719870440661907,0.00764368148520589,0.00698794750496745,0.00734950508922338,0.00742263533174992,0.00646292837336659,0.0058858091942966,0.00526219652965665,0.00559975579380989,0.00566667411476374,0.00575142027810216,0.00529829086735845,0.00485061295330524,0.00499187596142292,0.00456199189648032,0.00425821589305997,0.00456277886405587,0.0042035598307848,0.00407372368499637,0.0040872422978282,0.00416461797431111,0.00407734652981162,0.00401111738756299,0.00401317421346903,0.00291875959374011,0.00213296199217439,0.00285168085247278,0.00366017874330282,0.00379014993086457,0.000800012552645057,0.00312549457885325,0.00340289436280727,0.00368568790145218,0.00393386092036963,0.00355691649019718,0.00296266004443169,0.00313649536110461,0.00244375946931541
1015,11,0.0160208158195019,0.00663915649056435,0.00756258890032768,0.00766677921637893,0.00729404296725988,0.00658040959388018,0.00674912286922336,0.00670072762295604,0.00313547044061124,0.00555713102221489,0.00311065604910254,0.00266526476480067,0.00290647568181157,0.00316739431582391,0.00374065223149955,0.00394504610449076,0.00433407910168171,0.00436472753062844,0.00407675607129931,0.00412849988788366,0.00415745889768004,0.00430495897307992,0.0046303472481668,0.00465350179001689,0.00467671686783433,0.00474784569814801,0.0049520917236805,0.00514327688142657,0.00535599980503321,0.00550831621512771,0.00559720071032643,0.00500967120751739,0.00486789178103209,0.01622074842453,0.00457223551347852,0.00458580255508423,0.00462703173980117,0.00493226433172822,0.0196827631443739,0.0183537546545267,0.00509823393076658,0.00501236040145159,0.00513474782928824,0.0170800611376762,0.0150752095505595,0.00558353401720524,0.00568012241274118,0.00573660153895617,0.00580502580851316,0.00593903567641974,0.00600142637267709,0.00529046822339296,0.00576260080561042,0.0062466929666698,0.00653288839384913,0.00571380322799087,0.0117407580837607
1015,12,0,0,0,0,0,0,0,0,0,0,0,0,0,0,0,0,0,0,0,0,0,0,0,0,0,0,0,0,0,0,0,0.00760966213420033,0.00718220230191946,0.00846041925251484,0.00599185284227133,0.00629701279103756,0.00597126595675945,0.00589771708473563,0.0056563294492662,0.00583660928532481,0.00487105920910835,0.00459140306338668,0.00652449997141957,0.00359141291119158,0.00451563112437725,0.00279063568450511,0.00211465498432517,0.00617347378283739,0.00983333773910999,0.00103665015194565,0.00733816344290972,0.0134681649506092,0.0115829221904278,0.00997082330286503,0.00520865106955171,0.00374304014258087,0.0033559575676918
1015,13,0,0,0,0,0,0,0,0,0,0,0,0,0,0,0,0,0,0,0,0,0,0,0.00263106520287693,0.0026684224139899,0.00267685926519334,0.00301159685477614,0.00285263825207949,0.00286673498339951,0.00283932453021407,0.00248446757905185,0.00216836598701775,0.00196747062727809,0.00186794332694262,0.00190077151637524,0.0015934775583446,0.000917173747438937,0.0011496408842504,0.0017034315969795,0.00244108960032463,0.00263224169611931,0.00304130208678544,0.00311336619779468,0.00479716341942549,0.00632020086050034,0.00272823846898973,0.00403001019731164,0.00280027440749109,0.00232271291315556,0.00396962184458971,0.00509760156273842,0.00504550663754344,0.00522394524887204,0.00333516392856836,0.00130400701891631,0.00368447322398424,0.00369962328113616,0.00511085661128163
1015,14,0,0,0,0,0,0,0,0,0,0,0,0,0,0,0,0,0,0,0,0,0,0,0,0,0,0,0,0,0,0,0,0,0,0,0,0,0,0,0,0,0,0,0,0,0,0,0,0,0,8.62138585944194E-06,1.82484836841468E-05,2.6790601623361E-05,3.3131567761302E-05,4.16646835219581E-05,4.73681866424158E-05,4.95479107485153E-05,2.13930034078658E-05
1016,1,0,0.0446636453270912,0.0434592850506306,0.0284164268523455,0.0284763239324093,0.0274374280124903,0.0269800201058388,0.0300818327814341,0.0282790679484606,0.017898028716445,0.0244581177830696,0.0245378576219082,0.0266861952841282,0.0291454754769802,0.0307082924991846,0.0344699770212173,0.0336750186979771,0.0337788239121437,0.0350197814404964,0.0329190827906132,0.0296913981437683,0.0286547858268023,0.0271236822009087,0.0258047729730606,0.0266165174543858,0.0258135069161654,0.0288064386695623,0.0266450643539429,0.0239877142012119,0.0241328664124012,0.0215258989483118,0.022434800863266,0.022410623729229,0.0223962720483541,0.0213299579918385,0.0234226584434509,0.0235129091888666,0.0209224428981543,0.0187553912401199,0.0186007767915726,0.0179369896650314,0.0148726440966129,0.0168340485543013,0.0156924109905958,0.0142475301399827,0.0140956984832883,0.0154650658369064,0.0165696609765291,0.0158760119229555,0.0146641712635756,0.0133604630827904,0.0132367536425591,0.0128506748005748,0.0112894037738442,0.00832565128803253,0.00841459538787603,0.00778964441269636
1016,2,0.00475444225594401,0.00510011846199632,0.00527566345408559,0.00539109297096729,0.00512768933549523,0.00513711897656322,0.00487099215388298,0.0041922046802938,0.00486907595768571,0.00405461806803942,0.00555121898651123,0.00600232137367129,0.00665388163179159,0.00662329094484448,0.00634096888825297,0.00587614672258496,0.00492448778823018,0.00452306913211942,0.00503835314884782,0.00350560178048909,0.00343414000235498,0.00410733744502068,0.00376811949536204,0.00394620001316071,0.00379969808273017,0.00381755479611456,0.00427822815254331,0.00454857386648655,0.00395638961344957,0.00418931851163507,0.0052522704936564,0.00517914118245244,0.00300694326870143,0.000372953101759776,0.00353658921085298,0.00149713398423046,0.0021048397757113,0.00252015748992562,0.000337385514285415,0.00100689544342458,0.000611953379120678,0.000903884239960462,0.0011179547291249,0.00131054839584976,0.00160116190090775,0.00180087948683649,0.0018322184914723,0.0013048256514594,0.00117268343456089,0.00118571368511766,0.0010133080650121,0.000904784712474793,0.0007874735747464,0.00095686933491379,0.000806339376140386,0.000720883719623089,0.000734926550649107
1016,4,0.00386087433435023,0.00444383919239044,0.00429365690797567,0.00467118015512824,0.00453899940475822,0.00459339888766408,0.00414947420358658,0.00406975671648979,0.00457243574783206,0.00393835781142116,0.00474840402603149,0.00464682979509234,0.00496478425338864,0.00499925622716546,0.00510541582480073,0.00434187473729253,0.00387777481228113,0.00375779182650149,0.00402604462578893,0.00344765582121909,0.00322667742148042,0.00402481621131301,0.00422522146254778,0.00445069652050734,0.00457280501723289,0.0049324375577271,0.00405161641538143,0.00264351419173181,0.00244394922628999,0.00274126487784088,0.00331824878230691,0.00285278121009469,0.00285665597766638,0.00237174658104777,0.00270343362353742,0.00289925676770508,0.0027780479285866,0.00278030522167683,0.00196455931290984,0.00186866766307503,0.00252512446604669,0.0022829242516309,0.00226192711852491,0.00183091883081943,0.00160284724552184,0.00170507642906159,0.00159431900829077,0.00152207119390368,0.00160535739269108,0.00159569398965687,0.00147192424628884,0.00153876247350127,0.00147378596011549,0.00140915554948151,0.0013340066652745,0.00129485875368118,0.0012010884238407
1016,5,0,0,2.99216571875149E-06,2.29940292229003E-06,2.27846840061829E-06,2.04795492209087E-06,2.29645102081122E-05,2.32897236855933E-05,2.93359771603718E-05,2.28781082114438E-05,2.85626992990728E-05,2.908005444624E-05,3.29176618834026E-05,3.9081340219127E-05,4.08466657972895E-05,3.92653964809142E-05,5.15230676683132E-05,9.10112139536068E-05,4.57542191725224E-05,5.49617325305007E-05,2.04645111807622E-05,3.35969452862628E-05,3.05149478663225E-05,2.71891367447097E-05,3.67169195669703E-05,1.91444778465666E-05,2.88419996650191E-05,3.00858064292697E-05,3.50074478774332E-05,9.38502034841804E-06,5.99072773184162E-05,3.13109703711234E-05,3.3886590244947E-05,3.31831070070621E-05,3.46640226780437E-05,3.25564978993498E-05,2.87206730718026E-05,2.06434033316327E-05,1.3628388842335E-05,1.60243125719717E-05,3.17578924295958E-05,2.92635722871637E-05,2.60591841652058E-05,1.91887993423734E-05,2.18581262743101E-05,7.92124556028284E-05,8.47395640448667E-05,8.6636260675732E-05,0.000131042266730219,0.000178616392076947,9.14285483304411E-05,5.95499077462591E-05,9.96646194835193E-05,8.39537460706197E-05,0.000172452331753448,0.000253914709901437,0.000263037247350439
1016,6,0.0010301050497219,0.0011824609246105,0.00114618486259133,0.00119156937580556,0.00118533510249108,0.00110747234430164,0.00114806985948235,0.00126823480241001,0.00129564583767205,0.00119229278061539,0.00135562114883214,0.00135720835532993,0.00149140111170709,0.00142937758937478,0.00146727147512138,0.00120286201126873,0.00108142616227269,0.00108625390566885,0.00140327040571719,0.00116954173427075,0.00117013708222657,0.00157383049372584,0.001552295521833,0.00184176920447499,0.0019301816355437,0.00220837467350066,0.00243379850871861,0.00230496958829463,0.00217733322642744,0.00284848595038056,0.00382506777532399,0.00330172921530902,0.00366987893357873,0.00275707268156111,0.00321452529169619,0.00325358123518527,0.00323543418198824,0.00298632285557687,0.00214060675352812,0.00198696344159544,0.00303394766524434,0.00276951561681926,0.00262963096611202,0.00207531172782183,0.00226953951641917,0.00241773738525808,0.0024938490241766,0.0024505618494004,0.00272557139396667,0.00278153852559626,0.00277987215667963,0.00293491268530488,0.00289758155122399,0.00288634747266769,0.00300738913938403,0.00275253201834857,0.00262340507470071
1016,7,0.00295667094178498,0.00333693134598434,0.00367407291196287,0.00311432196758688,0.00284710992127657,0.00275233900174499,0.00286854174919426,0.00329722068272531,0.00373782031238079,0.00239241262897849,0.00295895617455244,0.00329342344775796,0.00379004306159914,0.0041092224419117,0.00345307751558721,0.00525010889396071,0.00409560510888696,0.00409895461052656,0.00428662961348891,0.00405959226191044,0.00392164988443255,0.00412356201559305,0.00506917806342244,0.00364910322241485,0.00406875275075436,0.00331479567103088,0.00337718706578016,0.00476413406431675,0.00403323769569397,0.00651460234075785,0.00518972612917423,0.0045075872913003,0.00580903189256787,0.00361614488065243,0.00465439865365624,0.00543930707499385,0.00508370203897357,0.00407513324171305,0.00277338176965714,0.00294090574607253,0.00611725449562073,0.00444082031026483,0.00464487029239535,0.00285039492882788,0.00301918596960604,0.00462002027779818,0.00439076172187924,0.00483204610645771,0.00404971046373248,0.00292081409133971,0.00280507607385516,0.0021776391658932,0.00220351642929018,0.00261713797226548,0.00262085325084627,0.00299178459681571,0.00270156073383987
1016,8,0.000181549359695055,0.000192600447917357,0.000217534412513487,0.000207724922802299,0.000177870591869578,0.000175487701199017,0.0002047166635748,0.000199224436073564,0.000199895323021337,0.000229450743063353,0.000265171227511019,0.000340167200192809,0.000457158399512991,0.000537761021405458,0.000593880948144943,0.000599395600147545,0.000460164650576189,0.000364147272193804,0.000321635801810771,0.000312082847813144,0.000477464171126485,0.000332395953591913,0.000360089965397492,0.000306693691527471,0.000279877393040806,0.000225779731408693,0.000458085181890056,0.000403003767132759,0.000346948683727533,0.000255492923315614,0.000278134510153905,0.000275522557785735,0.000336346885887906,0.000192200270248577,0.000232654274441302,0.000262605579337105,0.000227245822316036,0.000156993031851016,0.000103918355307542,0.00011033227929147,0.000217003209399991,0.000207069053431042,0.000193360348930582,0.000150911713717505,0.000139253781526349,0.000183500655111857,0.000196707653230987,0.000210543119465001,0.000217691456782632,0.000215786029002629,0.000222887567360885,0.000204406489501707,0.000228363394853659,0.000224361137952656,0.000244407128775492,0.000240447858232073,0.000201173868845217
1016,9,0.00208019930869341,0.00208281027153134,0.00209214678034186,0.00206987396813929,0.00205797445960343,0.00207846006378531,0.00216779531911016,0.00209622154943645,0.0021442451979965,0.00199804431758821,0.00205175462178886,0.00209178170189261,0.00209806999191642,0.00214208476245403,0.00215173559263349,0.00217620329931378,0.0024372551124543,0.00243902881629765,0.00228857924230397,0.00264287157915533,0.00258569768629968,0.0022532818838954,0.00225517014041543,0.00225221808068454,0.00226596067659557,0.00222768122330308,0.00219906470738351,0.00189599033910781,0.00222769705578685,0.0019033377757296,0.00186576682608575,0.00187402463052422,0.00182478839997202,0.0016693586949259,0.00172047840896994,0.00175113929435611,0.0016409003874287,0.00154417322482914,0.00159898097626865,0.001636374858208,0.00148798315785825,0.00147141714114696,0.00145549280568957,0.00133867131080478,0.00150722509715706,0.00180087378248572,0.0015006389003247,0.00143788079731166,0.00176417885813862,0.00156948668882251,0.00152530474588275,0.00140809046570212,0.00149392057210207,0.00151946221012622,0.00153459014836699,0.00160077097825706,0.00141352892387658
1016,10,0.00854134652763605,0.00820569787174463,0.00833698362112045,0.00807250943034887,0.00796888768672943,0.00786646734923124,0.00745864026248455,0.00733314314857125,0.0101187666878104,0.00680951680988073,0.00673944083973765,0.00703487591817975,0.00724866660311818,0.00755054550245404,0.00693583069369197,0.00696172239258885,0.0066573373042047,0.00663347076624632,0.00677752820774913,0.00719870440661907,0.00764368148520589,0.00698794750496745,0.00734950508922338,0.00742263533174992,0.00646292837336659,0.0058858091942966,0.00526219652965665,0.00559975579380989,0.00566667411476374,0.00575142027810216,0.00529829086735845,0.00485061295330524,0.00499187596142292,0.00456199189648032,0.00425821589305997,0.00456277886405587,0.0042035598307848,0.00407372368499637,0.0040872422978282,0.00416461797431111,0.00407734652981162,0.00401111738756299,0.00401317421346903,0.00291875959374011,0.00213296199217439,0.00285168085247278,0.00366017874330282,0.00379014993086457,0.000800012552645057,0.00312549457885325,0.00340289436280727,0.00368568790145218,0.00393386092036963,0.00355691649019718,0.00296266004443169,0.00313649536110461,0.00244375946931541
1016,11,0.0160208158195019,0.00663915649056435,0.00756258890032768,0.00766677921637893,0.00729404296725988,0.00658040959388018,0.00674912286922336,0.00670072762295604,0.00313547044061124,0.00555713102221489,0.00311065604910254,0.00266526476480067,0.00290647568181157,0.00316739431582391,0.00374065223149955,0.00394504610449076,0.00433407910168171,0.00436472753062844,0.00407675607129931,0.00412849988788366,0.00415745889768004,0.00430495897307992,0.0046303472481668,0.00465350179001689,0.00467671686783433,0.00474784569814801,0.0049520917236805,0.00514327688142657,0.00535599980503321,0.00550831621512771,0.00559720071032643,0.00500967120751739,0.00486789178103209,0.01622074842453,0.00457223551347852,0.00458580255508423,0.00462703173980117,0.00493226433172822,0.0196827631443739,0.0183537546545267,0.00509823393076658,0.00501236040145159,0.00513474782928824,0.0170800611376762,0.0150752095505595,0.00558353401720524,0.00568012241274118,0.00573660153895617,0.00580502580851316,0.00593903567641974,0.00600142637267709,0.00529046822339296,0.00576260080561042,0.0062466929666698,0.00653288839384913,0.00571380322799087,0.0117407580837607
1016,12,0,0,0,0,0,0,0,0,0,0,0,0,0,0,0,0,0,0,0,0,0,0,0,0,0,0,0,0,0,0,0,0.00760966213420033,0.00718220230191946,0.00846041925251484,0.00599185284227133,0.00629701279103756,0.00597126595675945,0.00589771708473563,0.0056563294492662,0.00583660928532481,0.00487105920910835,0.00459140306338668,0.00652449997141957,0.00359141291119158,0.00451563112437725,0.00279063568450511,0.00211465498432517,0.00617347378283739,0.00983333773910999,0.00103665015194565,0.00733816344290972,0.0134681649506092,0.0115829221904278,0.00997082330286503,0.00520865106955171,0.00374304014258087,0.0033559575676918
1016,13,0,0,0,0,0,0,0,0,0,0,0,0,0,0,0,0,0,0,0,0,0,0,0.00263106520287693,0.0026684224139899,0.00267685926519334,0.00301159685477614,0.00285263825207949,0.00286673498339951,0.00283932453021407,0.00248446757905185,0.00216836598701775,0.00196747062727809,0.00186794332694262,0.00190077151637524,0.0015934775583446,0.000917173747438937,0.0011496408842504,0.0017034315969795,0.00244108960032463,0.00263224169611931,0.00304130208678544,0.00311336619779468,0.00479716341942549,0.00632020086050034,0.00272823846898973,0.00403001019731164,0.00280027440749109,0.00232271291315556,0.00396962184458971,0.00509760156273842,0.00504550663754344,0.00522394524887204,0.00333516392856836,0.00130400701891631,0.00368447322398424,0.00369962328113616,0.00511085661128163
1016,14,0,0,0,0,0,0,0,0,0,0,0,0,0,0,0,0,0,0,0,0,0,0,0,0,0,0,0,0,0,0,0,0,0,0,0,0,0,0,0,0,0,0,0,0,0,0,0,0,0,8.62138585944194E-06,1.82484836841468E-05,2.6790601623361E-05,3.3131567761302E-05,4.16646835219581E-05,4.73681866424158E-05,4.95479107485153E-05,2.13930034078658E-05
1017,1,0,0.0446636453270912,0.0434592850506306,0.0284164268523455,0.0284763239324093,0.0274374280124903,0.0269800201058388,0.0300818327814341,0.0282790679484606,0.017898028716445,0.0244581177830696,0.0245378576219082,0.0266861952841282,0.0291454754769802,0.0307082924991846,0.0344699770212173,0.0336750186979771,0.0337788239121437,0.0350197814404964,0.0329190827906132,0.0296913981437683,0.0286547858268023,0.0271236822009087,0.0258047729730606,0.0266165174543858,0.0258135069161654,0.0288064386695623,0.0266450643539429,0.0239877142012119,0.0241328664124012,0.0215258989483118,0.022434800863266,0.022410623729229,0.0223962720483541,0.0213299579918385,0.0234226584434509,0.0235129091888666,0.0209224428981543,0.0187553912401199,0.0186007767915726,0.0179369896650314,0.0148726440966129,0.0168340485543013,0.0156924109905958,0.0142475301399827,0.0140956984832883,0.0154650658369064,0.0165696609765291,0.0158760119229555,0.0146641712635756,0.0133604630827904,0.0132367536425591,0.0128506748005748,0.0112894037738442,0.00832565128803253,0.00841459538787603,0.00778964441269636
1017,2,0.00475444225594401,0.00510011846199632,0.00527566345408559,0.00539109297096729,0.00512768933549523,0.00513711897656322,0.00487099215388298,0.0041922046802938,0.00486907595768571,0.00405461806803942,0.00555121898651123,0.00600232137367129,0.00665388163179159,0.00662329094484448,0.00634096888825297,0.00587614672258496,0.00492448778823018,0.00452306913211942,0.00503835314884782,0.00350560178048909,0.00343414000235498,0.00410733744502068,0.00376811949536204,0.00394620001316071,0.00379969808273017,0.00381755479611456,0.00427822815254331,0.00454857386648655,0.00395638961344957,0.00418931851163507,0.0052522704936564,0.00517914118245244,0.00300694326870143,0.000372953101759776,0.00353658921085298,0.00149713398423046,0.0021048397757113,0.00252015748992562,0.000337385514285415,0.00100689544342458,0.000611953379120678,0.000903884239960462,0.0011179547291249,0.00131054839584976,0.00160116190090775,0.00180087948683649,0.0018322184914723,0.0013048256514594,0.00117268343456089,0.00118571368511766,0.0010133080650121,0.000904784712474793,0.0007874735747464,0.00095686933491379,0.000806339376140386,0.000720883719623089,0.000734926550649107
1017,4,0.00386087433435023,0.00444383919239044,0.00429365690797567,0.00467118015512824,0.00453899940475822,0.00459339888766408,0.00414947420358658,0.00406975671648979,0.00457243574783206,0.00393835781142116,0.00474840402603149,0.00464682979509234,0.00496478425338864,0.00499925622716546,0.00510541582480073,0.00434187473729253,0.00387777481228113,0.00375779182650149,0.00402604462578893,0.00344765582121909,0.00322667742148042,0.00402481621131301,0.00422522146254778,0.00445069652050734,0.00457280501723289,0.0049324375577271,0.00405161641538143,0.00264351419173181,0.00244394922628999,0.00274126487784088,0.00331824878230691,0.00285278121009469,0.00285665597766638,0.00237174658104777,0.00270343362353742,0.00289925676770508,0.0027780479285866,0.00278030522167683,0.00196455931290984,0.00186866766307503,0.00252512446604669,0.0022829242516309,0.00226192711852491,0.00183091883081943,0.00160284724552184,0.00170507642906159,0.00159431900829077,0.00152207119390368,0.00160535739269108,0.00159569398965687,0.00147192424628884,0.00153876247350127,0.00147378596011549,0.00140915554948151,0.0013340066652745,0.00129485875368118,0.0012010884238407
1017,5,0,0,2.99216571875149E-06,2.29940292229003E-06,2.27846840061829E-06,2.04795492209087E-06,2.29645102081122E-05,2.32897236855933E-05,2.93359771603718E-05,2.28781082114438E-05,2.85626992990728E-05,2.908005444624E-05,3.29176618834026E-05,3.9081340219127E-05,4.08466657972895E-05,3.92653964809142E-05,5.15230676683132E-05,9.10112139536068E-05,4.57542191725224E-05,5.49617325305007E-05,2.04645111807622E-05,3.35969452862628E-05,3.05149478663225E-05,2.71891367447097E-05,3.67169195669703E-05,1.91444778465666E-05,2.88419996650191E-05,3.00858064292697E-05,3.50074478774332E-05,9.38502034841804E-06,5.99072773184162E-05,3.13109703711234E-05,3.3886590244947E-05,3.31831070070621E-05,3.46640226780437E-05,3.25564978993498E-05,2.87206730718026E-05,2.06434033316327E-05,1.3628388842335E-05,1.60243125719717E-05,3.17578924295958E-05,2.92635722871637E-05,2.60591841652058E-05,1.91887993423734E-05,2.18581262743101E-05,7.92124556028284E-05,8.47395640448667E-05,8.6636260675732E-05,0.000131042266730219,0.000178616392076947,9.14285483304411E-05,5.95499077462591E-05,9.96646194835193E-05,8.39537460706197E-05,0.000172452331753448,0.000253914709901437,0.000263037247350439
1017,6,0.0010301050497219,0.0011824609246105,0.00114618486259133,0.00119156937580556,0.00118533510249108,0.00110747234430164,0.00114806985948235,0.00126823480241001,0.00129564583767205,0.00119229278061539,0.00135562114883214,0.00135720835532993,0.00149140111170709,0.00142937758937478,0.00146727147512138,0.00120286201126873,0.00108142616227269,0.00108625390566885,0.00140327040571719,0.00116954173427075,0.00117013708222657,0.00157383049372584,0.001552295521833,0.00184176920447499,0.0019301816355437,0.00220837467350066,0.00243379850871861,0.00230496958829463,0.00217733322642744,0.00284848595038056,0.00382506777532399,0.00330172921530902,0.00366987893357873,0.00275707268156111,0.00321452529169619,0.00325358123518527,0.00323543418198824,0.00298632285557687,0.00214060675352812,0.00198696344159544,0.00303394766524434,0.00276951561681926,0.00262963096611202,0.00207531172782183,0.00226953951641917,0.00241773738525808,0.0024938490241766,0.0024505618494004,0.00272557139396667,0.00278153852559626,0.00388802168890834,0.0038438574410975,0.00393548514693975,0.00409060111269355,0.00434765312820673,0.00471063842996955,0.00456236256286502
1017,7,0.0164227895438671,0.0170803647488356,0.0146854920312762,0.0120576871559024,0.011612263508141,0.012377517297864,0.0134909665212035,0.0138003304600716,0.0137999691069126,0.00997826736420393,0.00905939377844334,0.0130852954462171,0.0159596968442202,0.0141481701284647,0.0145625630393624,0.0153789184987545,0.0156619623303413,0.0136501248925924,0.0131193418055773,0.0155696142464876,0.0143868373706937,0.012704505585134,0.0134773207828403,0.0123801929876208,0.011897555552423,0.0113436710089445,0.00907570216804743,0.0100504858419299,0.00860391929745674,0.0106714842841029,0.00797686353325844,0.00860252697020769,0.00990527775138617,0.0069711278192699,0.00798820983618498,0.00933224055916071,0.00936951488256454,0.00990255642682314,0.00815220829099417,0.00815934129059315,0.0124405100941658,0.00999501161277294,0.00984659418463707,0.00795038882642984,0.00896227266639471,0.0116270054131746,0.0124713173136115,0.0138441929593682,0.012871727347374,0.01192940864712,0.0128411678597331,0.015997102484107,0.0155885964632034,0.0149494092911482,0.0126624936237931,0.0120360543951392,0.0121432505548
1017,8,0.000181549359695055,0.000192600447917357,0.000217534412513487,0.000207724922802299,0.000177870591869578,0.000175487701199017,0.0002047166635748,0.000199224436073564,0.000199895323021337,0.000229450743063353,0.000265171227511019,0.000340167200192809,0.000457158399512991,0.000537761021405458,0.000593880948144943,0.000599395600147545,0.000460164650576189,0.000364147272193804,0.000321635801810771,0.000312082847813144,0.000477464171126485,0.000332395953591913,0.000360089965397492,0.000306693691527471,0.000279877393040806,0.000225779731408693,0.000458085181890056,0.000403003767132759,0.000346948683727533,0.000255492923315614,0.000278134510153905,0.000275522557785735,0.000336346885887906,0.000192200270248577,0.000232654274441302,0.000262605579337105,0.000227245822316036,0.000156993031851016,0.000103918355307542,0.00011033227929147,0.000217003209399991,0.000207069053431042,0.000193360348930582,0.000150911713717505,0.000139253781526349,0.000183500655111857,0.000196707653230987,0.000210543119465001,0.000217691456782632,0.000215786029002629,0.000222887567360885,0.000204406489501707,0.000228363394853659,0.000224361137952656,0.000244407128775492,0.000243270391365513,0.000205897173145786
1017,9,0.00208019930869341,0.00208281027153134,0.00209214678034186,0.00206987396813929,0.00205797445960343,0.00207846006378531,0.00216779531911016,0.00209622154943645,0.0021442451979965,0.00199804431758821,0.00205175462178886,0.00209178170189261,0.00209806999191642,0.00214208476245403,0.00215173559263349,0.00217620329931378,0.0024372551124543,0.00243902881629765,0.00228857924230397,0.00264287157915533,0.00258569768629968,0.0022532818838954,0.00225517014041543,0.00225221808068454,0.00226596067659557,0.00222768122330308,0.00219906470738351,0.00189599033910781,0.00222769705578685,0.0019033377757296,0.00186576682608575,0.00187402463052422,0.00182478839997202,0.0016693586949259,0.00172047840896994,0.00175113929435611,0.0016409003874287,0.00154417322482914,0.00159898097626865,0.001636374858208,0.00148798315785825,0.00147141714114696,0.00145549280568957,0.00133867131080478,0.00150722509715706,0.00180087378248572,0.0015006389003247,0.00143788079731166,0.00176417885813862,0.00156948668882251,0.00152530474588275,0.00140809046570212,0.00149392057210207,0.00151946221012622,0.00153459014836699,0.00160077097825706,0.00141352892387658
1017,10,0.00854134652763605,0.00820569787174463,0.00833698362112045,0.00807250943034887,0.00796888768672943,0.00786646734923124,0.00745864026248455,0.00733314314857125,0.0101187666878104,0.00680951680988073,0.00673944083973765,0.00703487591817975,0.00724866660311818,0.00755054550245404,0.00693583069369197,0.00696172239258885,0.0066573373042047,0.00663347076624632,0.00677752820774913,0.00719870440661907,0.00764368148520589,0.00698794750496745,0.00734950508922338,0.00742263533174992,0.00646292837336659,0.0058858091942966,0.00526219652965665,0.00559975579380989,0.00566667411476374,0.00575142027810216,0.00529829086735845,0.00485061295330524,0.00499187596142292,0.00456199189648032,0.00425821589305997,0.00456277886405587,0.0042035598307848,0.00407372368499637,0.0040872422978282,0.00416461797431111,0.00407734652981162,0.00401111738756299,0.00401317421346903,0.00291875959374011,0.00213296199217439,0.00285168085247278,0.00366017874330282,0.00379014993086457,0.000800012552645057,0.00312549457885325,0.00340289436280727,0.00368568790145218,0.00393386092036963,0.00355691649019718,0.00296266004443169,0.00313649536110461,0.00244375946931541
1017,11,0.0308706574141979,0.020049225538969,0.0228378474712372,0.0231524873524904,0.0220268797129393,0.0198718179017305,0.0203813053667545,0.0202351603657007,0.00946863554418087,0.0120104402303696,0.00939369946718216,0.00804868713021278,0.00877710618078709,0.00956504140049219,0.011296191252768,0.0119134280830622,0.0130882486701012,0.0131808007135987,0.0123111726716161,0.0124674309045076,0.012554882094264,0.0130003094673157,0.0139829320833087,0.0140528548508883,0.0141229620203376,0.0143377585336566,0.0149545501917601,0.0155319003388286,0.0161742903292179,0.0154789332300425,0.0157277844846249,0.01407549995929,0.0147002786397934,0.0248634461313486,0.0138074429705739,0.0138484127819538,0.013972919434309,0.0148946745321155,0.0294941477477551,0.0275026597082615,0.0153958778828382,0.0151365529745817,0.015506143681705,0.0275278072804213,0.0257881693542004,0.0168614070862532,0.0202778559178114,0.0148173626512289,0.0168729815632105,0.0179349686950445,0.0181233771145344,0.0159763935953379,0.0174021627753973,0.01886404491961,0.019728310406208,0.0172547996044159,0.0229452196508646
1017,12,0,0,0,0,0,0,0,0,0,0,0,0,0,0,0,0,0,0,0,0,0,0,0,0,0,0,0,0,0,0,0,0.00760966213420033,0.00718220230191946,0.00846041925251484,0.00599185284227133,0.00629701279103756,0.00597126595675945,0.00589771708473563,0.0056563294492662,0.00583660928532481,0.00487105920910835,0.00459140306338668,0.00652449997141957,0.00359141291119158,0.00451563112437725,0.00279063568450511,0.00211465498432517,0.00617347378283739,0.00983333773910999,0.00103665015194565,0.00733816344290972,0.0134681649506092,0.0115829221904278,0.00997082330286503,0.00520865106955171,0.00374304014258087,0.0033559575676918
1017,13,0,0,0,0,0,0,0,0,0,0,0,0,0,0,0,0,0,0,0,0,0,0,0.00263106520287693,0.0026684224139899,0.00267685926519334,0.00301159685477614,0.00285263825207949,0.00286673498339951,0.00283932453021407,0.00248446757905185,0.00216836598701775,0.00196747062727809,0.00186794332694262,0.00190077151637524,0.0015934775583446,0.000917173747438937,0.0011496408842504,0.0017034315969795,0.00244108960032463,0.00263224169611931,0.00304130208678544,0.00311336619779468,0.00479716341942549,0.00632020086050034,0.00272823846898973,0.00403001019731164,0.00280027440749109,0.00232271291315556,0.00396962184458971,0.00509760156273842,0.00504550663754344,0.00522394524887204,0.00333516392856836,0.00130400701891631,0.00368447322398424,0.00369962328113616,0.00511085661128163
1017,14,0,0,0,0,0,0,0,0,0,0,0,0,0,0,0,0,0,0,0,0,0,0,0,0,0,0,0,0,0,0,0,0,0,0,0,0,0,0,0,0,0,0,0,0,0,0,0,0,0,8.62138585944194E-06,1.82484836841468E-05,2.6790601623361E-05,3.3131567761302E-05,4.16646835219581E-05,4.73681866424158E-05,4.95479107485153E-05,2.13930034078658E-05
1018,1,0,0,0,0,0,0,0,0,0,0,0,0,0,0,0,0,0,0,0,0,0,0,0,0,0,0,0,0,0,0,0,0,0,0,0,0.00164333137217909,0.00048701380728744,0.000704509962815791,0.000874606776051223,0.0011084598954767,0.00130136392544955,0.00127178651746362,0.00165767641738057,0.00174862856511027,0.00172652152832597,0.00170812243595719,0.0018740629311651,0.00200791843235493,0.00192386168055236,0.00177701015491039,0.00161902629770339,0.00160403514746577,0.00155725004151464,0.0013680545380339,0.00100890581961721,0.00101968413218856,0.0009439522982575
1018,2,0,0,0,0,0,0,0,5.56810991838574E-05,0.00011356059985701,0.000133356894366443,0.000208690893487073,0.000216502769035287,0.000162436990649439,0.000156947658979334,0.000340268772561103,0.000290277355816215,0.000367155182175338,0.000283392029814422,0.000155023881234229,0.000335328571964055,0.000389629509299994,0.000454108230769634,0.000293803954264149,0.000867024878971279,0.00140638672746718,0.00141400191932917,0.00205760961398482,0.00131295737810433,0.000871295516844839,0.000559188483748585,0.000753926346078515,0.000526616466231644,0.000427522492827848,0.000429230538429692,0.000672316586133093,0.00167708459775895,0.00210494012571871,0.000430718471761793,0.000160553376190364,4.54029395768885E-05,6.32650044281036E-05,0.000116685681859963,0.000265105132712051,0.000260786153376102,0.000216227810597047,0.000525009876582772,0.000180293296580203,0.000187438010470942,0.000259757885942236,0.000409377506002784,0.00018749522860162,0.000147468294017017,0.000159172923304141,0.000342317187460139,0.000235834944760427,0.000172622123500332,0.000362706166924909
1018,3,0.0117496401071548,0.0121655501425266,0.0117024797946215,0.0131218358874321,0.0132884113118052,0.0128652704879642,0.0200070273131132,0.0195007901638746,0.0150964390486479,0.0154255395755172,0.0141633441671729,0.0136757111176848,0.0128914900124073,0.0136136198416352,0.01224250998348,0.014070269651711,0.0123231401666999,0.0122492182999849,0.0131248021498322,0.0124960439279675,0.010102953761816,0.0101769044995308,0.01636559702456,0.0157673247158527,0.0130033614113927,0.0143224755302072,0.0130889089778066,0.0130765978246927,0.0142407258972526,0.0149456588551402,0.014975942671299,0.0180254280567169,0.0185830034315586,0.0177777837961912,0.00953598693013191,0.0168106090277433,0.00821360386908054,0.0160336829721928,0.0195435993373394,0.023122226819396,0.00810712669044733,0.00609844410791993,0.004535430110991,0.00477272691205144,0.0050458968617022,0.00524604972451925,0.00605208240449429,0.00735886627808213,0.0063254744745791,0.00889956671744585,0.00583585724234581,0.0047666747123003,0.00624354043975472,0.00859767664223909,0.00639299396425486,0.00515871029347181,0.00546430796384811
1018,4,0,0,0,0,0,0,0,0,0.00010951270814985,9.29032466956414E-05,9.90268308669329E-05,9.41842299653217E-05,8.94372351467609E-05,8.6307933088392E-05,8.43865200295113E-05,6.94577101967297E-05,7.07142462488264E-05,7.04911653883755E-05,6.62532766000368E-05,0.000170885512488894,0.000218175991903991,0.000209450357942842,0.000211297883652151,0.000494675943627954,0.000846710754558444,0.00120131624862552,0.0012430117931217,0.00106976751703769,0.000752835825551301,0.000541013781912625,0.000696205243002623,0.000552054902072996,0.00049918913282454,0.000474819127703086,0.000679001328535378,0.000842401932459325,0.000692495086695999,0.000441357959061861,0.000179767710505985,4.35360670962837E-05,4.14621608797461E-05,0.00012977875303477,0.000140642368933186,0.000148983192048036,0.000134638088638894,0.00035576758091338,0.000331355608068407,0.000744596356526017,0.000538763648364693,0.000627096742391586,0.00180628499947488,0.00257428968325257,0.00141740194521844,0.00109865993726999,0.000586317968554795,0.000491063867229968,0.000321406492730603
1018,5,0,0,0,0,0,0,0,0,0,0,0,0,0,0,0,0,0,0,0,0,0,0,0,0,0,0,0,0,0,0,0,0,0,0,0,0.000177289155544713,0.000105130071460735,0.00011600814468693,0.000140611329698004,0.000164242592290975,0.000179678900167346,0.000197248358745128,0.000198542737052776,0.000213997307582758,0.000308605609461665,0.00045089001650922,0.000595887657254934,0.000722151889931411,0.000813386519439518,0.000608295842539519,0.000458287278888747,0.000435016234405339,0.000542670139111578,0.000622932566329837,0.000433338951552287,0.000272019969997928,0.000314335571601987
1018,6,0.000116840921691619,0.000132065761135891,0.000121045428386424,0.000174231172422878,0.000169514591107145,0.000155249683302827,0.000147466504131444,0.000149917686940171,0.000147673665196635,0.000137923765578307,0.000137803057441488,0.000131010441691615,0.000120917517051566,0.000112761968921404,0.000104983431810979,5.81369204155635E-05,5.04249328514561E-05,5.54473044758197E-05,4.43293829448521E-05,5.49514479644131E-05,3.48756584571674E-05,3.55313459294848E-05,2.16802982322406E-05,9.30224923649803E-05,0.000157613379997201,0.000177419206011109,0.000225169642362744,0.000157329981448129,0.00011738199100364,8.18204352981411E-05,0.000112186506157741,9.13715775823221E-05,8.44451787997968E-05,8.08497934485786E-05,0.000123413090477698,0.000232759441132657,0.000275554484687746,6.89562148181722E-05,3.47484347003046E-05,1.11172166725737E-05,1.41905593409319E-05,2.39352739299648E-05,0.000108079715573695,9.28282461245544E-05,8.20342756924219E-05,0.000138161471113563,0.000114254427899141,6.09918788541108E-05,6.25805332674645E-05,5.38173007953446E-05,7.04873964423314E-05,9.45197316468693E-05,7.78976100264117E-05,0.000118441224913113,9.53836788539775E-05,8.36050967336632E-05,9.50621033553034E-05
1018,7,0.000642083876300603,0.000736046815291047,0.000703069439623505,0.000782613176852465,0.000787245924584568,0.000703812285792083,0.000743770855478942,0.00090287730563432,0.00180683517828584,0.00121239142026752,0.00189578114077449,0.00234386138617992,0.00344426883384585,0.00394032895565033,0.00391959631815553,0.00503997784107924,0.00527443736791611,0.00587265519425273,0.00696619134396315,0.00819901097565889,0.00994541961699724,0.00999972131103277,0.00706484075635672,0.00673300679773092,0.00698092626407743,0.00685341423377395,0.0070979306474328,0.00827779527753592,0.00655850488692522,0.00925222225487232,0.0121412891894579,0.0142936585471034,0.0161072257906199,0.0165317263454199,0.0151565317064524,0.0206085797399282,0.0248922556638718,0.0270746070891619,0.0247061736881733,0.018840478733182,0.0214984584599733,0.0214754417538643,0.0228059515357018,0.0201786328107119,0.0193201769143343,0.0173201318830252,0.0157080069184303,0.015062065795064,0.0141165163367987,0.0118337944149971,0.0114975599572062,0.0138241490349174,0.0138755170628428,0.011671525426209,0.0130409803241491,0.0133335646241903,0.0131805278360844
1018,8,0.000746567966416478,0.000679426011629403,0.000785497773904353,0.000678569194860756,0.000627636618446559,0.000594010867644101,0.0014074498321861,0.00133308744989336,0.00119349872693419,0.00122268288396299,0.00107912078965455,0.00120204186532646,0.00120636471547186,0.00106464617419988,0.00093014317099005,0.000906044617295265,0.00100891652982682,0.000834427657537162,0.000640606798697263,0.000745079712942243,0.000605580338742584,0.000558563624508679,0.000578244857024401,0.000390248984331265,0.000345979817211628,0.000335850898409262,0.000288170762360096,0.000300967192742974,0.000437889335444197,0.000433547887951136,0.000319531973218545,0.00045043820864521,0.0004312006640248,0.000421853270381689,0.000239146160311066,0.000112665729830042,5.22731934324838E-05,0.000150484585901722,0.000363497878424823,0.00053469417616725,0.000340988801326603,0.000137390365125611,3.25410837831441E-05,1.35737791424617E-05,1.25685683087795E-05,8.22900165076135E-06,7.01321141605149E-06,7.72955536376685E-06,7.9688416008139E-06,6.09836524745333E-06,4.1591692934162E-06,8.68534243636532E-06,1.3617647709907E-05,1.37266179081053E-05,9.22733488550875E-06,1.36341805045959E-05,6.90432425471954E-05
1018,9,0,0,0,0,0,0,0,0,0,0,0,0,0,0,0,0,0,0,0,0,0,0,0,0,0,0,0,0,0,0,0,0,0,0,0,0,0,0,0,0,0,0,0,0,0,0,0,0,6.85708391756634E-06,4.48042919742875E-05,7.93434446677566E-05,7.42879492463544E-05,0.000103028127341531,0.000113865149614867,6.20614664512686E-05,4.95051026518922E-05,0.000229870202019811
1018,10,0,0,0,0,0,0,0,0,0,0,0,0,0,0,0.000976257317233831,0.000404400809202343,0.000306513364193961,0.000798158929683268,0.000787075841799378,0.000805507472250611,0.000826212926767766,0.000617730664089322,0.000466578465420753,0.000749228987842798,0.000585441826842725,0.000171429172041826,7.4663752457127E-05,4.31052503699902E-05,3.79991906811483E-05,2.94765777653083E-05,2.28268636419671E-05,1.18259540613508E-05,9.99108306132257E-06,2.47475109063089E-05,9.163605136564E-05,8.09214543551207E-05,8.14847662695684E-05,3.25266264553647E-05,9.67111918726005E-06,1.24301805044524E-05,1.66029058163986E-05,1.10230621430674E-05,7.78551748226164E-06,0.000720679468940943,9.54172064666636E-05,0.000184101649210788,0.000456845649750903,0.000636844779364765,0.000837479601614177,0.000908292480744421,0.000997787341475487,0.000767541932873428,0.0010304469615221,0.00119810842443258,0.000583787681534886,0.000583163287956268,0.000361670710844919
1018,11,0.0233561303466558,0.0203792210668325,0.0239812918007374,0.0218719020485878,0.0207324549555779,0.0187121611088514,0.00950340274721384,0.00995014235377312,0.0045255902223289,0.00493871280923486,0.00483097042888403,0.00412455294281244,0.00446592783555388,0.00392901059240103,0.00424561835825443,0.0042775385081768,0.00543180480599403,0.00552772544324398,0.004410354886204,0.0049337656237185,0.00468314485624433,0.00469227833673358,0.00506149232387543,0.00384808494709432,0.00371968885883689,0.00400219112634659,0.00399468978866935,0.00494868773967028,0.00701985694468021,0.00772388419136405,0.00620423909276724,0.00639503914862871,0.00584324728697538,0.00523459073156118,0.00391942542046309,0.00227589718997478,0.00185788772068918,0.002879275707528,0.00557703664526343,0.00818969868123531,0.00656265439465642,0.00374832702800632,0.001666777767241,0.00159268651623279,0.00183115026447922,0.00199008313938975,0.00174476241227239,0.000549254880752414,0.000736757006961852,0.00152775819879025,0.000971211586147547,0.0014168459456414,0.00127178488764912,0.00175230321474373,0.00224606366828084,0.00212734239175916,0.00249908794648945
1019,1,0,0,0,0,0,0,0,0,0,0,0,0,0,0,0,0,0,0,0,0,0,0,0,0,0,0,0,0,0,0,0,0,0,0,0,0.00164333137217909,0.00048701380728744,0.000704509962815791,0.000874606776051223,0.0011084598954767,0.00130136392544955,0.00127178651746362,0.00165767641738057,0.00174862856511027,0.00172652152832597,0.00170812243595719,0.0018740629311651,0.00200791843235493,0.00192386168055236,0.00177701015491039,0.00161902629770339,0.00160403514746577,0.00155725004151464,0.0013680545380339,0.00100890581961721,0.00101968413218856,0.0009439522982575
1019,2,0,0,0,0,0,0,0,5.56810991838574E-05,0.00011356059985701,0.000133356894366443,0.000208690893487073,0.000216502769035287,0.000162436990649439,0.000156947658979334,0.000340268772561103,0.000290277355816215,0.000367155182175338,0.000283392029814422,0.000155023881234229,0.000335328571964055,0.000389629509299994,0.000454108230769634,0.000293803954264149,0.000867024878971279,0.00140638672746718,0.00141400191932917,0.00205760961398482,0.00131295737810433,0.000871295516844839,0.000559188483748585,0.000753926346078515,0.000526616466231644,0.000427522492827848,0.000429230538429692,0.000672316586133093,0.00167708459775895,0.00210494012571871,0.000430718471761793,0.000160553376190364,4.54029395768885E-05,6.32650044281036E-05,0.000116685681859963,0.000265105132712051,0.000260786153376102,0.000216227810597047,0.000525009876582772,0.000180293296580203,0.000187438010470942,0.000259757885942236,0.000409377506002784,0.00018749522860162,0.000147468294017017,0.000159172923304141,0.000342317187460139,0.000235834944760427,0.000172622123500332,0.000362706166924909
1019,3,0.0117496401071548,0.0121655501425266,0.0117024797946215,0.0131218358874321,0.0132884113118052,0.0128652704879642,0.0200070273131132,0.0195007901638746,0.0150964390486479,0.0154255395755172,0.0141633441671729,0.0136757111176848,0.0128914900124073,0.0136136198416352,0.01224250998348,0.014070269651711,0.0123231401666999,0.0122492182999849,0.0131248021498322,0.0124960439279675,0.010102953761816,0.0101769044995308,0.01636559702456,0.0157673247158527,0.0130033614113927,0.0143224755302072,0.0130889089778066,0.0130765978246927,0.0142407258972526,0.0149456588551402,0.014975942671299,0.0180254280567169,0.0185830034315586,0.0177777837961912,0.00953598693013191,0.0168106090277433,0.00821360386908054,0.0160336829721928,0.0195435993373394,0.023122226819396,0.00810712669044733,0.00609844410791993,0.004535430110991,0.00477272691205144,0.0050458968617022,0.00524604972451925,0.00605208240449429,0.00735886627808213,0.0063254744745791,0.00889956671744585,0.00583585724234581,0.0047666747123003,0.00624354043975472,0.00859767664223909,0.00639299396425486,0.00515871029347181,0.00546430796384811
1019,4,0,0,0,0,0,0,0,0,0.00010951270814985,9.29032466956414E-05,9.90268308669329E-05,9.41842299653217E-05,8.94372351467609E-05,8.6307933088392E-05,8.43865200295113E-05,6.94577101967297E-05,7.07142462488264E-05,7.04911653883755E-05,6.62532766000368E-05,0.000170885512488894,0.000218175991903991,0.000209450357942842,0.000211297883652151,0.000494675943627954,0.000846710754558444,0.00120131624862552,0.0012430117931217,0.00106976751703769,0.000752835825551301,0.000541013781912625,0.000696205243002623,0.000552054902072996,0.00049918913282454,0.000474819127703086,0.000679001328535378,0.000842401932459325,0.000692495086695999,0.000441357959061861,0.000179767710505985,4.35360670962837E-05,4.14621608797461E-05,0.00012977875303477,0.000140642368933186,0.000148983192048036,0.000134638088638894,0.00035576758091338,0.000331355608068407,0.000744596356526017,0.000538763648364693,0.000627096742391586,0.00180628499947488,0.00257428968325257,0.00141740194521844,0.00109865993726999,0.000586317968554795,0.000491063867229968,0.000321406492730603
1019,5,0,0,0,0,0,0,0,0,0,0,0,0,0,0,0,0,0,0,0,0,0,0,0,0,0,0,0,0,0,0,0,0,0,0,0,0.000177289155544713,0.000105130071460735,0.00011600814468693,0.000140611329698004,0.000164242592290975,0.000179678900167346,0.000197248358745128,0.000198542737052776,0.000213997307582758,0.000308605609461665,0.00045089001650922,0.000595887657254934,0.000722151889931411,0.000813386519439518,0.000608295842539519,0.000458287278888747,0.000435016234405339,0.000542670139111578,0.000622932566329837,0.000433338951552287,0.000272019969997928,0.000314335571601987
1019,6,0.000116840921691619,0.000132065761135891,0.000121045428386424,0.000174231172422878,0.000169514591107145,0.000155249683302827,0.000147466504131444,0.000149917686940171,0.000147673665196635,0.000137923765578307,0.000137803057441488,0.000131010441691615,0.000120917517051566,0.000112761968921404,0.000104983431810979,5.81369204155635E-05,5.04249328514561E-05,5.54473044758197E-05,4.43293829448521E-05,5.49514479644131E-05,3.48756584571674E-05,3.55313459294848E-05,2.16802982322406E-05,9.30224923649803E-05,0.000157613379997201,0.000177419206011109,0.000225169642362744,0.000157329981448129,0.00011738199100364,8.18204352981411E-05,0.000112186506157741,9.13715775823221E-05,8.44451787997968E-05,8.08497934485786E-05,0.000123413090477698,0.000232759441132657,0.000275554484687746,6.89562148181722E-05,3.47484347003046E-05,1.11172166725737E-05,1.41905593409319E-05,2.39352739299648E-05,0.000108079715573695,9.28282461245544E-05,8.20342756924219E-05,0.000138161471113563,0.000114254427899141,6.09918788541108E-05,6.25805332674645E-05,5.38173007953446E-05,7.04873964423314E-05,9.45197316468693E-05,7.78976100264117E-05,0.000118441224913113,9.53836788539775E-05,8.36050967336632E-05,9.50621033553034E-05
1019,7,0.000642083876300603,0.000736046815291047,0.000703069439623505,0.000782613176852465,0.000787245924584568,0.000703812285792083,0.000743770855478942,0.00090287730563432,0.00180683517828584,0.00121239142026752,0.00189578114077449,0.00234386138617992,0.00344426883384585,0.00394032895565033,0.00391959631815553,0.00503997784107924,0.00527443736791611,0.00587265519425273,0.00696619134396315,0.00819901097565889,0.00994541961699724,0.00999972131103277,0.00706484075635672,0.00673300679773092,0.00698092626407743,0.00685341423377395,0.0070979306474328,0.00827779527753592,0.00655850488692522,0.00925222225487232,0.0121412891894579,0.0142936585471034,0.0161072257906199,0.0165317263454199,0.0151565317064524,0.0206085797399282,0.0248922556638718,0.0270746070891619,0.0247061736881733,0.018840478733182,0.0214984584599733,0.0214754417538643,0.0228059515357018,0.0201786328107119,0.0193201769143343,0.0173201318830252,0.0157080069184303,0.015062065795064,0.0141165163367987,0.0118337944149971,0.0114975599572062,0.0138241490349174,0.0138755170628428,0.011671525426209,0.0130409803241491,0.0133335646241903,0.0131805278360844
1019,8,0.000746567966416478,0.000679426011629403,0.000785497773904353,0.000678569194860756,0.000627636618446559,0.000594010867644101,0.0014074498321861,0.00133308744989336,0.00119349872693419,0.00122268288396299,0.00107912078965455,0.00120204186532646,0.00120636471547186,0.00106464617419988,0.00093014317099005,0.000906044617295265,0.00100891652982682,0.000834427657537162,0.000640606798697263,0.000745079712942243,0.000605580338742584,0.000558563624508679,0.000578244857024401,0.000390248984331265,0.000345979817211628,0.000335850898409262,0.000288170762360096,0.000300967192742974,0.000437889335444197,0.000433547887951136,0.000319531973218545,0.00045043820864521,0.0004312006640248,0.000421853270381689,0.000239146160311066,0.000112665729830042,5.22731934324838E-05,0.000150484585901722,0.000363497878424823,0.00053469417616725,0.000340988801326603,0.000137390365125611,3.25410837831441E-05,1.35737791424617E-05,1.25685683087795E-05,8.22900165076135E-06,7.01321141605149E-06,7.72955536376685E-06,7.9688416008139E-06,6.09836524745333E-06,4.1591692934162E-06,8.68534243636532E-06,1.3617647709907E-05,1.37266179081053E-05,9.22733488550875E-06,1.36341805045959E-05,6.90432425471954E-05
1019,9,0,0,0,0,0,0,0,0,0,0,0,0,0,0,0,0,0,0,0,0,0,0,0,0,0,0,0,0,0,0,0,0,0,0,0,0,0,0,0,0,0,0,0,0,0,0,0,0,6.85708391756634E-06,4.48042919742875E-05,7.93434446677566E-05,7.42879492463544E-05,0.000103028127341531,0.000113865149614867,6.20614664512686E-05,4.95051026518922E-05,0.000229870202019811
1019,10,0,0,0,0,0,0,0,0,0,0,0,0,0,0,0.000976257317233831,0.000404400809202343,0.000306513364193961,0.000798158929683268,0.000787075841799378,0.000805507472250611,0.000826212926767766,0.000617730664089322,0.000466578465420753,0.000749228987842798,0.000585441826842725,0.000171429172041826,7.4663752457127E-05,4.31052503699902E-05,3.79991906811483E-05,2.94765777653083E-05,2.28268636419671E-05,1.18259540613508E-05,9.99108306132257E-06,2.47475109063089E-05,9.163605136564E-05,8.09214543551207E-05,8.14847662695684E-05,3.25266264553647E-05,9.67111918726005E-06,1.24301805044524E-05,1.66029058163986E-05,1.10230621430674E-05,7.78551748226164E-06,0.000720679468940943,9.54172064666636E-05,0.000184101649210788,0.000456845649750903,0.000636844779364765,0.000837479601614177,0.000908292480744421,0.000997787341475487,0.000767541932873428,0.0010304469615221,0.00119810842443258,0.000583787681534886,0.000583163287956268,0.000361670710844919
1019,11,0.0233561303466558,0.0203792210668325,0.0239812918007374,0.0218719020485878,0.0207324549555779,0.0187121611088514,0.00950340274721384,0.00995014235377312,0.0045255902223289,0.00493871280923486,0.00483097042888403,0.00412455294281244,0.00446592783555388,0.00392901059240103,0.00424561835825443,0.0042775385081768,0.00543180480599403,0.00552772544324398,0.004410354886204,0.0049337656237185,0.00468314485624433,0.00469227833673358,0.00506149232387543,0.00384808494709432,0.00371968885883689,0.00400219112634659,0.00399468978866935,0.00494868773967028,0.00701985694468021,0.00772388419136405,0.00620423909276724,0.00639503914862871,0.00584324728697538,0.00523459073156118,0.00391942542046309,0.00227589718997478,0.00185788772068918,0.002879275707528,0.00557703664526343,0.00818969868123531,0.00656265439465642,0.00374832702800632,0.001666777767241,0.00159268651623279,0.00183115026447922,0.00199008313938975,0.00174476241227239,0.000549254880752414,0.000736757006961852,0.00152775819879025,0.000971211586147547,0.0014168459456414,0.00127178488764912,0.00175230321474373,0.00224606366828084,0.00212734239175916,0.00249908794648945
1020,2,0.0451237745583057,0.0392838418483734,0.0414279513061047,0.040492057800293,0.0585198774933815,0.0693146660923958,0.0786903724074364,0.0818224772810936,0.0423849038779736,0.105068914592266,0.065309926867485,0.0477220378816128,0.0544460639357567,0.0547200851142406,0.0585655346512794,0.0594518482685089,0.0627860724925995,0.0632656812667847,0.0639573410153389,0.0569346696138382,0.0557367354631424,0.0557988323271275,0.0538890920579433,0.0514281243085861,0.0516476258635521,0.051800474524498,0.047568503767252,0.0462898500263691,0.0432486310601234,0.0408837497234344,0.0381002612411976,0.0385279655456543,0.0340535268187523,0.0307548455893993,0.0283912178128958,0.0257489867508411,0.0237676724791527,0.0226575620472431,0.02060292288661,0.0188154615461826,0.0186788253486156,0.0179777797311544,0.0165593773126602,0.0154644418507814,0.0157007519155741,0.0151062775403261,0.0134279597550631,0.01356459595263,0.0129585303366184,0.013983016833663,0.0128107406198978,0.0123267779126763,0.0116315437480807,0.0141336396336555,0.0119102047756314,0.0106479646638036,0.0108553869649768
1020,3,0,0,0,0,0,0,0,0,0,0,0,0,0,0,0,0,0,0,0,0,0,0,0,0,0,0,0,0,0,0,0,0,0,0,0,0,0,0,0,0.00512392912060022,0.00476386165246367,0.00190709508024156,0.000995772890746593,0.00025486879167147,0.000461447460111231,0.000336861819960177,0.000214256710023619,0.000188961086678319,0.000168540747836232,0.000152409978909418,0.000135788417537697,0.000114375085104257,0.000415873859310523,0.00132513663265854,0.00120194815099239,0.000926944601815194,0.000774098967667669
1020,4,0.170194447040558,0.164081051945686,0.173319116234779,0.160721972584724,0.18204228579998,0.164826467633247,0.155532225966454,0.131276026368141,0.131004929542542,0.127556279301643,0.12486008554697,0.121644824743271,0.118348017334938,0.116801530122757,0.122090198099613,0.141635820269585,0.147934928536415,0.150803282856941,0.144369035959244,0.130043640732765,0.140398815274239,0.141237586736679,0.138852208852768,0.13767521083355,0.133978098630905,0.118089243769646,0.114835754036903,0.12380526214838,0.119285605847836,0.114883288741112,0.128578260540962,0.11779410392046,0.113374501466751,0.122786737978458,0.119020767509937,0.115886814892292,0.1099883466959,0.109512202441692,0.107175186276436,0.102537497878075,0.0993811637163162,0.0908935144543648,0.089631050825119,0.0905016288161278,0.0906585156917572,0.0975423827767372,0.083718977868557,0.0807640552520752,0.0801239833235741,0.0799886882305145,0.0739183500409126,0.075045071542263,0.0743439421057701,0.0713220313191414,0.065652571618557,0.0660687834024429,0.0655771419405937
1020,5,0.0143795982003212,0.00180015666410327,0.000414181326050311,0.000239444721955806,0.0022688910830766,0.00117898359894753,0.00200845487415791,0.00128494412638247,0.0010345057817176,0.0011779690394178,0.00150116032455117,0.000953860930167139,0.00850781984627247,0.00325661501847208,0.033151276409626,0.0333777070045471,0.0304659251123667,0.0395831800997257,0.04098105058074,0.0271386094391346,0.031585581600666,0.0251375660300255,0.0174746327102184,0.00977048743516207,0.0139736132696271,0.00876638479530811,0.00315818749368191,0.00441492535173893,0.0033696461468935,0.00315644615329802,0.00340335327200592,0.00307086436077952,0.00352106313221157,0.0051643350161612,0.00437371805310249,0.00592942768707871,0.0123085156083107,0.015156839042902,0.0100574027746916,0.00786939542740583,0.00676653813570738,0.00364881567656994,0.0106812370941043,0.01066227350384,0.0207211300730705,0.0255643762648106,0.0224540550261736,0.0391433648765087,0.0400072261691093,0.0381675437092781,0.0318680219352245,0.0343267247080803,0.0249254330992699,0.0184135772287846,0.0165103543549776,0.0254105925559998,0.0183761958032846
1020,6,0.0927503108978271,0.0898940339684486,0.0935419499874115,0.0948849394917488,0.1032879576087,0.104713477194309,0.104481168091297,0.0914109796285629,0.087038516998291,0.0910631418228149,0.0845714956521988,0.0850202813744545,0.0848192051053047,0.0845499262213707,0.0850082337856293,0.103592947125435,0.100273095071316,0.0978782922029495,0.0962974280118942,0.0862811282277107,0.0962533056735992,0.0947986766695976,0.0954675152897835,0.0941009521484375,0.0907772779464722,0.0811152309179306,0.076535239815712,0.0801549106836319,0.0739864408969879,0.068929098546505,0.0634878501296043,0.0663163959980011,0.0642864555120468,0.0698010474443436,0.0634909942746162,0.0634055957198143,0.065662294626236,0.0647947788238525,0.0686991959810257,0.0633339956402779,0.0521921999752522,0.0534708239138126,0.0538130179047585,0.0499872490763664,0.0505131669342518,0.0488549172878265,0.0462086722254753,0.0458715371787548,0.0480854548513889,0.055644441395998,0.065825529396534,0.0644593015313149,0.0706477612257004,0.0652548372745514,0.0703194141387939,0.068615511059761,0.0649577677249908
1020,7,0.00224620918743312,0.00256154011003673,0.00292846607044339,0.00244721700437367,0.0031669307500124,0.00360949779860675,0.00322883273474872,0.00345106306485832,0.00457025598734617,0.00452978163957596,0.00437052734196186,0.00497874757274985,0.00416985992342234,0.00410920381546021,0.00345425656996667,0.0035658257547766,0.00234480458311737,0.00322746019810438,0.0034964238293469,0.00275571621023119,0.00268714432604611,0.00239877658896148,0.0026703285984695,0.00249336403794587,0.00446678185835481,0.00538514321669936,0.00657688081264496,0.00822197832167149,0.0232092663645744,0.011378325521946,0.0127520244568586,0.0118661895394325,0.0143141942098737,0.0247800946235657,0.0286491010338068,0.0257955957204103,0.0121612288057804,0.00934959668666124,0.0102566136047244,0.0125548420473933,0.0190853495150805,0.0231141336262226,0.0251521542668343,0.0291261188685894,0.0148146171122789,0.0137008810415864,0.0164116453379393,0.00840247608721256,0.0146094588562846,0.0240151938050985,0.0385487452149391,0.029637660831213,0.0232498236000538,0.019951406866312,0.0203182883560658,0.0159567669034004,0.0148027390241623
1020,8,0.0649036914110184,0.090057797729969,0.0584074929356575,0.0664650201797485,0.0480267405509949,0.053116075694561,0.0573842152953148,0.0421150401234627,0.0237215515226126,0.0414339862763882,0.0483643040060997,0.0482518821954727,0.0380655229091644,0.0351701155304909,0.0380608104169369,0.0477530434727669,0.0673288777470589,0.0795620456337929,0.088474839925766,0.0807333365082741,0.073447659611702,0.0788030922412872,0.0749363303184509,0.0806349292397499,0.0902559235692024,0.0838712453842163,0.0838939771056175,0.105359084904194,0.12210451066494,0.12738661468029,0.138241678476334,0.118249960243702,0.125353112816811,0.137339010834694,0.139752388000488,0.140681535005569,0.14115110039711,0.156334206461906,0.153751477599144,0.160150602459908,0.167200013995171,0.17108678817749,0.157050997018814,0.158697947859764,0.152763158082962,0.159716725349426,0.166925236582756,0.162848070263863,0.159042119979858,0.145520031452179,0.125174924731255,0.132914751768112,0.124274127185345,0.135277733206749,0.127067267894745,0.128933548927307,0.141908228397369
1020,10,0.186222836375237,0.186216503381729,0.183627873659134,0.186732336878777,0.18089933693409,0.175341591238976,0.163326635956764,0.157391130924225,0.0749149844050407,0.120082929730415,0.106759041547775,0.0991466492414474,0.0903444364666939,0.0821379274129868,0.103436969220638,0.100135892629623,0.0921827927231789,0.0886573195457459,0.0872709155082703,0.089151918888092,0.0979071632027626,0.0921585857868195,0.0995840206742287,0.103135578334332,0.0917592421174049,0.0852647721767426,0.0953577905893326,0.110052339732647,0.119636312127113,0.129429548978806,0.126068621873856,0.121379420161247,0.109086349606514,0.0972971841692925,0.0886876732110977,0.0927197337150574,0.0833919569849968,0.0789418965578079,0.0773055031895638,0.0769252255558968,0.0735906884074211,0.0706887468695641,0.0795325562357903,0.0662343949079514,0.0566151738166809,0.0560847222805023,0.0571950413286686,0.0578264705836773,0.0576181150972843,0.0558010749518871,0.0553721711039543,0.0544793754816055,0.0532676391303539,0.0540036484599113,0.0492759607732296,0.0492484755814075,0.0514262430369854
1020,11,0,0,0,0,0,0,0,0,0.178057119250298,0.19028140604496,0.193470239639282,0.203079521656036,0.191934838891029,0.163776502013206,0.135152101516724,0.139245137572289,0.149186566472054,0.146932244300842,0.133991628885269,0.132278650999069,0.130930826067925,0.132371738553047,0.139093637466431,0.136642098426819,0.134055808186531,0.132935464382172,0.135408833622932,0.137179881334305,0.139526471495628,0.140232622623444,0.139109686017036,0.1216024979949,0.115327462553978,0.0990157201886177,0.103368118405342,0.101330451667309,0.0998534485697746,0.104021906852722,0.100079864263535,0.091226190328598,0.100197046995163,0.0961822122335434,0.0963386669754982,0.0948026701807976,0.0949964001774788,0.0976727902889252,0.0970501303672791,0.0957692861557007,0.0947465896606445,0.0947246849536896,0.093500167131424,0.080560177564621,0.0857341811060905,0.0908551290631294,0.0928593277931213,0.0793489217758179,0.0753081515431404
1020,14,0,0,0,0,0,0,0,0,0,0,0,0,0,0,0,0,0,0,0,0,0,0,0,0,0,0,0.00440067751333117,0.00514183798804879,0.00459797075018287,0.00388757255859673,0.00353614171035588,0.00260674790479243,0.00211163936182857,0.0010953398887068,0.00108246924355626,0.00138137920293957,0.00105894135776907,0.000401287863496691,0.000820932211354375,0.000961137760896236,0.000678286305628717,0.000596435740590096,0.000514836574438959,0.000522040005307645,0.000492104445584118,0.00055057171266526,0.000703372992575169,0.000933603732846677,0.00158801185898483,0.00157172430772334,0.00150036381091923,0.0015232803998515,0.00140170415397733,0.000761784263886511,0.00071763526648283,0.000640830025076866,0.000646170694380999
1021,3,0,0,0,0,0,0,0,0,0,0,0,0,0,0,0,0,0,0,0,0,0,0,0,0,0,0,0,0,0,0,0,0,0,0,0,0,0,0,0,0,0,0,0,0,0,0,0,0,0,0,0,0,0,0,0.000321209779940546,0.00011914674541913,0.000313370575895533
1021,5,0.000144389210618101,9.15690325200558E-05,7.12032342562452E-05,5.09805322508328E-05,3.3456370147178E-05,1.39428620968829E-05,7.88823126640636E-06,2.37685048887215E-06,2.57754836638924E-05,4.97031287522987E-05,3.17704252665862E-05,0.000161562536959536,5.80762680328917E-05,0.000128880375996232,0.000177483496372588,0.000263353838818148,0.000260934786638245,0.000353165523847565,0.000384823739295825,0.000440210831584409,0.000483387557324022,0.000493774015922099,0.000502878276165575,0.000565744296181947,0.000578322622459382,0.000530299090314657,0.000581791449803859,0.000598641694523394,0.000598186103161424,0.00060692650731653,0.000600704574026167,0.000645528256427497,0.000633914489299059,0.000676137919072062,0.000615631754044443,0.000653999450150877,0.00902819726616144,0.0174823459237814,0.00861808191984892,0.00179600238334388,0.00249543855898082,0.00319458125159144,0.00136518315412104,0.0011586801847443,0.000906212721019983,0.000798076798673719,0.000713333254680038,0.000618582416791469,0.000513170729391277,0.000411826040362939,0.000344143132679164,0.000351691152900457,0.000318839796818793,0.000317237223498523,0.000430034240707755,0.000557863153517246,0.000573679513763636
1021,6,0.0276501644402742,0.027223315089941,0.0265007223933935,0.0265613552182913,0.0254257377237082,0.0236408915370703,0.0233956780284643,0.0244906805455685,0.0248780325055122,0.0237935371696949,0.0245057847350836,0.0241936948150396,0.0230417586863041,0.020996168255806,0.0212601125240326,0.0195130445063114,0.0200358852744102,0.0201576706022024,0.0193886831402779,0.0192182473838329,0.0179449152201414,0.0167776644229889,0.016042260453105,0.0166286937892437,0.0161095764487982,0.0137664387002587,0.0142561746761203,0.0148567585274577,0.0139971524477005,0.0143419271335006,0.0153863904997706,0.0154710337519646,0.0117239914834499,0.0100377947092056,0.0101002585142851,0.00946422107517719,0.0102825332432985,0.0105337342247367,0.011452722363174,0.0111683588474989,0.00928806141018867,0.00980250351130962,0.00971724931150675,0.0103373331949115,0.0112120117992163,0.0136052388697863,0.0125490631908178,0.0144952526316047,0.013490816578269,0.0125340400263667,0.0111901564523578,0.0125910090282559,0.0130610624328256,0.0109292473644018,0.0111719146370888,0.012778670527041,0.013875424861908
1021,7,0.00449241837486625,0.00512308022007346,0.00585693214088678,0.00489443400874734,0.0063338615000248,0.00721899559721351,0.00645766546949744,0.00690212612971663,0.00914051197469234,0.00905956327915192,0.00874105468392372,0.00995749514549971,0.00833971984684467,0.00821840763092041,0.00690851313993335,0.00713165150955319,0.00468960916623473,0.00645492039620876,0.00699284765869379,0.00551143242046237,0.00537428865209222,0.00479755317792296,0.00531969964504242,0.00493619590997696,0.00533712841570377,0.00662073446437716,0.00903967395424843,0.0100078042596579,0.0100213075056672,0.00936787575483322,0.0107772005721927,0.0119642894715071,0.0123594915494323,0.0178659185767174,0.0170569960027933,0.0212332122027874,0.0140696559101343,0.00693061435595155,0.00734117673709989,0.00892631057649851,0.010741775855422,0.00807665102183819,0.00767315551638603,0.00655777426436543,0.00491018546745181,0.00486654182896018,0.0060069584287703,0.00524270115420222,0.00656492216512561,0.00853182654827833,0.010374590754509,0.010858915746212,0.0112212272360921,0.011519662104547,0.00982626434415579,0.00904169399291277,0.00766509398818016
1021,8,0.00183495681267232,0.00262714037671685,0.00217115273699164,0.00315352878533304,0.00190581544302404,0.00121319852769375,0.00103662256151438,0.00155068037565798,0.00110267871059477,0.00388691457919776,0.00442162249237299,0.00404106127098203,0.00697447126731277,0.0141034787520766,0.010480753146112,0.00751442648470402,0.00358624360524118,0.00269810319878161,0.00741892401129007,0.00962685607373714,0.0119630480185151,0.0139604192227125,0.0139707690104842,0.0102510107681155,0.0107961380854249,0.0174213107675314,0.0122634237632155,0.00748891802504659,0.0111458953469992,0.0104361437261105,0.00695799244567752,0.00678437808528543,0.00841670669615269,0.00863135047256947,0.00778816267848015,0.00803674012422562,0.00722332438454032,0.00375469913706183,0.00375920510850847,0.00475945184007287,0.00571370264515281,0.00387084507383406,0.00456350622698665,0.00441728997975588,0.0039756135083735,0.00427845027297735,0.00667538959532976,0.00432176655158401,0.00678624399006367,0.00898779928684235,0.0127506116405129,0.0110303461551666,0.0107288071885705,0.0163282249122858,0.0176236033439636,0.0148576917126775,0.0142726413905621
1021,11,0,0,0,0,0,0,0,0,0,0,0,0,0,0,0,0,0,0,0,0,0.000726927246432751,0.000784169533289969,0.000877269660122693,0.000915654934942722,0.000954391027335078,0.00100359390489757,0.00097885332070291,0.000947646738495678,0.00102036725729704,0.00108386483043432,0.00113639095798135,0.00102913985028863,0.000870187650434673,0.000824440794531256,0.000906771048903465,0.00106438284274191,0.00108793831896037,0.00118282134644687,0.00122726522386074,0.00120587111450732,0.00119119032751769,0.00113856641110033,0.00133181479759514,0.00135898392181844,0.00139348162338138,0.00146696239244193,0.00154874287545681,0.00159748364239931,0.00165143108461052,0.00172490009572357,0.00177884404547513,0.0015996650326997,0.00177679886110127,0.00196332181803882,0.00209224154241383,0.00186400220263749,0.0018427373142913
1022,1,0.00167904206318781,0.0421783877536654,0.080505296587944,0.397351920604706,0.505381464958191,0.472912475466728,0.494187355041504,0.597804397344589,0.632180079817772,0.634073004126549,0.618766754865646,0.65728135406971,0.680187731981277,0.713349536061287,0.726655438542366,0.792709439992905,0.740638375282288,0.694242864847183,0.72529162466526,0.678271740674973,0.682119011878967,0.70111620426178,0.688971161842346,0.691122248768806,0.72656075656414,0.761626750230789,0.725073024630547,0.887525886297226,0.800960004329681,0.807767450809479,0.693421125411987,0.694406747817993,0.652370318770409,0.61069343984127,0.542320087552071,0.49259090423584,0.643349066376686,0.705722227692604,0.745513066649437,0.73800502717495,0.65825629234314,0.780504584312439,0.848391115665436,0.743018388748169,0.653478607535362,0.672882467508316,0.69460541009903,0.768696695566177,0.861918300390244,0.800478547811508,0.794686764478683,0.85209783911705,0.839438706636429,0.769801139831543,0.587078869342804,0.555465370416641,0.514210805296898
1022,2,0.0470014605671167,0.0461880415678024,0.04967937245965,0.0483553279191256,0.0451159821823239,0.0394060621038079,0.0405096737667918,0.0376559849828482,0.0422959383577108,0.03839101921767,0.0471143256872892,0.0489104054868221,0.0498658139258623,0.0464122463017702,0.0449871243909001,0.0443676067516208,0.0425211265683174,0.0421069823205471,0.0404140558093786,0.0298076178878546,0.0306468727067113,0.0355865741148591,0.0351478708907962,0.0338030643761158,0.0322667537257075,0.0344134541228414,0.0359062710776925,0.0358161125332117,0.0299149453639984,0.0266365287825465,0.0372597277164459,0.0321927554905415,0.0285424590110779,0.0240018479526043,0.021649859379977,0.0249594496563077,0.0236380370333791,0.0240216627717018,0.0409680381417274,0.0500568374991417,0.0497017800807953,0.0470100548118353,0.046228495426476,0.0485719162970781,0.05249641276896,0.0522260740399361,0.0460418947041035,0.0456723477691412,0.0438858484849334,0.0540367271751165,0.0450838319957256,0.042192617431283,0.0400582803413272,0.049227062612772,0.0437343511730433,0.0526758637279272,0.048055412247777
1022,3,0.0411314936354756,0.0457633165642619,0.0522290579974651,0.0417091883718967,0.0358467539772391,0.0440622707828879,0.0436878986656666,0.0387571351602674,0.0269222091883421,0.029752048663795,0.0330582484602928,0.0333098843693733,0.0311273792758584,0.0299054989591241,0.0311464928090572,0.033047785051167,0.0294194910675287,0.0300706140697002,0.0292037772014737,0.0302414819598198,0.0502019114792347,0.043288447894156,0.0457773394882679,0.0360004138201475,0.0335380900651217,0.0396739393472672,0.0407850779592991,0.0643688756972551,0.0616752952337265,0.0771616213023663,0.082819651812315,0.0805017203092575,0.0857008695602417,0.0827534012496471,0.0386591535061598,0.0764285903424025,0.0354049382731318,0.0543092340230942,0.0436516106128693,0.0390991503372788,0.0141117973253131,0.0199853852391243,0.0197809827513993,0.0202676458284259,0.0209523383527994,0.0221585123799741,0.0227631870657206,0.0286751026287675,0.0301401671022177,0.0234150546602905,0.0380858173593879,0.0475260056555271,0.047984953969717,0.0654814224690199,0.0624798350036144,0.0338812479749322,0.0341803645715117
1022,4,0.113385457545519,0.123648550361395,0.113554481416941,0.119284104555845,0.119168277829885,0.118908517062664,0.106444716453552,0.109728902578354,0.109826903790236,0.105834133923054,0.102812737226486,0.106791738420725,0.0946873091161251,0.0790473148226738,0.0761698130518198,0.0622263941913843,0.0621689278632402,0.0693878475576639,0.056524308398366,0.0596335977315903,0.0532619934529066,0.0544097498059273,0.0515742525458336,0.0492786224931479,0.073190163820982,0.0493724383413792,0.0485183279961348,0.048207750543952,0.0818881429731846,0.0692374762147665,0.0344685148447752,0.0312244612723589,0.0312524819746614,0.035758157260716,0.0380847360938787,0.0475386846810579,0.042531187646091,0.0387982958927751,0.0407140329480171,0.0775599014014006,0.0842089354991913,0.089767400175333,0.107865929603577,0.0554095264524221,0.119827542454004,0.0759831592440605,0.092796765267849,0.079193003475666,0.0905568692833185,0.0673839300870895,0.122255466878414,0.117777317762375,0.109676174819469,0.116786319762468,0.124741036444902,0.145305298268795,0.166379917412996
1022,5,0.650428757071495,0.548589304089546,0.525442242622375,0.452594608068466,0.398432582616806,0.431038543581963,0.480679661035538,0.439402252435684,0.415416911244392,0.42733933031559,0.301910519599915,0.26924841105938,0.263952814042568,0.213381662964821,0.280373007059097,0.284640423953533,0.277292154729366,0.185424696654081,0.178817465901375,0.199832908809185,0.196627892553806,0.240129679441452,0.262639246881008,0.275165185332298,0.239838995039463,0.232922896742821,0.231994226574898,0.286825373768806,0.309758417308331,0.260142937302589,0.259394466876984,0.233460858464241,0.208612538874149,0.176333226263523,0.184367660433054,0.152255080640316,0.20006438344717,0.200249657034874,0.164844945073128,0.153504330664873,0.184561103582382,0.191172011196613,0.163560558110476,0.108444795012474,0.132876366376877,0.149979896843433,0.139495063573122,0.146273542195559,0.15151359513402,0.144372761249542,0.149344481527805,0.159183103591204,0.163798861205578,0.159401301294565,0.162014409899712,0.18320419639349,0.172154769301414
1022,6,0.311728678643703,0.325476475059986,0.313129797577858,0.31255017220974,0.273637354373932,0.259519547224045,0.267473213374615,0.295459605753422,0.299660079181194,0.298635698854923,0.293401703238487,0.284562550485134,0.26619129627943,0.257400713860989,0.270270489156246,0.255639687180519,0.246125310659409,0.240144699811935,0.228292196989059,0.266736879944801,0.242944166064262,0.233744502067566,0.220554448664188,0.212638512253761,0.208023257553577,0.204970456659794,0.200337588787079,0.199615024030209,0.199036113917828,0.192347936332226,0.198193743824959,0.19312434643507,0.176621217280626,0.173313282430172,0.168974060565233,0.164312671869993,0.173688367009163,0.170026358217001,0.172796577215195,0.182749260216951,0.17103410884738,0.166823297739029,0.162937726825476,0.167214117944241,0.167908731848001,0.178119644522667,0.163254640996456,0.172355946153402,0.163195252418518,0.159360654652119,0.142113849520683,0.155789114534855,0.15964625403285,0.143193751573563,0.149280689656734,0.141295306384563,0.157019387930632
1022,7,0.234430253505707,0.196721233427525,0.199881993234158,0.206223674118519,0.182796131819487,0.23898408561945,0.174296222627163,0.160334262996912,0.156818367540836,0.164802666753531,0.164050977677107,0.174085423350334,0.205791838467121,0.223233953118324,0.163151275366545,0.148085832595825,0.166297875344753,0.149968061596155,0.169744402170181,0.158332038670778,0.139922831207514,0.106141660362482,0.103889979422092,0.097808662801981,0.0936079490929842,0.095660213381052,0.106532424688339,0.102958861738443,0.1023851595819,0.123314928263426,0.120517339557409,0.121250700205564,0.123277902603149,0.131616242229939,0.108118068426847,0.142122488468885,0.137042887508869,0.126023076474667,0.100459143519402,0.127405017614365,0.0998431295156479,0.105791341513395,0.100881233811378,0.0856722313910723,0.0970532298088074,0.0879340209066868,0.0906487293541431,0.0931726098060608,0.0763414800167084,0.117098372429609,0.112098388373852,0.10566122084856,0.102302346378565,0.103217873722315,0.0944300405681133,0.104297865182161,0.0932530537247658
1022,8,0.0611179769039154,0.048765767365694,0.0586739871650934,0.0574859920889139,0.281226195394993,0.222631193697453,0.155424412339926,0.112691435962915,0.0654219500720501,0.0562474932521582,0.145917411893606,0.147688340395689,0.239122465252876,0.216232538223267,0.125125095248222,0.0863915495574474,0.128556970506907,0.182675074785948,0.215114817023277,0.0975415594875813,0.144460648298264,0.1579959243536,0.167487770318985,0.171712975949049,0.180154569447041,0.208431087434292,0.16543236002326,0.131972774863243,0.14431744068861,0.137885302305222,0.134640622884035,0.130958262830973,0.138671535998583,0.132391411811113,0.117535818368196,0.103188548237085,0.0882502924650908,0.0773103162646294,0.0668708682060242,0.0675166435539722,0.0624516159296036,0.0637069959193468,0.0672877170145512,0.101366456598043,0.0890206452459097,0.0887246243655682,0.101949714124203,0.0819236487150192,0.0884098336100578,0.0943445451557636,0.115050181746483,0.0865252409130335,0.0827384926378727,0.121167540550232,0.115703992545605,0.133672691881657,0.118013452738523
1022,9,0.282088369131088,0.283652521669865,0.273487530648708,0.288362614810467,0.297483690083027,0.289319649338722,0.295150279998779,0.283772081136703,0.262110248208046,0.238936342298985,0.253100819885731,0.264161266386509,0.249415777623653,0.240107730031013,0.22650595754385,0.231131829321384,0.236888006329536,0.224323600530624,0.244592517614365,0.25179310888052,0.248363390564919,0.240893147885799,0.237667255103588,0.239287599921227,0.231655195355415,0.228953495621681,0.197040930390358,0.17786917090416,0.221895262598991,0.208772286772728,0.205291360616684,0.195022478699684,0.192124798893929,0.173880245536566,0.180460005998611,0.17133542150259,0.164179354906082,0.149081971496344,0.159575868397951,0.166593432426453,0.193599253892899,0.189808666706085,0.189864031970501,0.212121114134789,0.150415565818548,0.160623002797365,0.155340850353241,0.166844666004181,0.178943149745464,0.175099946558475,0.203276172280312,0.217551313340664,0.212336853146553,0.207884564995766,0.202422291040421,0.149915378540754,0.142202284187078
1022,10,0.00213132990757003,0.0439109858125448,0.0444776834920049,0.0431540412828326,0.0635686833411455,0.0645514111965895,0.0717397704720497,0.0627423226833344,0.0964124388992786,0.0607904233038425,0.0563055127859116,0.0495499391108751,0.0592194702476263,0.0553881973028183,0.0397241860628128,0.03968605119735,0.0466802353039384,0.0501319114118814,0.0518094431608915,0.0401582568883896,0.047157408669591,0.0522630549967289,0.0571686252951622,0.0539931245148182,0.0348777193576097,0.0339987929910421,0.0323029411956668,0.036249278113246,0.0384891796857119,0.0408136574551463,0.0390732083469629,0.037058369256556,0.0406230026856065,0.0380988428369164,0.0364285279065371,0.0435844101011753,0.0292162606492639,0.0286375042051077,0.028409767895937,0.0284131122753024,0.0273183658719063,0.0255903443321586,0.0280597535893321,0.0265715466812253,0.0254508163779974,0.0261836545541883,0.030896888114512,0.0277232984080911,0.0285057183355093,0.0245443414896727,0.0234703375026584,0.0222208388149738,0.023777699097991,0.0245724990963936,0.0219629053026438,0.0220065945759416,0.0229797237552702
1022,11,0.188071042299271,0.168301228433847,0.199289090931416,0.205575540661812,0.187790729105473,0.159310910850763,0.16597181931138,0.232333347201347,0.139153998345137,0.0860171355307102,0.0792253743857145,0.0599100328981876,0.0673935636878014,0.134303033351898,0.142997648566961,0.118601493537426,0.095179695636034,0.100381024181843,0.0933976583182812,0.0937549844384193,0.0929751489311457,0.0893966238945723,0.10491182282567,0.108184967190027,0.109215326607227,0.111279621720314,0.116147171705961,0.120501816272736,0.125357318669558,0.128796357661486,0.13054159283638,0.218005523085594,0.212926715612411,0.182607527822256,0.190748602151871,0.186857420951128,0.184253700077534,0.19205392152071,0.184802010655403,0.172275893390179,0.193486042320728,0.186218116432428,0.186621185392141,0.184018034487963,0.184799741953611,0.19041983038187,0.189503185451031,0.187335882335901,0.185659736394882,0.18593467399478,0.183837365359068,0.158655758947134,0.169497828930616,0.18030870705843,0.184979427605867,0.158650986850262,0.150421019643545
1022,12,0.0957671888172627,0.0957671888172627,0.0957671888172627,0.0957671888172627,0.0957671888172627,0.0957671888172627,0.0957671888172627,0.0957671888172627,0.0957671888172627,0.0957671888172627,0.0957671888172627,0.0910729095339775,0.0836548693478107,0.0747049525380135,0.0805363319814205,0.0516850557178259,0.0666656065732241,0.0514409076422453,0.0406613862141967,0.0174013506621122,0.0223939837887883,0.0204592784866691,0.00674272561445832,0.00618853652849793,0.00437510199844837,0.00738836894743145,0.00317629042547196,0.00589768588542938,0.00442135124467313,0.00265162746654823,0.00122927507618442,0.000490250400616787,0.000437464361311868,0.000564516289159656,0.000558649568120018,0.000669908200507052,0.000503629751619883,0.000552426179638132,0.000450315041234717,0.000309813258354552,0.000198301422642544,0.00828574458137155,0.00634891446679831,0.00834325421601534,0.0100201482418925,0.00989157753065228,0.00841454928740859,0.0135500421747565,0.0112255923449993,0.010579789057374,0.0112127875909209,0.0106009121518582,0.00267001893371344,0.0076023128349334,0.00748548028059304,0.00612488156184554,0.000602753483690321
1022,13,0,0,0,0,0,0,0,0,0,0,0,0,0,0,0,0,0,0,0,0,0,0,0,0,0,0,0,0,0,0,0,0,0,0,0,0,0,0,0,0,0,0,0,0,0.000395172071876004,0.000536589403054677,0.00133516601636074,0.00147157459286973,0.00186833267798647,0.00162733515026048,0.0013873623975087,0.00127897155471146,0.00114026493974961,0.000897268328117207,0.00126050517428666,0.00127729098312557,0.00518693262711167
1022,14,0,0,0,0,0,0,0,0,0,0,0,0,0,0,0,0,0,0,0,0,0,0.00046371495409403,0.000411549044656567,0.00040779857954476,0.000409578075050376,0.000325331326166634,0.000360958103556186,0.000421750519308262,0.000377140720956959,0.000318871541821864,0.000290046002191957,0.00021381407714216,0.00104798044776544,0.00404507818166167,0.0173106389120221,0.0188713353127241,0.0198981338180602,0.0165320439264178,0.0157467587850988,0.0133854118175805,0.0123686967417598,0.0165191609412432,0.0166200161911547,0.0179302487522364,0.0173453413881361,0.018700098618865,0.0124706192873418,0.0127186174504459,0.0127639663405716,0.00976652023382485,0.00910848844796419,0.0111673772335052,0.00826296606101096,0.0076294660102576,0.0075055283959955,0.00625094049610198,0.00763465231284499
1023,1,0.00186183315236121,0.00649539614096284,0.0106581253930926,0.00961344316601753,0.0121921086683869,0.014089148491621,0.0173668805509806,0.0197326950728893,0.0352366864681244,0.0375366397202015,0.0391960963606834,0.0452184155583382,0.0481225550174713,0.0514378249645233,0.0533089376986027,0.0590938217937946,0.0574856661260128,0.0558278784155846,0.0592106655240059,0.057477168738842,0.0598244145512581,0.0609657280147076,0.060954287648201,0.0609885826706886,0.0660592317581177,0.0670391693711281,0.0779379457235336,0.0752213671803474,0.0707472860813141,0.0739971250295639,0.0685279369354248,0.0739814788103104,0.0731600001454353,0.072251945734024,0.0680514052510262,0.0539406724274158,0.0752535313367844,0.0673649460077286,0.0655624866485596,0.0699159577488899,0.0724612697958946,0.0641996264457703,0.0702192187309265,0.0614908635616302,0.0522280037403107,0.0533606261014938,0.0524271763861179,0.0575760565698147,0.0624560751020908,0.0543737933039665,0.053342629224062,0.0566163994371891,0.0530055463314056,0.0472556911408901,0.0370262339711189,0.0332455448806286,0.0307764019817114
1023,2,0.0377139113843441,0.0353821963071823,0.038208544254303,0.0393667444586754,0.0505372136831284,0.0561103969812393,0.0630620121955872,0.081081211566925,0.0646032840013504,0.104033142328262,0.0781770795583725,0.0622050575911999,0.0657303258776665,0.0634634718298912,0.0604756399989128,0.0541653521358967,0.0761642456054688,0.0792582556605339,0.0750624015927315,0.0596377402544022,0.0604613311588764,0.0601241402328014,0.0657989829778671,0.0630640611052513,0.0566952973604202,0.0595055557787418,0.0542759075760841,0.0497653186321259,0.0426896996796131,0.0380040034651756,0.0350353084504604,0.0350504145026207,0.0314636752009392,0.0280772112309933,0.0257442481815815,0.0279482062906027,0.0278533957898617,0.02596141025424,0.0312947444617748,0.0303801111876965,0.0323819816112518,0.0328585170209408,0.031899556517601,0.0302072037011385,0.0308635849505663,0.0288942456245422,0.0260942447930574,0.0222784765064716,0.0185743775218725,0.0216783210635185,0.0195841006934643,0.0208620950579643,0.0217156801372766,0.0248281005769968,0.0207623392343521,0.0188246387988329,0.0191894099116325
1023,3,0,0,0,0,0,0,0,0,0,0,0.00398361403495073,0.00519136665388942,0.00424481835216284,0.00420154212042689,0.00795158743858337,0.0140983015298843,0.0056148380972445,0.00075501692481339,0.00411408767104149,0.00423082476481795,0.0114210555329919,0.00976977963000536,0.00919834990054369,0.00608182325959206,0.00581661984324455,0.00559523468837142,0.00472642946988344,0.0118602747097611,0.0116894589737058,0.0160434972494841,0.0169601626694202,0.0158370453864336,0.0161402001976967,0.0141154788434505,0.00756236165761948,0.0131975375115871,0.00714267883449793,0.00851349532604218,0.00717919319868088,0.0109721487388015,0.00646099168807268,0.00451842276379466,0.00386845273897052,0.00355452881194651,0.00394078204408288,0.00435364386066794,0.0046254014596343,0.0115442276000977,0.0110881105065346,0.0108778206631541,0.0106194941326976,0.00977101642638445,0.0104142101481557,0.0128275277093053,0.0118923960253596,0.0105216074734926,0.0101205417886376
1023,4,0.130479142069817,0.125950157642365,0.131112277507782,0.12322424352169,0.138754040002823,0.125826522707939,0.118269264698029,0.101221174001694,0.111847847700119,0.105782002210617,0.104450695216656,0.101745113730431,0.0989192128181458,0.0973939448595047,0.100858107209206,0.118323877453804,0.124837353825569,0.128850862383842,0.124046072363853,0.11530576646328,0.123766861855984,0.121508985757828,0.116775058209896,0.113392204046249,0.117225490510464,0.100658029317856,0.100563265383244,0.106038965284824,0.10152342915535,0.0966229438781738,0.107626780867577,0.100138530135155,0.0962825044989586,0.103934265673161,0.102434329688549,0.100758984684944,0.0943089053034782,0.092706523835659,0.0911416634917259,0.087361603975296,0.0852434635162354,0.0820674002170563,0.0810633823275566,0.0819627270102501,0.083984300494194,0.0870076715946198,0.0787329599261284,0.0754803791642189,0.0746998637914658,0.0739597454667091,0.0701146572828293,0.0707609504461288,0.0663281679153442,0.0628217756748199,0.059782512485981,0.0598309524357319,0.0588247403502464
1023,5,0.0786602050065994,0.0556647777557373,0.0521961152553558,0.0444046892225742,0.0378928780555725,0.0430925078690052,0.0486908368766308,0.0406692251563072,0.0396933406591415,0.0430383197963238,0.0243466533720493,0.0241406206041574,0.0263476073741913,0.0170428138226271,0.0447445102035999,0.0489736758172512,0.0390692166984081,0.0417417921125889,0.0398210063576698,0.030233820900321,0.0343616977334023,0.0297036934643984,0.0221392121165991,0.0168451890349388,0.0180580001324415,0.0137272533029318,0.0110631408169866,0.0114550562575459,0.0111563475802541,0.00901283696293831,0.0134359039366245,0.0140090072527528,0.0145768476650119,0.0235187467187643,0.0310428943485022,0.0201562456786633,0.0231498200446367,0.0195443946868181,0.0170546807348728,0.0177837330847979,0.0232191979885101,0.0202619917690754,0.0225768312811852,0.0166557747870684,0.0262066684663296,0.037202212959528,0.033998642116785,0.0451111234724522,0.046054195612669,0.0432160049676895,0.0394513420760632,0.0402014292776585,0.0332487784326077,0.0282676871865988,0.0274779964238405,0.0344810262322426,0.0284450203180313
1023,6,0.128275915980339,0.129859074950218,0.136136963963509,0.134564146399498,0.135388612747192,0.161801725625992,0.168043658137321,0.147261440753937,0.136248677968979,0.136670127511024,0.133914321660995,0.13382163643837,0.140290081501007,0.155612394213676,0.152581870555878,0.16033798456192,0.156715899705887,0.14973221719265,0.144761100411415,0.145985797047615,0.151975363492966,0.153587520122528,0.151540711522102,0.151234552264214,0.145100757479668,0.141129896044731,0.130874544382095,0.124446801841259,0.137264713644981,0.125140786170959,0.117982424795628,0.114433713257313,0.123756237328053,0.12843120098114,0.116491943597794,0.110960677266121,0.113560982048512,0.106533281505108,0.106494344770908,0.102367125451565,0.0929113179445267,0.0865983590483665,0.0833614841103554,0.0758009701967239,0.0691061168909073,0.0661868304014206,0.0611522570252419,0.0565369874238968,0.054652351886034,0.0574637055397034,0.0642835274338722,0.0691359341144562,0.0758759379386902,0.0678352788090706,0.070552222430706,0.0676888450980186,0.0717969983816147
1023,7,0.0449920780956745,0.0261041317135096,0.024116849526763,0.033027645200491,0.0258969347923994,0.0356947779655457,0.0216202922165394,0.0213302038609982,0.02014035359025,0.0202829428017139,0.0219437591731548,0.0285590812563896,0.0327915661036968,0.0355210565030575,0.0219049192965031,0.0250696651637554,0.0333833321928978,0.0254761595278978,0.0367955565452576,0.0308104939758778,0.0276415199041367,0.0218865107744932,0.0282361321151257,0.024549687281251,0.0236473008990288,0.0231519564986229,0.0233885180205107,0.0240282882004976,0.0343411713838577,0.0347868837416172,0.031827624887228,0.0324006266891956,0.0332875698804855,0.0414780303835869,0.0448740385472775,0.0450012534856796,0.0358282513916492,0.0377687625586987,0.0305511988699436,0.0363780781626701,0.0355372317135334,0.0454527288675308,0.0495089255273342,0.0526489801704884,0.0508736558258533,0.0614217408001423,0.0643484741449356,0.0813476219773293,0.0998565629124641,0.132839530706406,0.13506892323494,0.108493112027645,0.11081425100565,0.107825964689255,0.116934470832348,0.0981287136673927,0.0716893076896667
1023,8,0.107961244881153,0.111915595829487,0.0803124606609344,0.0804742947220802,0.0944607928395271,0.158457487821579,0.131992921233177,0.215757548809052,0.253607600927353,0.256156802177429,0.26394310593605,0.26930046081543,0.225856751203537,0.144785016775131,0.155510410666466,0.1380814909935,0.153695061802864,0.183650583028793,0.197568878531456,0.176124036312103,0.165906384587288,0.155726104974747,0.156263455748558,0.15342952311039,0.169781774282455,0.169624507427216,0.176854386925697,0.209985837340355,0.208964392542839,0.216686010360718,0.227747455239296,0.234844908118248,0.198633119463921,0.191900074481964,0.202777042984962,0.216366454958916,0.215959653258324,0.229715645313263,0.224393084645271,0.225296467542648,0.224443525075912,0.244449585676193,0.245838508009911,0.249323353171349,0.233586892485619,0.218990862369537,0.237947940826416,0.23086029291153,0.227920398116112,0.222329273819923,0.217248737812042,0.213509231805801,0.201416373252869,0.204213470220566,0.197461515665054,0.202725753188133,0.208415165543556
1023,9,0.00962466560304165,0.0101212067529559,0.00993436761200428,0.00969241373240948,0.0108882077038288,0.0106572965160012,0.0109948627650738,0.0110106253996491,0.0101704066619277,0.00835457164794207,0.00961421988904476,0.0111564984545112,0.0104126371443272,0.0108349062502384,0.00989769119769335,0.00949975103139877,0.0107537712901831,0.00947804097086191,0.0100170765072107,0.0106974402442575,0.0107990363612771,0.00949516706168652,0.00904782861471176,0.00916211493313313,0.00858854036778212,0.00818078406155109,0.00700071081519127,0.00603614887222648,0.00847369339317083,0.00769231701269746,0.00846180878579617,0.00867675058543682,0.00862495880573988,0.00735184084624052,0.00727735320106149,0.00662395311519504,0.00671639246866107,0.00670241890475154,0.0111521417275071,0.0112120900303125,0.00950879883021116,0.00893395114690065,0.0078941909596324,0.00918957032263279,0.00773728918284178,0.00749437650665641,0.00725460285320878,0.00693198991939425,0.00669852597638965,0.00634559197351336,0.00661978824064136,0.0060321930795908,0.00550994137302041,0.00523305591195822,0.00534826563671231,0.00617300486192107,0.00856327079236507
1023,10,0.138509392738342,0.15051157772541,0.149333253502846,0.151387646794319,0.14873369038105,0.144184678792953,0.135772094130516,0.129945412278175,0.0790504962205887,0.101164467632771,0.09112448990345,0.0858088955283165,0.0967773199081421,0.0898689925670624,0.101722970604897,0.0955686420202255,0.0890287309885025,0.0869906842708588,0.085975743830204,0.0866491198539734,0.0942993611097336,0.0880759730935097,0.0947672426700592,0.0970478430390358,0.0841042175889015,0.0781970247626305,0.0993987321853638,0.115473002195358,0.118785589933395,0.131623715162277,0.124213583767414,0.112873859703541,0.110031582415104,0.103322848677635,0.0946169942617416,0.0932255238294601,0.076652467250824,0.0778894200921059,0.0777844116091728,0.0790802165865898,0.0836122408509254,0.0805365666747093,0.0896241813898087,0.0741034373641014,0.0631415024399757,0.0615516677498817,0.0625012665987015,0.0617465227842331,0.0606903582811356,0.0614689029753208,0.0572279952466488,0.0543353669345379,0.0521613173186779,0.0562532022595406,0.0621158331632614,0.0535665117204189,0.0581935159862041
1023,11,0.0712563842535019,0.0643553212285042,0.0735694468021393,0.0733368471264839,0.0713480785489082,0.0644181966781616,0.0662595182657242,0.0340345688164234,0.151121199131012,0.172280013561249,0.170700013637543,0.170527145266533,0.163876697421074,0.14779044687748,0.131228163838387,0.136322766542435,0.14552903175354,0.142867460846901,0.131505474448204,0.129287481307983,0.126966133713722,0.127622425556183,0.135231718420982,0.13406977057457,0.132555350661278,0.131316423416138,0.134304344654083,0.133977055549622,0.136640220880508,0.137672334909439,0.137011811137199,0.145616725087166,0.158330664038658,0.136928260326385,0.144732415676117,0.142774447798729,0.142793849110603,0.149770274758339,0.145814135670662,0.114772990345955,0.131411343812943,0.128834202885628,0.131140768527985,0.131309255957603,0.134170740842819,0.140784427523613,0.142575442790985,0.14338007569313,0.144568413496017,0.1471888422966,0.147920459508896,0.129784047603607,0.132857799530029,0.135410070419312,0.132830947637558,0.108592174947262,0.10013709962368
1023,14,0,0,0,0,0,0,0,0,0,0,0,0,0,0,0,0,0,0,0,0,0,0,0,0,0,0,0.00314334104768932,0.00367274158634245,0.00328426482155919,0.00277683767490089,0.00252581550739706,0.00186196283902973,0.00150831381324679,0.000782385584898293,0.000773192383348942,0.000986699480563402,0.000756386725697666,0.000286634196527302,0.00058638013433665,0.00068652699701488,0.000484490214148536,0.000426025537308306,0.000367740401998162,0.000372885726392269,0.000351503171259537,0.000393265509046614,0.000502409297041595,0.000666859850753099,0.00113429420161992,0.00112266012001783,0.00107168848626316,0.0010880574118346,0.00100121728610247,0.000544131617061794,0.000512596569024026,0.000457735732197762,0.000461550516774878
1024,1,0.0253789108246565,0.0253860540688038,0.0283498913049698,0.127217814326286,0.155013009905815,0.137700900435448,0.136561036109924,0.162141084671021,0.156323716044426,0.153249084949493,0.142850041389465,0.145154356956482,0.147596091032028,0.152448117733002,0.153228387236595,0.165193378925323,0.15081150829792,0.138314098119736,0.141553729772568,0.128627151250839,0.125764906406403,0.129802346229553,0.125762015581131,0.126246020197868,0.129319071769714,0.139096394181252,0.107660681009293,0.16635636985302,0.145440086722374,0.141957998275757,0.11310863494873,0.103765070438385,0.0955873876810074,0.0874654874205589,0.0756242424249649,0.0746137052774429,0.0610962696373463,0.0975828990340233,0.110091246664524,0.0938411802053452,0.0583301037549973,0.114081509411335,0.124447613954544,0.111646257340908,0.104842446744442,0.107164159417152,0.128599300980568,0.141827091574669,0.155776277184486,0.155241295695305,0.151785746216774,0.160630598664284,0.16589680314064,0.154483750462532,0.113927878439426,0.115144975483418,0.106593176722527
1024,2,0.0208987277001143,0.0189596991986036,0.0190866980701685,0.0172899179160595,0.015672730281949,0.0146090481430292,0.0138784116134048,0.0122766867280006,0.0128834843635559,0.0108167212456465,0.0127085214480758,0.0130230793729424,0.0130913117900491,0.0122221298515797,0.0114880688488483,0.0116757722571492,0.0115587757900357,0.0109525388106704,0.0107237948104739,0.00882019195705652,0.00884665921330452,0.00894310884177685,0.00899354461580515,0.00888264644891024,0.0221222154796124,0.0217065922915936,0.021390562877059,0.0212242547422647,0.0198067799210548,0.0184193812310696,0.0202983543276787,0.0174819119274616,0.0119940200820565,0.00764569593593478,0.00715209357440472,0.00796318426728249,0.00708166649565101,0.00755054177716374,0.00705236336216331,0.0103635182604194,0.00978166703134775,0.00891058146953583,0.00871615391224623,0.00969711411744356,0.0111479898914695,0.0114283710718155,0.00979194417595863,0.00998977664858103,0.00969941075891256,0.0122982738539577,0.0099679222330451,0.00937915872782469,0.00881793349981308,0.010880527086556,0.00990178808569908,0.0132536925375462,0.0116358185186982
1024,3,0.0178636536002159,0.0216407869011164,0.026768920943141,0.0197583585977554,0.0163094829767942,0.0219858419150114,0.0229788105934858,0.019237095490098,0.0122708361595869,0.0135538876056671,0.0163879413157701,0.0166614577174187,0.0156061006709933,0.0150291137397289,0.0158282984048128,0.0168636608868837,0.0150915933772922,0.015564770437777,0.0151450484991074,0.0148709742352366,0.0144401639699936,0.0143986493349075,0.0179629493504763,0.017025163397193,0.0149931134656072,0.0177587810903788,0.018271816894412,0.0193929504603148,0.0182407330721617,0.0202628150582314,0.0225481223315001,0.0230873879045248,0.0259530767798424,0.0265968069434166,0.00964205432683229,0.0208064895123243,0.00997364521026611,0.0170517489314079,0.0137557312846184,0.0123366443440318,0.00447585014626384,0.00633448269218206,0.00622081896290183,0.00613235356286168,0.00613116193562746,0.00598443206399679,0.00573833240196109,0.0104303350672126,0.0114245675504208,0.00699890498071909,0.0130888028070331,0.0193109810352325,0.0188607778400183,0.0260463953018188,0.0241941902786493,0.0134106623008847,0.0135074397549033
1024,4,0.0607021413743496,0.0604842491447926,0.0525859892368317,0.0621491149067879,0.050743330270052,0.0504089593887329,0.0454330146312714,0.0626440271735191,0.0475180707871914,0.0568156689405441,0.0435073561966419,0.0464754737913609,0.0405433140695095,0.0516214109957218,0.0457431375980377,0.0389365889132023,0.0278630312532187,0.0303556080907583,0.0258025117218494,0.029373399913311,0.0256367269903421,0.038894310593605,0.0248994175344706,0.038431204855442,0.0365802869200706,0.0348396189510822,0.0385907180607319,0.0411104671657085,0.0501934923231602,0.0485674403607845,0.0333992801606655,0.0403132326900959,0.0458279438316822,0.0429294444620609,0.0322931669652462,0.0370480567216873,0.0339608080685139,0.0303403418511152,0.0341578423976898,0.0439170002937317,0.0428583063185215,0.0413084663450718,0.0517687425017357,0.0356609784066677,0.0671467781066895,0.0509329661726952,0.0519534535706043,0.0522713325917721,0.0552637688815594,0.0498324371874332,0.0660260990262032,0.0610024891793728,0.0652993097901344,0.0681912302970886,0.0699522942304611,0.0657206177711487,0.08124128729105
1024,5,0.0707251504063606,0.080964207649231,0.0833447501063347,0.0927074998617172,0.0910552516579628,0.0803115144371986,0.078462578356266,0.0756101682782173,0.0728173330426216,0.0651682540774345,0.0915454477071762,0.0804654955863953,0.0959017053246498,0.0900447070598602,0.07764982432127,0.0724606662988663,0.116013541817665,0.0779634118080139,0.103818990290165,0.101793810725212,0.102553725242615,0.132965043187141,0.148360177874565,0.144578576087952,0.134452730417252,0.125318974256516,0.122675247490406,0.14867927134037,0.150407537817955,0.133663937449455,0.120657816529274,0.100926235318184,0.0979308560490608,0.0594228766858578,0.0463647320866585,0.0419142246246338,0.0438164211809635,0.035790927708149,0.0389454253017902,0.0346440225839615,0.0414948686957359,0.0417279116809368,0.0409537777304649,0.0394664034247398,0.0419407077133656,0.0374809764325619,0.0385406501591206,0.0452862679958344,0.0419530682265759,0.0440823845565319,0.0415569916367531,0.0460261628031731,0.0514700002968311,0.050295252352953,0.0554354675114155,0.0588521137833595,0.0566859506070614
1024,6,0.0758201479911804,0.0763177201151848,0.0741918683052063,0.0741787552833557,0.0747814998030663,0.0712874531745911,0.0690117850899696,0.0749128609895706,0.0734690278768539,0.0729363858699799,0.0694593414664268,0.0708291307091713,0.073499009013176,0.0682878568768501,0.06828273832798,0.0638860836625099,0.0615272596478462,0.0640684366226196,0.0640041902661324,0.067315049469471,0.0635237768292427,0.0628146752715111,0.059443324804306,0.0589602291584015,0.057256281375885,0.0589738637208939,0.0571040697395802,0.055555697530508,0.0554970763623714,0.0573765523731709,0.0568208023905754,0.0542246736586094,0.0535065568983555,0.062662236392498,0.055122546851635,0.0545366369187832,0.0543922446668148,0.051932692527771,0.0532201752066612,0.0549398250877857,0.0609132759273052,0.0572856515645981,0.056952990591526,0.0607042796909809,0.0644256696105003,0.0650160387158394,0.0609563328325748,0.0589751154184341,0.0553362332284451,0.05455107614398,0.0491091459989548,0.0508309118449688,0.0475345216691494,0.0483890995383263,0.0459485724568367,0.0472916513681412,0.0469496697187424
1024,7,0.0361254177987576,0.0420454815030098,0.0415668301284313,0.0378177836537361,0.0391936525702477,0.048958595842123,0.0437882244586945,0.0406241118907928,0.038392785936594,0.0420503281056881,0.0412209592759609,0.0294233001768589,0.0331378094851971,0.0374951362609863,0.029859934002161,0.020210724323988,0.0191113725304604,0.0201186314225197,0.0154525898396969,0.0178880468010902,0.0181571822613478,0.0116455284878612,0.0184435974806547,0.0169401336461306,0.018328296020627,0.0230340268462896,0.0216197036206722,0.0164690613746643,0.0167839266359806,0.0119056887924671,0.0132936555892229,0.0103089073672891,0.00856085959821939,0.0092854080721736,0.006321020424366,0.00881593022495508,0.00717864884063601,0.00701842177659273,0.00740468595176935,0.0110344067215919,0.0129023725166917,0.0147258881479502,0.0120150791481137,0.0123498812317848,0.0149843990802765,0.0145541410893202,0.0157245621085167,0.0151563519611955,0.0163383204489946,0.0146558592095971,0.0139421820640564,0.0146561833098531,0.0146359456703067,0.0119378250092268,0.0130090219900012,0.0106732277199626,0.0114010572433472
1024,8,0.0143741834908724,0.0115376524627209,0.010082277469337,0.0113011822104454,0.0105108693242073,0.00699929660186172,0.0111373160034418,0.00968192424625158,0.0112647162750363,0.0114570548757911,0.0104922773316503,0.0110097182914615,0.00946963857859373,0.0117684919387102,0.0138974618166685,0.0138421505689621,0.0136899566277862,0.0088900001719594,0.00814414117485285,0.00980643555521965,0.0110667226836085,0.00806866958737373,0.0093714976683259,0.0105430539697409,0.0100986585021019,0.00798096694052219,0.00924116745591164,0.00793638080358505,0.00808551348745823,0.00486529991030693,0.00645765010267496,0.00574378808960319,0.00520388036966324,0.00571554154157639,0.00482409633696079,0.0036660076584667,0.00500907003879547,0.0035713966935873,0.00405593169853091,0.00364724500104785,0.00527147809043527,0.00531654851511121,0.00524612935259938,0.00628065038472414,0.00556093547493219,0.00490973051637411,0.00566707970574498,0.00631158240139484,0.00816562585532665,0.00942347943782806,0.010603504255414,0.00860563386231661,0.00827695522457361,0.00759623711928725,0.0120547851547599,0.0151948845013976,0.0125278290361166
1024,9,0.147906616330147,0.146484792232513,0.15260049700737,0.146471470594406,0.15315380692482,0.152937725186348,0.157194569706917,0.145563885569572,0.152721673250198,0.146174758672714,0.159233003854752,0.152718365192413,0.142551586031914,0.13055956363678,0.127431854605675,0.131823256611824,0.133743539452553,0.140439197421074,0.147639498114586,0.146277219057083,0.1578758507967,0.146848127245903,0.153914973139763,0.147231295704842,0.148915126919746,0.149255573749542,0.121613830327988,0.117179565131664,0.145252123475075,0.139980286359787,0.130377769470215,0.129027679562569,0.13338640332222,0.118282474577427,0.125599756836891,0.10703307390213,0.0991421341896057,0.0987931191921234,0.101710289716721,0.108304008841515,0.120365090668201,0.121598578989506,0.123519971966743,0.119807377457619,0.105768673121929,0.108015090227127,0.107251659035683,0.108151875436306,0.113414406776428,0.110289804637432,0.116800412535667,0.125931531190872,0.129638701677322,0.128158241510391,0.125739261507988,0.105662800371647,0.101698331534863
1024,10,0.0259924679994583,0.0249667149037123,0.0253626927733421,0.0245565921068192,0.0242428816854954,0.023936765268445,0.0227057412266731,0.0223384406417608,0.0308513771742582,0.0207848474383354,0.0205984972417355,0.0214975103735924,0.0222253557294607,0.0231907106935978,0.0212250594049692,0.0213735140860081,0.0205312184989452,0.0204756092280149,0.0208664555102587,0.0222400967031717,0.022870309650898,0.0210658498108387,0.0225880760699511,0.0228013899177313,0.0198099203407764,0.017504571005702,0.0105188274756074,0.00596944335848093,0.00762312347069383,0.0131218237802386,0.00867642555385828,0.0102534955367446,0.0128198387101293,0.0136742228642106,0.0133552812039852,0.0139624597504735,0.0125578111037612,0.0118876853957772,0.0116412648931146,0.011583998799324,0.0110818585380912,0.0106448624283075,0.0119766322895885,0.00997409038245678,0.00852569937705994,0.0084472419694066,0.00861592404544353,0.00871104281395674,0.00867965631186962,0.00840593501925468,0.00834132544696331,0.00820683315396309,0.0080242957919836,0.00813516974449158,0.00742298550903797,0.00741884531453252,0.00774690555408597
1024,11,0.0765225291252136,0.0712456256151199,0.0841051265597343,0.0862470865249634,0.0752600803971291,0.0609190203249455,0.059808012098074,0.0785440802574158,0.0454048402607441,0.021534526720643,0.0192848071455956,0.0143428193405271,0.0167929735034704,0.0394047684967518,0.0416205413639545,0.0315844118595123,0.0226633213460445,0.0247228089720011,0.0226666647940874,0.0223157554864883,0.0212748814374208,0.0190479010343552,0.0227002799510956,0.023052217438817,0.0227056927978992,0.0225808583199978,0.0229775998741388,0.0232544206082821,0.0236108060926199,0.0236884541809559,0.023456709459424,0.0560727156698704,0.0518150292336941,0.0437950678169727,0.0450147427618504,0.0433801040053368,0.0420707352459431,0.0431185625493526,0.0407863669097424,0.0365404896438122,0.03940299898386,0.0379736497998238,0.038106445223093,0.0376245453953743,0.0378758311271667,0.0391186811029911,0.039020448923111,0.0386234037578106,0.0383263677358627,0.0384314879775047,0.0380455702543259,0.0328750349581242,0.0352227538824081,0.0375758931040764,0.0386575646698475,0.0332473888993263,0.0315226949751377
1024,12,0.065390057861805,0.065390057861805,0.065390057861805,0.065390057861805,0.065390057861805,0.065390057861805,0.065390057861805,0.065390057861805,0.065390057861805,0.065390057861805,0.065390057861805,0.0954478159546852,0.0855349972844124,0.0833723247051239,0.0939516499638557,0.0646065548062325,0.0642528310418129,0.0492140613496304,0.0554185658693314,0.0227966494858265,0.0349225848913193,0.0283517837524414,0.00869544502347708,0.0219714660197496,0.0199927035719156,0.0570745281875134,0.0472909957170486,0.0592850632965565,0.0536484383046627,0.0287288036197424,0.0374604985117912,0.0417306087911129,0.0336581021547318,0.04973329231143,0.0280728694051504,0.0117512540891767,0.0142485965043306,0.0118030235171318,0.0153155867010355,0.0136571414768696,0.00965234730392694,0.0169636178761721,0.0192096307873726,0.0177471935749054,0.0188309382647276,0.0189660340547562,0.0188824683427811,0.0207624156028032,0.0163714773952961,0.0166736599057913,0.0228832345455885,0.015965024009347,0.0028896639123559,0.0178738720715046,0.0172019470483065,0.0159329399466515,0.0110260974615812
1024,13,0,0,0,0,0,0,0,0,0,0,0,0,0,0,0.00272290618158877,0.00230533350259066,0.00243411073461175,0.00227108551189303,0.00210374779999256,0.00201151985675097,0.00185955478809774,0.00178756657987833,0.00180991098750383,0.00183560920413584,0.00184141285717487,0.00712478160858154,0.00567839946597815,0.0034957667812705,0.00529988901689649,0.00410186126828194,0.00450361473485827,0.00461205327883363,0.00902575254440308,0.00775943836197257,0.0109751708805561,0.00437662377953529,0.0106843281537294,0.0109734293073416,0.0181864313781261,0.0209362003952265,0.0194377917796373,0.0159274395555258,0.0171174015849829,0.018106110394001,0.0200066603720188,0.0261724665760994,0.0228365808725357,0.0239365138113499,0.0132573237642646,0.0164488423615694,0.0137520339339972,0.0126106012612581,0.00962058547884226,0.00806261785328388,0.0118563314899802,0.00961489044129848,0.0231417044997215
1024,14,0.000594287936110049,0.000594287936110049,0.000594287936110049,0.000594287936110049,0.000594287936110049,0.000594287936110049,0.000594287936110049,0.000594287936110049,0.000594287936110049,0.000594287936110049,0.000594287936110049,0.000130518572404981,0.000339768826961517,0.000825365073978901,0.000571141252294183,0.000305741676129401,0.00012637693725992,5.46776482224232E-06,9.90781882137526E-06,8.73551925906213E-06,2.95576101052575E-05,0.000346247426932678,0.000821648049168289,0.00194314168766141,0.00167348340619355,0.0022987702395767,0.00546010630205274,0.00504766823723912,0.0115015851333737,0.0139837823808193,0.0144643057137728,0.0133515791967511,0.0124443965032697,0.0523278042674065,0.0514349192380905,0.0231057442724705,0.0213105827569962,0.0193729661405087,0.0175742413848639,0.0164570789784193,0.0154914120212197,0.0189916603267193,0.0193227119743824,0.0205612182617188,0.0192221123725176,0.0209799520671368,0.0141274416819215,0.0143680302426219,0.0149716958403587,0.011608230881393,0.01170704793185,0.014892534352839,0.0131957232952118,0.00896958541125059,0.00901802349835634,0.00695685390383005,0.00767224421724677
1025,2,0.0425950959324837,0.0397597812116146,0.0403330139815807,0.0405791401863098,0.0379569828510284,0.0376967452466488,0.0368264131247997,0.0336473993957043,0.0385570786893368,0.0316056087613106,0.0381022691726685,0.0404514409601688,0.0404288843274117,0.0388472899794579,0.0362281315028667,0.0325223505496979,0.0323068425059319,0.029588570818305,0.028378052636981,0.0232222303748131,0.0226862672716379,0.0220976732671261,0.0210549905896187,0.019578006118536,0.0182748679071665,0.0196067728102207,0.0188449677079916,0.0448351986706257,0.040160559117794,0.0457965955138206,0.0497353449463844,0.0222336407750845,0.0182773545384407,0.0286248810589314,0.0295357201248407,0.0218515191227198,0.016714995726943,0.0315289385616779,0.0218838322907686,0.0198961421847343,0.0224042851477861,0.0247672144323587,0.0258397571742535,0.0244993343949318,0.0244231000542641,0.0252209603786469,0.0227961055934429,0.0203650705516338,0.0230994634330273,0.022649098187685,0.0295678228139877,0.0250034611672163,0.0244859308004379,0.0269964002072811,0.0231174640357494,0.0220909956842661,0.0229209344834089
1025,3,0,0,0,0,0,0,0,0,0,0,0,0,0,0,0,0,0,0,0,0,0,0,0,0,0,0,0,0,0,0,0,0,0,0,0,0,0,0,0,0,0,0,0,0,0,0,0,0.000149032173794694,0.000136684786411934,8.13838778412901E-05,0.00012634793529287,0.000301517633488402,0.00052193138981238,0.0006110601243563,0.00067259423667565,0.000441848242189735,0.000854666519444436
1025,4,0.000414939189795405,0.000425594596890733,0.000409665837651119,0.000443586701294407,0.000429932813858613,0.00043605687096715,0.000410120701417327,0.000434216752182692,0.000491938611958176,0.000426906161010265,0.000467232894152403,0.000455956818768755,0.000442866410594434,0.000437975773820654,0.000434312969446182,0.000367346365237609,0.000385339750209823,0.000392915273550898,0.000377985066734254,0.000401379802497104,0.00036295221070759,0.000364599138265476,0.000357347773388028,0.000354100979166105,0.000344591215252876,0.000352645001839846,0.000352026167092845,0.00145856337621808,0.00195341627113521,0.0115932859480381,0.00183033256325871,0.00219857040792704,0.00170696841087192,0.0197436697781086,0.015131451189518,0.011099886149168,0.00274659693241119,0.000936901196837425,0.0014083432033658,0.00223254831507802,0.00494015915319324,0.00125620537437499,0.00133481272496283,0.00116237276233733,0.00946612097322941,0.00541168032214046,0.00549453776329756,0.00391842937096953,0.0068969470448792,0.00978539884090424,0.0083445543423295,0.00518764415755868,0.0083821015432477,0.0118568195030093,0.0111660743132234,0.00854798406362534,0.0113399242982268
1025,5,0.00382756441831589,0.00396792823448777,0.00412887567654252,0.00356561713851988,0.00485486257821321,0.00605428265407681,0.00591780990362167,0.00371109042316675,0.00536799198016524,0.00385271525010467,0.00317896599881351,0.0230565816164017,0.0217924807220697,0.0268124267458916,0.0332215465605259,0.0198905933648348,0.0153677891939878,0.0236468687653542,0.0296633001416922,0.0366831496357918,0.0244246628135443,0.0136812524870038,0.0258363764733076,0.02180409245193,0.0139755606651306,0.00964219123125076,0.00738471560180187,0.00730986054986715,0.00821779854595661,0.00875830184668303,0.0100796651095152,0.0102939093485475,0.0130127184092999,0.0208707060664892,0.0155763756483793,0.017141031101346,0.00524385087192059,0.00598336849361658,0.00773488916456699,0.00658355886116624,0.0127921681851149,0.0326781757175922,0.0592666082084179,0.0378717370331287,0.0232323687523603,0.0130009083077312,0.0121440812945366,0.00685161491855979,0.00841027311980724,0.0106886755675077,0.0103929517790675,0.00799417402595282,0.0133672598749399,0.0153319025412202,0.0162024199962616,0.0152987763285637,0.0108220148831606
1025,6,0.0307658705860376,0.031007707118988,0.0313389301300049,0.0320891812443733,0.0311684366315603,0.0295846816152334,0.0289928037673235,0.0310777593404055,0.0318360552191734,0.0312171038240194,0.0324023999273777,0.0318121053278446,0.0317292213439941,0.0302638281136751,0.0289325546473265,0.0268039237707853,0.0267935376614332,0.0271638501435518,0.0278383083641529,0.0281025376170874,0.028252461925149,0.0296422746032476,0.0278969127684832,0.0284454375505447,0.0290767662227154,0.0307716801762581,0.0304791964590549,0.0430535487830639,0.0430876910686493,0.0454406701028347,0.0437660217285156,0.0411131903529167,0.0389022342860699,0.0418643988668919,0.0385233350098133,0.0329044573009014,0.027625847607851,0.0368472374975681,0.0330320261418819,0.027832655236125,0.0367993265390396,0.0423019267618656,0.0391768217086792,0.0379873551428318,0.0383584834635258,0.0383154079318047,0.035333838313818,0.0328129082918167,0.0358599424362183,0.0309415496885777,0.0336627960205078,0.0295381378382444,0.0345534160733223,0.0329558774828911,0.0319070965051651,0.0293506737798452,0.0284436028450727
1025,7,0.0119580151513219,0.0130800530314445,0.00940483063459396,0.00787075888365507,0.0091441348195076,0.0112434551119804,0.014658716507256,0.0144576691091061,0.0136796962469816,0.0167021602392197,0.016568610444665,0.0126028163358569,0.00497948005795479,0.0088106906041503,0.00598881579935551,0.00575038976967335,0.00436943955719471,0.00380437565036118,0.00282849627546966,0.00264780037105083,0.00514292484149337,0.00288869277574122,0.0119455438107252,0.00954666081815958,0.0106605049222708,0.0154504710808396,0.0130286300554872,0.00998560432344675,0.00946626253426075,0.00624910742044449,0.00799169111996889,0.00731369340792298,0.00612253183498979,0.00587849179282784,0.0080627603456378,0.0102783031761646,0.0072246347554028,0.0056990054436028,0.00426124129444361,0.0059165945276618,0.00998146180063486,0.0115248393267393,0.00782090704888105,0.00917935464531183,0.0117527339607477,0.0109402639791369,0.0151363527402282,0.0139166247099638,0.0175007823854685,0.0166154783219099,0.014005346223712,0.015617492608726,0.0123840263113379,0.0116817113012075,0.010197889059782,0.00772843044251204,0.00724472245201468
1025,8,0.0122767258435488,0.0106641566380858,0.00956407561898232,0.00981601700186729,0.00843089912086725,0.0060419705696404,0.00837045162916183,0.00777709297835827,0.00907463859766722,0.00794253870844841,0.00820262357592583,0.00811761524528265,0.0077373506501317,0.0086615439504385,0.00931746140122414,0.00904172752052546,0.0080141220241785,0.00624314649030566,0.00510271778330207,0.00582091649994254,0.00583999417722225,0.00348461302928627,0.00449156016111374,0.00600594934076071,0.00518924603238702,0.00493304524570704,0.00505112065002322,0.00695422478020191,0.00670647528022528,0.00648672832176089,0.00625583156943321,0.00770420813933015,0.00678914040327072,0.00766443694010377,0.00852476712316275,0.00749557605013251,0.00407874071970582,0.00576175563037395,0.00594186596572399,0.00416861847043037,0.00599963497370481,0.00666695227846503,0.00660238089039922,0.00724087283015251,0.00646974146366119,0.00652803434059024,0.00702298572286963,0.00484544038772583,0.00506250886246562,0.00455275923013687,0.00476226024329662,0.00379122490994632,0.00489617604762316,0.00343567482195795,0.00545900873839855,0.00550851738080382,0.00427764095366001
1025,9,0.0795135647058487,0.0794166848063469,0.0796664953231812,0.0785181298851967,0.0780223831534386,0.0779205933213234,0.0797509551048279,0.0789176970720291,0.0804316699504852,0.0749335885047913,0.0768004432320595,0.0781394764780998,0.0782134011387825,0.0796862617135048,0.0793305635452271,0.0799901634454727,0.078067921102047,0.0777230560779572,0.0860615968704224,0.0855575948953629,0.096481055021286,0.0970951393246651,0.0963932424783707,0.0960921421647072,0.095806859433651,0.0937506183981895,0.0786078125238419,0.0944137796759605,0.11510431021452,0.117000587284565,0.113961927592754,0.106399051845074,0.107599548995495,0.112349972128868,0.109916560351849,0.10501367598772,0.0791999772191048,0.0929646641016006,0.0857595652341843,0.081002488732338,0.0933254957199097,0.113036900758743,0.113712728023529,0.118699342012405,0.124349467456341,0.126272678375244,0.12593537569046,0.104809083044529,0.1141152754426,0.10307203233242,0.105456806719303,0.0948465541005135,0.103958062827587,0.100790001451969,0.0988418459892273,0.100112535059452,0.100105732679367
1025,10,0.0259924679994583,0.0249667149037123,0.0253626927733421,0.0245565921068192,0.0242428816854954,0.023936765268445,0.0227057412266731,0.0223384406417608,0.0308513771742582,0.0207848474383354,0.0205984972417355,0.0214975103735924,0.0222253557294607,0.0231907106935978,0.0212250594049692,0.0213735140860081,0.0205312184989452,0.0204756092280149,0.0208664555102587,0.0222400967031717,0.022870309650898,0.0210658498108387,0.0225880760699511,0.0228013899177313,0.0198099203407764,0.017504571005702,0.0105188274756074,0.00596944335848093,0.00762312347069383,0.0131218237802386,0.00867642555385828,0.0102534955367446,0.0128198387101293,0.0136742228642106,0.0133552812039852,0.0488556884229183,0.0458496324717999,0.045209988951683,0.0460424162447453,0.0475768074393272,0.0471990145742893,0.0469559170305729,0.0546510964632034,0.0470293760299683,0.0414952673017979,0.042390301823616,0.0445387549698353,0.0463541559875011,0.0473910085856915,0.0470623932778835,0.0461389534175396,0.0448423773050308,0.0433046296238899,0.043355155736208,0.04738924279809,0.0473628118634224,0.0494571924209595
1025,11,0.37628185749054,0.338479578495026,0.384054899215698,0.388223201036453,0.367896854877472,0.330592662096024,0.337725102901459,0.333969473838806,0.15549048781395,0.157805144786835,0.153210803866386,0.130743145942688,0.141997069120407,0.154378965497017,0.181013405323029,0.189594030380249,0.209178864955902,0.209780275821686,0.195423826575279,0.198354333639145,0.194066673517227,0.200981095433235,0.213699966669083,0.214227885007858,0.2162224650383,0.214714720845222,0.203917250037193,0.186814427375793,0.169764772057533,0.150291100144386,0.128931298851967,0.0951150357723236,0.101871401071548,0.108155705034733,0.134523630142212,0.152841776609421,0.171437472105026,0.147132158279419,0.11126871407032,0.172187224030495,0.132025986909866,0.110814161598682,0.0948492810130119,0.0776286870241165,0.0620742626488209,0.0476775094866753,0.0313235372304916,0.015105408616364,0.0119178900495172,0.0153063768520951,0.0153019102290273,0.131000220775604,0.0771124809980392,0.0158123876899481,0.0164072643965483,0.145750969648361,0.152016997337341
1025,12,0.00154526217374951,0.00154526217374951,0.00154526217374951,0.00154526217374951,0.00154526217374951,0.00154526217374951,0.00154526217374951,0.00154526217374951,0.00154526217374951,0.00154526217374951,0.00154526217374951,0.0347325429320335,0.0297650881111622,0.0679788738489151,0.0796888843178749,0.0584152117371559,0.0492579080164433,0.0446169786155224,0.059477299451828,0.0286369919776917,0.0361646115779877,0.029658667743206,0.0101485550403595,0.0229200515896082,0.0271381922066212,0.0551726035773754,0.0489970557391644,0.0614001154899597,0.0561491101980209,0.0319786034524441,0.04508251324296,0.0526899844408035,0.051543265581131,0.0628984123468399,0.0391968041658401,0.0270295441150665,0.0380211770534515,0.0203597340732813,0.0218639280647039,0.014336328022182,0.0188790541142225,0.0230245422571898,0.0248882342129946,0.0205941312015057,0.0185289327055216,0.0174036826938391,0.0174448806792498,0.0145398834720254,0.010567276738584,0.0111636817455292,0.0170244295150042,0.0104851927608252,0.00261137378402054,0.0142596466466784,0.0135684479027987,0.0130196670070291,0.0116732511669397
1025,13,0,0,0,0,0,0,0,0,0,0,0,0,0,0,0.00272290618158877,0.00230533350259066,0.00243411073461175,0.00227108551189303,0.00210374779999256,0.00201151985675097,0.00185955478809774,0.00178756657987833,0.00180991098750383,0.00183560920413584,0.00184141285717487,0.00712478160858154,0.00567839946597815,0.0034957667812705,0.00529988901689649,0.00410186126828194,0.00450361473485827,0.00461205327883363,0.00902575254440308,0.00775943836197257,0.0109751708805561,0.00437662377953529,0.0106843281537294,0.0109734293073416,0.0181864313781261,0.0209362003952265,0.0194377917796373,0.0159274395555258,0.0171174015849829,0.018106110394001,0.0197432115674019,0.0258147418498993,0.0219464711844921,0.0229554641991854,0.012011768296361,0.015363953076303,0.0128271253779531,0.0121677843853831,0.00929134525358677,0.00787063874304295,0.0115926023572683,0.00919183250516653,0.0211693700402975
1025,14,0.000594287936110049,0.000594287936110049,0.000594287936110049,0.000594287936110049,0.000594287936110049,0.000594287936110049,0.000594287936110049,0.000594287936110049,0.000594287936110049,0.000594287936110049,0.000594287936110049,0.000130518572404981,0.000339768826961517,0.000825365073978901,0.000571141252294183,0.000305741676129401,0.00012637693725992,5.46776482224232E-06,9.90781882137526E-06,8.73551925906213E-06,2.95576101052575E-05,3.71041242033243E-05,0.000547281990293413,0.00167127593886107,0.0014004313852638,0.00208188267424703,0.00521946744993329,0.00476650148630142,0.0112501578405499,0.0137712014839053,0.0142709417268634,0.0132090365514159,0.0117457425221801,0.0496310852468014,0.0398944951593876,0.0105248531326652,0.00804516021162272,0.00835160445421934,0.00707640126347542,0.00753347016870975,0.00724561372771859,0.00797888729721308,0.00824270024895668,0.00860772002488375,0.00765855144709349,0.00851321872323751,0.00581369595602155,0.00588895194232464,0.00646243058145046,0.00509724905714393,0.00563478097319603,0.00744930189102888,0.00768762128427625,0.00388381350785494,0.00401439657434821,0.00278961239382625,0.00290188053622842
1026,1,0.00135055079590529,0.0014507791493088,0.00140470347832888,0.000723562727216631,0.000758061127271503,0.00106406165286899,0.0014582151779905,0.000733374967239797,0.00082673697033897,0.00138814002275467,0.000359603494871408,0.000356126227416098,0.000457591260783374,0.000351223687175661,0.000304956454783678,0.000337330333422869,0.000710384920239449,0.00192092219367623,0.000536681967787445,0.00133129302412272,0.00113282992970198,0.000788180564995855,0.000712897453922778,0.00175040832255036,0.00193060515448451,0.0029794245492667,0.00267971679568291,0.00234857643954456,0.00236050738021731,0.00226465100422502,0.00171408837195486,0.00228588562458754,0.00351412990130484,0.00180640770122409,0.0025782163720578,0.00311682396568358,0.00563653325662017,0.0120614860206842,0.0155037008225918,0.0229663532227278,0.029566865414381,0.0267159566283226,0.0331881232559681,0.0357358902692795,0.0319032855331898,0.0161793176084757,0.0189953241497278,0.0237115975469351,0.0165371261537075,0.0108457822352648,0.0159026253968477,0.0136145260185003,0.0220846179872751,0.0346029959619045,0.128144711256027,0.138271749019623,0.146556228399277
1026,2,0.00757228117436171,0.00781847722828388,0.00865691248327494,0.00985062029212713,0.00881105754524469,0.00697508919984102,0.00659119617193937,0.00621737306937575,0.00949038285762072,0.00889945030212402,0.00946466811001301,0.0123547902330756,0.0125183518975973,0.0114675937220454,0.0101051274687052,0.00998588930815458,0.0118019133806229,0.0119287231937051,0.0136724887415767,0.00950256828218699,0.0134329525753856,0.0112209478393197,0.0130714783445001,0.0106524908915162,0.0120344813913107,0.0143171213567257,0.0159779880195856,0.0156651381403208,0.0120362564921379,0.0146114667877555,0.0131139988079667,0.0145392343401909,0.0160622484982014,0.0148486234247684,0.0117193497717381,0.0127331418916583,0.0125884795561433,0.011447892524302,0.0113903991878033,0.0110493609681726,0.0104283494874835,0.014496405608952,0.0138967856764793,0.0126376207917929,0.0121700409799814,0.0107837803661823,0.0103850197046995,0.0101927258074284,0.0112937344238162,0.0116882314905524,0.0129336724057794,0.0118957553058863,0.0135757671669126,0.0175274480134249,0.0151447085663676,0.0145772863179445,0.0114575531333685
1026,3,0.00415793620049953,0.00639075739309192,0.00936305336654186,0.00585959851741791,0.00436503486707807,0.0073022204451263,0.00842032674700022,0.00632348889485002,0.00330130662769079,0.00364116439595819,0.00537258200347424,0.00556158600375056,0.00523405661806464,0.00506488466635346,0.00545029155910015,0.00585232581943274,0.00529020978137851,0.00554634723812342,0.00541482260450721,0.00547110382467508,0.00555939599871635,0.00546671496704221,0.00688760774210095,0.00664082495495677,0.00587967596948147,0.00641061970964074,0.00579772191122174,0.00613729935139418,0.00565532362088561,0.00637750187888741,0.00718833599239588,0.00713569670915604,0.00792128220200539,0.00790467858314514,0.00218672817572951,0.00509636895731092,0.00479319225996733,0.0101791564375162,0.0100229987874627,0.0119570754468441,0.00528522673994303,0.00574310636147857,0.00602797931060195,0.0145893162116408,0.0160423833876848,0.0170769300311804,0.0171209443360567,0.0206500589847565,0.0218999553471804,0.0191277898848057,0.0208884663879871,0.0227142870426178,0.0342320501804352,0.040214791893959,0.0374429263174534,0.0324673056602478,0.0332435965538025
1026,4,0.0197566337883472,0.0256803389638662,0.0185456927865744,0.0233175940811634,0.0177516005933285,0.0163562595844269,0.0512683354318142,0.0514823347330093,0.0444061160087585,0.0438525155186653,0.0420133471488953,0.0389915369451046,0.037229273468256,0.0267620589584112,0.025115717202425,0.0193999391049147,0.0212095435708761,0.0225232839584351,0.0196960419416428,0.0224462021142244,0.02033437974751,0.0209084507077932,0.020906500518322,0.0220899414271116,0.0228117275983095,0.028595058247447,0.028650838881731,0.0243544299155474,0.0247857514768839,0.0264833737164736,0.0284291133284569,0.0325754731893539,0.0345574989914894,0.033549964427948,0.0329900272190571,0.0373441725969315,0.0352138914167881,0.0340136513113976,0.035817164927721,0.0345934331417084,0.03663569688797,0.0353917479515076,0.0338011868298054,0.03416857868433,0.0328303501009941,0.0304384026676416,0.0300408210605383,0.0294211525470018,0.0284658242017031,0.0277065560221672,0.0251741781830788,0.0254067946225405,0.0242723859846592,0.0225316286087036,0.0219513196498156,0.0215543508529663,0.0206636227667332
1026,5,0.0199677720665932,0.0264523662626743,0.021065104752779,0.0202594604343176,0.0275620706379414,0.0293451678007841,0.0257763676345348,0.0279445685446262,0.0226283837109804,0.0240197852253914,0.0239434130489826,0.0350348763167858,0.0436992458999157,0.0500585623085499,0.0365765951573849,0.0357346273958683,0.055016603320837,0.0385048501193523,0.0468426868319511,0.0509466007351875,0.0579907670617104,0.0583547167479992,0.0743774324655533,0.0682602971792221,0.0811249613761902,0.0963753163814545,0.0827927365899086,0.0660504624247551,0.0653862580657005,0.0795321464538574,0.0765899866819382,0.0696181580424309,0.0761753246188164,0.0549757927656174,0.0391657538712025,0.0340988971292973,0.0363505035638809,0.0403412543237209,0.0437799580395222,0.0441463403403759,0.0344762653112412,0.0420002304017544,0.0429161004722118,0.0477134473621845,0.0389226153492928,0.0535513982176781,0.0669128745794296,0.0573663450777531,0.0748147815465927,0.0903660133481026,0.0900465026497841,0.0835919454693794,0.0969705507159233,0.107575327157974,0.119138158857822,0.0599879920482636,0.0653227567672729
1026,6,0.0780270099639893,0.0816587805747986,0.0808005779981613,0.0822620466351509,0.0838350430130959,0.0811753049492836,0.0777286216616631,0.0829852521419525,0.0883489400148392,0.0845699310302734,0.0875603929162025,0.087097629904747,0.0910079628229141,0.0899812132120132,0.0885786935687065,0.0813541114330292,0.0812481045722961,0.086156889796257,0.0908337309956551,0.0942175462841988,0.0918651074171066,0.0923039242625237,0.0881626084446907,0.0896354392170906,0.0908998399972916,0.0924573466181755,0.0943015813827515,0.0911029055714607,0.0907917842268944,0.09512709826231,0.108861826360226,0.112878032028675,0.10915257781744,0.106796033680439,0.103620328009129,0.105047158896923,0.104572981595993,0.0965513736009598,0.0972799137234688,0.0968559756875038,0.0926504880189896,0.0933432951569557,0.0931898206472397,0.0939970389008522,0.0974177345633507,0.096399262547493,0.0913334563374519,0.0878724232316017,0.0885191708803177,0.083789549767971,0.0784632861614227,0.0779532045125961,0.0779607221484184,0.0809032991528511,0.0768696665763855,0.0782435908913612,0.0796548053622246
1026,7,0.179992362856865,0.182802245020866,0.13814777135849,0.132864028215408,0.139885380864143,0.134436875581741,0.122986130416393,0.155399903655052,0.151708111166954,0.148757860064507,0.144892618060112,0.156953290104866,0.139737397432327,0.127492249011993,0.137002542614937,0.133536234498024,0.125037983059883,0.121380999684334,0.104588814079762,0.103759400546551,0.0948063507676125,0.101778984069824,0.119090631604195,0.113989889621735,0.11376416683197,0.117517828941345,0.104265049099922,0.105539008975029,0.114988535642624,0.101794831454754,0.116293914616108,0.107323072850704,0.103294067084789,0.101621836423874,0.0972664132714272,0.112503789365292,0.107561066746712,0.100458063185215,0.100434727966785,0.0940372571349144,0.108488783240318,0.108961015939713,0.100609965622425,0.0913239195942879,0.0882313549518585,0.0860547050833702,0.0917593315243721,0.0964263081550598,0.0950563177466393,0.0934272557497025,0.104918293654919,0.10007256269455,0.112822152674198,0.100300014019012,0.0953217297792435,0.122483365237713,0.112699829041958
1026,8,0.153190031647682,0.142855331301689,0.158898323774338,0.153637364506721,0.141251847147942,0.123388007283211,0.137162104249001,0.127715423703194,0.122284106910229,0.112325891852379,0.110827445983887,0.119122572243214,0.114699840545654,0.131432309746742,0.131582856178284,0.130910351872444,0.125642165541649,0.102540247142315,0.0907503962516785,0.103120498359203,0.100736513733864,0.0892150774598122,0.0883261263370514,0.0854035317897797,0.0815132409334183,0.0766896903514862,0.0747013762593269,0.0571025647222996,0.058407723903656,0.0535648204386234,0.0454107485711575,0.049877118319273,0.0441633090376854,0.0357639528810978,0.0308495238423347,0.028605792671442,0.026511711999774,0.0262674782425165,0.0272064153105021,0.0248291622847319,0.0238933563232422,0.0251231752336025,0.024092385545373,0.0269640479236841,0.024286886677146,0.0249909292906523,0.0270946454256773,0.0251257382333279,0.0281298514455557,0.0298353675752878,0.0317376032471657,0.0309050027281046,0.0347729735076427,0.0280325617641211,0.0299301221966743,0.0249189436435699,0.0261292736977339
1026,9,0.115999467670918,0.117389179766178,0.117416523396969,0.115875363349915,0.118831217288971,0.117076233029366,0.119904078543186,0.118808545172215,0.12183416634798,0.113918036222458,0.115166768431664,0.118438772857189,0.119249425828457,0.121327608823776,0.119568921625614,0.121189519762993,0.119370333850384,0.1181875243783,0.131236016750336,0.130931437015533,0.142256453633308,0.142254695296288,0.141338616609573,0.140281736850739,0.140625968575478,0.138494253158569,0.120225228369236,0.109487853944302,0.1328334659338,0.128755778074265,0.122973568737507,0.125317558646202,0.12721087038517,0.119200460612774,0.119325965642929,0.118107587099075,0.106179982423782,0.092435710132122,0.094593346118927,0.0973584726452827,0.0978983491659164,0.104844093322754,0.102140039205551,0.106345765292645,0.109758839011192,0.108554318547249,0.109139360487461,0.104261577129364,0.104569226503372,0.102106787264347,0.100527912378311,0.103112056851387,0.0992494225502014,0.100928492844105,0.0996997430920601,0.106577768921852,0.107716262340546
1026,10,0.0891681909561157,0.0809191688895226,0.0829703733325005,0.0855297818779945,0.0849697813391685,0.0906150341033936,0.107849985361099,0.10832791775465,0.145053371787071,0.0991085916757584,0.104270868003368,0.112893521785736,0.107521921396255,0.119497112929821,0.114998623728752,0.116863682866096,0.111021086573601,0.108509458601475,0.109204456210136,0.123216092586517,0.125434160232544,0.11871150881052,0.12748646736145,0.133265301585197,0.125835075974464,0.111796654760838,0.0942150056362152,0.0944297984242439,0.0988574549555779,0.103030726313591,0.0997136905789375,0.0950413942337036,0.0985605642199516,0.0938853770494461,0.0899898782372475,0.0946667045354843,0.0861305594444275,0.0871146693825722,0.0863713249564171,0.0814417749643326,0.0809023678302765,0.0857892781496048,0.101656705141068,0.0890861302614212,0.0798649042844772,0.0861703753471375,0.0890415087342262,0.0915858149528503,0.097752071917057,0.0971729978919029,0.0992451682686806,0.0975682735443115,0.101251631975174,0.101857453584671,0.0949198305606842,0.0938605815172195,0.107627592980862
1026,11,0.111774183809757,0.101808555424213,0.114857576787472,0.114978447556496,0.108594536781311,0.0965985879302025,0.0983897596597672,0.0949314683675766,0.0430961847305298,0.0412731505930424,0.0398409180343151,0.0344510823488235,0.0381234623491764,0.0415567420423031,0.0490931421518326,0.0523782260715961,0.0569634810090065,0.0585109740495682,0.0552360750734806,0.0562996752560139,0.0571656003594399,0.0588998086750507,0.0626403763890266,0.0638736858963966,0.0642504617571831,0.0656689628958702,0.0680695399641991,0.0707386583089828,0.073445275425911,0.0743857622146606,0.0761017054319382,0.0670073553919792,0.0648964196443558,0.0558569841086864,0.0595616064965725,0.0589822195470333,0.0598720200359821,0.0631439909338951,0.0624993368983269,0.0589448101818562,0.0655947253108025,0.0638512223958969,0.0635776743292809,0.0629314333200455,0.0631370544433594,0.0660043507814407,0.0676599442958832,0.067290186882019,0.0686732307076454,0.0685587897896767,0.0689404606819153,0.0586998127400875,0.0623843260109425,0.0665440931916237,0.074441209435463,0.0645942464470863,0.0658933147788048
1026,12,0.0334676578640938,0.0334676578640938,0.0334676578640938,0.0334676578640938,0.0334676578640938,0.0334676578640938,0.0334676578640938,0.0334676578640938,0.0334676578640938,0.0334676578640938,0.0334676578640938,0.0650901794433594,0.0576500445604324,0.0584706738591194,0.0671062096953392,0.0473782047629356,0.0420309640467167,0.0320670939981937,0.0418647676706314,0.0169961992651224,0.0274579226970673,0.0215320233255625,0.00644787028431892,0.0199086219072342,0.0185343362390995,0.0546117387712002,0.0462322421371937,0.0573191754519939,0.052174661308527,0.0278449337929487,0.0370507463812828,0.0415671989321709,0.0335122868418694,0.0495451278984547,0.0278866589069366,0.0115279583260417,0.0140807256102562,0.011618921533227,0.0151654975488782,0.0135554186999798,0.00958640966564417,0.0142021123319864,0.0170934144407511,0.0149661442264915,0.0154909193515778,0.015668872743845,0.0160776488482952,0.0162519309669733,0.0126347485929728,0.0131515013054013,0.019150223582983,0.0124358236789703,0.0020037938375026,0.0153436725959182,0.0147073799744248,0.0138914091512561,0.0108252698555589
1026,13,0,0,0,0,0,0,0,0,0,0,0,0,0,0,0.00272290618158877,0.00230533350259066,0.00243411073461175,0.00227108551189303,0.00210374779999256,0.00201151985675097,0.00185955478809774,0.00178756657987833,0.00180991098750383,0.00183560920413584,0.00184141285717487,0.00712478160858154,0.00567839946597815,0.0034957667812705,0.00529988901689649,0.00410186126828194,0.00450361473485827,0.00461205327883363,0.00902575254440308,0.00775943836197257,0.0221326984465122,0.014670847915113,0.0206242948770523,0.0203250423073769,0.0263069029897451,0.0286060459911823,0.0240418408066034,0.0200606733560562,0.0214134696871042,0.0219706408679485,0.0237052105367184,0.0276947375386953,0.0233267303556204,0.0239887330681086,0.0129176359623671,0.0231522731482983,0.025485759600997,0.0185575857758522,0.0152603546157479,0.0129082342609763,0.0185547433793545,0.0143765592947602,0.0305643919855356
1026,14,0.00311442278325558,0.00311442278325558,0.00311442278325558,0.00311442278325558,0.00311442278325558,0.00311442278325558,0.00311442278325558,0.00311442278325558,0.00311442278325558,0.00311442278325558,0.00311442278325558,0.000980914221145213,0.0016442685155198,0.00368173024617136,0.00281249592080712,0.0335423350334167,0.036123514175415,0.0154525954276323,0.0137054156512022,0.00826294161379337,0.00720436498522758,0.00790795683860779,0.00762454885989428,0.00869414117187262,0.00848484691232443,0.00774526596069336,0.00858920253813267,0.0207696408033371,0.0255582891404629,0.0258966516703367,0.0252940002828836,0.0213528238236904,0.0186149980872869,0.0546084754168987,0.0557147115468979,0.0262240041047335,0.0205361619591713,0.0186211913824081,0.0172226168215275,0.0163607504218817,0.0164193268865347,0.0174471586942673,0.017866563051939,0.0208143778145313,0.019789831712842,0.0215804297477007,0.0148843359202147,0.0173069220036268,0.017018673941493,0.0147640760987997,0.0152124976739287,0.0157568007707596,0.0155705893412232,0.0089218420907855,0.00821248441934586,0.00594119168817997,0.00623438647016883
1027,1,0,0,0,0,0,0,0,0,0,0,0,0,0,0,0,0,0,0,0,0,0.0101950895041227,0.0105150584131479,0.010613739490509,0.0107458522543311,0.0117949517443776,0.0121502494439483,0.0130046522244811,0.0114966770634055,0.0109881209209561,0.0117413178086281,0.0110645964741707,0.0119429780170321,0.010628167539835,0.0117300571873784,0.0117869498208165,0.0155370542779565,0.0161606501787901,0.0150077408179641,0.0145731447264552,0.0155384801328182,0.013462140224874,0.0111200250685215,0.0147280609235168,0.0142386490479112,0.0132320513948798,0.0134053118526936,0.0156371369957924,0.0175254866480827,0.0175632312893867,0.0169713087379932,0.0162080023437738,0.0167402569204569,0.0169682707637548,0.0155841587111354,0.0120485499501228,0.0128134526312351,0.0123313525691628
1027,2,0.000474897678941488,0.00053772795945406,0.000714658643119037,0.00128503446467221,0.00141986319795251,0.001314886379987,0.00115657376591116,0.00108142290264368,0.00103716726880521,0.00114708708133548,0.00145071872975677,0.00164399261120707,0.00165502482559532,0.00194566079881042,0.00167940440587699,0.00134065409656614,0.00110165902879089,0.00103299203328788,0.000978418393060565,0.000820772780571133,0.0068353028036654,0.00585811212658882,0.00686723971739411,0.00659252516925335,0.0126785365864635,0.0133939031511545,0.0142782619222999,0.0142948152497411,0.0133644519373775,0.0123221194371581,0.0113467443734407,0.01021115668118,0.0108250277116895,0.0101704420521855,0.00998113211244345,0.00925788655877113,0.0133290961384773,0.013060194440186,0.0127226477488875,0.0107419295236468,0.0124016115441918,0.0104948962107301,0.00942858122289181,0.00879634078592062,0.00968228746205568,0.00816173851490021,0.00772309862077236,0.00958268623799086,0.00832970812916756,0.00999630521982908,0.00912356190383434,0.00916747748851776,0.0082932785153389,0.00952942483127117,0.00889689009636641,0.00844993907958269,0.00832726899534464
1027,3,0,0,0,0,0,0,0,0,0,0,0,0,0,0,0,0,0,0,0,0,0,0,0,0,0,0,0,0,0,0,0.000445032957941294,0.000169866063515656,0.000256699830060825,0.000311829353449866,0.00237968028523028,0.00899782031774521,0.00817329529672861,0.0150199709460139,0.0157761294394732,0.0192506890743971,0.00934953708201647,0.010848393663764,0.0118319867178798,0.0128861600533128,0.0140231223776937,0.0148113342002034,0.0151586616411805,0.0156835094094276,0.0162573847919703,0.0170944910496473,0.017906591296196,0.0180016327649355,0.0212131179869175,0.0245794374495745,0.022981034591794,0.0219953265041113,0.0238739289343357
1027,4,0.0207688231021166,0.0379384271800518,0.0205854177474976,0.0284938719123602,0.00840969756245613,0.00709035433828831,0.0385100468993187,0.0380666516721249,0.00880290474742651,0.030490156263113,0.0293810404837132,0.0238246247172356,0.0307482052594423,0.00625297287479043,0.00604868261143565,0.00531058060005307,0.00970571767538786,0.00722166802734137,0.00472079869359732,0.00532658630982041,0.0104085048660636,0.00926501676440239,0.0102530336007476,0.0108698075637221,0.0122285075485706,0.0248482245951891,0.0212165005505085,0.0109807150438428,0.0107942465692759,0.0129064721986651,0.0113922506570816,0.011762123554945,0.0200309175997972,0.0143036870285869,0.0101548349484801,0.0160604026168585,0.0125049175694585,0.00919572543352842,0.0105899181216955,0.00964519288390875,0.0088863642886281,0.00809895806014538,0.00832005403935909,0.00844391714781523,0.0103865582495928,0.00718338275328279,0.00739047210663557,0.00958953332155943,0.00877460930496454,0.00758163025602698,0.00706491619348526,0.00729709072038531,0.00732086412608624,0.00707812467589974,0.0105054089799523,0.00833444111049175,0.00680202711373568
1027,5,0.00384794361889362,0.00397798605263233,0.00354172335937619,0.0028487250674516,0.00353659735992551,0.00238915579393506,0.0025289817713201,0.00246625090949237,0.00277621252462268,0.00298634683713317,0.00301847560331225,0.0156987570226192,0.0207138806581497,0.0254708305001259,0.0158307477831841,0.0174205303192139,0.0146695040166378,0.0154197821393609,0.0155554879456758,0.0193572454154491,0.0194473676383495,0.0126736043021083,0.0198671370744705,0.0186311360448599,0.0155311189591885,0.0113029247149825,0.00926760025322437,0.00911934673786163,0.00905110593885183,0.0110996225848794,0.0129023138433695,0.012131430208683,0.0129739614203572,0.0139765497297049,0.0114387990906835,0.0106022199615836,0.00434307800605893,0.00484565505757928,0.00439612474292517,0.00368825229816139,0.00439024064689875,0.00528259249404073,0.00540095008909702,0.00561041897162795,0.00669176736846566,0.00686559267342091,0.00815867725759745,0.00704911537468433,0.00792335905134678,0.00708423322066665,0.00626348704099655,0.00562243396416307,0.00760240759700537,0.00491922162473202,0.00915547739714384,0.0119571760296822,0.00884769856929779
1027,6,0.0241795834153891,0.025604197755456,0.0250544659793377,0.0258456990122795,0.0245579313486815,0.0252252351492643,0.0231929793953896,0.0237268209457397,0.024646058678627,0.0232903771102428,0.0239734146744013,0.0230792071670294,0.0229256059974432,0.0234024934470654,0.0236067045480013,0.0208276342600584,0.0193075556308031,0.0195469073951244,0.0220550540834665,0.023206876590848,0.0244115237146616,0.0229541938751936,0.0232884287834167,0.0204823147505522,0.0240670964121819,0.0233595408499241,0.0230715610086918,0.0244490075856447,0.0234116856008768,0.0248924288898706,0.0276551861315966,0.0290593504905701,0.0295388549566269,0.0285372845828533,0.0314783938229084,0.0295134708285332,0.0315797813236713,0.0305560529232025,0.0304491631686687,0.0339762978255749,0.0396403297781944,0.0409436784684658,0.0395391546189785,0.0395756810903549,0.0412517711520195,0.0407464392483234,0.039146400988102,0.0372962281107903,0.0374066606163979,0.0395006351172924,0.039308238774538,0.0390787497162819,0.0357743576169014,0.0379902012646198,0.0354471169412136,0.0369678623974323,0.0376873798668385
1027,7,0.016740120947361,0.0248552057892084,0.020909970626235,0.0201547462493181,0.0232244282960892,0.0234500728547573,0.0266225449740887,0.02692711353302,0.0261718332767487,0.0288053844124079,0.0276844650506973,0.0251333136111498,0.0186710897833109,0.0196328014135361,0.0154330115765333,0.0127713773399591,0.00798133388161659,0.0109048020094633,0.0128265749663115,0.0148001406341791,0.016790546476841,0.0211881101131439,0.0202352218329906,0.0151505246758461,0.0164147168397903,0.0224138218909502,0.0199663229286671,0.0199998877942562,0.0213371887803078,0.0170253533869982,0.0148769905790687,0.0135464891791344,0.0164820440113544,0.0142841581255198,0.0113307032734156,0.0155543042346835,0.0141185419633985,0.0155811822041869,0.0182114169001579,0.0247795004397631,0.0284906346350908,0.0255636982619762,0.0204445421695709,0.0217970758676529,0.0242979768663645,0.0250499583780766,0.0278614778071642,0.026540469378233,0.0311121810227633,0.0232899803668261,0.0223161913454533,0.0237321369349957,0.023903351277113,0.0209906939417124,0.0162904541939497,0.0122136911377311,0.0118209850043058
1027,8,0.0344916544854641,0.0283469501882792,0.0286272056400776,0.0355884879827499,0.0308607369661331,0.0291285011917353,0.0301554333418608,0.0329791642725468,0.036125935614109,0.0297760162502527,0.0291581079363823,0.0336360782384872,0.0312680043280125,0.0348521545529366,0.0324838198721409,0.0380181036889553,0.0323026105761528,0.0256771165877581,0.0245359931141138,0.0236512813717127,0.0254565589129925,0.0195094458758831,0.0227764826267958,0.0219635907560587,0.0196052622050047,0.0202031843364239,0.0226232763379812,0.0156301073729992,0.0177930295467377,0.0140954544767737,0.00996336527168751,0.0098193371668458,0.00820264965295792,0.00734113296493888,0.00712159881368279,0.00723339524120092,0.00663432897999883,0.00840751361101866,0.00941487867385149,0.00838969927281141,0.0125237014144659,0.00957589223980904,0.0085589187219739,0.0103526208549738,0.0101834395900369,0.00988077837973833,0.00913749169558287,0.00909993145614862,0.00926640722900629,0.00897267367690802,0.00931555218994617,0.0116275055333972,0.0177188664674759,0.0148083521053195,0.0136794047430158,0.011461803689599,0.00933418981730938
1027,9,0.0438072755932808,0.043691847473383,0.0437251143157482,0.0430163815617561,0.0426422171294689,0.042547881603241,0.0434662476181984,0.0430101379752159,0.043757151812315,0.0406705215573311,0.041639868170023,0.0422951802611351,0.0422949157655239,0.0430619716644287,0.0428136624395847,0.0431839562952518,0.0423052869737148,0.0423394925892353,0.0468755699694157,0.0469771847128868,0.0577497780323029,0.0576722174882889,0.0568891912698746,0.0562297701835632,0.0558536872267723,0.0545373596251011,0.0431612953543663,0.0424335524439812,0.0498781464993954,0.0506724677979946,0.0515156798064709,0.0502476245164871,0.0523182414472103,0.0493247769773006,0.0507896654307842,0.0510677695274353,0.0541520826518536,0.0486279688775539,0.0499053783714771,0.0504053719341755,0.0556856729090214,0.0568153113126755,0.0553106553852558,0.0587594024837017,0.0640664473176003,0.066758893430233,0.0657503083348274,0.0555217415094376,0.0574510656297207,0.0569367334246635,0.0547896660864353,0.0549503229558468,0.0540198273956776,0.0561924874782562,0.0552316978573799,0.058174017816782,0.0598107203841209
1027,10,0.0594847872853279,0.0562195181846619,0.0562956370413303,0.0539397336542606,0.0533099807798862,0.0539406314492226,0.0519898347556591,0.0512970164418221,0.0703134015202522,0.0470596514642239,0.0468408800661564,0.0496596693992615,0.0523653440177441,0.0552557334303856,0.0505803599953651,0.0502168908715248,0.0475163348019123,0.0445697754621506,0.0434104204177856,0.04436095058918,0.0441848337650299,0.0377750098705292,0.0403238497674465,0.0409579053521156,0.0345788858830929,0.0308369696140289,0.0226068738847971,0.0186234265565872,0.0194347836077213,0.0235350709408522,0.0168708711862564,0.0176342148333788,0.0199470855295658,0.0203098133206367,0.0187222752720118,0.020060695707798,0.0201057679951191,0.018259558826685,0.0177200585603714,0.0178826451301575,0.017618814483285,0.0169919561594725,0.0189297366887331,0.0155531819909811,0.013214310631156,0.0139423767104745,0.0143644511699677,0.0139528559520841,0.014543536119163,0.0140886697918177,0.0136508196592331,0.0134058557450771,0.0133310938253999,0.0143200112506747,0.0132302893325686,0.0132812820374966,0.0138286501169205
1027,11,0.000385749095585197,0.000347611610777676,0.000422402896219864,0.000521805952303112,0.000486651668325067,0.000473235442768782,0.000480655115097761,0.000526760471984744,0.000209925958188251,0.000210138750844635,0.000207780525670387,0.000172082116478123,0.00019324358436279,0.000218583169043995,0.000265137496171519,0.000284444540739059,0.000287885137367994,0.000300098792649806,0.000278480671113357,0.000258942600339651,0.00101170549169183,0.00106861430685967,0.00116982450708747,0.00118559529073536,0.00112468958832324,0.00122510211076587,0.00115927925799042,0.00120453583076596,0.00132929848041385,0.00134250358678401,0.00135507166851312,0.00119721202645451,0.00438544154167175,0.0042657726444304,0.00452492851763964,0.00461264885962009,0.00459280423820019,0.00483617279678583,0.00476149097084999,0.00443661538884044,0.00476906821131706,0.00457434682175517,0.00481608184054494,0.00479890825226903,0.00484528252854943,0.00503948237746954,0.00507191335782409,0.00515217613428831,0.00517719518393278,0.00529954535886645,0.00527075352147222,0.00465034926310182,0.00507600931450725,0.00546493753790855,0.00570380734279752,0.0050190445035696,0.00477154878899455
1027,12,0.00154526217374951,0.00154526217374951,0.00154526217374951,0.00154526217374951,0.00154526217374951,0.00154526217374951,0.00154526217374951,0.00154526217374951,0.00154526217374951,0.00154526217374951,0.00154526217374951,0.0347325429320335,0.0297650881111622,0.0335690230131149,0.0402607657015324,0.0301498547196388,0.0198090933263302,0.014920124784112,0.0283109731972218,0.0111957490444183,0.0199932605028152,0.0147122647613287,0.00420029507949948,0.0178457759320736,0.0170759689062834,0.052148949354887,0.0451734699308872,0.0553532727062702,0.0507008694112301,0.0269610527902842,0.0366409793496132,0.0414037741720676,0.0333664603531361,0.0493569485843182,0.027700437232852,0.0113046485930681,0.0139128435403109,0.0114347394555807,0.0150153767317533,0.0134505992755294,0.00952014699578285,0.0114397881552577,0.0149770211428404,0.0121850240975618,0.012150838971138,0.0123716499656439,0.0132727697491646,0.0117290541529655,0.00888774916529655,0.00962046720087528,0.0154080428183079,0.0088977487757802,0.00110965187195688,0.0128056900575757,0.012211631052196,0.0829889178276062,0.138189136981964
1027,13,0,0,0,0,0,0,0,0,0,0,0,0,0,0,0.00272290618158877,0.00230533350259066,0.00243411073461175,0.00227108551189303,0.00210374779999256,0.00201151985675097,0.00185955478809774,0.00178756657987833,0.00180991098750383,0.00183560920413584,0.00184141285717487,0.00712478160858154,0.00567839946597815,0.0034957667812705,0.00529988901689649,0.00410186126828194,0.00450361473485827,0.00461205327883363,0.00902575254440308,0.00775943836197257,0.0109751708805561,0.00437662377953529,0.0106843281537294,0.0109734293073416,0.0181864313781261,0.0209362003952265,0.0194377917796373,0.0159274395555258,0.0171174015849829,0.018106110394001,0.0197432115674019,0.0258147418498993,0.0219464711844921,0.0229554641991854,0.012011768296361,0.015363953076303,0.0128271253779531,0.0118015017360449,0.00933231692761183,0.0077266194857657,0.0113739753141999,0.00945616327226162,0.0203579664230347
1027,14,0.000594287936110049,0.000594287936110049,0.000594287936110049,0.000594287936110049,0.000594287936110049,0.000594287936110049,0.000594287936110049,0.000594287936110049,0.000594287936110049,0.000594287936110049,0.000594287936110049,0.000130518572404981,0.000339768826961517,0.000825365073978901,0.000571141252294183,0.0959523841738701,0.105058528482914,0.0453808233141899,0.0402056351304054,0.0241371188312769,0.0208719857037067,0.0225857347249985,0.0205592904239893,0.0215009115636349,0.021316597238183,0.017901461571455,0.0142028843984008,0.051381953060627,0.0529349520802498,0.0490155927836895,0.0463292896747589,0.0368415825068951,0.0308896787464619,0.059561338275671,0.0497080646455288,0.022981408983469,0.0175941400229931,0.0172807816416025,0.0149019258096814,0.0139073180034757,0.012959866784513,0.0130035867914557,0.012579963542521,0.0130056692287326,0.0118043078109622,0.013151534833014,0.00881032645702362,0.00855075009167194,0.00876826513558626,0.00745990220457315,0.00791012588888407,0.00960980542004108,0.00966493226587772,0.00585608789697289,0.00587282469496131,0.00444914167746902,0.00457523996010423
1028,1,0,0,0,0,0,0,0,0,0,0,0,0,0,0,0,0,0,0,0,0,0,0,0,0,0,0,0,0,0,0,7.10324059127743E-07,1.85638566563284E-06,1.0221120874121E-06,1.89717454190941E-07,1.76173756472053E-07,4.75891148710161E-08,4.92175402655448E-08,4.5299337614324E-08,0.00647736294195056,0.00692766299471259,0.00742174964398146,0.00691818678751588,0.0101730553433299,0.0113765290006995,0.010150340385735,0.00985772162675858,0.00801746174693108,0.0126733491197228,0.0131877092644572,0.0105883525684476,0.00981373433023691,0.00988805387169123,0.00836672447621822,0.0062694763764739,0.0038383814971894,0.00475701037794352,0.00452679302543402
1028,2,0.00634179869666696,0.00598699878901243,0.00615865550935268,0.00646166782826185,0.00627924501895905,0.00684864586219192,0.00643283315002918,0.016111908480525,0.0196748748421669,0.015979191288352,0.01998589374125,0.0227291639894247,0.0237373076379299,0.0227296594530344,0.0226377137005329,0.0284265633672476,0.0267227366566658,0.0179077219218016,0.021521994844079,0.0188106223940849,0.0161752104759216,0.0148857953026891,0.0144859524443746,0.0155784897506237,0.0146140130236745,0.0169608425348997,0.0157596170902252,0.0157227125018835,0.0160865634679794,0.0179872214794159,0.0139251779764891,0.0144984256476164,0.0128727406263351,0.013980571180582,0.0100873596966267,0.00870849471539259,0.00773471314460039,0.00819652434438467,0.00947042368352413,0.0102092260494828,0.0124250464141369,0.0121414344757795,0.0115918014198542,0.011006779037416,0.0114940144121647,0.0118070393800735,0.0107491761445999,0.0111733106896281,0.011005106382072,0.0129504101350904,0.0116505632176995,0.0120654152706265,0.0112917209044099,0.0138202849775553,0.01165078766644,0.0107164597138762,0.0120012359693646
1028,3,0,0,0,0,0,0,0,0,0,0,0,0,0,0,0,0,0,0,0,0,0,0,0,0,0,0,0,0,0,0,0,0,0,0,0,0,0,0,0,0,0,0,0,0,0,0,0,3.51111282270722E-08,2.64189611698384E-06,5.19592595082941E-06,7.65198092267383E-06,8.71930478751892E-06,1.13457617771928E-05,1.43454053613823E-05,1.43650768222869E-05,1.68657934409566E-05,1.73300068126991E-05
1028,4,0,0,0,0,0,0,0,0.000433830020483583,0.000490716600324959,0.000426527753006667,0.000465553166577592,0.00387834059074521,0.00344950030557811,0.00310258637182415,0.00442032795399427,0.00628121243789792,0.00829647202044725,0.00780658703297377,0.0109052583575249,0.00223108171485364,0.00247218506410718,0.0016398576553911,0.00320783397182822,0.00133383204229176,0.00128756940830499,0.0013141407398507,0.00131743133533746,0.001167724840343,0.00111566914711148,0.00107587920501828,0.00118936924263835,0.00124166661407799,0.0011565339518711,0.00109933794010431,0.00104826549068093,0.00103824364487082,0.000984198530204594,0.000934581330511719,0.000992675544694066,0.000945294799748808,0.000961292476858944,0.000918551872018725,0.000892444339115173,0.000895739183761179,0.000762037932872772,0.000717821705620736,0.000670138280838728,0.000683394144289196,0.000681854726281017,0.000644779705908149,0.000545892224181443,0.000595660181716084,0.000477668480016291,0.000439147290308028,0.000434518471593037,0.000465056102257222,0.000449256476713344
1028,5,0,0,0,0,0,0,0,0,0,0,0,0,2.93128250632435E-05,3.19097307510674E-05,3.01155650959117E-05,4.63240467070136E-05,2.33853297686437E-05,1.15717220978695E-05,9.24109335755929E-05,0.000173784501384944,0.000255934573942795,0.000308111601043493,0.00035182069404982,0.00043202648521401,0.00047355456626974,0.0004600633692462,0.000807768607046455,0.00109813781455159,0.00133243622258306,0.00151843961793929,0.00234419899061322,0.00239025498740375,0.00223283586092293,0.00227094418369234,0.00197581597603858,0.00200950144790113,0.00230060936883092,0.00204373244196177,0.00270984251983464,0.00277199642732739,0.00273227342404425,0.00275973626412451,0.00272249081172049,0.00285618542693555,0.00277214753441513,0.0026477116625756,0.00234825490042567,0.00260940147563815,0.00284026586450636,0.00247830804437399,0.00243625114671886,0.00229668105021119,0.00218221824616194,0.00200009695254266,0.00202327594161034,0.002533856080845,0.00209131394512951
1028,6,0.00522861815989017,0.00525799207389355,0.0052967774681747,0.00534316105768085,0.00521511118859053,0.00497469585388899,0.00515695102512836,0.00821246672421694,0.00860039982944727,0.00838299002498388,0.00942663662135601,0.00962476152926683,0.00980679411441088,0.012887698598206,0.0122714415192604,0.0109572717919946,0.0109253339469433,0.0113625163212419,0.0125943291932344,0.0132343145087361,0.0154659571126103,0.0150078414008021,0.014606554992497,0.0164015032351017,0.0169141907244921,0.0192933101207018,0.0189133677631617,0.0192556548863649,0.0193938314914703,0.0210996270179749,0.0233644526451826,0.0210989024490118,0.0209798701107502,0.0225282236933708,0.0220357421785593,0.0235853381454945,0.0263711083680391,0.0233748219907284,0.0275014825165272,0.0274208802729845,0.0264863576740026,0.0227752961218357,0.0263052172958851,0.0269493758678436,0.0278057232499123,0.0304650086909533,0.0303297191858292,0.0307912584394217,0.0308400336652994,0.0306283291429281,0.0304123871028423,0.0327660292387009,0.0306696724146605,0.0315102823078632,0.0324333496391773,0.032471552491188,0.0316123887896538
1028,7,0.00654617510735989,0.00665669701993465,0.00534236012026668,0.00473695388063788,0.00479740183800459,0.00443619629368186,0.00315719284117222,0.00191644846927375,0.00200451957061887,0.00235880631953478,0.00207645073533058,0.00205153902061284,0.00222946098074317,0.00192493654321879,0.00198576622642577,0.00199311529286206,0.00183915731031448,0.00352418259717524,0.00394244166091084,0.00545765599235892,0.0137476697564125,0.0128783937543631,0.0142109394073486,0.0154315549880266,0.0159562639892101,0.0137426014989614,0.0167096070945263,0.0170195233076811,0.0165293570607901,0.0154218254610896,0.0162118393927813,0.0177894532680511,0.016508411616087,0.0161976795643568,0.0120729403570294,0.0186819639056921,0.0217320378869772,0.0238603111356497,0.0253005549311638,0.0278856568038464,0.0275911297649145,0.0227831341326237,0.0312264151871204,0.030356103554368,0.0186522398144007,0.0271502267569304,0.0214136131107807,0.0244435053318739,0.0225929338485003,0.024491224437952,0.0194953214377165,0.0185404196381569,0.0185114517807961,0.0195168126374483,0.0160920117050409,0.0168038606643677,0.0163054559379816
1028,8,0.0113969845697284,0.0105612222105265,0.0143233230337501,0.0134398909285665,0.0120696071535349,0.0111792422831059,0.0113691799342632,0.010919950902462,0.0102634197100997,0.00923022348433733,0.00763532519340515,0.00821372121572495,0.0105687445029616,0.0112010566517711,0.0126909259706736,0.0107526862993836,0.011511686258018,0.00965507701039314,0.0060337521135807,0.00818425416946411,0.00727197108790278,0.00825863890349865,0.00879867002367973,0.00561774102970958,0.00531976856291294,0.00465007359161973,0.00613202340900898,0.00493517052382231,0.00512927351519465,0.00429358379915357,0.00364485965110362,0.00460016168653965,0.00498902052640915,0.00423497334122658,0.00476262997835875,0.00522814830765128,0.00482296012341976,0.0050835981965065,0.00554418982937932,0.00508933328092098,0.00520165916532278,0.00534239690750837,0.00669199228286743,0.00674709631130099,0.00584259163588285,0.00672378530725837,0.00903671141713858,0.00849337037652731,0.00784143898636103,0.0077880946919322,0.0146431578323245,0.0102898003533483,0.0100675178691745,0.00983631797134876,0.00811413303017616,0.00682534137740731,0.00724893109872937
1028,9,0.0064098653383553,0.011194403283298,0.00654198089614511,0.0125103108584881,0.0125138200819492,0.0124396737664938,0.013568720780313,0.0139481024816632,0.0131232645362616,0.0135794011875987,0.0115965651348233,0.00318161956965923,0.00263874232769012,0.0032711224630475,0.0034502272028476,0.00429127551615238,0.00489011220633984,0.00553640117868781,0.00415590824559331,0.00215525482781231,0.00176961673423648,0.00204587378539145,0.00228637200780213,0.00251997099258006,0.00275494670495391,0.00291780265979469,0.00280670472420752,0.00270502548664808,0.0035938648506999,0.000898417609278113,0.00164932839106768,0.00207220832817256,0.00243391189724207,0.00589300412684679,0.000990979373455048,0.00363236898556352,0.0018678882624954,0.00282526086084545,0.00396679202094674,0.00260204030200839,0.00239153765141964,0.00274571729823947,0.00424908753484488,0.00260557024739683,0.000830546312499791,0.00239071249961853,0.00245178118348122,0.00166815356351435,0.001900251256302,0.00190233252942562,0.00191607163287699,0.00192919047549367,0.00191352178808302,0.00336271757259965,0.00183410535100847,0.00175560533534735,0.000948310422245413
1028,10,0.0322943851351738,0.0310259256511927,0.0315239690244198,0.0305340439081192,0.0301450695842505,0.0297596715390682,0.0282186102122068,0.0277460888028145,0.0382969081401825,0.0257744491100311,0.0255260299891233,0.0266819279640913,0.0295045487582684,0.0286666415631771,0.0279314555227757,0.0265344586223364,0.0254898630082607,0.0305498503148556,0.026186965405941,0.0314776375889778,0.0367417633533478,0.0417670831084251,0.0442482978105545,0.0370882824063301,0.0352893359959126,0.0309719759970903,0.0338849350810051,0.0299175679683685,0.0399858728051186,0.0376032218337059,0.0376739650964737,0.0369427837431431,0.0360988974571228,0.030307600274682,0.0302498787641525,0.025127962231636,0.0297666136175394,0.0323092117905617,0.0147141348570585,0.0290804244577885,0.0276262983679771,0.0124331191182137,0.0163301154971123,0.0213759765028954,0.0194296985864639,0.0156338959932327,0.0229527987539768,0.0301885325461626,0.0300496481359005,0.019537441432476,0.0211512558162212,0.0203766226768494,0.0142757762223482,0.0238685552030802,0.0303928721696138,0.0311088431626558,0.0305880680680275
1028,11,0.000329388160025701,0.000296494050417095,0.000336641649482772,0.000343094463460147,0.00029915475170128,0.000182750940439291,0.00022869577514939,0.000193913729162887,9.64338541962206E-05,9.0997687948402E-05,5.97738544456661E-05,0.00263286521658301,0.00280614872463048,0.00300354184582829,0.00344319781288505,0.00357547751627862,0.00386284245178103,0.00380304851569235,0.0034949800465256,0.00347510445863009,0.0035143990535289,0.00353358429856598,0.00370318116620183,0.00370791065506637,0.00366063229739666,0.00363487331196666,0.00365373026579618,0.00398492719978094,0.0041932282038033,0.00408580293878913,0.00457265507429838,0.00398960802704096,0.00381775596179068,0.00329557014629245,0.0032222168520093,0.00327629828825593,0.00335484766401351,0.0035262240562588,0.00341155868954957,0.00312564987689257,0.00343885691836476,0.00331144314259291,0.00333038601092994,0.00328140775673091,0.0033203347120434,0.0034420273732394,0.00344491587020457,0.0034239545930177,0.00342696206644177,0.00344261480495334,0.00331156444735825,0.002850282471627,0.00307124527171254,0.00326419854536653,0.00336579512804747,0.00289495615288615,0.0027486530598253
1028,12,0,0,0,0,0,0,0,0,0,0,0,0,0,0,0,0,0,0,0,0,0,0,0,0,0.0173854120075703,0.012442933395505,0.0125352153554559,0.0117736682295799,0.0109690045937896,0.0104361223056912,0.0116977384313941,0.0117696048691869,0.0111084673553705,0.0130854416638613,0.00926739443093538,0.0186791624873877,0.0123749170452356,0.0179200582206249,0.0651773884892464,0.060425627976656,0.0447300411760807,0.03678984567523,0.0545437075197697,0.0458467863500118,0.0460818707942963,0.0524056516587734,0.0539210475981236,0.0725890770554543,0.0896550118923187,0.0540026500821114,0.0463526882231236,0.0489932708442211,0.0381186902523041,0.028493095189333,0.0472883507609367,0.0312007609754801,0.0279741659760475
1028,14,0,0,0,0,0,0,0,0,0,0,0,0,0,0,0,0,0,0,0,0,0,0,0,0,0,0,0.00611179694533348,0.00714114354923368,0.00638580368831754,0.00539918057620525,0.00491110235452652,0.00362033187411726,0.00293270987458527,0.00152124173473567,0.00150336674414575,0.00190825248137116,0.00146283325739205,0.00044456246541813,0.000566683651413769,0.000605782959610224,0.000672391266562045,0.000704946811310947,0.000706642109435052,0.000816042476799339,0.00086305447621271,0.00107054656837136,0.000782156421337277,0.00242940546013415,0.00615483149886131,0.00367436232045293,0.00237157405354083,0.00273478892631829,0.00263451621867716,0.00277268700301647,0.00360301299951971,0.00311730848625302,0.00314328842796385
1029,2,0.0814032256603241,0.0954328179359436,0.0992231443524361,0.101160310208797,0.096965879201889,0.0970288440585136,0.0792340785264969,0.0913933292031288,0.113101646304131,0.0918015241622925,0.108938209712505,0.122599169611931,0.127930119633675,0.12862104177475,0.113227754831314,0.105832554399967,0.103637650609016,0.0914377421140671,0.087100975215435,0.0738361850380898,0.0729795694351196,0.0743769332766533,0.0726807713508606,0.069219134747982,0.0687300190329552,0.0661344602704048,0.0730372220277786,0.0510642491281033,0.0685808286070824,0.0584590099751949,0.0638758987188339,0.0417532213032246,0.0429431349039078,0.0394401662051678,0.0350808426737785,0.0260730162262917,0.0280532035976648,0.0298540405929089,0.0307564325630665,0.0329988747835159,0.0232796315103769,0.0173621252179146,0.0242152493447065,0.0285653788596392,0.00963148195296526,0.0330276601016521,0.0173000078648329,0.0258720219135284,0.0361836329102516,0.032266266644001,0.0285168774425983,0.0185006354004145,0.0303147938102484,0.0369847975671291,0.0279220789670944,0.0252140369266272,0.0263536106795073
1029,3,0,0,0,0,0,0,0,0,0,0,0,0,0,0,0.0104603189975023,0.0111628184095025,0.00973058678209782,0.00959048513323069,0.00920002441853285,0.00918340869247913,0.00837416667491198,0.00808850210160017,0.00972566194832325,0.00892665702849627,0.0075910477899015,0.00783430691808462,0.00745875760912895,0.00756489485502243,0.00692345621064305,0.00753793586045504,0.00837216898798943,0.00835420843213797,0.00913727097213268,0.00864207744598389,0.0050465390086174,0.00977803487330675,0.00591122731566429,0.0201773345470428,0.0171689335256815,0.0176539272069931,0.00742507399991155,0.0050714653916657,0.00755213759839535,0.00739611778408289,0.00481569720432162,0.00695097679272294,0.007370974868536,0.00699446117505431,0.00711088394746184,0.00706320023164153,0.00844813417643309,0.00716244941577315,0.00685593904927373,0.00773659581318498,0.00459556980058551,0.00701402546837926,0.00539993261918426
1029,4,0.014132977463305,0.0123711219057441,0.0115150325000286,0.012007350102067,0.0110071571543813,0.0128953587263823,0.0133283268660307,0.0093005308881402,0.0104523403570056,0.0100212581455708,0.00988903641700745,0.0094434367492795,0.0110890446230769,0.0102503076195717,0.00970900058746338,0.00738789374008775,0.00786385498940945,0.00708155520260334,0.00627910858020186,0.00615835143253207,0.0156408809125423,0.0154822962358594,0.0147132584825158,0.0151462983340025,0.0157028771936893,0.0170917548239231,0.0150074670091271,0.0127446530386806,0.0171563103795052,0.0160143785178661,0.0181932114064693,0.0169760957360268,0.015471356920898,0.0147430645301938,0.0140498466789722,0.0134822530671954,0.0126371588557959,0.0123607581481338,0.0119189601391554,0.0112869730219245,0.00818464811891317,0.00800511334091425,0.00757899461314082,0.00766628934070468,0.00384505931288004,0.00652199517935514,0.0067307366989553,0.00644227908924222,0.00563279306516051,0.00608721142634749,0.00556422909721732,0.00565727148205042,0.00557078840211034,0.00531786074861884,0.00486686872318387,0.00488959159702063,0.00480593787506223
1029,5,0,0,0,0,0,0,0,0,0,0,0,0,0,0,0,0,0,0,0,0,1.81385905761999E-06,1.40054771691211E-06,0.000296760612400249,0.000244529219344258,0.000520783069077879,0.00121576292440295,0.00154556671623141,0.000985192134976387,0.00125135201960802,0.00134838721714914,0.0018286092672497,0.00189859548117965,0.00314628193154931,0.00183103291783482,0.00314195780083537,0.00189990131184459,0.00203419267199934,0.00137716950848699,0.000457196845673025,0.00232967478223145,0.00325609440915287,0.00496694026514888,0.00243660341948271,0.00239062844775617,0.0023356257006526,0.00224797427654266,0.00221501011401415,0.00213990616612136,0.00200383295305073,0.00184576609171927,0.00180990772787482,0.00170289445668459,0.0016799233853817,0.00158235803246498,0.00161643244791776,0.00175364699680358,0.00160688860341907
1029,6,0.0130552537739277,0.00996810290962458,0.0107534257695079,0.0106092095375061,0.0105527974665165,0.00971628446131945,0.0121775195002556,0.010204141959548,0.0118010593578219,0.0114050153642893,0.0123601797968149,0.0119390394538641,0.0123213194310665,0.0118873715400696,0.0121228732168674,0.0100812986493111,0.0110022723674774,0.0107860220596194,0.0121074076741934,0.0113060027360916,0.0119727691635489,0.00991785898804665,0.0120420176535845,0.0117327459156513,0.0126522006466985,0.0109836375340819,0.0123303849250078,0.00708518223837018,0.0129788378253579,0.0119701372459531,0.0130772767588496,0.00990206282585859,0.0141475666314363,0.0122492210939527,0.0133386598899961,0.0143144885078073,0.014027033932507,0.0177761930972338,0.0143782943487167,0.0151069313287735,0.0155146280303597,0.0134224016219378,0.0148643478751183,0.0131244137883186,0.0129526508972049,0.014951472170651,0.0160642117261887,0.0143577372655272,0.0148389572277665,0.0140061620622873,0.0143460053950548,0.0138417473062873,0.0136417299509048,0.0137781854718924,0.0140847992151976,0.013305677101016,0.0134390713647008
1029,7,0,0,0,7.0700075127661E-08,6.93330832746142E-08,6.28205327757314E-08,6.338208180523E-08,6.08227566090136E-08,6.23921678766237E-08,6.37272634662622E-08,5.55163275350878E-08,5.52283658805663E-08,6.13565518392534E-08,5.6237034584683E-08,2.53270354733104E-05,2.80913664028049E-05,0.000182935735210776,0.000342445564456284,0.000611192604992539,0.000344768312061206,0.000657900469377637,0.000493313244078308,0.000679527292959392,0.000680791330523789,0.00136129651218653,0.00281904358416796,0.00194234028458595,0.000744429009500891,0.0012242894154042,0.000866568880155683,0.00170121435075998,0.000956742384005338,0.00174399989191443,0.0012660586507991,0.00111458403989673,0.00120300462003797,0.00100921653211117,0.000880458857864141,0.000688369851559401,0.00102927885018289,0.000666545471176505,0.000603199820034206,0.000372323818737641,0.000457739835837856,0.000404791295295581,0.000359222118277103,0.000279826897894964,0.000291351694613695,0.000364214822184294,0.000275396392680705,0.000288612005533651,0.000341773527907208,0.000192584586329758,0.000215024294448085,0.000161625110195018,0.000212905128137209,0.000145957397762686
1029,8,0.0098580801859498,0.0123080480843782,0.0124675743281841,0.00968401972204447,0.0120075270533562,0.00903145596385002,0.0105902459472418,0.0102348616346717,0.00828566309064627,0.0042230118997395,0.00625843601301312,0.00547548243775964,0.00665066996589303,0.00453945202752948,0.00651270197704434,0.00770784728229046,0.00608297251164913,0.00375040993094444,0.00270734657533467,0.00430091703310609,0.00436276849359274,0.00946168508380651,0.00459567783400416,0.00357866915874183,0.00394847709685564,0.00718660606071353,0.00785776413977146,0.00938594620674849,0.00614083604887128,0.00730910943821073,0.00711069069802761,0.00409450195729733,0.0109452456235886,0.0121468938887119,0.00978954695165157,0.00558933429419994,0.0085684647783637,0.00649117818102241,0.0111019713804126,0.00641607632860541,0.00882722157984972,0.00661887042224407,0.0117401722818613,0.0106938481330872,0.00604598689824343,0.0065321596339345,0.00856372900307179,0.00735793402418494,0.00713202450424433,0.00749810878187418,0.00841148290783167,0.00721288193017244,0.00812843535095453,0.00776039995253086,0.00719742942601442,0.0077727260068059,0.00791972782462835
1029,9,0,0,0,0,0,0,0,0,0.000992251792922616,0.00151901703793555,0.00265454035252333,0.00245126988738775,0.00165965408086777,0.0022725781891495,0.00126639322843403,0.00118455360643566,0.00111988850403577,0.000936685304623097,0.00060880952514708,0.000969704706221819,0.00132757856044918,0.00168275076430291,0.00201130076311529,0.00232041603885591,0.00262927496805787,0.00286088441498578,0.00190583732910454,0.0015588776441291,0.00182701868470758,0.00168470502831042,0.00161149527411908,0.00158039259258658,0.0015033584786579,0.00134226679801941,0.0013509156415239,0.00134155014529824,0.00122724869288504,0.0011281204642728,0.00114016246516258,0.00113951449748129,0.00101248046848923,0.00124105578288436,0.00119790004100651,0.00119523040484637,0.0011831799056381,0.00116031896322966,0.00112228433135897,0.00104993826244026,0.00101018638815731,0.000976257375441492,0.000933452975004911,0.000908386253286153,0.000870195450261235,0.000857844192069024,0.000817028805613518,0.000841158383991569,0.000832701683975756
1029,10,0.0117701794952154,0.00985964667052031,0.0100979069247842,0.00976730510592461,0.0096055855974555,0.00945684872567654,0.0103428792208433,0.00879495684057474,0.0120823485776782,0.00816699862480164,0.00816099904477596,0.00869601592421532,0.0098488749936223,0.0098829073831439,0.00989946629852057,0.00908076483756304,0.00865937024354935,0.00788052100688219,0.00861041713505983,0.00928654335439205,0.00905818492174149,0.00824045296758413,0.00872864294797182,0.00896772369742393,0.0086893979460001,0.0101823844015598,0.00933101400732994,0.00662750704213977,0.0097589073702693,0.00950431358069181,0.00828066654503345,0.00534210307523608,0.00952698476612568,0.00870655570179224,0.00812679901719093,0.00870805326849222,0.00802248809486628,0.0184759367257357,0.0179489273577929,0.0177874583750963,0.0174429062753916,0.0126536292955279,0.0217926204204559,0.0183608327060938,0.0108996825292706,0.0161898843944073,0.0178500171750784,0.0174698997288942,0.0178131107240915,0.0177709981799126,0.017920944839716,0.0180525034666061,0.0180803686380386,0.0189254768192768,0.0174787621945143,0.0179594662040472,0.019200062379241
1029,12,0,0,0,0,0,0,0,0,0,0,0,0,0,0,0,0,0,0,0,0,0,0,0,0.00768255675211549,0.00828750897198915,0.00593146309256554,0.00597545271739364,0.00561242830008268,0.00522885052487254,0.00497482949867845,0.00557623337954283,0.00561049161478877,0.00529533205553889,0.00623774249106646,0.0148873813450336,0.0455638729035854,0.0298623442649841,0.0588708110153675,0.0307926759123802,0.00554601522162557,0.0496495366096497,0.0688408091664314,0.0564383715391159,0.0250371415168047,0.0823156014084816,0.0630393698811531,0.0380817838013172,0.0454927645623684,0.031052939593792,0.019640015438199,0.0267590619623661,0.0659438818693161,0.0415106043219566,0.0193813052028418,0.0236812476068735,0.0173472091555595,0.0122828837484121
1029,13,0,0,0,0,0,0,0,0,0,0,0,0,0,0,0,0,0,0,0,0,0,0,0,0,0,0,0,0,0,0,0,0,0,0,0,0,0,0,0,0,0,0,0,0,0,0,0,0,0.000126948798424564,0.000374015769921243,0.00198345072567463,0.00257934397086501,0.00307724229060113,0.0024707755073905,0.00318946409970522,0.00346756866201758,0.00943666603416204
1029,14,0,0,0,0,0,0,0,0,0,0,0,0,0,0,0,0,0,0,0,0,0,0,4.27433114964515E-05,4.23537894675974E-05,4.25386060669553E-05,3.37887759087607E-05,3.74889568774961E-05,4.38028328062501E-05,3.91696776205208E-05,3.31178634951357E-05,3.01240561384475E-05,2.22066391870612E-05,1.79888556885999E-05,4.56519137514988E-06,1.29350546558271E-05,1.26471713883802E-05,2.64396730926819E-05,1.92460556718288E-05,1.20667682494968E-05,5.91836987950956E-06,1.80058145815565E-06,1.00553722859331E-06,3.69249477216727E-07,9.45004615005018E-07,9.31679409177377E-08,1.00878139619454E-07,1.9335732304171E-06,3.37715391651727E-06,1.08133508547326E-05,2.14452074942528E-06,1.01760804227524E-06,4.82897621623124E-06,7.33934120944468E-06,2.00930026039714E-05,2.04558746190742E-05,1.82665753527544E-05,1.8418810213916E-05
1030,1,0,0,0,0,0,0,0,0,0,0,0,0,0,0,0,0,0,0,0,0,0,0,0,0,0,0,0,0,0,0,0,0,0,0,0,0,0,0,0,0,0,0,0,0,0,0,0,0.00330611737444997,0.00316771469078958,0.0029259177390486,0.00266579119488597,0.002641107654199,0.00256407400593162,0.00225255615077913,0.00166120345238596,0.00167895038612187,0.00155425490811467
1030,2,0.0259569156914949,0.0306946244090796,0.0319211818277836,0.0325439684092999,0.0312010757625103,0.0312138609588146,0.0252896193414927,0.0294194389134645,0.0364847891032696,0.0295861009508371,0.0350685641169548,0.0395210199058056,0.0412733517587185,0.0415011122822762,0.036419153213501,0.0340408645570278,0.0333292782306671,0.0293308570981026,0.0279365833848715,0.023682190105319,0.0234096962958574,0.0238864105194807,0.0233646482229233,0.0284419413655996,0.0288994088768959,0.0272845160216093,0.029659066349268,0.0218998659402132,0.0272410437464714,0.0234588459134102,0.0248342342674732,0.0176913235336542,0.0177238993346691,0.0141325825825334,0.0125912046059966,0.0095182042568922,0.0122190862894058,0.0102254441007972,0.00716518238186836,0.0105292638763785,0.00750439148396254,0.0069613317027688,0.00782468449324369,0.00924724899232388,0.00458443164825439,0.0105401203036308,0.00520719448104501,0.00786458700895309,0.0113750817254186,0.00726298568770289,0.00587078696116805,0.00245898007415235,0.00678150495514274,0.00756319239735603,0.00568708730861545,0.00792322680354118,0.00922138709574938
1030,3,0,0,0,0,0,0,0,0,0,0,0,0,0,0,0.00348677299916744,0.00372093939222395,0.00324352900497615,0.00319682830013335,0.00306667457334697,0.00306113623082638,0.00279138889163733,0.00269616721197963,0.00324188731610775,0.00297555234283209,0.00253034918569028,0.00261143571697176,0.0024862524587661,0.00252163177356124,0.00230781873688102,0.00251264544203877,0.00279072299599648,0.0027847362216562,0.00304575706832111,0.00288069248199463,0.00168217963073403,0.00325934495776892,0.00197040918283165,0.00269234296865761,0.00223617954179645,0.00224399869330227,0.000920909864362329,0.000921016675420105,0.000879044237080961,0.000847808260004967,0.000824902614112943,0.000785148062277585,0.000728892569895834,0.000681310601066798,0.0011756099993363,0.000844734138809145,0.00129413173999637,0.000921855622436851,0.000622153980657458,0.000704582023900002,0.00136165972799063,0.000868798524606973,0.000333785341354087
1030,4,0.0024037710390985,0.00181520357728004,0.00166493572760373,0.00170564814470708,0.00149776635225862,0.00215527857653797,0.00247616623528302,0.0010734029347077,0.00125420989934355,0.00145664229057729,0.00129963352810591,0.00125727674458176,0.00191641272976995,0.00171219138428569,0.00171322317328304,0.00189632375258952,0.00274367700330913,0.00307223689742386,0.00601988425478339,0.00714379968121648,0.00630145613104105,0.00578329339623451,0.00528693897649646,0.00558839412406087,0.00595489144325256,0.00662970403209329,0.00571722257882357,0.00411502737551928,0.0047118254005909,0.00453445455059409,0.00544955069199204,0.00456754630431533,0.00490144640207291,0.0046533141285181,0.0044185440056026,0.00422423845157027,0.00394520536065102,0.00357157294638455,0.00366599252447486,0.0036738901399076,0.00364746665582061,0.00366691336967051,0.00360825541429222,0.00346863712184131,0.00313887232914567,0.00262379040941596,0.00265115639194846,0.00277501414529979,0.00272783520631492,0.00271698692813516,0.00220021931454539,0.00223662354983389,0.00221044104546309,0.00235648197121918,0.00215289718471467,0.00215921155177057,0.00212682085111737
1030,5,0,0,0,0,0,0,0,0,0,0,0,0,0,0,0.00134459708351642,0.00100494548678398,0.00040422345045954,0.000473906839033589,0.000400796125177294,0.000606796587817371,0.000466726283775643,0.000431810185546055,0.000422635872382671,0.000337582867359743,0.00034202731330879,0.000486463075503707,0.000618935038801283,0.000448324019089341,0.000588334572967142,0.000601676641963422,0.000689365202561021,0.000696900708135217,0.00106857041828334,0.000621916900854558,0.00108791841194034,0.000650141562800854,0.000695404422003776,0.000479997775983065,0.000199737245566212,0.000846236362121999,0.00117371452506632,0.00184421637095511,0.000966692925430834,0.000918501988053322,0.00125565787311643,0.00126213603653014,0.00147509574890137,0.00124747911468148,0.00083666411228478,0.000832397723570466,0.000828406016808003,0.000745218014344573,0.000655224663205445,0.000672723865136504,0.000634406809695065,0.000730929896235466,0.000723134959116578
1030,6,0.00420554028823972,0.00318128755316138,0.00343100167810917,0.0033640970941633,0.00334319029934704,0.00308145559392869,0.00394571898505092,0.00328879849985242,0.00606346782296896,0.00593286054208875,0.00635505514219403,0.00621963012963533,0.00630040094256401,0.0061313989572227,0.00624228408560157,0.00535112433135509,0.00562322931364179,0.00561062665656209,0.00578105915337801,0.00595504138618708,0.00602791551500559,0.00530403666198254,0.00599772576242685,0.00587033946067095,0.00598500249907374,0.00564471026882529,0.00582226226106286,0.00378502486273646,0.00618963083252311,0.00598795106634498,0.00591304618865252,0.00476510496810079,0.0067910635843873,0.00620441231876612,0.00670851673930883,0.00726202083751559,0.00726319197565317,0.0063520148396492,0.00516308192163706,0.00551713723689318,0.00600415235385299,0.00586729263886809,0.00586823048070073,0.00528906239196658,0.00588928395882249,0.00510437274351716,0.0124129066243768,0.0093162190169096,0.00967064127326012,0.00933545082807541,0.00863861478865147,0.00874330569058657,0.00900093652307987,0.0099490825086832,0.0123209208250046,0.0116904294118285,0.0114301647990942
1030,7,0,0,0,0,0,0,0,0,0.000909165421035141,0.000725203601177782,0.000690418004523963,0.000927677669096738,0.000843324465677142,0.000932413153350353,0.000699231750331819,0.000992831424809992,0.00159952766261995,0.00169764482416213,0.00141242519021034,0.00137681793421507,0.00129448703955859,0.00284028425812721,0.00288980128243566,0.00290509616024792,0.00477704359218478,0.00456229085102677,0.00517667410895228,0.00349045195616782,0.00392719777300954,0.00392081215977669,0.00725893070921302,0.00435705296695232,0.00579457776620984,0.00479429122060537,0.0038324873894453,0.00431929063051939,0.00955487322062254,0.00872701313346624,0.0113160256296396,0.0108424127101898,0.0114451162517071,0.012631019577384,0.0147034963592887,0.0237080100923777,0.0197892840951681,0.0182434860616922,0.0386784933507442,0.0393783338367939,0.0481170974671841,0.0389187075197697,0.0321351513266563,0.039750661700964,0.0388283804059029,0.0369920432567596,0.0398641377687454,0.0375082865357399,0.0405643880367279
1030,8,0.00297279609367251,0.00379232061095536,0.00392008852213621,0.00309396861121058,0.00389731791801751,0.00283442158252001,0.00303027336485684,0.00292585860006511,0.00239806156605482,0.00106456549838185,0.00181385723408312,0.00144801684655249,0.00189491186756641,0.00107916910201311,0.00158304802607745,0.00201281113550067,0.00148839165922254,0.000803151691798121,0.000492434483021498,0.000928008637856692,0.000969600805547088,0.00273948349058628,0.00107983744237572,0.000826415722258389,0.00102648604661226,0.00204697996377945,0.00243756431154907,0.00292045809328556,0.00181689264718443,0.00214627967216074,0.00211315206252038,0.00113541737664491,0.00345883006229997,0.00393141293898225,0.00324072898365557,0.00176782661583275,0.00273941783234477,0.00184300274122506,0.00320878159254789,0.00166147202253342,0.001571707543917,0.00147220760118216,0.00164683477487415,0.00144752487540245,0.00111946137621999,0.000775717606302351,0.00137491268105805,0.00115129235200584,0.00154933030717075,0.00111212593037635,0.00115889823064208,0.000918302859645337,0.00114795763511211,0.00107228674460202,0.00101056240964681,0.00102469406556338,0.00106031564064324
1030,9,0,0,0,0,0,0,0,0,0.000330750568537042,0.000506339012645185,0.000884846784174442,0.000817089981865138,0.000553218007553369,0.000757526082452387,0.000422131095547229,0.000394851231249049,0.00037329614860937,0.000312228425173089,0.000202936513232999,0.000323234911775216,0.000442526186816394,0.000560916902031749,0.000670433626510203,0.00077347201295197,0.000876425008755177,0.000953628099523485,0.000635279109701514,0.000519625842571259,0.000609006208833307,0.000561568362172693,0.000537165091373026,0.000526797550264746,0.000501119473483413,0.00044742226600647,0.000450305233243853,0.000447183381766081,0.00040908288792707,0.000376040145056322,0.000380054145352915,0.000379838165827096,0.00033749348949641,0.000325868895743042,0.000314537319354713,0.000313836324494332,0.000310672185150906,0.000304669520119205,0.000294682598905638,0.000275686412351206,0.000265248585492373,0.000256339728366584,0.000245100411120802,0.000238518521655351,0.000228490636800416,0.000225247509661131,0.000214530460652895,0.00022086626267992,0.000218645756831393
1030,10,0.00392339332029223,0.00328654889017344,0.00336596881970763,0.00325576844625175,0.0032018618658185,0.00315228290855885,0.00344762648455799,0.0029316523578018,0.00402744952589273,0.00272233295254409,0.00272033317014575,0.00289867212995887,0.00328295840881765,0.0032943026162684,0.0032998223323375,0.0030269215349108,0.00288645667023957,0.00262684049084783,0.00287013896740973,0.00309551460668445,0.00301939505152404,0.00274681788869202,0.00290954788215458,0.00298924115486443,0.00289646605961025,0.00339412805624306,0.00311033800244331,0.0022091690916568,0.0032529691234231,0.00316810444928706,0.00276022218167782,0.00178070098627359,0.00317566143348813,0.0937184393405914,0.087477870285511,0.0937256813049316,0.0863884389400482,0.0835970714688301,0.0836067199707031,0.0850208923220634,0.0832507163286209,0.0824016481637955,0.0950113609433174,0.0810409411787987,0.0709089860320091,0.0640137866139412,0.0754513218998909,0.0994654595851898,0.105588808655739,0.0947229564189911,0.0856293812394142,0.0862698182463646,0.086409829556942,0.100876554846764,0.0920319184660912,0.0920605733990669,0.0961914584040642
1030,11,0,0,0,0,0,0,0,0,0.0036947694607079,0.00376486196182668,0.0036655287258327,0.00314068933948874,0.0034249268937856,0.00373238790780306,0.00440790224820375,0.00464875577017665,0.00510718347504735,0.00514329876750708,0.0034536961466074,0.00486493390053511,0.00464028771966696,0.00507286889478564,0.00545629905536771,0.00548358447849751,0.00551094021648169,0.00559475691989064,0.0054995627142489,0.00470606004819274,0.00631139241158962,0.00649087876081467,0.00659561809152365,0.00424404256045818,0.00573621597141027,0.00504215154796839,0.00538782170042396,0.00540380878373981,0.00545239262282848,0.00581207172945142,0.00572396256029606,0.00533747300505638,0.00600764714181423,0.00590645568445325,0.00605067424476147,0.00609521614387631,0.00624994281679392,0.00621777167543769,0.00669333152472973,0.00675988523289561,0.00684051495045424,0.00699842907488346,0.00668319314718246,0.00589181017130613,0.00641777692362666,0.00736096547916532,0.00769821181893349,0.00673301937058568,0.00653668446466327
1030,12,0,0,0,0,0,0,0,0,0,0,0,0,0,0,0,0,0,0,0,0,0,0,1.18741254482302E-05,0.00257098162546754,0.00277342996560037,0.00198497506789863,0.00199969625100493,0.00187820952851325,0.00174984440673143,0.00166483584325761,0.0018660967471078,0.00187756132800132,0.00177209253888577,0.00210507377050817,0.00497112656012177,0.0151906907558441,0.00995861832052469,0.0196291096508503,0.0102700628340244,0.00183268450200558,0.0162134431302547,0.0226399675011635,0.0185249801725149,0.0080743795260787,0.0272007621824741,0.0171713065356016,0.00893746502697468,0.0118693979457021,0.007375359069556,0.00393502181395888,0.00615689298138022,0.0192406103014946,0.0112177906557918,0.00392403872683644,0.00552320340648294,0.0037378896959126,0.00335134472697973
1030,13,0,0,0,0,0,0,0,0,0,0,0,0,0,0,0,0,0,0,0,0,0,0,0,0,0,0,0,0,0,0,0,0,0,0,0,0,0,0,0,0,0,0,0,0,0,0,0,0,4.2316267354181E-05,7.31218460714445E-05,0.000339388963766396,0.000248563970671967,0.00046376817044802,0.000321255152812228,0.000385987106710672,0.00025644269771874,0.000450003368314356
1030,14,0,0,0,0,0,0,0,0,0,0,0,0,0,0,0,0,0,0,0,0,0,0,1.4247771105147E-05,1.41179298225325E-05,1.41795353556518E-05,1.12629249997553E-05,1.24963189591654E-05,1.46009451782447E-05,1.30565595100052E-05,1.10392884380417E-05,1.0041352652479E-05,0.000196121181943454,0.000158871218445711,8.08203039923683E-05,0.000116316470666789,0.00014638555876445,0.000117798168503214,0.000108326341432985,9.33369592530653E-05,7.47191370464861E-05,6.58184217172675E-05,5.76833554077894E-05,0.000148139472003095,0.000230756078963168,0.000127925464767031,3.91635949199554E-05,4.46066951553803E-05,0.00105093710590154,0.00103944051079452,0.000147281389217824,6.41962251393124E-05,0.000508526805788279,0.000505991280078888,0.000263284251559526,0.00034488964593038,0.000230989840929396,0.000311543612042442
1031,2,0,0,0,0,0,0,0,0,0,0,0,0,0.000456028326880187,0.000486695644212887,0.000480727758258581,0.000500834255944937,0.000477391324238852,0.000453868851764128,0.000435474154073745,0.000368900888133794,0.000783060910180211,0.000797090004198253,0.000782323477324098,0.000758359499741346,0.000774674350395799,0.000789877492934465,0.000841223285533488,0.000839002430438995,0.000802898488473147,0.000777005567215383,0.000741784926503897,0.000767734309192747,0.00068547873524949,0.000631124363280833,0.000606965273618698,0.000551506178453565,0.00052710622549057,0.000514848972670734,0.00048375828191638,0.000452644104370847,0.000419576856074855,0.000449327751994133,0.000405735248932615,0.0003869631618727,0.000411369808716699,0.000417691277107224,0.000378097844077274,0.000226358970394358,0.000262206769548357,0.000377904943889007,0.000373277987819165,3.71705391444266E-05,8.45440590637736E-05,0.000298525876132771,0.000231978629017249,0.00034026859793812,0.000343125517247245
1031,4,0,0,0,0,0,0,0,0,0,0,0,0,0.000281789514701813,0.000532389734871686,0.000573713798075914,0.000571093172766268,0.00052801746642217,0.000524752016644925,0.000505613686982542,0.000510455342009664,0.000452322041383013,0.000443389202700928,0.000424976082285866,0.000410878594266251,0.000390061759389937,0.000391549081541598,0.000386434374377131,0.00033687605173327,0.00031663931440562,0.000299954990623519,0.000325549277476966,0.000332564697600901,0.000304805726045743,0.000284984387690201,0.00026656172121875,0.000250840705120936,0.000230651916353963,0.000221402020542882,0.00020933999621775,0.000194461099454202,0.000191673447261564,0.000183501033461653,0.000174837143276818,0.000172141633811407,0.000146677251905203,0.000138195537147112,0.000135482056066394,0.000127849081763998,0.000123372825328261,0.000120572622108739,0.000107890460640192,0.000107430030766409,0.000103560778370593,9.68206804827787E-05,8.6749525507912E-05,8.52951925480738E-05,8.23973605292849E-05
1031,5,0,0,0,0,0,0,0,0,0,0,0,0,0,3.72743816114962E-05,1.71399551618379E-05,1.94234016817063E-05,1.24378493637778E-05,1.43427432703902E-05,1.25887481772224E-05,4.34325156675186E-05,7.23793709767051E-05,2.58903000940336E-05,2.23375554924132E-05,1.53924138430739E-05,7.32804255676456E-06,1.98137308871083E-06,3.72369390788663E-06,5.22530763191753E-06,7.77536570240045E-06,6.94624714014935E-06,1.04551127151353E-05,4.15062731917715E-06,9.80019285634626E-06,7.03054365658318E-06,1.12751777123776E-05,2.52318895945791E-05,3.10503492073622E-05,2.93906796287047E-05,3.56507589458488E-05,8.40066495584324E-05,2.93499906547368E-05,8.57461418490857E-05,0.000100265569926705,0.000243832633714192,0.0004631424380932,0.000366022693924606,0.000528930628206581,0.000499536690767854,0.00056506518740207,8.95497578312643E-05,0.000188831327250227,0.000150295149069279,3.13783275487367E-05,3.40020269504748E-05,4.64335789729375E-06,5.48284378965036E-06,5.02399825563771E-06
1031,6,0,0,0,0,0,0,0,0,0,0,0,0,0,0,0,0,0,0,0,0,0,0.000840338529087603,0.000862722983583808,0.000892837881110609,0.000936190190259367,0.000990754342637956,0.000965531799010932,0.000959089258685708,0.00107263738755137,0.00107071618549526,0.00107792066410184,0.00109017221257091,0.000946472981013358,0.00103707856032997,0.00104787573218346,0.00104042782913893,0.00110598048195243,0.00111933227162808,0.00130671774968505,0.00124186149332672,0.00104782858397812,0.000962984806392342,0.000977618619799614,0.000928310677409172,0.00101752288173884,0.00105578626971692,0.00148253014776856,0.0015494090039283,0.00150522764306515,0.00135484524071217,0.00130204390734434,0.00134642422199249,0.00129103299695998,0.0013835986610502,0.00144992023706436,0.00143369135912508,0.00146961014252156
1031,7,0,0,0,0,0,0,0,0,0,0,0,0,0,0,0,0,0,0,0,0,0,0.000563924666494131,0.000354974385118112,0.000364286184776574,0.000145448080729693,0.000161666743224487,0.000872920441906899,0.000269931653747335,0.000217292865272611,0.000207860502996482,0.000141211479785852,0.000308611808577552,0.000152905791765079,0.000241509755142033,0.000247089134063572,0.000413367233704776,0.000581362575758249,0.00138545304071158,0.0016842094482854,0.00218331138603389,0.0014815372414887,0.0019910812843591,0.00183819502126426,0.00186652503907681,0.00168699503410608,0.00229139323346317,0.00315058045089245,0.00311917066574097,0.00316077820025384,0.00351996882818639,0.00331562431529164,0.00339451106265187,0.00362934195436537,0.00281099602580071,0.00102461385540664,0.00105512863956392,0.000881816318724304
1031,8,0,0,0,0,0,0,0,0,0,0,0,0,0,0,0,0,0,0,0,0,2.58278714682092E-06,1.32485711219488E-05,2.75256224995246E-05,1.25040451166569E-05,2.28923436225159E-05,3.84060294891242E-05,3.27482521242928E-05,2.41565921896836E-05,3.17382473440375E-05,2.18213008338353E-05,1.4033443221706E-05,1.88457470358117E-05,1.79042272065999E-05,2.76612972811563E-05,2.26047886826564E-05,3.00088722724468E-05,2.97517945000436E-05,3.10374307446182E-05,6.21173967374489E-05,4.5595985284308E-05,3.61778547812719E-05,2.24185878323624E-05,3.01499403576599E-05,3.7382502341643E-05,5.31113691977225E-05,2.80385702353669E-05,0.000102922043879516,4.59786679130048E-05,3.94685121136718E-05,0.000148551785969175,0.000174553017131984,0.000158321068738587,0.000160424679052085,0.000140169882797636,0.000142497185152024,0.000109931126644369,3.47620334650856E-05
1031,12,0,0,0,0,0,0,0,0,0,0,0,0,0,0,0,0,0,0,0,0,0,0,0,1.46477191265149E-06,1.58011323492246E-06,1.13090482045664E-06,1.13929195322271E-06,1.0700770189942E-06,9.96943299469422E-07,9.48511114984285E-07,1.06317600057082E-06,1.06970776414528E-06,1.00961869975436E-06,1.18930063308653E-06,6.23663993337686E-07,2.27004520070295E-07,4.07688929726646E-07,3.16222951823875E-07,2.90165786509533E-07,4.36936772985064E-07,8.86180799852809E-08,7.61517782166266E-08,4.61799949391661E-08,8.04206301552313E-09,3.57394447370041E-09,3.27520766063572E-08,7.07505023456179E-08,1.71744176213906E-07,3.84395804076121E-07,5.72150270272687E-07,6.01944464051485E-07,5.93836887219368E-07,5.64345782549935E-07,5.43488056337083E-07,6.45959872258572E-08,1.17395551058053E-08,1.10949844867037E-08
1031,14,0,0,0,0,0,0,0,0,0,0,0,0,0,0,0,0,0,0,0,0,0,0,0,0,0,0,0,0,0,0,0,9.54319148149807E-06,7.73062038206263E-06,4.00999169869465E-06,3.96287305193255E-06,5.03015144204255E-06,3.85602697861032E-06,3.6057415400137E-06,3.16006889988785E-06,2.57385909208097E-06,2.30750470109342E-06,2.02905221158289E-06,7.76786237111082E-06,8.46399507281603E-06,5.15791225552675E-06,1.23206007174304E-06,1.47578157339012E-06,4.13844682043418E-05,2.77062190434663E-05,1.05980807347805E-05,6.4157870838244E-06,7.80443442636169E-05,6.28628622507676E-05,3.07731716020498E-05,3.46739070664626E-05,7.08131210558349E-06,9.61605746852001E-06
1032,1,0.0227676555514336,0.0194036122411489,0.0189883392304182,0.0124537814408541,0.0120632462203503,0.0111773200333118,0.0111709423363209,0.0115321334451437,0.00982554908841848,0.00873381830751896,0.00823164451867342,0.00839634146541357,0.00799541268497705,0.00776953669264913,0.00743963057175279,0.00746524287387729,0.00700934138149023,0.00605242606252432,0.00610197056084871,0.00586332427337766,0.0055387276224792,0.00544255925342441,0.00507969595491886,0.00473778927698731,0.00473536597564816,0.00461728684604168,0.0051178215071559,0.00476066954433918,0.00430723791942,0.00431386334821582,0.00366713921539485,0.00427709473297,0.00426524924114347,0.00425528641790152,0.00404580030590296,0.00444256654009223,0.00445951288565993,0.00396804697811604,0.00355691812001169,0.00352746015414596,0.00340144895017147,0.00282023870386183,0.00295064016245306,0.0027361863758415,0.00265098689123988,0.00271920417435467,0.00332948239520192,0.0388830751180649,0.0371474996209145,0.0363138243556023,0.0331870056688786,0.0337621346116066,0.0332882553339005,0.0300735011696815,0.0233149304986,0.0238150581717491,0.0218003746122122
1032,2,0.0170312747359276,0.0149992164224386,0.014265401288867,0.0134565364569426,0.0128469029441476,0.0153852729126811,0.0170463528484106,0.0144625380635262,0.0141399838030338,0.0121669908985496,0.0186383873224258,0.022856367751956,0.0220918171107769,0.0233606342226267,0.0230781938880682,0.021967489272356,0.0222268458455801,0.0215300340205431,0.0213734749704599,0.0180200729519129,0.0185365937650204,0.0194566659629345,0.0189475398510695,0.0194682031869888,0.0201448481529951,0.0206570234149694,0.0238054972141981,0.0232603680342436,0.0218816269189119,0.0230924859642982,0.0210815668106079,0.0233936905860901,0.0198137052357197,0.0169956795871258,0.0163051337003708,0.0168357565999031,0.0159234534949064,0.014944558031857,0.0151654873043299,0.0142619777470827,0.0125180026516318,0.013171692378819,0.0124809574335814,0.0119916889816523,0.0073041245341301,0.00779571151360869,0.00845712050795555,0.00887858401983976,0.00863651931285858,0.00992518849670887,0.00976815447211266,0.0127699114382267,0.010798679664731,0.0119952503591776,0.0117709841579199,0.0116654830053449,0.0117328800261021
1032,4,0.00642902450636029,0.00703803543001413,0.00725686177611351,0.00843173358589411,0.00873255077749491,0.0224501900374889,0.0187941417098045,0.025685977190733,0.0300476085394621,0.0269591361284256,0.0303471814841032,0.0260786432772875,0.0308741070330143,0.0304020494222641,0.0314293168485165,0.0273888204246759,0.0296137854456902,0.0311782043427229,0.0309323966503143,0.0342311076819897,0.0337698869407177,0.0352685377001762,0.0359040684998035,0.0366984009742737,0.0369673371315002,0.0392252504825592,0.0399346426129341,0.0359328910708427,0.034649420529604,0.033928994089365,0.0379308648407459,0.0359847880899906,0.0457004979252815,0.041578684002161,0.0397576875984669,0.0386399254202843,0.0361799858510494,0.0413592979311943,0.0403776355087757,0.0394226089119911,0.0420007407665253,0.0427404120564461,0.0436521396040916,0.0463595390319824,0.0410234294831753,0.0397151969373226,0.0411843098700047,0.0410543978214264,0.0415966659784317,0.0423704758286476,0.0396366752684116,0.041332196444273,0.0419403128325939,0.0412162318825722,0.0383710116147995,0.0392884984612465,0.0396120995283127
1032,5,0,0,0,0,0,0,0,0,0,0,0,0,0,0,0,0,0,0,0,0,0,0,0,0,0,0,0,0,0,0,0,3.91955945815425E-05,2.45851897489047E-05,2.80433559964877E-05,2.46351173700532E-05,2.53825546678854E-05,2.91556170850527E-05,4.06326034863014E-05,2.66389306489145E-05,2.6440417059348E-05,3.40132137353066E-05,3.21578663715627E-05,1.23992713270127E-05,1.57777722051833E-05,2.95351801469224E-05,3.45458138326649E-05,5.30077813891694E-05,8.37476400192827E-05,3.62147984560579E-05,3.2761203328846E-05,5.80889463890344E-05,0.000118616961117368,7.26979487808421E-05,7.34608111088164E-05,0.000469806080218405,0.000407917075790465,0.00017460182425566
1032,6,0.00457606883719563,0.00453317258507013,0.00482038129121065,0.00416737934574485,0.00356500199995935,0.00370411528274417,0.00363830639980733,0.00572957657277584,0.00747365830466151,0.0079862792044878,0.00868434086441994,0.00903531815856695,0.00921746157109737,0.00926421768963337,0.00942057371139526,0.00902477279305458,0.00968138594180346,0.0104197300970554,0.01059315726161,0.0118546290323138,0.0124609163030982,0.011643435806036,0.0122480932623148,0.0129497032612562,0.0157128423452377,0.01557323243469,0.0166222807019949,0.0168125126510859,0.017967764288187,0.0193795468658209,0.0189633164554834,0.0220688115805388,0.0218091309070587,0.0247038807719946,0.025114119052887,0.0244953893125057,0.0246762689203024,0.0226520281285048,0.0236205346882343,0.0297050382941961,0.0289117377251387,0.0307091847062111,0.0311466548591852,0.0314938277006149,0.0333165861666203,0.0329905077815056,0.0309641696512699,0.0321082770824432,0.0322460569441319,0.0323920324444771,0.0303037315607071,0.0325353033840656,0.0328650511801243,0.0339971221983433,0.0345821939408779,0.0342250652611256,0.0343033745884895
1032,7,0.0331361033022404,0.0405790433287621,0.042337454855442,0.0466617457568645,0.0532830841839314,0.0422204285860062,0.0484523251652718,0.0649121850728989,0.0637609958648682,0.0652306377887726,0.0526745170354843,0.0559684708714485,0.0664786174893379,0.0669434368610382,0.0772587060928345,0.0843974575400352,0.0848057940602303,0.0885870233178139,0.0885737836360931,0.102755934000015,0.0981116443872452,0.106345117092133,0.0999914035201073,0.0950764194130898,0.0786242634057999,0.0867006406188011,0.0830390527844429,0.0754405111074448,0.0655480101704597,0.0748419612646103,0.078585185110569,0.0721811577677727,0.0796661302447319,0.0727767944335938,0.069719634950161,0.0752154365181923,0.0928468331694603,0.10862547904253,0.114592611789703,0.111630938947201,0.113947555422783,0.107582874596119,0.0996286496520042,0.0959957167506218,0.10107234120369,0.0931162312626839,0.087625227868557,0.0853774175047874,0.0812375545501709,0.0694745182991028,0.0721529796719551,0.0695652067661285,0.0690272226929665,0.0689076036214828,0.0718370825052261,0.0739402174949646,0.0730223804712296
1032,8,0.00335404463112354,0.00425821496173739,0.00425707176327705,0.00544141326099634,0.00619755359366536,0.00545296585187316,0.00534194381907582,0.0039308643899858,0.00531525257974863,0.00479526957497001,0.00480777630582452,0.00589732360094786,0.00516752898693085,0.0058081871829927,0.00622856803238392,0.00725669832900167,0.00720126228407025,0.00594487832859159,0.00482297549024224,0.00703366240486503,0.00647467933595181,0.0059267096221447,0.00571865402162075,0.00594973424449563,0.00675997091457248,0.00749781867489219,0.00726816523820162,0.0066519514657557,0.00753090437501669,0.00927319191396236,0.0126980105414987,0.00794488843530416,0.00870649795979261,0.00665383180603385,0.00634990958496928,0.0076870801858604,0.00674374587833881,0.00651235273107886,0.00701311510056257,0.00700532458722591,0.00841217860579491,0.00960530154407024,0.0101107815280557,0.0115272961556911,0.0100495722144842,0.0108356839045882,0.0124510526657104,0.012637828476727,0.0118730096146464,0.0142343314364552,0.0149174220860004,0.0143612427636981,0.0160316750407219,0.0139301279559731,0.0133160846307874,0.0128661440685391,0.0132066728547215
1032,9,0.0141252828761935,0.0162634290754795,0.0173720214515924,0.0182032715529203,0.0191110037267208,0.0177617352455854,0.0191761273890734,0.0199779663234949,0.0241145193576813,0.0234447866678238,0.0223693083971739,0.023761747404933,0.024802515283227,0.0263035856187344,0.0305349845439196,0.0319377705454826,0.0319815650582314,0.0326465517282486,0.0333500877022743,0.0372497625648975,0.0382665805518627,0.0397403761744499,0.0408489853143692,0.0418477691709995,0.0432233400642872,0.0435705929994583,0.0402276217937469,0.0345822162926197,0.0425164774060249,0.0411469042301178,0.0413367971777916,0.0382520370185375,0.0415082089602947,0.0382791981101036,0.0399023033678532,0.0401041992008686,0.0399334765970707,0.038191843777895,0.0410734340548515,0.0415652468800545,0.0397115908563137,0.0402152761816978,0.0427370332181454,0.0433479323983192,0.0458075366914272,0.0447592325508595,0.0461477749049664,0.0538381487131119,0.0556716062128544,0.0588378794491291,0.058050736784935,0.0558757223188877,0.0581436678767204,0.0595657527446747,0.0593914017081261,0.063394233584404,0.0647081434726715
1032,10,0.000114887843665201,0.000108937369077466,0.000126454920973629,0.000164304263307713,0.000171467661857605,0.000170054583577439,0.000189852100447752,8.59838619362563E-05,0.000161263247719035,0.000150110601680353,0.00016629793390166,0.000226916803512722,0.000122359546367079,0.000140039031975903,0.000133203866425902,0.000152612206875347,0.000150874780956656,0.000159102331963368,0.000107885789475404,0.00011403482494643,8.65258843987249E-05,7.10872045601718E-05,9.44418497965671E-05,0.000128470899653621,9.93976500467397E-05,0.000103419988590758,0.000105836261354852,0.000168282596860081,0.000609200564213097,0.000283620378468186,0.000530019751749933,0.000438883842434734,0.000331830087816343,7.20315729267895E-05,5.57981002202723E-05,7.45477227610536E-05,0.000110728586150799,0.000431629130616784,0.000502784503623843,0.000503640621900558,0.00101738329976797,0.000872526259627193,0.000993479625321925,0.001039644703269,0.000737152702640742,0.000826845760457218,0.000873778946697712,0.000738680420909077,0.000746030709706247,0.000699924421496689,0.000721341115422547,0.000760141876526177,0.000784010335337371,0.000884526816662401,0.000622043793555349,0.000637132790870965,0.00068374106194824
1032,11,0.000313414435368031,0.000280410225968808,0.000319993443554267,0.000443347118562087,0.000457039830507711,0.000442043790826574,0.00052742357365787,0.000375227100448683,0.000200978582142852,0.00027777545619756,0.000309543538605794,0.000338582147378474,0.000255635648500174,0.000316879217280075,0.000415653892559931,0.000480030692415312,0.00058125687064603,0.00063123763538897,0.000615973316598684,0.000627418514341116,0.00175352790392935,0.00180226122029126,0.00201221741735935,0.00206803320907056,0.00216431310400367,0.00234361388720572,0.00233812071382999,0.00236199190840125,0.00248539191670716,0.00255390489473939,0.00272962544113398,0.00227752304635942,0.00201507564634085,0.00143883959390223,0.0015737455105409,0.00187148503027856,0.00191438919864595,0.00306536536663771,0.00270256632938981,0.00297785038128495,0.00347332027740777,0.00292212027125061,0.00282726320438087,0.0030024794396013,0.0114514632150531,0.0120965819805861,0.0118263764306903,0.0116492388769984,0.0114922942593694,0.0114814415574074,0.0113463317975402,0.00979738496243954,0.0104714715853333,0.0111250653862953,0.0118208546191454,0.0100821433588862,0.00968489609658718
1032,12,0.424710005521774,0.424710005521774,0.424710005521774,0.424710005521774,0.424710005521774,0.424710005521774,0.424710005521774,0.424710005521774,0.424710005521774,0.424710005521774,0.424710005521774,0.376818001270294,0.291541159152985,0.316291362047195,0.356122553348541,0.40194034576416,0.504360795021057,0.564757108688354,0.555812299251556,0.340535521507263,0.410719335079193,0.37757471203804,0.106464505195618,0.157040387392044,0.18963098526001,0.0775448307394981,0.0888403952121735,0.0687704682350159,0.0589130185544491,0.0690436363220215,0.0932918637990952,0.0981103107333183,0.0863035544753075,0.125969395041466,0.117976918816566,0.140934675931931,0.163685247302055,0.185274928808212,0.246265485882759,0.280235946178436,0.271839529275894,0.265882015228271,0.297633647918701,0.352026164531708,0.35375303030014,0.362816005945206,0.410084545612335,0.382840752601624,0.383654564619064,0.434866338968277,0.401532202959061,0.436357766389847,0.570487856864929,0.550679683685303,0.515910387039185,0.55568528175354,0.541792750358582
1032,13,0,0,0,0,0,0,0,0,0,0,0,0,0,0,0,0,0,0,0,0,0,0,0,0,1.55115492361801E-06,1.74512467765453E-06,1.65301321430888E-06,1.66118184097286E-06,1.64529831181426E-06,1.43966997256939E-06,1.25649910387438E-06,1.14008673790522E-06,1.08241374618956E-06,1.19801734399516E-06,1.11240899514087E-06,3.81125369131041E-06,3.20825802191393E-06,2.57444867202139E-06,1.85005262665072E-06,3.59702937657858E-07,4.48648052042699E-06,0.00158650730736554,0.00176241295412183,0.00168739061336964,0.00177354086190462,0.00177196133881807,0.000237470027059317,0.000185345081263222,0.000175532564753667,0.000123983947560191,0.000107409432530403,9.91924971458502E-05,8.86313428054564E-05,6.99445954523981E-05,8.14553204691038E-05,4.82506657135673E-05,4.6956443839008E-05
1032,14,0,0,0,0,0,0,0,0,0,0,0,0,0,0,0,0,0,0,0,0,0,0,0,0,0,0,0,0,0,0,0.0106016434729099,0.00837631709873676,0.00678537413477898,0.00351967825554311,0.00347832101397216,0.00441510044038296,0.00338453939184546,0.00316485692746937,0.00277367793023586,0.00225914595648646,0.00202535931020975,0.000597059028223157,0.002356386044994,0.0041756359860301,0.00109526060987264,0.000415460905060172,0.00037111365236342,0.00838829576969147,0.00933981500566006,0.00151191791519523,0.000730206840671599,0.00614639045670629,0.00806389655917883,0.00367341283708811,0.00453085592016578,0.00224497565068305,0.00304856151342392
1033,1,0.00246425857767463,0.00213328935205936,0.00221190205775201,0.00143989932257682,0.00139958516228944,0.00143493840005249,0.00122611015103757,0.00127088779117912,0.00107808678876609,0.000908593647181988,0.000886511290445924,0.000880270381458104,0.000829898577649146,0.000803251226898283,0.000826204428449273,0.000710213789716363,0.000955292722210288,0.000599869003053755,0.000620239006821066,0.000861839507706463,0.000628485868219286,0.000698004674632102,0.000583206827286631,0.000454748020274565,0.000312219111947343,0.000322360458085313,0.000319078768370673,0.000316562247462571,0.000301457475870848,0.00027891100035049,6.36555560049601E-05,8.98973812581971E-05,8.25645329314284E-05,7.52803171053529E-05,6.48090936010703E-05,7.09969899617136E-05,7.10993117536418E-05,6.3113788201008E-05,5.64401598239783E-05,5.58394203835633E-05,5.37161067768466E-05,4.44309625891037E-05,5.01679278386291E-05,4.66513956780545E-05,4.2252206185367E-05,4.16992807004135E-05,4.56376546935644E-05,4.87766628793906E-05,4.6484394260915E-05,4.05673672503326E-05,3.48025496350601E-05,3.23420827044174E-05,3.13987584377173E-05,2.75840175163466E-05,2.0342518837424E-05,2.05598407774232E-05,1.90328628377756E-05
1033,2,0.00164444115944207,0.001527548301965,0.00145475845783949,0.00146488833706826,0.00136842823121697,0.00134959316346794,0.00134364794939756,0.00126250542234629,0.00141995179001242,0.00116763776168227,0.00143397599458694,0.00154379964806139,0.00154858897440135,0.00152192264795303,0.0014488382730633,0.0013458397006616,0.00125033687800169,0.00112430797889829,0.00105161406099796,0.000872640812303871,0.000920750433579087,0.000885447079781443,0.000834314210806042,0.000791023718193173,0.000856803439091891,0.000836350780446082,0.000864424684550613,0.000848990050144494,0.000833408208563924,0.000775454856920987,0.000792519480455667,0.000827037787530571,0.000791540136560798,0.000622046354692429,0.000720773765351623,0.000575910846237093,0.00056404952192679,0.000452166801551357,0.000518059590831399,0.000470770319225267,0.00041825624066405,0.00356453470885754,0.00298828259110451,0.00275816628709435,0.00276728998869658,0.00263073993846774,0.00233015371486545,0.00184697145596147,0.00227066269144416,0.00176197092514485,0.00417062034830451,0.00364790996536613,0.00337259122170508,0.00461990479379892,0.00403662072494626,0.00285649881698191,0.00105215690564364
1033,3,0,0,0,0,0,0,0,0,0,0,0,0,0,0,0,0,0,0,0,0,0,0,0,0,0,0,0,0,0,0,0,0,0,0,0,0,0,0,0,0,0,0,0,0.00825119484215975,0.00933576561510563,0.0101747782900929,0.010195329785347,0.0111393174156547,0.0118716405704618,0.0111044617369771,0.0115419588983059,0.0107902465388179,0.0124391634017229,0.0138100385665894,0.0127197923138738,0.0108332857489586,0.0109502179548144
1033,4,0.000211593665881082,0.00021235660824459,0.000233851475059055,0.000247991760261357,0.000239289685850963,0.000263993802946061,0.000185432596481405,0.000196976587176323,0.000219661567825824,0.000193618849152699,0.000205142408958636,0.000200566209969111,0.000198796493350528,0.000194724940229207,0.000195103391888551,0.000160793060786091,0.000158982395078056,0.000170312792761251,0.00015108659863472,0.000155890083988197,0.000142339951707982,0.000136473187012598,0.000128652274725027,0.000130033746245317,0.000100038159871474,0.000102902828075457,9.2364578449633E-05,8.306787640322E-05,6.97304712957703E-05,6.1675687902607E-05,7.49431201256812E-05,7.70748301874846E-05,6.63265891489573E-05,9.07226494746283E-05,7.6190750405658E-05,7.48880847822875E-05,7.61730261729099E-05,8.49868447403423E-05,7.35617213649675E-05,7.48793827369809E-05,5.77655227971263E-05,6.08961818215903E-05,5.53469872102141E-05,4.23822893935721E-05,3.64889419870451E-05,3.04632922052406E-05,2.98803352052346E-05,2.61845925706439E-05,2.6381436327938E-05,2.24003742914647E-05,1.74522429006174E-05,1.70412859006319E-05,1.69322593137622E-05,1.45929861901095E-05,4.4144094317744E-06,3.88107901017065E-06,3.46668798556493E-06
1033,5,0,0,0,0,0,0,0,0,0.000146846505231224,0.000136246555484831,0.000405889324611053,0.000115572795039043,0.000107307991129346,0.000913300842512399,0.000271901692030951,0.000156024645548314,0.000151262298459187,0.000162149910465814,0.000117372008389793,0.000124314770800993,0.000204310024855658,0.000168499434948899,0.000309007824398577,0.000608395901508629,0.000476856774184853,0.000316833058604971,0.000233254788327031,0.000137188151711598,0.000128955289255828,0.000123515579616651,0.00011576902033994,0.000134018482640386,0.000113239206257276,0.000118277646834031,0.000103201244201045,0.000105347775388509,0.000120773445814848,0.000122081561130472,0.000109296801383607,0.000109477441583294,0.000113701782538556,0.000110072876850609,9.62116027949378E-05,9.88285755738616E-05,0.000100885117717553,9.7594122053124E-05,9.66507577686571E-05,9.3990980531089E-05,8.84331820998341E-05,8.18432527012192E-05,0.000129879903397523,0.000491274113301188,0.00142342085018754,0.000556456041522324,0.00129406503401697,0.00142639258410782,0.00201184093020856
1033,6,0.00359256379306316,0.00450216187164187,0.00570783531293273,0.00583027163520455,0.00491072284057736,0.00511828390881419,0.00563148781657219,0.00488810846582055,0.0050539574585855,0.00503442902117968,0.00510788103565574,0.00470033846795559,0.00593225751072168,0.00543345650658011,0.00418528541922569,0.00427056662738323,0.00461218599230051,0.00509653752669692,0.00619514752179384,0.00694255298003554,0.00756854983046651,0.00761115597561002,0.00612812116742134,0.00623653410002589,0.00662816129624844,0.00720523484051228,0.00578077929094434,0.00560325058177114,0.00650225719437003,0.00710106361657381,0.00657762214541435,0.00805038213729858,0.00786953885108233,0.00800944957882166,0.0084415040910244,0.00853856094181538,0.00822410639375448,0.00770227238535881,0.00783093646168709,0.00731253391131759,0.00715490151196718,0.00575339375063777,0.00720665697008371,0.00683606136590242,0.00696262065321207,0.00622317427769303,0.00925427116453648,0.00864126905798912,0.00882238429039717,0.00804999936372042,0.00795372854918242,0.00730724539607763,0.00793244503438473,0.00735139567404985,0.00812370330095291,0.00755820469930768,0.00854958035051823
1033,7,0.0815738663077354,0.0641422942280769,0.0476747490465641,0.0432506129145622,0.0513723492622375,0.0458177551627159,0.0375268459320068,0.0508057177066803,0.0536553561687469,0.0550110302865505,0.0507138185203075,0.0601151324808598,0.0507722534239292,0.0479860752820969,0.063109964132309,0.0580165646970272,0.0549587309360504,0.0492060072720051,0.0302584301680326,0.0195357985794544,0.0027589073870331,0.018242783844471,0.0310390945523977,0.0241212230175734,0.0193829834461212,0.0156471002846956,0.0156777761876583,0.0141574013978243,0.0212073158472776,0.022173872217536,0.0250404179096222,0.0189781598746777,0.0194507017731667,0.0157622694969177,0.00909378565847874,0.00853589456528425,0.0114351715892553,0.0100458990782499,0.00888061709702015,0.0122434441000223,0.0121826436370611,0.0149008454754949,0.0077332672663033,0.0103457644581795,0.0104693016037345,0.0132130347192287,0.0109747610986233,0.0118316812440753,0.0126064606010914,0.00521795405074954,0.013206722214818,0.0108254384249449,0.0133027285337448,0.0097091943025589,0.00740030873566866,0.00634638965129852,0.00723914988338947
1033,8,0.00224722409620881,0.00183131883386523,0.00181898195296526,0.0017444504192099,0.00148832285776734,0.00136796105653048,0.00135648169089109,0.00128636776935309,0.00120130088180304,0.00124037149362266,0.00131381629034877,0.0013027903623879,0.00133225531317294,0.00164476071950048,0.00207282020710409,0.00227538030594587,0.00140227924566716,0.00108137086499482,0.000798436289187521,0.00102254026569426,0.00101490376982838,0.00133205705787987,0.00156615301966667,0.000902650237549096,0.000873004843015224,0.000802939292043447,0.000750760256778449,0.000681281147990376,0.00104538456071168,0.00111843377817422,0.0012398874387145,0.00136659725103527,0.00113969703670591,0.000927536049857736,0.000770991842728108,0.000696178351063281,0.000893649354111403,0.000796158041339368,0.000774821848608553,0.000720214331522584,0.000815070699900389,0.00104620796628296,0.000694620190188289,0.000852048047818244,0.000732742715626955,0.000862298998981714,0.00111641711555421,0.000712173525243998,0.000952976231928915,0.000933024566620588,0.000989351538009942,0.00089506310177967,0.000953022274188697,0.000790791003964841,0.000727308797650039,0.000585013243835419,0.000605221895966679
1033,9,0.00013072119327262,0.000130571803310886,0.000134719157358631,0.000130011918372475,0.000126941071357578,0.000135251044412144,0.000118938267405611,0.000116917428385932,0.000115452909085434,0.000101057317806408,0.000104259590443689,0.000101779194665141,9.87538369372487E-05,9.81886332738213E-05,0.000103254315035883,9.18680525501259E-05,0.000112502544652671,8.4289385995362E-05,9.18211007956415E-05,0.000116997303848621,8.94353361218236E-05,9.64412101893686E-05,8.55846155900508E-05,7.17786242603324E-05,5.14848361490294E-05,5.0216793169966E-05,4.29455285484437E-05,3.59245677827857E-05,4.7860638005659E-05,4.33460081694648E-05,3.36336270265747E-05,3.23673884849995E-05,3.18132661050186E-05,3.72569193132222E-05,3.17593367071822E-05,2.58029031101614E-05,3.32606250594836E-05,3.35972981702071E-05,3.06018155242782E-05,3.26112203765661E-05,2.87124985334231E-05,2.76090486295288E-05,2.27892014663666E-05,1.37666593218455E-05,1.81238792720251E-05,2.22464859689353E-05,1.06233774204156E-05,9.17734541872051E-06,8.61206990521168E-06,7.77994500822388E-06,6.46384205538197E-06,6.21681328993873E-06,6.04989327257499E-06,5.67742290513706E-06,1.70184569014964E-06,1.56803730533284E-06,1.43529643992224E-06
1033,10,0.010655633173883,0.0103587573394179,0.00955420080572367,0.0092553673312068,0.0099647780880332,0.00901657156646252,0.00854347925633192,0.00916967540979385,0.0126774962991476,0.00851575192064047,0.00850798934698105,0.00885600782930851,0.00828600116074085,0.00932383164763451,0.00880922470241785,0.00881144870072603,0.00843785144388676,0.00840912945568562,0.00853497628122568,0.00926335901021957,0.00981628336012363,0.00901669170707464,0.00877240020781755,0.00958086270838976,0.00834366679191589,0.0076096779666841,0.00594832235947251,0.00636858260259032,0.00725323893129826,0.00676413346081972,0.00667875027284026,0.00571017153561115,0.0057256119325757,0.00521409092471004,0.00485493941232562,0.00520144030451775,0.0047910432331264,0.00464223232120276,0.00465614162385464,0.00716307526454329,0.00908714067190886,0.0107339350506663,0.0141138974577188,0.0131869409233332,0.0124258603900671,0.0137758897617459,0.0156813059002161,0.0152888670563698,0.020021578297019,0.0153410136699677,0.018674848601222,0.0158709511160851,0.0186843406409025,0.0166469365358353,0.0179909337311983,0.016055004671216,0.0195682141929865
1033,11,0.00839926861226559,0.00775396497920156,0.00781579408794641,0.00734925689175725,0.00832326337695122,0.00630918331444263,0.00645249802619219,0.00765246339142323,0.00358869042247534,0.00363823864609003,0.003622803138569,0.00308704026974738,0.00277241133153439,0.00353974476456642,0.00443810177966952,0.00466182548552752,0.00511368550360203,0.00511667272076011,0.00477133225649595,0.00499812187626958,0.00505387922748923,0.00524242501705885,0.00482986960560083,0.00564621621742845,0.00564200710505247,0.00575070641934872,0.00600159168243408,0.00624466175213456,0.00638852687552571,0.00553617812693119,0.006471898406744,0.00500353099778295,0.00461083929985762,0.0040282066911459,0.00429688906297088,0.00430500041693449,0.00435869675129652,0.00466255657374859,0.00458661513403058,0.00428001536056399,0.00480451993644238,0.00473054777830839,0.00481780571863055,0.00476078921929002,0.00490344921126962,0.00640475703403354,0.00717844208702445,0.0071890763938427,0.00860438123345375,0.00797048956155777,0.00815293844789267,0.0070960046723485,0.0077286371961236,0.00837539602071047,0.00874337647110224,0.00764631573110819,0.00742280576378107
1033,12,0,0,0,0,0,0,0,0,0,0,0,0,0,0,0,0,0,0,0,0,0,0,1.11611552711111E-05,9.52123627939727E-06,1.02709727798356E-05,7.35105049898266E-06,7.41338317311602E-06,6.96300094205071E-06,6.4871192080318E-06,6.17197065366781E-06,6.91809600539273E-06,6.96059805704863E-06,6.56959855405148E-06,2.76717273663962E-05,9.50600133364787E-06,4.86906446894864E-06,9.75612965703476E-06,1.38084524223814E-05,1.54416575242067E-05,2.01180810108781E-05,3.63400022251881E-06,4.61028139397968E-06,2.52900372288423E-06,9.20695015338424E-07,5.16337991030014E-07,5.66837206861237E-06,1.4305345757748E-05,3.38627178280149E-05,2.2529624402523E-05,1.39875464810757E-05,1.42973512993194E-05,1.36874496092787E-05,1.26068644021871E-05,1.17507570394082E-05,1.09655138658127E-05,9.45553347264649E-06,8.47769933898235E-06
1033,14,0,0,0,0,0,0,0,0,0,0,0,0,0,0,0,0,0,0,0,0,0,0,0,0,0,0,0,0,0,0,0,0.000214934116229415,0.000174110944499262,9.03140244190581E-05,8.92528114491142E-05,0.000113290319859516,8.68463976075873E-05,8.1209400377702E-05,7.11718530510552E-05,5.79690931772348E-05,5.197018981562E-05,4.56988127552904E-05,0.000123221965623088,0.000177342604729347,0.000101506637292914,5.04688468936365E-05,6.52923554298468E-05,0.00157543609384447,0.00149751780554652,0.000243689733906649,9.79477626970038E-05,0.00104777864180505,0.00120070402044803,0.000701636541634798,0.000686001672875136,0.000244793976889923,0.000331367453327402
1034,1,0.175064131617546,0.15195295214653,0.15056174993515,0.101061701774597,0.0999942123889923,0.0933159589767456,0.0972565114498138,0.102674141526222,0.0892876386642456,0.0816458165645599,0.0782997012138367,0.0819748789072037,0.0799180194735527,0.0794134140014648,0.0770213603973389,0.0803358405828476,0.0736745372414589,0.0677949637174606,0.0696056708693504,0.0514145269989967,0.0386040844023228,0.0331308580935001,0.0313986390829086,0.0299081467092037,0.030886497348547,0.029991140589118,0.0346869491040707,0.0321247987449169,0.0291051641106606,0.0292477551847696,0.0257682781666517,0.0270232185721397,0.0272460300475359,0.0268552210181952,0.0254814177751541,0.0275712348520756,0.0277582444250584,0.0246733650565147,0.0220993738621473,0.0219098124653101,0.0211519654840231,0.0175582952797413,0.0199448801577091,0.0186274573206902,0.0168921109288931,0.0167062431573868,0.0183787792921066,0.0198110938072205,0.0189102217555046,0.0174285117536783,0.0159816052764654,0.0158232189714909,0.0154116153717041,0.0135869150981307,0.00992080569267273,0.0102946031838655,0.00924147013574839
1034,2,0.0043895598500967,0.00309285731054842,0.00205512484535575,0.000944485596846789,0.000849866599310189,0.00309919402934611,0.00464064115658402,0.00276215048506856,0.000868404225911945,0.000744018820114434,0.0047414256259799,0.00784714985638857,0.00599935417994857,0.00712487380951643,0.00694775674492121,0.00693255243822932,0.00720115238800645,0.00711549771949649,0.00669336505234241,0.00583907403051853,0.00585122359916568,0.0060458080843091,0.00594226364046335,0.00597622292116284,0.00614076852798462,0.00627885432913899,0.00694324029609561,0.00689710397273302,0.0066492585465312,0.00659161666408181,0.00641085440292954,0.00671102851629257,0.00554178981110454,0.00481149042025208,0.00429446110501885,0.00355425477027893,0.00305435806512833,0.00272688269615173,0.0021840394474566,0.00184338667895645,0.00177115330006927,0.00148473610170186,0.00133383343927562,0.00596610549837351,0.00612663570791483,0.00522409472614527,0.00497447140514851,0.00526328105479479,0.00520528573542833,0.00566860288381577,0.00559511687606573,0.0101688578724861,0.00746732577681541,0.00662820274010301,0.00622713007032871,0.00553166959434748,0.00557039538398385
1034,3,0,0,0,0,0,0,0,0,0,0,0.000127515522763133,0.000105622937553562,0.000142631528433412,0.000137739290948957,0.000124603931908496,0.000164575743838213,0.000142837088787928,0.000150779902469367,9.82054843916558E-05,0.000126017694128677,0.000118267977086361,0.000117990814032964,0.000132681278046221,0.00019020053150598,0.000146452424814925,0.000127788342069834,0.000148065475514159,0.000116133836854715,0.00011291114060441,0.00013249930634629,0.000160609313752502,0.000234429448028095,0.000223876180825755,0.000218277287785895,0.000136500850203447,0.000147200611536391,9.17431243578903E-05,0.000114275011583231,9.58660966716707E-05,9.75678849499673E-05,5.00353453389835E-05,5.3121242672205E-05,6.84212791384198E-05,9.98753748717718E-05,0.000112449102743994,0.000114175956696272,9.95936352410354E-05,7.52491687308066E-05,9.44450803217478E-05,3.47454988514073E-05,4.57149908470456E-05,3.94892122130841E-05,3.63046819984447E-05,2.35238494497025E-05,1.27338871607208E-05,1.89255533769028E-05,1.04332966657239E-05
1034,4,0.00122748571448028,0.00106359331402928,0.00125375820789486,0.00143429590389133,0.00198267283849418,0.0147615224123001,0.0113907614722848,0.0159146320074797,0.0184698216617107,0.0153636559844017,0.0163911618292332,0.0108208227902651,0.015410621650517,0.0135980043560266,0.0145424176007509,0.0117482142522931,0.0124596823006868,0.0125927999615669,0.0113125611096621,0.0129520697519183,0.0119767626747489,0.0125444065779448,0.0124085890129209,0.0123690068721771,0.0129407551139593,0.0138114793226123,0.0145720643922687,0.0128236971795559,0.0127086555585265,0.0120304888114333,0.0132890930399299,0.0146372271701694,0.013885130174458,0.0125841991975904,0.012395691126585,0.0148280337452888,0.0137780085206032,0.0132786883041263,0.012679728679359,0.0118928272277117,0.0120072672143579,0.0116166127845645,0.011675463989377,0.0115231703966856,0.00967621244490147,0.00883279927074909,0.00873071327805519,0.00825648196041584,0.00777726341038942,0.00779120391234756,0.00675385259091854,0.00717914290726185,0.00721482653170824,0.00723131746053696,0.00650393078103662,0.00608601188287139,0.00603111833333969
1034,5,0.0963830426335335,0.0995432734489441,0.112305261194706,0.108519427478313,0.107287473976612,0.11189030110836,0.110484272241592,0.111829616129398,0.11020740121603,0.114398710429668,0.109041385352612,0.104960188269615,0.0893659815192223,0.0681952834129334,0.0413674376904964,0.0390658304095268,0.0457547232508659,0.0460586808621883,0.0408206284046173,0.0340977162122726,0.0313814841210842,0.0328911580145359,0.0172547157853842,0.0153697738423944,0.0140513107180595,0.0157776642590761,0.0332021862268448,0.0164373386651278,0.0116514060646296,0.0202220324426889,0.0303779467940331,0.038955919444561,0.043106809258461,0.0296769384294748,0.0425067953765392,0.0620427504181862,0.061658576130867,0.0644454210996628,0.0709635019302368,0.0879527553915977,0.0722705349326134,0.0479839257895947,0.0479476302862167,0.0271759573370218,0.0222675614058971,0.0198217015713453,0.0297315660864115,0.0222722981125116,0.0313773676753044,0.0387965701520443,0.0331295095384121,0.0290773380547762,0.0162244401872158,0.0282020885497332,0.016317792236805,0.0151801537722349,0.0163664296269417
1034,6,0.00606679916381836,0.00594606157392263,0.00616807118058205,0.00688265264034271,0.00647919671609998,0.00634032301604748,0.00612398842349648,0.00693853385746479,0.0094855185598135,0.0103740124031901,0.0111357532441616,0.0133870607241988,0.0134820435196161,0.0159981567412615,0.0173606649041176,0.0160370524972677,0.0159066673368216,0.0177706778049469,0.0168016329407692,0.0167667213827372,0.0121182762086391,0.0117448316887021,0.0138295022770762,0.0139976032078266,0.0161689277738333,0.0164717640727758,0.0193310584872961,0.0186892952769995,0.0192071739584208,0.0193932577967644,0.0213075038045645,0.0186549164354801,0.0213546864688396,0.0211806148290634,0.0238223914057016,0.0222913231700659,0.0221785176545382,0.0206776987761259,0.0221454687416554,0.0252724420279264,0.0242642145603895,0.0233553983271122,0.0236542504280806,0.0241060517728329,0.0245517957955599,0.0245745237916708,0.02176215313375,0.0225556325167418,0.0227964837104082,0.0221949107944965,0.0217384770512581,0.0232263915240765,0.022481981664896,0.0241062175482512,0.022966155782342,0.0242556985467672,0.0232626255601645
1034,7,0.0381499230861664,0.0438207387924194,0.043300811201334,0.0502397976815701,0.0576961934566498,0.0459337458014488,0.0522126071155071,0.0524212904274464,0.0500504672527313,0.0499178618192673,0.0423989817500114,0.0404567196965218,0.0504647269845009,0.0497980862855911,0.0556224249303341,0.0607827790081501,0.0634369552135468,0.0687538236379623,0.066681407392025,0.0735229179263115,0.0657267794013023,0.0715440586209297,0.0693710893392563,0.069211445748806,0.0582705810666084,0.0646561831235886,0.0646001622080803,0.0604258812963963,0.0558027736842632,0.0589241907000542,0.058919869363308,0.0520610101521015,0.0598727613687515,0.052464984357357,0.0538448169827461,0.0580411553382874,0.0630286037921906,0.0711267068982124,0.0729613602161407,0.0787840411067009,0.0763203278183937,0.0762090459465981,0.0752788707613945,0.0688641741871834,0.0741196796298027,0.0681165605783463,0.0625758320093155,0.062378216534853,0.061412014067173,0.0552027523517609,0.0527942031621933,0.0485073029994965,0.0483760163187981,0.0479186438024044,0.0520962439477444,0.0526300817728043,0.0541159808635712
1034,8,0.0287451781332493,0.0339406318962574,0.0346423126757145,0.0332158952951431,0.0320633612573147,0.0292971841990948,0.0313403233885765,0.0295252073556185,0.0270066168159246,0.0210661981254816,0.0170877892524004,0.0124971373006701,0.0140450205653906,0.0107411099597812,0.0145956659689546,0.0172486957162619,0.017492001876235,0.0130874402821064,0.011276344768703,0.0107308849692345,0.0086960531771183,0.00846059434115887,0.00742857530713081,0.00907776970416307,0.00996069423854351,0.00986638106405735,0.0108357220888138,0.0122625520452857,0.0111150275915861,0.0106127317994833,0.00969974603503942,0.00945459958165884,0.010740821249783,0.0112294955179095,0.0124038467183709,0.0111602740362287,0.0092123243957758,0.0081251272931695,0.00926215015351772,0.0125633431598544,0.0116332797333598,0.0129632027819753,0.0141279865056276,0.0146679859608412,0.0136222820729017,0.0140892909839749,0.016159201040864,0.0161195490509272,0.016329912468791,0.0173914935439825,0.0191109478473663,0.0188077464699745,0.0197540782392025,0.0185357145965099,0.0172877460718155,0.0191515944898129,0.0181023944169283
1034,9,0.0139945615082979,0.0161328576505184,0.017237301915884,0.0188937727361918,0.0200243797153234,0.0187261831015348,0.0201261788606644,0.0207906663417816,0.0250462889671326,0.0244190320372581,0.0234556775540113,0.0248185656964779,0.0259108413010836,0.02732278034091,0.031545776873827,0.0329032987356186,0.0328164026141167,0.0334365740418434,0.0341413058340549,0.0379056632518768,0.0390197075903416,0.0404934883117676,0.041406411677599,0.0424906834959984,0.0440498292446136,0.0443517975509167,0.0411842204630375,0.0355098880827427,0.0437658987939358,0.0423739291727543,0.0425379052758217,0.0393392629921436,0.0423968024551868,0.0393184535205364,0.0410725250840187,0.0403398089110851,0.0401771403849125,0.0383317992091179,0.0411904603242874,0.0416784919798374,0.0398390516638756,0.0403626561164856,0.0430170781910419,0.0436799190938473,0.0460182502865791,0.0450227856636047,0.0463578999042511,0.0409250147640705,0.0429837740957737,0.0455882623791695,0.0456544868648052,0.0435063578188419,0.0459895320236683,0.0472525879740715,0.0463267154991627,0.0496505759656429,0.0511391051113606
1034,10,0.00655859988182783,0.00566396303474903,0.00617138994857669,0.00444407993927598,0.00552060920745134,0.00640573911368847,0.00768107827752829,0.00635302066802979,0.00788532476872206,0.00547861540690064,0.00577223859727383,0.0067342696711421,0.00703914230689406,0.00546224135905504,0.00591044826433063,0.0056503782980144,0.00514053972437978,0.00395568460226059,0.00394966267049313,0.00356682203710079,0.00401725992560387,0.00387146580033004,0.00353225856088102,0.00356443459168077,0.00352306175045669,0.0038413624279201,0.00389950256794691,0.0047648292966187,0.00516845704987645,0.00593951623886824,0.00605500536039472,0.00512148067355156,0.00464247213676572,0.00462054274976254,0.00456438073888421,0.00159435882233083,0.00143801514059305,0.00121917959768325,0.00118654617108405,0.00118347920943052,0.00138875981792808,0.00136634113732725,0.00216939533129334,0.00181327108293772,0.00165336136706173,0.0025429492816329,0.00731091620400548,0.0133164739236236,0.0131059614941478,0.0121278166770935,0.0123591339215636,0.0119121205061674,0.0115497475489974,0.0121515141800046,0.0108894295990467,0.0120107308030128,0.0142290564253926
1034,11,0.00245781894773245,0.00224526948295534,0.00250288052484393,0.0019672114867717,0.00189257762394845,0.00193042389582843,0.0018647265387699,0.00192934344522655,0.000871161057148129,0.000876675883773714,0.00108651840128005,0.000891944335307926,0.00108036445453763,0.00118736654985696,0.00127104681450874,0.00173023494426161,0.0019324142485857,0.00175222079269588,0.00143618602305651,0.00153584557119757,0.00145364482887089,0.00158618006389588,0.00164759741164744,0.00186534388922155,0.00173034216277301,0.00178181705996394,0.00265688821673393,0.00265398644842207,0.00280943838879466,0.00315829436294734,0.00349336490035057,0.00326413311995566,0.00275686080567539,0.00258045364171267,0.00279670534655452,0.00116526277270168,0.001220578327775,0.00102513644378632,0.00136212364304811,0.000962765247095376,0.00142044015228748,0.00141303951386362,0.00130145507864654,0.00140877801459283,0.0015776784857735,0.00219219061546028,0.00204017525538802,0.00219458318315446,0.00216945912688971,0.00167535070795566,0.00216421787627041,0.00170683616306633,0.00182320876047015,0.00177179393358529,0.00200400548055768,0.00187409087084234,0.00224724225699902
1034,12,0,0,0,0,0,0,0,0,0,0,0,0,0,0,0,0,0,0,0,0,0,0,0,0,0,0,0.00300008640624583,0.00281782331876457,0.00262524094432592,0.00249770493246615,0.00279965088702738,0.00281685101799667,0.00265861907973886,0.00313177378848195,0.00221799034625292,0.00233095046132803,0.00221036956645548,0.0050933170132339,0.00536568509414792,0.00701415818184614,0.00359460478648543,0.0136003037914634,0.0130764227360487,0.012662610039115,0.0111850528046489,0.0105631090700626,0.0109068490564823,0.0097372978925705,0.00862134248018265,0.00799815263599157,0.00845909770578146,0.00839042756706476,0.00801616162061691,0.00776118040084839,0.00724240532144904,0.0062449905090034,0.00559918256476521
1034,13,0,0,0,0,0,0,0,0,0,0,0,0,0,0,0,0,0,0,0,0,0,0,0,0,1.55115492361801E-06,1.74512467765453E-06,1.95386928680819E-06,1.96352470993588E-06,1.94475023818086E-06,1.70169653301855E-06,1.48518779496953E-06,1.34758784042788E-06,1.27941814298538E-06,1.4160619912218E-06,1.31487263388408E-06,3.99805185224977E-06,3.38862787430116E-06,2.6814402644959E-06,4.07736933993874E-06,7.55439032218419E-07,7.17892589818803E-06,0.00158801081124693,0.00176302623003721,0.00169187330175191,0.00177398708183318,0.00177220173645765,0.0002375310723437,0.000185454133315943,0.000175513268914074,0.000123939869808964,0.000107382467831485,9.91802662611008E-05,8.86346388142556E-05,6.99618976796046E-05,8.14789382275194E-05,4.82675714010838E-05,4.69728984171525E-05
1034,14,0,0,0,0,0,0,0,0,0,0,0,0,0,0,0,0,0,0,0,0,0,0,0,0,0,0,0,0,0,0,0.000708702253177762,0.000522436108440161,0.00042320802458562,0.000219524517888203,0.000216945045394823,0.00027537252753973,0.000211095830309205,0.00019739409617614,0.00017299602041021,0.000140904332511127,0.000126322920550592,2.92747536150273E-05,0.000121494151244406,0.000302290223771706,4.71511084469967E-05,2.00409485842101E-05,0.164308220148087,0.156051933765411,0.115512318909168,0.0923696160316467,0.0962628573179245,0.116200990974903,0.101504296064377,0.116896077990532,0.0989648848772049,0.089850164949894,0.0875890627503395
1035,1,0.154760733246803,0.13468262553215,0.13378532230854,0.0900478214025497,0.0893305540084839,0.083573579788208,0.087311677634716,0.0924128964543343,0.0805401802062988,0.0738205909729004,0.0709545686841011,0.0744588077068329,0.0727525055408478,0.0724471285939217,0.070407934486866,0.0735808089375496,0.0676204860210419,0.0623424090445042,0.0641239434480667,0.0464130416512489,0.0336961187422276,0.0283885039389133,0.0269042328000069,0.02562708966434,0.0264653991907835,0.0256982035934925,0.02871273458004,0.0265908129513264,0.0239681340754032,0.0241426788270473,0.0215610358864069,0.0224998779594898,0.0224737301468849,0.0224588476121426,0.0214313007891178,0.0235797818750143,0.0237166546285152,0.021144688129425,0.0189299136400223,0.0190094988793135,0.0181822422891855,0.0151315266266465,0.0171472895890474,0.0158627927303314,0.0144124813377857,0.014265364035964,0.0156568940728903,0.016758531332016,0.0160517022013664,0.014817270450294,0.0134410429745913,0.0133158108219504,0.0129266725853086,0.0113555062562227,0.0084779541939497,0.0085700424388051,0.00793544389307499
1035,2,0,0,0,0,0,0,0,0,0,0,0,0,0,0,0,0,0,0,0,0,0,0,0,0,0,0,0,0,0,0,0,0,0,0,0,0,0,0,0,0,0,0,0,0.00478549394756556,0.00497179152444005,0.00417381478473544,0.00417560897767544,0.00428311293944716,0.004153854213655,0.00454927328974009,0.00422928389161825,0.00417721504345536,0.00399949122220278,0.00515550514683127,0.00459628738462925,0.00410935515537858,0.00419012224301696
1035,4,0,0,0,0,0,0,0,0,0,0,0,0,0,0,0,0,0,0,0,0,1.35177142510656E-05,5.03129485878162E-05,3.88449552701786E-05,4.94823179906234E-05,4.81407587358262E-05,4.94941814395133E-05,5.00022324558813E-05,4.46736266894732E-05,4.30088293796871E-05,4.22311713919044E-05,4.17251721955836E-05,4.50521583843511E-05,4.48498612968251E-05,4.33986897405703E-05,3.7916652217973E-05,0.00481618894264102,0.00467765564098954,0.00470319436863065,0.00447721546515822,0.00427111145108938,0.00460717314854264,0.0044749048538506,0.00442963652312756,0.00449024280533195,0.00401779217645526,0.0037921357434243,0.00372320530004799,0.00351565890014172,0.00340809114277363,0.00333014759235084,0.00299936858937144,0.00307974615134299,0.00299700372852385,0.00281005329452455,0.00227825157344341,0.0022435171995312,0.00216902606189251
1035,5,0.0963830426335335,0.0995432734489441,0.112305261194706,0.108519427478313,0.107287473976612,0.11189030110836,0.110484272241592,0.111829616129398,0.11020740121603,0.114398710429668,0.109041385352612,0.104960188269615,0.0893659815192223,0.0681952834129334,0.0413674376904964,0.0390658304095268,0.0457547232508659,0.0460586808621883,0.0408206284046173,0.0340977162122726,0.031385499984026,0.0328948423266411,0.0172581244260073,0.0153732858598232,0.0140546206384897,0.0157804824411869,0.0325833074748516,0.0160726681351662,0.0110684549435973,0.019934268668294,0.0302632041275501,0.0388382375240326,0.0427967943251133,0.0293817669153214,0.0423847958445549,0.062055978924036,0.0618311651051044,0.0647388026118279,0.0712223798036575,0.089239627122879,0.0733517035841942,0.0495139546692371,0.0497326254844666,0.0280214417725801,0.0231690760701895,0.0208036005496979,0.0307587385177612,0.0232995990663767,0.0324521400034428,0.0398669615387917,0.0335751883685589,0.0295134838670492,0.0167306717485189,0.028731906786561,0.0163412839174271,0.0151337468996644,0.0167262405157089
1035,6,0.00361168431118131,0.00354673550464213,0.00344549980945885,0.00357367936521769,0.00364816002547741,0.00345602189190686,0.00346835050731897,0.00366960628889501,0.00460377475246787,0.00504140183329582,0.00557129131630063,0.00765301892533898,0.00798509363085032,0.0101489992812276,0.011455568484962,0.0103882346302271,0.00989128369837999,0.0112476572394371,0.0103633524850011,0.00930516701191664,0.00433716317638755,0.00484431255608797,0.00675202161073685,0.00708891171962023,0.00774163147434592,0.00882019102573395,0.0114883538335562,0.0107110161334276,0.0105770034715533,0.0104478914290667,0.0120553066954017,0.00881005078554153,0.0109308678656816,0.0103849302977324,0.0104749510064721,0.00986291281878948,0.00970951188355684,0.00905847642570734,0.00962949730455875,0.0128927947953343,0.0117529816925526,0.0115191675722599,0.0107980957254767,0.0102559234946966,0.0101240174844861,0.010103709064424,0.00858103577047586,0.00893437676131725,0.00943531282246113,0.00874484330415726,0.0114270579069853,0.0111190536990762,0.00977955479174852,0.0110352383926511,0.00979273580014706,0.0111551806330681,0.010227263905108
1035,7,0.0126782143488526,0.0111116413027048,0.00932321976870298,0.0104250460863113,0.0113722207024693,0.0102415848523378,0.010583576746285,0.00966032035648823,0.00928050559014082,0.00843361578881741,0.0119923986494541,0.00878847669810057,0.010551268234849,0.0102395741268992,0.00856445636600256,0.0103546269237995,0.0122029716148973,0.0141050228849053,0.0121795563027263,0.00931508652865887,0.00299584958702326,0.00303929881192744,0.00306340795941651,0.00550490478053689,0.00531861139461398,0.00433817179873586,0.00556230684742332,0.00614199880510569,0.00559024885296822,0.00565619766712189,0.00618378771468997,0.00542087806388736,0.00809688121080399,0.0060902931727469,0.00487887673079968,0.00399512564763427,0.00382227823138237,0.00338426674716175,0.00337664107792079,0.00622322084382176,0.00520256068557501,0.00617541233077645,0.00495529593899846,0.00421889778226614,0.00426562177017331,0.00451396964490414,0.00396973779425025,0.00425416929647326,0.00304333912208676,0.00274235848337412,0.00529473787173629,0.00860325805842876,0.00860170181840658,0.00853176601231098,0.00629024766385555,0.0067850761115551,0.00681858230382204
1035,8,0.0233191139996052,0.0280274413526058,0.0281993579119444,0.0263791736215353,0.0250416826456785,0.0227687321603298,0.0247060339897871,0.0245869066566229,0.0208833403885365,0.0155826415866613,0.0116983316838741,0.00610786117613316,0.00814265664666891,0.00485821114853024,0.00748811941593885,0.00926423911005259,0.00992562714964151,0.00744442129507661,0.00712132407352328,0.00501411408185959,0.00397028867155313,0.00406908895820379,0.00364441983401775,0.00444268621504307,0.00523503310978413,0.00486478256061673,0.00566330971196294,0.00696805352345109,0.00541667174547911,0.00565660605207086,0.00509420083835721,0.004939547739923,0.00587024725973606,0.00598993897438049,0.00710328947752714,0.00706858607009053,0.00534602627158165,0.00462470389902592,0.00560826668515801,0.00915804598480463,0.00786088686436415,0.00870548840612173,0.00940278545022011,0.00972482189536095,0.00890311412513256,0.00927831046283245,0.00950624607503414,0.00939578656107187,0.0105929113924503,0.0108745275065303,0.0117927836254239,0.011845082975924,0.0117773534730077,0.0115799941122532,0.0109995910897851,0.0129547119140625,0.0116542214527726
1035,10,0,0,0,0,0,0,0,0,0,0,0,0,0,0,0,0,0,0,0,0,0,0,0,0,0,0,0,0,0,0,0,0,0,0,0,0,0,0,0,0,0,0,0,0,0,0,0.00492685101926327,0.0106404963880777,0.0104353222995996,0.00994465965777636,0.00970788951963186,0.00939361564815044,0.00903044268488884,0.00958884507417679,0.00914506707340479,0.0101833511143923,0.0117231830954552
1035,12,0,0,0,0,0,0,0,0,0,0,0,0,0,0,0,0,0,0,0,0,0,0,0,0,0,0,0,0,0,0,0,0,0,0,0,0,0,0,0,0,0,0,0,0,0,0,0,0,0,0,0,9.52148525357188E-07,7.60066654947877E-07,5.91033540331409E-07,4.16348427734192E-07,2.42442695252976E-07,2.29131202900135E-07
1035,13,0,0,0,0,0,0,0,0,0,0,0,0,0,0,0,0,0,0,0,0,0,0,0,0,0,0,0,0,0,0,0,0,0,0,0,0,0,0,0,0,0,0,0,0,0,0,0,0,0,0,5.62609819843019E-11,6.78852044022626E-11,7.85395568025926E-11,2.47397907715552E-10,3.37795957872089E-10,2.41792225130766E-10,2.35306663043389E-10
1035,14,0,0,0,0,0,0,0,0,0,0,0,0,0,0,0,0,0,0,0,0,0,0,0,0,0,0,0,0,0,0,0,0,0,0,0,0,0,0,0,0,0,0,0,0,0,0,0.164273500442505,0.15534907579422,0.115088112652302,0.092301681637764,0.0962188616394997,0.115960381925106,0.101188682019711,0.116777971386909,0.0988946482539177,0.0897349789738655,0.0874326452612877
1036,1,0,0,0,0,0,0,0,0,0,0,0,0,0,0,0,0,0,0,0,0,0,0,0,0,0,0,0,0,0,0,0,0,0,0,0,0,0,0,0,0,0,0,0,0,0,0,0,0,0,0,0,0,0,0,0.00373535929247737,0.00398930162191391,0.00381672917865217
1036,2,0.096960537135601,0.0842156261205673,0.0843061208724976,0.0854563936591148,0.0836265385150909,0.0767371729016304,0.0772718042135239,0.070386104285717,0.0940382778644562,0.0731637477874756,0.111791983246803,0.11227036267519,0.112701199948788,0.122041396796703,0.136793985962868,0.134084641933441,0.134176015853882,0.12128734588623,0.11431572586298,0.0975340530276299,0.097964271903038,0.101558312773705,0.099012091755867,0.11735861748457,0.117571853101254,0.117466069757938,0.105699010193348,0.096190333366394,0.101481854915619,0.0963548347353935,0.118878364562988,0.101083092391491,0.120365180075169,0.117487132549286,0.111598663032055,0.109922602772713,0.109623871743679,0.10336447507143,0.119834393262863,0.113025724887848,0.116689682006836,0.111641585826874,0.113291993737221,0.106335192918777,0.100048430263996,0.093163326382637,0.0927392244338989,0.0981273576617241,0.0965525731444359,0.0799659416079521,0.0874032005667686,0.0933935418725014,0.0909340679645538,0.103110946714878,0.0950329974293709,0.0865271091461182,0.0869059786200523
1036,3,0,0,0,0,0,0,0,0,0.071108415722847,0.0738504156470299,0.0751693323254585,0.0772698596119881,0.0754826962947845,0.075236976146698,0.0790560320019722,0.0855395644903183,0.0783989802002907,0.0806486681103706,0.058568648993969,0.0544214099645615,0.0525315701961517,0.0587363876402378,0.0799121856689453,0.0792990699410439,0.0841114297509193,0.109237015247345,0.0848367959260941,0.0936641320586205,0.0877067595720291,0.0934908390045166,0.0999692156910896,0.103026188910007,0.0931286215782166,0.097195528447628,0.0639858618378639,0.0886166915297508,0.181230202317238,0.119128622114658,0.129481613636017,0.1137420758605,0.139991149306297,0.137266024947166,0.139153823256493,0.136476442217827,0.140822112560272,0.140665248036385,0.13770991563797,0.13560651242733,0.134082868695259,0.136828571557999,0.138889670372009,0.134603500366211,0.153689414262772,0.17424613237381,0.159163862466812,0.138196110725403,0.13870307803154
1036,4,0.0863082781434059,0.0847935229539871,0.0823414698243141,0.0887457579374313,0.0865331366658211,0.0895742252469063,0.0841575115919113,0.0889629051089287,0.0937878489494324,0.0832186490297318,0.0977895706892014,0.0923841595649719,0.104974068701267,0.110560387372971,0.0939125567674637,0.0897687003016472,0.0921516194939613,0.0900617688894272,0.0843802466988564,0.109247118234634,0.0949566513299942,0.0689778178930283,0.06549321860075,0.0611947476863861,0.0582606494426727,0.0585799477994442,0.0558024644851685,0.0630500540137291,0.0887391641736031,0.0969741344451904,0.0710573866963387,0.0575610995292664,0.0650469213724136,0.0615029446780682,0.0576752312481403,0.0462358146905899,0.043957807123661,0.0590778067708015,0.0439320094883442,0.062963031232357,0.0592116266489029,0.0448778867721558,0.0456307232379913,0.0475508496165276,0.0571672208607197,0.0510330982506275,0.0559242703020573,0.0656628012657166,0.0492714196443558,0.0579897128045559,0.0568864904344082,0.0517470128834248,0.048682764172554,0.053056214004755,0.0634700283408165,0.0637139230966568,0.0635900050401688
1036,5,0.0108168479055166,0.0111375022679567,0.0108458744361997,0.0100279618054628,0.0104120410978794,0.00830964371562004,0.0116415014490485,0.00895617995411158,0.0109938755631447,0.0111763700842857,0.0119251376017928,0.012917441315949,0.0149065926671028,0.0145365046337247,0.0166866816580296,0.016082189977169,0.00992331653833389,0.00953193008899689,0.00864342041313648,0.00830439105629921,0.0108365602791309,0.00947846006602049,0.00800510309636593,0.00958578195422888,0.00936347339302301,0.0165543425828218,0.0181814320385456,0.0169254615902901,0.0063565568998456,0.00646059215068817,0.00449522072449327,0.0073253926821053,0.00974021758884192,0.0197420846670866,0.0189888849854469,0.0205635018646717,0.0316832475364208,0.0414965935051441,0.0343352630734444,0.0342038124799728,0.0341148115694523,0.0340704694390297,0.0338285863399506,0.0375902839004993,0.0313924215734005,0.0322814136743546,0.0329153202474117,0.034879170358181,0.026483790948987,0.0230300333350897,0.0278111398220062,0.0257478877902031,0.0254672318696976,0.0252779498696327,0.0293786637485027,0.0321289226412773,0.0291802268475294
1036,6,0.0240535587072372,0.0246773436665535,0.0241710040718317,0.024509459733963,0.0239288620650768,0.0226506106555462,0.0229388084262609,0.0245025213807821,0.0242180451750755,0.0236292984336615,0.0240015517920256,0.0240766443312168,0.023006621748209,0.0258354861289263,0.0244043171405792,0.0219547599554062,0.0221772585064173,0.0221290588378906,0.0234546083956957,0.0228246059268713,0.0223719645291567,0.0252624563872814,0.026374951004982,0.0283859632909298,0.0306524131447077,0.0343582704663277,0.0396260842680931,0.0395063608884811,0.0410942137241364,0.0431906841695309,0.0350242257118225,0.0344063974916935,0.0344810411334038,0.0342957526445389,0.0372148975729942,0.0371567495167255,0.0377810969948769,0.0384884215891361,0.0350058227777481,0.037040188908577,0.0373910032212734,0.0376383289694786,0.0391958653926849,0.0432278327643871,0.0432476550340652,0.0445467308163643,0.0448134019970894,0.0485000722110271,0.0495348833501339,0.0486795045435429,0.047508642077446,0.0470893830060959,0.0483089052140713,0.0486221648752689,0.0495911985635757,0.0495906434953213,0.051260206848383
1036,7,0.0319253243505955,0.0328502245247364,0.0399049073457718,0.0367479771375656,0.0371322296559811,0.0325165987014771,0.0291804019361734,0.0308810044080019,0.0330011546611786,0.0345803312957287,0.03336226567626,0.0331098772585392,0.040734838694334,0.0351239703595638,0.041268564760685,0.0373576916754246,0.039352510124445,0.0381362251937389,0.0384144745767117,0.0501937083899975,0.0437753759324551,0.0472233705222607,0.0469220913946629,0.100006982684135,0.102737307548523,0.0928970649838448,0.0995989143848419,0.0962227582931519,0.104046270251274,0.111110158264637,0.0913712456822395,0.0974965691566467,0.088249459862709,0.0926974639296532,0.127737775444984,0.077319510281086,0.0846372917294502,0.0762942507863045,0.0868320167064667,0.0809299871325493,0.0807987377047539,0.0724424868822098,0.0636729747056961,0.0480825528502464,0.0409966930747032,0.0371766053140163,0.0389390401542187,0.03687409684062,0.0259052347391844,0.033031839877367,0.0312744714319706,0.0345303080976009,0.0339164957404137,0.0469268038868904,0.0521352402865887,0.0567473992705345,0.0534312762320042
1036,8,0.0345971696078777,0.0344406329095364,0.034726869314909,0.0328723266720772,0.0298626814037561,0.028405649587512,0.0282012950628996,0.0267411675304174,0.0331805534660816,0.0313692018389702,0.0303695667535067,0.0322640910744667,0.0397512689232826,0.0378120504319668,0.0402308739721775,0.0395381413400173,0.0372861102223396,0.035393875092268,0.0311721600592136,0.0322670303285122,0.0258967410773039,0.0244956258684397,0.0229857005178928,0.0227622855454683,0.0204135812819004,0.0187922175973654,0.0271232780069113,0.0303344447165728,0.0197896044701338,0.0226523447781801,0.0180901158601046,0.0208760388195515,0.0237658601254225,0.0236047264188528,0.0237326342612505,0.0225997604429722,0.019577382132411,0.0175784602761269,0.0228633712977171,0.0225406903773546,0.0236122123897076,0.0268012993037701,0.0295178815722466,0.0261053442955017,0.0251455120742321,0.0243298076093197,0.0273173395544291,0.0243533197790384,0.0250618457794189,0.0278521422296762,0.0290163811296225,0.029274694621563,0.0269563626497984,0.0263588204979897,0.0307965315878391,0.0293056946247816,0.0304824598133564
1036,9,0.043545987457037,0.0334125943481922,0.0396541953086853,0.040852852165699,0.0322585478425026,0.0472675710916519,0.0307314917445183,0.0475477837026119,0.0346161536872387,0.0390139222145081,0.0435334444046021,0.035762894898653,0.0548289939761162,0.0564510896801949,0.0618750974535942,0.0439991429448128,0.0507998503744602,0.0543774254620075,0.0484956800937653,0.0647349134087563,0.064868301153183,0.0721999555826187,0.0521383434534073,0.059473779052496,0.0618872530758381,0.0455898605287075,0.0530914478003979,0.0362580120563507,0.0465659387409687,0.0271762516349554,0.0468098558485508,0.0399535708129406,0.0407879985868931,0.0490982979536057,0.0537402518093586,0.0661931410431862,0.0398745611310005,0.0555821433663368,0.0659140273928642,0.0590786896646023,0.0622288584709167,0.0510978810489178,0.0639698132872581,0.0498999916017056,0.0511453226208687,0.0514896586537361,0.0475050508975983,0.0531586520373821,0.0405848622322083,0.0501944795250893,0.04216393455863,0.0463919453322887,0.0463095344603062,0.0411026999354362,0.0498475097119808,0.0449162349104881,0.0539885871112347
1036,10,0.000546843570191413,0.000571202486753464,0.000704158039297909,0.000678193056955934,0.000707950501237065,0.000708621344529092,0.000680722529068589,0.000675676623359323,0.00963365752249956,0.0063430443406105,0.00614569056779146,0.00549330655485392,0.00476926937699318,0.00407047336921096,0.00295370374806225,0.00221283035352826,0.00182486593257636,0.00807498395442963,0.00722618773579597,0.00871206354349852,0.00721289636567235,0.00678814016282558,0.00705275684595108,0.00703947665169835,0.00604861136525869,0.00543847121298313,0.00480254599824548,0.00504119694232941,0.0050345160998404,0.00504502700641751,0.0045831692405045,0.00413975771516562,0.00420519290491939,0.00378925167024136,0.00348906638100743,0.003684401512146,0.00334676029160619,0.00319942086935043,0.00316370674408972,0.00317859998904169,0.00306995073333383,0.00297687901183963,0.00338080199435353,0.00284174177795649,0.00245145079679787,0.00245068711228669,0.00252184830605984,0.00276947161182761,0.00280961324460804,0.00290342350490391,0.00314509333111346,0.00326341553591192,0.00337857962585986,0.00359250511974096,0.00304942321963608,0.00304845510981977,0.0031847779173404
1036,11,0.075499914586544,0.0702549144625664,0.0795814320445061,0.0801689028739929,0.132878392934799,0.120451495051384,0.123752079904079,0.119902215898037,0.0461168028414249,0.034013781696558,0.0459652990102768,0.0299706496298313,0.0184522401541471,0.0191951673477888,0.021641356870532,0.0217898841947317,0.0228025168180466,0.0219230968505144,0.0195045378059149,0.0187736749649048,0.0180052518844604,0.017717594280839,0.0181069988757372,0.0172867421060801,0.016467897221446,0.0158429462462664,0.0156535841524601,0.015367541462183,0.00720291305333376,0.0107683390378952,0.0141795398667455,0.0154518513008952,0.0132641149684787,0.0101689854636788,0.00934847071766853,0.00791249424219131,0.00657688919454813,0.00558076100423932,0.00782667845487595,0.00936963502317667,0.019417317584157,0.0169720742851496,0.0152979828417301,0.0134061994031072,0.0117861647158861,0.0104253515601158,0.0238980744034052,0.0365826115012169,0.0490363165736198,0.0314310751855373,0.0344531759619713,0.0406900607049465,0.0449339486658573,0.0531706959009171,0.0563408322632313,0.0515353009104729,0.0499769970774651
1036,12,0.000274249323410913,0.000274249323410913,0.000274249323410913,0.000274249323410913,0.000274249323410913,0.000274249323410913,0.000274249323410913,0.000274249323410913,0.000274249323410913,0.000274249323410913,0.000274249323410913,0.000248382100835443,0.000207395351026207,0.000228644465096295,0.000268616015091538,0.000196781023987569,0.000209854319109581,0.000217101915040985,0.000232878184760921,0.000133624547743239,0.000126905826618895,0.000333197880536318,0.00237693218514323,0.0033810748718679,0.00292894220910966,0.00344483205117285,0.0028345559258014,0.00505210133269429,0.00350423576310277,0.00351119856350124,0.00313306855969131,0.00450862338766456,0.00368935917504132,0.00496488437056541,0.00296871108002961,0.00613155169412494,0.0043129026889801,0.00636316696181893,0.00427611963823438,0.00759375607594848,0.0106172701343894,0.00762900291010737,0.00937947351485491,0.00355764594860375,0.00387842929922044,0.00391075108200312,0.00526485685259104,0.00296737998723984,0.00332870963029563,0.00409346725791693,0.00505790999159217,0.00585755426436663,0.0112738953903317,0.0121067743748426,0.0199852958321571,0.0089246304705739,0.00843461789190769
1036,13,0.0429468862712383,0.0131068360060453,0.0100847892463207,0.0100847892463207,0.0100384680554271,0.00998693611472845,0.00998693611472845,0.00996531639248133,0.00996531639248133,0.00996531639248133,0.00970855634659529,0.0103545356541872,0.0133371502161026,0.0110181570053101,0.00829593650996685,0.00781249674037099,0.0136008867993951,0.0260073151439428,0.072805754840374,0.088849812746048,0.0957501009106636,0.0922316536307335,0.0964778736233711,0.102915368974209,0.0973499193787575,0.09078099578619,0.0996797531843185,0.0927376225590706,0.0903219953179359,0.0855450481176376,0.0839131623506546,0.0822391957044601,0.0950421541929245,0.0887986868619919,0.0803654566407204,0.0967666357755661,0.0955945700407028,0.100642763078213,0.0935947373509407,0.091651163995266,0.0993540063500404,0.120407916605473,0.122398793697357,0.132280796766281,0.110262736678123,0.100969463586807,0.108471900224686,0.110269419848919,0.116477012634277,0.146770745515823,0.157921195030212,0.133076965808868,0.139708429574966,0.164596274495125,0.163466587662697,0.121981956064701,0.0679699704051018
1036,14,0.000843647168949246,0.000843647168949246,0.000843647168949246,0.000843647168949246,0.000843647168949246,0.000843647168949246,0.000843647168949246,0.000843647168949246,0.000843647168949246,0.000843647168949246,0.000843647168949246,0.000929397298023105,0.000834512466099113,0.00026056807837449,0.000370570603990927,0.00149033777415752,0.00169457332231104,0.0919262990355492,0.0827917605638504,0.049152597784996,0.043162178248167,0.0501084923744202,0.0434622466564178,0.0455526225268841,0.044253833591938,0.0361159965395927,0.041665256023407,0.0479024797677994,0.0329119265079498,0.0602604746818542,0.046686165034771,0.0690932720899582,0.0803578943014145,0.055305477231741,0.0537095442414284,0.100518725812435,0.098013810813427,0.0781453177332878,0.076937347650528,0.0747797042131424,0.0829702168703079,0.129417642951012,0.0828341022133827,0.0830889418721199,0.0839228704571724,0.120304763317108,0.0714614912867546,0.0542104467749596,0.0387867577373981,0.128089129924774,0.111815690994263,0.0834003463387489,0.0638014525175095,0.0792062804102898,0.085557758808136,0.103324264287949,0.104005247354507
1037,2,0.0237616542726755,0.0153206717222929,0.0129191912710667,0.0128495907410979,0.0146365137770772,0.00935532059520483,0.010171121917665,0.00569558469578624,0.00604743557050824,0.0047562513500452,0.0141306426376104,0.0156368054449558,0.0142721617594361,0.0165489073842764,0.0169994216412306,0.0154430037364364,0.0157450456172228,0.0137628177180886,0.0129518816247582,0.013450282625854,0.00851609371602535,0.00498962309211493,0.0014555623056367,0.0203419141471386,0.0151860369369388,0.0100505324080586,0.00518463319167495,0.00637634331360459,0.00720104528591037,0.00782906357198954,0.0119946515187621,0.0141056664288044,0.0109840398654342,0.0123619297519326,0.012638752348721,0.00635482976213098,0.00687193498015404,0.00626701069995761,0.0061970129609108,0.00618894910439849,0.00628790445625782,0.00483329780399799,0.00537693500518799,0.0043343435972929,0.00486771203577518,0.00479001272469759,0.00456498516723514,0.00505025591701269,0.0070897857658565,0.00592762185260654,0.00560639752075076,0.00617827847599983,0.00533966859802604,0.00794270820915699,0.00573320686817169,0.00628039194270968,0.00674069672822952
1037,4,0,0,0,0,0,0,0,0,0,0,0,0,0,0,0,0,0,0,0,0,0,0,0,0,0,0,0,0,0,0,0,0,0,0,0,0,0,0,0,0,0,0,0,0,0,0,0,0,0,0,0,0,0,0,0,0,0
1037,5,0,0,0,0,0,0,0,0,0,0,0,0.000918062287382782,0.000933028990402818,0.00096012360882014,0.000860645493958145,0.000946602260228246,0.000745106721296906,0.000836516206618398,0.000778720597736537,0.000777534325607121,0.000757481611799449,0.000695320137310773,0.00066709442762658,0.000644166197162122,0.000679380085784942,0.000596354017034173,0.0019773521926254,0.00107995793223381,0.000423941528424621,0.000757952278945595,0.000957946002017707,0.000513513805344701,0.00010769660002552,0.000438047922216356,0.00163308321498334,0.000518042652402073,0.000563580368179828,0.00140174315311015,0.000941102451179177,0.00064248702256009,0.000799063360318542,0.000735036621335894,0.000464712124085054,0.000284841633401811,0.000530363118741661,0.000175341527210549,0.00019351979426574,0.00010774905240396,6.88096261001192E-05,6.60276491544209E-05,5.50960139662493E-05,4.81025417684577E-05,5.243209307082E-05,5.01101021654904E-05,6.19678176008165E-05,7.57789603085257E-05,7.27435763110407E-05
1037,6,0.00181648251600564,0.00242741871625185,0.00234355847351253,0.00234999251551926,0.0024184335488826,0.00232554133981466,0.00278075644746423,0.00289822765626013,0.00199254206381738,0.00195325864478946,0.00255375611595809,0.00202547223307192,0.00115845107939094,0.0021541144233197,0.00194539164658636,0.00163605564739555,0.0017280075699091,0.00191344681661576,0.00223570712842047,0.00193680427037179,0.00194438151083887,0.00190254754852504,0.00203514588065445,0.00186741619836539,0.00203531049191952,0.00225926586426795,0.00616326322779059,0.0100872535258532,0.00242116209119558,0.00330806011334062,0.00226633809506893,0.00189004151616246,0.00169914227444679,0.0019863301422447,0.00204977672547102,0.00219713617116213,0.00238778558559716,0.00236475211568177,0.00230884714983404,0.00116042885929346,0.00127323204651475,0.0011979331029579,0.00136423844378442,0.00139174738433212,0.00144450226798654,0.00146227329969406,0.00164196034893394,0.00156714033801109,0.00122022861614823,0.0014536896487698,0.0014302006457001,0.00126953411381692,0.00145998678635806,0.0012246057158336,0.00146678078453988,0.00122210383415222,0.00123486155644059
1037,7,0.00310299941338599,0.00314960163086653,0.00372134335339069,0.00347003899514675,0.00372704304754734,0.00395209295675159,0.00295675289817154,0.002805988304317,0.00290332990698516,0.00325724016875029,0.00255831703543663,0.00365371536463499,0.00465376069769263,0.00347266905009747,0.00318318838253617,0.0034571688156575,0.00379736232571304,0.00333526683971286,0.00298850075341761,0.00318880728445947,0.00269635464064777,0.00293705915100873,0.00266978493891656,0.00204591313377023,0.00233714142814279,0.00235911039635539,0.00656226789578795,0.00606533605605364,0.00109488191083074,0.00186940864659846,0.00120121869258583,0.00108462199568748,0.00115893012844026,0.00117315130773932,0.000997588620521128,0.00109648192301393,0.00178375106770545,0.00137119658757001,0.00130377104505897,0.000654150324407965,0.000580001913476735,0.00055335316574201,0.000845216796733439,0.000766190642025322,0.000778873101808131,0.000704866426531225,0.000680966826621443,0.000851012009661645,0.000644762185402215,0.00068707310128957,0.000586096255574375,0.000710915075615048,0.000778161978814751,0.000665009487420321,0.000804424111265689,0.000685708248056471,0.000678677868563682
1037,8,0.00358948134817183,0.00466343248263001,0.0051401574164629,0.00483095506206155,0.004381672013551,0.00433803722262383,0.00215442385524511,0.00276296236552298,0.00964418519288301,0.00888135097920895,0.00800494663417339,0.0103487335145473,0.0140262944623828,0.0098226061090827,0.0108000300824642,0.0120065873488784,0.0104294950142503,0.00877698790282011,0.00653453171253204,0.00802608858793974,0.00698881410062313,0.00655639218166471,0.00611586822196841,0.00538742449134588,0.00517077557742596,0.00461910478770733,0.0125916805118322,0.0186520591378212,0.00364639400504529,0.00454021524637938,0.00297046499326825,0.00317568494938314,0.00382454367354512,0.00355814327485859,0.00280416454188526,0.00304971868172288,0.00351605727337301,0.00358844944275916,0.00317904399707913,0.00182837608736008,0.00233368901535869,0.0024714048486203,0.00323395081795752,0.00321968737989664,0.00269570504315197,0.00254416349343956,0.00279898545704782,0.00306497747078538,0.00265173311345279,0.00321438512764871,0.00353200756944716,0.00307222083210945,0.00325032789260149,0.00253996625542641,0.00290544633753598,0.00245757377706468,0.00234017986804247
1037,9,0.00451117428019643,0.00519502721726894,0.00532398838549852,0.00537262298166752,0.00493531301617622,0.00737846549600363,0.00563959823921323,0.00731986993923783,0.00558219524100423,0.00538752181455493,0.00579928327351809,0.00617584213614464,0.00622827792540193,0.00617017829790711,0.00646116212010384,0.00663157133385539,0.00645359931513667,0.00679625477641821,0.00559830712154508,0.00687823304906487,0.00566270435228944,0.00601008161902428,0.00698825577273965,0.005278664175421,0.00683100102469325,0.00664075370877981,0.00502606248483062,0.00413352251052856,0.00594398751854897,0.00549983512610197,0.00397290615364909,0.00377149414271116,0.00373655231669545,0.00341812404803932,0.00295023573562503,0.0151182357221842,0.00823614839464426,0.00668759178370237,0.00708495872095227,0.00500488700345159,0.00349187385290861,0.00455068703740835,0.00636579794809222,0.00426867324858904,0.00468377070501447,0.00495129590854049,0.00441741570830345,0.00420438265427947,0.00313244550488889,0.00407958962023258,0.00404002238065004,0.00378809752874076,0.00396024901419878,0.00368073186837137,0.00390285486355424,0.00395004078745842,0.00392671441659331
1037,10,0.000546843570191413,0.000571202486753464,0.000704158039297909,0.000678193056955934,0.000707950501237065,0.000708621344529092,0.000680722529068589,0.000675676623359323,0.000943322957027704,0.000640178332105279,0.000638646830338985,0.000669974775519222,0.000695319497026503,0.000727475970052183,0.000671049463562667,0.000676234834827483,0.00064765359275043,0.000647689739707857,0.000662632694002241,0.00070322206011042,0.000747625192161649,0.00101936527062207,0.00112770614214242,0.00119250721763819,0.00108086946420372,0.00102126714773476,0.000944542465731502,0.00103532325010747,0.001076799351722,0.00112107489258051,0.00105582294054329,0.000986736500635743,0.00103522837162018,0.000961871119216084,0.000911871495191008,0.000990037922747433,0.000923454819712788,0.000905430875718594,0.00091726885875687,0.000943212769925594,0.000931462622247636,0.000922718842048198,0.00106964772567153,0.000917021825443953,0.000806257768999785,0.000820908637251705,0.000859804917126894,0.000892191717866808,0.000911789189558476,0.00106503895949572,0.00123745761811733,0.00139519816730171,0.00153790658805519,0.00173529738094658,0.00158338283654302,0.00158249970991164,0.00165247765835375
1037,11,0,0,0,0,0,0,0.000718620198313147,0.000713550252839923,0.0003348407917656,0.000341206614393741,0.000371729081962258,0.00034992815926671,0.000415196642279625,0.000486305070808157,0.000612390111200511,0.00068414764245972,0.000790002988651395,0.000834214501082897,0.000811947451438755,0.000852116732858121,0.000888507929630578,0.000948235276155174,0.00104882149025798,0.00108179415110499,0.0011117352405563,0.00115238351281732,0.00122557510621846,0.00129406619817019,0.00136859458871186,0.00142811937257648,0.00146878079976887,0.00132962770294398,0.00130592123605311,0.00115785445086658,0.00124736130237579,0.00125895196106285,0.00127785326912999,0.00136985746212304,0.00135453161783516,0.00126790755894035,0.00146678928285837,0.00150433334056288,0.00159995851572603,0.00166825880296528,0.00176588748581707,0.00191241502761841,0.0019951204303652,0.00206270604394376,0.00213339552283287,0.00222538504749537,0.00228767329826951,0.0020493573974818,0.00229244725778699,0.00254724640399218,0.00272358162328601,0.00242969137616456,0.00229974486865103
1037,12,0.000230358215048909,0.000230358215048909,0.000230358215048909,0.000230358215048909,0.000230358215048909,0.000230358215048909,0.000230358215048909,0.000230358215048909,0.000230358215048909,0.000230358215048909,0.000230358215048909,0.000208871613722295,0.000174119588336907,0.000191847517271526,0.000225148876779713,0.000165221164934337,0.000176511937752366,0.000182007628609426,0.000195641885511577,0.000112310182885267,0.000106534294900484,0.000274434976745397,0.00183719664346427,0.00158409157302231,0.0019077108008787,0.00208472134545445,0.00149245816282928,0.00302129867486656,0.00128763250540942,0.00137656310107559,0.00126604945398867,0.00234317779541016,0.00195456715300679,0.00226927874609828,0.00167415721807629,0.00334687274880707,0.00244831619784236,0.00347347185015678,0.00208206474781036,0.0023327034432441,0.00253091077320278,0.000999458367004991,0.000880326493643224,0.000743572949431837,0.00134641013573855,0.00129036966245621,0.00237358268350363,0.0015254148747772,0.00155645678751171,0.0016065186355263,0.00118788902182132,0.00169944623485208,0.00773224933072925,0.00856691505759954,0.0166363939642906,0.00652369949966669,0.00616551144048572
1037,13,0.0429468862712383,0.00765186501666904,0.00588757265359163,0.00588757265359163,0.00586052983999252,0.00583044532686472,0.00583044532686472,0.00581782311201096,0.00581782311201096,0.00581782311201096,0.00566792441532016,0.00650936551392078,0.00972301792353392,0.00839106738567352,0.00367256044410169,0.00383757497183979,0.00314195454120636,0.00420339265838265,0.00623515155166388,0.00427713431417942,0.0111559061333537,0.0116711128503084,0.0114021804183722,0.0143592981621623,0.0170859694480896,0.0246853865683079,0.019831720739603,0.0229186397045851,0.0190700367093086,0.0233761444687843,0.0197174791246653,0.023829385638237,0.0214526802301407,0.0163605995476246,0.0138030229136348,0.0255336444824934,0.00927287060767412,0.0122054424136877,0.0122146615758538,0.00920599792152643,0.0103113912045956,0.00706900050863624,0.00401132693514228,0.00370396114885807,0.00593092665076256,0.00589544605463743,0.00590823730453849,0.00825285725295544,0.013628832064569,0.0125392936170101,0.0100016398355365,0.0126860048621893,0.0156711116433144,0.0459869801998138,0.0431626513600349,0.0134323053061962,0.0170153751969337
1037,14,0,0,0,0,0,0,0,0,0,0,0,0,0,0,0,0,0,0.0917016193270683,0.0812338069081306,0.0487624108791351,0.0421216376125813,0.0455697998404503,0.0404433943331242,0.0400748327374458,0.0402497015893459,0.0319706797599792,0.0354717634618282,0.0414459072053432,0.0248822476714849,0.0499212443828583,0.0371016748249531,0.059093751013279,0.0718156546354294,0.0496035665273666,0.04810855910182,0.0784237682819366,0.062553882598877,0.0654045715928078,0.0663402453064919,0.0583410672843456,0.066986508667469,0.114708289504051,0.0575680136680603,0.0468447208404541,0.0526166297495365,0.0867429226636887,0.046495046466589,0.0426333770155907,0.0172990802675486,0.0183444283902645,0.0261405650526285,0.0163485817611218,0.0229542199522257,0.0375246033072472,0.0395278781652451,0.0470103472471237,0.0483525283634663
1038,1,0.02699357829988,0.0265796110033989,0.0279326979070902,0.0197253990918398,0.020441384986043,0.0199025366455317,0.021568788215518,0.0235475692898035,0.0211755763739347,0.0199287347495556,0.0196312796324492,0.0210348833352327,0.0209563784301281,0.0212511979043484,0.0210078153759241,0.0223084967583418,0.0207560863345861,0.0193807110190392,0.0201749000698328,0.0190374031662941,0.0193086043000221,0.0192547030746937,0.0188143718987703,0.0184607561677694,0.0196217894554138,0.0195939783006907,0.0224969126284122,0.0213941391557455,0.0197885893285275,0.0204409491270781,0.0276110004633665,0.0261977538466454,0.0328483581542969,0.0311802700161934,0.0355782210826874,0.0435051806271076,0.046047281473875,0.0431853495538235,0.0427802205085754,0.0473276674747467,0.045528095215559,0.0387552417814732,0.0540064051747322,0.0556470304727554,0.0583967454731464,0.0589354261755943,0.0606877282261848,0.0650397539138794,0.0549229495227337,0.0409247316420078,0.040429063141346,0.042523730546236,0.0435850210487843,0.0352843552827835,0.0257091615349054,0.02976268902421,0.0287851132452488
1038,2,0.0285201910883188,0.029554046690464,0.0293083749711514,0.0303789805620909,0.0264707338064909,0.0289298389106989,0.0279364269226789,0.0211927052587271,0.02774678170681,0.0242646522819996,0.00445597898215055,0.00365234585478902,0.00259703816846013,0.00152296957094222,0.00487060798332095,0.00381440436467528,0.00451082549989223,0.020312923938036,0.0222626067698002,0.0139742251485586,0.00738993566483259,0.00824432168155909,0.00616819877177477,0.00337672955356538,0.0121400728821754,0.0128032751381397,0.00507566053420305,0.0174238793551922,0.0279435571283102,0.0374421663582325,0.0567996799945831,0.056070402264595,0.0612926371395588,0.0556005463004112,0.0539771690964699,0.0549747310578823,0.0554660558700562,0.0567765459418297,0.0587301664054394,0.0562629513442516,0.0640973225235939,0.0636060833930969,0.0666837841272354,0.0668684467673302,0.0766317844390869,0.0832349434494972,0.0709478333592415,0.0646879225969315,0.0618115104734898,0.0736532211303711,0.0691584721207619,0.0662574917078018,0.0665319338440895,0.0823194533586502,0.0770553201436996,0.0747105181217194,0.0788082033395767
1038,3,0.00074367132037878,0.000865653157234192,0.000844216614495963,0.000882063875906169,0.000875556841492653,0.000859078660141677,0.000818702392280102,0.000847736198920757,0.000670219771564007,0.000671652553137392,0.000652780814561993,0.000659568060655147,0.000284946116153151,0.000638245255686343,0.000677030649967492,0.000767091813031584,0.000780326954554766,0.000874385412316769,0.000904538610484451,0.000813373364508152,0.000808967452030629,0.000920458289328963,0.00102492002770305,0.000757875910494477,0.000810409663245082,0.00121044309344143,0.000381484278477728,4.32826345786452E-05,0.000652896356768906,0.000577806204091758,0.000987858395092189,0.001957863336429,0.00276621524244547,0.00198404095135629,0.000915945798624307,0.00218884763307869,0.0016620687674731,0.00237520574592054,0.00217215158045292,0.00251228571869433,0.00133486720733345,0.00169442011974752,0.00144750426989049,0.0016398667357862,0.00158474256750196,0.00193456187844276,0.00181660556700081,0.00160760409198701,0.00136935559567064,0.00112378166522831,0.00101266684941947,0.0012235539034009,0.00127445696853101,0.00141228141728789,0.00116868014447391,0.00257881986908615,0.0026022654492408
1038,4,0.0117662912234664,0.00786958634853363,0.0075273010879755,0.00839333608746529,0.00794162787497044,0.00818395614624023,0.00787108112126589,0.00849874876439571,0.00915400590747595,0.00843386072665453,0.00907037872821093,0.0085247615352273,0.00826973374933004,0.00815247464925051,0.00843199994415045,0.00722787017002702,0.00860961060971022,0.00883318576961756,0.0086153969168663,0.00784776080399752,0.00664019584655762,0.00739094149321318,0.00705458736047149,0.00692898267880082,0.00650895480066538,0.00599088054150343,0.00665739038959146,0.00466622086241841,0.00556852901354432,0.00546305580064654,0.00930637773126364,0.012664744630456,0.00834766216576099,0.0122382137924433,0.00973947532474995,0.00918041821569204,0.00918437540531158,0.00936738774180412,0.0103498939424753,0.0101332534104586,0.00950750429183245,0.010452096350491,0.0105335339903831,0.0207081232219934,0.0188728217035532,0.0186857338994741,0.0183431413024664,0.0156354382634163,0.0122851571068168,0.0142498314380646,0.0131421498954296,0.0152378585189581,0.0144813368096948,0.0143906436860561,0.00875220354646444,0.0086779510602355,0.00895877089351416
1038,5,0.000228089920710772,0.000381106190616265,0.000412053457694128,0.000400463177356869,0.00044620074913837,0.00043702166294679,0.000425734178861603,0.000464455864857882,0.000514746294356883,0.000485216500237584,0.000480362738016993,0.00041771266842261,0.000437174312537536,0.000491409911774099,0.000442473246948794,0.00051405985141173,0.000487206794787198,0.000564493413548917,0.000608805217780173,0.00053216511150822,0.000481477269204333,0.000530853227246553,0.000543359143193811,0.000516574364155531,0.000478470697999001,0.000946127343922853,0.0053182733245194,0.00593276415020227,0.0096629997715354,0.00690462393686175,0.00910571776330471,0.0100667532533407,0.00831375736743212,0.0114279575645924,0.0117101334035397,0.00761773809790611,0.00848356448113918,0.00911207869648933,0.00876510143280029,0.00915271416306496,0.00878550484776497,0.0116553213447332,0.0109882261604071,0.012017160654068,0.0142418313771486,0.0155924456194043,0.0139996679499745,0.0111619336530566,0.00810035783797503,0.0076840347610414,0.00774091295897961,0.0115923611447215,0.0133033506572247,0.00896780658513308,0.0113331060856581,0.0105302613228559,0.0102631133049726
1038,6,0.00243001291528344,0.0026063381228596,0.00257742311805487,0.00262585561722517,0.00256124907173216,0.00243973126634955,0.0024349014274776,0.00262135895900428,0.00273204268887639,0.00266513880342245,0.00281152967363596,0.00281316437758505,0.00274859229102731,0.00277446815744042,0.00284790177829564,0.00270605203695595,0.00303716422058642,0.00339772272855043,0.00375615851953626,0.0033555154222995,0.00308577856048942,0.00339805544354022,0.00315535464324057,0.00347306113690138,0.00386306690052152,0.00400925613939762,0.00331596843898296,0.00256447540596128,0.00369342742487788,0.0038326729554683,0.00598645489662886,0.00540703954175115,0.0060155144892633,0.00594319310039282,0.00607824372127652,0.00601102551445365,0.00632491987198591,0.00656700693070889,0.00703093549236655,0.00690699508413672,0.00642674788832664,0.00662157777696848,0.00674580736085773,0.00834084860980511,0.00918520055711269,0.0100059444084764,0.00927426014095545,0.00880915485322475,0.00785733573138714,0.00710540264844894,0.0073266364634037,0.0078754648566246,0.00758873205631971,0.00941728428006172,0.00916837994009256,0.00877086166292429,0.00881761126220226
1038,7,0.0124021442607045,0.00800607167184353,0.00822821259498596,0.00741176586598158,0.00739861791953444,0.00694942241534591,0.00733916647732258,0.00738518079742789,0.00745420716702938,0.00823220610618591,0.00725317001342773,0.00714402459561825,0.00814069621264935,0.00765444105491042,0.00757859740406275,0.00839618127793074,0.00962022412568331,0.0108958287164569,0.0111647238954902,0.0104407137259841,0.00763221457600594,0.00744775775820017,0.0087134325876832,0.00727700255811214,0.0074221040122211,0.0092733409255743,0.012664376758039,0.01139070186764,0.0139682805165648,0.0141925672069192,0.0159357488155365,0.0152695886790752,0.0141604198142886,0.01402657199651,0.0122029725462198,0.012858091853559,0.0151884276419878,0.0172023884952068,0.0206407532095909,0.0180171187967062,0.0169414281845093,0.0160465184599161,0.0184813253581524,0.0149387381970882,0.0169743485748768,0.0180806033313274,0.0154716707766056,0.0161838661879301,0.0135633796453476,0.0117251854389906,0.0108800949528813,0.0135789606720209,0.0127761596813798,0.0114348698407412,0.0128216976299882,0.0104079721495509,0.010646540671587
1038,8,0.00423729419708252,0.00433003855869174,0.00482975831255317,0.00461309170350432,0.00430685421451926,0.00406212778761983,0.0043772947974503,0.0039961407892406,0.00390616664662957,0.00359881296753883,0.00339249847456813,0.00362607766874135,0.0036026518791914,0.00410409923642874,0.00427098106592894,0.00441223755478859,0.00473006488755345,0.00428295182064176,0.00392379192635417,0.00389422290027142,0.0026835291646421,0.0027024932205677,0.00331759103573859,0.00340769765898585,0.00339885125868022,0.00363587029278278,0.0036217647138983,0.0026000386569649,0.00325258378870785,0.00302747171372175,0.00382313434965909,0.00382896768860519,0.00467273639515042,0.00473466096445918,0.00537754595279694,0.00619923695921898,0.00580860581248999,0.00549207488074899,0.00524037517607212,0.00514328479766846,0.00537793897092342,0.00638844212517142,0.00626839278265834,0.00738622713834047,0.00713688787072897,0.00750055070966482,0.0075001553632319,0.00686802295967937,0.00598128838464618,0.00623889826238155,0.00668976968154311,0.00660908268764615,0.00787818618118763,0.00667236978188157,0.00669586937874556,0.00589816505089402,0.00613051559776068
1038,9,0.00106274359859526,0.00123400066513568,0.00123356434050947,0.00121784105431288,0.00122068799100816,0.0012113016564399,0.00123969768173993,0.00123495049774647,0.00126325327437371,0.00117327936459333,0.00118883023969829,0.00120958522893488,0.00121578620746732,0.00125706475228071,0.0013105123071,0.00138130073901266,0.00149548379704356,0.00160267134197056,0.0018687981646508,0.00159958109725267,0.0015149840619415,0.00168187078088522,0.00162519444711506,0.00152385991532356,0.0018873322987929,0.00288638798519969,0.00249608978629112,0.00173045182600617,0.00295691657811403,0.00260373996570706,0.00369050609879196,0.00325897801667452,0.00385099509730935,0.00377684854902327,0.00427031004801393,0.00452601769939065,0.00430101854726672,0.00418468657881022,0.00472271582111716,0.00509335519745946,0.00443203281611204,0.00451243063434958,0.00502558052539825,0.00561547046527267,0.00605595530942082,0.0063135577365756,0.00584243470802903,0.00552441598847508,0.00487278960645199,0.00454921647906303,0.00458998652175069,0.00461191264912486,0.00459177931770682,0.00454344786703587,0.00580695085227489,0.00745755014941096,0.007673061452806
1038,10,0.0119732264429331,0.0124446554109454,0.0126341376453638,0.0121758095920086,0.012084549292922,0.0119110466912389,0.0111860306933522,0.0110140070319176,0.0152540961280465,0.0101496428251266,0.00993434339761734,0.00500758923590183,0.00809624139219522,0.011331046000123,0.0107606640085578,0.011296066455543,0.0120729161426425,0.0130407530814409,0.014085341244936,0.0130983302369714,0.0116429310292006,0.0117910178378224,0.0124324792996049,0.0146253295242786,0.0162870939821005,0.016743591055274,0.011793845333159,0.0134736699983478,0.014524725265801,0.0156034901738167,0.0218953527510166,0.01962810754776,0.0217110514640808,0.0214344207197428,0.0200943592935801,0.0201958958059549,0.0190030355006456,0.0198655351996422,0.0240536350756884,0.0251064337790012,0.024133300408721,0.0258041564375162,0.0307149924337864,0.0271740574389696,0.0260417964309454,0.0264013707637787,0.0244143772870302,0.0251579396426678,0.0228155814111233,0.0187275502830744,0.0196097102016211,0.0218254309147596,0.0242880433797836,0.0232258625328541,0.019485330209136,0.0202369187027216,0.0219622347503901
1038,11,0.00976875796914101,0.00949748978018761,0.0107813887298107,0.0109063377603889,0.0104200867936015,0.00940279569476843,0.00970419868826866,0.00965301133692265,0.00453274045139551,0.00456635095179081,0.00438400916755199,0.00375958206132054,0.00410792976617813,0.00454871542751789,0.00556975603103638,0.00613055611029267,0.00752168800681829,0.00819752365350723,0.00811773166060448,0.00718616601079702,0.00649601873010397,0.00745151005685329,0.00794976577162743,0.00838239584118128,0.00964986253529787,0.00937412772327662,0.00822267681360245,0.00741206808015704,0.0102718630805612,0.0107216248288751,0.0169116854667664,0.0138076497241855,0.0146254785358906,0.0139879379421473,0.0154627859592438,0.0152055900543928,0.01595463976264,0.0191726125776768,0.0194130335003138,0.0185966230928898,0.0196525044739246,0.0215303543955088,0.0223175268620253,0.027223302051425,0.0302264597266912,0.0331086814403534,0.0335017144680023,0.0306962318718433,0.0293230060487986,0.0278029758483171,0.030330179259181,0.0268620140850544,0.030041242018342,0.036963053047657,0.0396277494728565,0.0396379604935646,0.0392444804310799
1038,12,0.000214741754462011,0.000214741754462011,0.000214741754462011,0.000214741754462011,0.000214741754462011,0.000214741754462011,0.000214741754462011,0.000214741754462011,0.000214741754462011,0.000214741754462011,0.000214741754462011,0.000194711785297841,0.000162315656780265,0.000178841786691919,0.000209885576623492,0.000154020483023487,0.000164545825100504,0.000169668957823887,0.000182378935278393,0.000104696431662887,9.93121066130698E-05,0.000241203044424765,0.001744250417687,0.001498261699453,0.00178128154948354,0.00172457285225391,0.00152766949031502,0.0020907016005367,0.0012003593146801,0.0017521035624668,0.00382687500678003,0.00518102943897247,0.00503195635974407,0.00704194186255336,0.0078581552952528,0.0277709979563951,0.0243092887103558,0.031193770468235,0.0281279049813747,0.0327279232442379,0.0471449457108974,0.0597119033336639,0.0479143597185612,0.0718263909220696,0.055085651576519,0.0588415712118149,0.0694994702935219,0.0668313503265381,0.105881184339523,0.137695491313934,0.083696149289608,0.0531001053750515,0.0294036865234375,0.0243587736040354,0.0495451092720032,0.0194620806723833,0.0183935016393662
1038,13,0.678009808063507,0.120801292359829,0.0929481089115143,0.0929481089115143,0.09252118319273,0.0920462310314178,0.0920462310314178,0.0918469652533531,0.0918469652533531,0.0918469652533531,0.0894804894924164,0.112831763923168,0.116522051393986,0.0868079513311386,0.0614079311490059,0.0576348304748535,0.0688143819570541,0.040048573166132,0.0354678370058537,0.0374524034559727,0.0075680073350668,0.00707416608929634,0.0116662867367268,0.0138483624905348,0.0146407019346952,0.0175362955778837,0.0134278479963541,0.0125756654888391,0.015666963532567,0.0240178201347589,0.0217696577310562,0.0209844056516886,0.0258051194250584,0.0181533582508564,0.0174619928002357,0.0222573131322861,0.0149448243901134,0.0294534116983414,0.0305064283311367,0.0208881627768278,0.0175082348287106,0.0128745259717107,0.0160803664475679,0.0145503412932158,0.0137210311368108,0.016562357544899,0.0210638083517551,0.0170813575387001,0.0229393132030964,0.0211010407656431,0.0267094094306231,0.0300556011497974,0.0349287092685699,0.0218898896127939,0.0352302454411983,0.0290412828326225,0.0289394035935402
1038,14,0,0,0,0,0,0,0,0,0,0,0,0,0,0,0,0,0,0.104029551148415,0.0921545028686523,0.0553178004920483,0.0477842763066292,0.051695991307497,0.045880414545536,0.0454623028635979,0.0456606857478619,0.0362686701118946,0.0402404218912125,0.0470177009701729,0.051699373871088,0.121820457279682,0.167511716485023,0.182629227638245,0.220281288027763,0.156449154019356,0.177308425307274,0.248746067285538,0.182321161031723,0.200106278061867,0.238785341382027,0.217466607689857,0.227110385894775,0.221998393535614,0.285398364067078,0.267897188663483,0.245978012681007,0.291379779577255,0.174382165074348,0.202814921736717,0.241151824593544,0.246952801942825,0.263918161392212,0.191541567444801,0.186090841889381,0.229797765612602,0.212068513035774,0.246531546115875,0.246011003851891
1039,3,0,0,0,0,0,0,0,0,0,0,0,0,0,0,0,0,0,0,0,0,0,0,0,0,0,0,0,0,0,0,0,0,0,0,0,0,0,0,0,0,0,0,0,0,0,0,0,0,0,0,0,0,0,0.000108826505311299,8.44197347760201E-05,0.000139385054353625,0.000122308352729306
1039,4,0,0,0,0,0,0,0,0,0,0,0,0,0,0,0,0,0,0,0,0,0,0,0,0,0,0,0,0,0,0,0,0,0,0,0,0,0,0,0,0,0,0,0,0,0,0,0,0,0,0,0,0,0,0,0,0,0.000225967189180665
1039,5,0.000126407700008713,0.000132914035930298,0.000110106913780328,9.21932005439885E-05,0.000528768170624971,0.000790587393566966,0.000860590545926243,0.00110727816354483,0.000776365341152996,0.000822117552161217,0.000914159696549177,0.000904273882042617,0.00162897096015513,0.0015475224936381,0.00136210990604013,0.00195412687025964,0.00182757468428463,0.00189957767724991,0.00165426067542285,0.000909461639821529,0.00102065014652908,0.00146889768075198,0.00180784473195672,0.0011644420446828,0.00103551952634007,0.00084696477279067,0.000484135904116556,0.000890809402335435,0.00188374007120728,0.00213693780824542,0.00168416742235422,0.0020676483400166,0.00554748671129346,0.00620982237160206,0.00545422080904245,0.00429726205766201,0.00407004868611693,0.00245709996670485,0.00195078086107969,0.00114583328831941,0.00107680936343968,0.00212329067289829,0.00446229474619031,0.00535475509241223,0.00437757652252913,0.00244697462767363,0.00239913375116885,0.00211015180684626,0.00207938719540834,0.00225390866398811,0.00225734943524003,0.00159494730178267,0.0010278265690431,0.00153225380927324,0.00139974255580455,0.00244426936842501,0.00176826713141054
1039,6,0.000240722438320518,0.000244046648731455,0.000232362202950753,0.000211377875530161,0.00019151673768647,0.000128508545458317,0.00012872957449872,0.000156042660819367,0.000175816079718061,0.000151600514072925,0.000160668569151312,0.00017720831965562,0.000123429548693821,0.000122541838209145,0.000108528452983592,0.000107471889350563,0.000108030500996392,0.000109919434180483,0.000104479913716204,0.000167414676980115,0.000205484990146942,0.000182453557499684,0.000226223783101887,0.000265995040535927,0.000272802222752944,0.000330163224134594,0.000328681082464755,0.000330299284541979,0.000338576064677909,0.000384626910090446,0.000528534757904708,0.000519230030477047,0.000522068934515119,0.000495547603350133,0.000436325353803113,0.000515397638082504,0.000665966304950416,0.000762093113735318,0.000857853214256465,0.000782029062975198,0.00105839513707906,0.000848969328217208,0.000824216520413756,0.000726109312381595,0.000814361264929175,0.00075706368079409,0.000676218129228801,0.000684149679727852,0.000742794305551797,0.000874346063937992,0.000786144228186458,0.000830824486911297,0.00076067924965173,0.000823529902845621,0.000851119169965386,0.000836765568237752,0.000724876241292804
1039,7,0.000222602335270494,0.000201527887838893,0.00030648589017801,0.000386032130336389,0.000466927624074742,0.000698285643011332,0.000708858831785619,0.000439651717897505,0.000616455101408064,0.000843998277559876,0.000754299573600292,0.000629919755738229,0.000855964492075145,0.00090404658112675,0.000874795892741531,0.000700314587447792,0.000709126237779856,0.00070262368535623,0.000907672510948032,0.00156236137263477,0.00205524917691946,0.00245258864015341,0.00250203837640584,0.00282980711199343,0.00351155642420053,0.00361981801688671,0.00375796877779067,0.00331959524191916,0.00265980139374733,0.00321410386823118,0.00348741770721972,0.00449970969930291,0.00332818436436355,0.00314814015291631,0.00312817306257784,0.00325965345837176,0.00302157551050186,0.0029215810354799,0.00307591096498072,0.00283168232999742,0.0018299714429304,0.00195119215641171,0.00183387077413499,0.00193709693849087,0.00199993257410824,0.00236814306117594,0.00240073702298105,0.00297884456813335,0.00240934290923178,0.00174207682721317,0.00152014847844839,0.00202901847660542,0.00185899098869413,0.00145418697502464,0.00128505052998662,0.00105973740573972,0.00141126906964928
1039,8,0.000110595377918798,0.000113636691821739,0.000131802749820054,0.000133383335196413,0.000119334021292161,0.00011169895878993,0.000112751578853931,0.00010919853230007,0.000117261028208304,0.000109070584585425,8.44379319460131E-05,7.9935256508179E-05,7.78095054556616E-05,7.08298975951038E-05,6.88583531882614E-05,5.37926935066935E-05,5.65035225008614E-05,4.18138879467733E-05,3.26011286233552E-05,5.32132398802787E-05,4.88799087179359E-05,3.985463627032E-05,4.317572893342E-05,5.24481474712957E-05,4.88399164169095E-05,7.08062798366882E-05,6.16245961282402E-05,4.36557347711641E-05,4.75281194667332E-05,4.0447834180668E-05,5.201352541917E-05,6.07023357588332E-05,5.7682362239575E-05,5.45608745596837E-05,6.24734384473413E-05,7.49106984585524E-05,8.96634010132402E-05,9.75184157141484E-05,8.99988008313812E-05,5.43272981303744E-05,5.13676241098437E-05,0.000169131497386843,4.2385272536194E-05,4.87792676722165E-05,5.9536934713833E-05,6.10302304266952E-05,6.21340295765549E-05,0.000108008956885897,4.8246107326122E-05,6.57055134070106E-05,6.21125582256354E-05,8.43520247144625E-05,9.04512780834921E-05,7.26006765034981E-05,6.67773565510288E-05,0.000109241140307859,0.000155172499944456
1039,12,2.30737938977654E-07,2.30737938977654E-07,2.30737938977654E-07,2.30737938977654E-07,2.30737938977654E-07,2.30737938977654E-07,2.30737938977654E-07,2.30737938977654E-07,2.30737938977654E-07,2.30737938977654E-07,2.30737938977654E-07,2.09215940571994E-07,1.74406608266509E-07,1.92163767565035E-07,2.25520011554181E-07,1.65493531767424E-07,1.76802899432005E-07,1.8230765874705E-07,1.95964403815196E-07,1.12495314397165E-07,1.06709912017777E-07,2.94147952217827E-07,4.87181296193739E-07,5.79587208449084E-07,4.99233749451378E-07,1.28122314890788E-06,2.10679604606412E-06,2.00429781216371E-06,2.39337077800883E-06,2.53703774433234E-06,4.10632679859191E-07,9.31879367271904E-06,6.57594591757515E-06,4.22795346821658E-06,1.96697710634908E-05,6.80065340930014E-06,8.45184185891412E-05,6.2287763284985E-05,3.94160197174642E-05,1.9702212739503E-05,3.54142139258329E-05,0.0001271453947993,0.000212562503293157,0.000447678554337472,0.000316084100631997,0.000247149728238583,0.000227408789214678,0.000140679840114899,3.77794422092848E-05,6.00237726757769E-05,2.3050810341374E-05,2.35936131502967E-05,2.5170978915412E-05,2.32137717830483E-05,3.12094089167658E-05,2.64346144831507E-05,2.53961716225604E-05
1039,13,0.0429246015846729,0.00764789478853345,0.00588451744988561,0.00588451744988561,0.00585748860612512,0.00582741992548108,0.00582741992548108,0.00581480469554663,0.00581480469554663,0.00581480469554663,0.00566498376429081,0.00897198356688023,0.010842302814126,0.0139418188482523,0.00137029879260808,0.00178689160384238,0.00305950432084501,0.00162155565340072,0.00127306941431016,0.00159387034364045,0.000947859836742282,0.000405915168812498,0.000202946990611963,0.000450789579190314,0.000322526408126578,0.000325352215440944,0.000343600055202842,8.00886191427708E-05,0.000145440950291231,0.000174541055457667,0.000155915695358999,0.00044558581430465,0.000337104080244899,0.000522945076227188,0.000515669933520257,0.000631250557489693,0.000728421087842435,0.00250751292333007,0.00254562427289784,0.00266863987781107,0.00152292079292238,0.00122429197654128,0.00128453760407865,0.00183875719085336,0.00191530538722873,0.00136825337540358,0.0017829971620813,0.00233821501024067,0.00278935604728758,0.00278283143416047,0.00132620171643794,0.00165764265693724,0.00128343410324305,0.00153376802336425,0.00221924902871251,0.00167803408112377,0.00167214742396027
1039,14,0.000297125894576311,0.000297125894576311,0.000297125894576311,0.000297125894576311,0.000297125894576311,0.000297125894576311,0.000297125894576311,0.000297125894576311,0.000297125894576311,0.000297125894576311,0.000297125894576311,0.000210223908652551,0.000223519920837134,0.000198464113054797,0.000184716220246628,0.000164302517077886,0.000184832446393557,8.17562468000688E-05,7.43145865271799E-05,4.56768357253168E-05,4.11242508562282E-05,4.50954685220495E-05,4.12377485190518E-05,4.21303047914989E-05,4.32157576142345E-05,6.98197763995267E-05,1.78209993464407E-05,6.19138445472345E-05,0.000204049239982851,3.88600492442492E-05,1.78375266841613E-05,0.000233438549912535,6.68831053189933E-05,3.31190749420784E-05,4.88023360958323E-05,0.000107991691038478,7.21895630704239E-05,0.000652578542940319,0.00114429660607129,0.000613243377301842,0.000558033585548401,0.000589226314332336,0.0010620856191963,0.00474726920947433,0.000488800345920026,0.000658203207422048,0.000284058070974424,0.000386970874387771,0.000348775531165302,0.000734627712517977,0.000536133593413979,0.000381527614081278,0.000103785889223218,0.000247674091951922,0.000205704447580501,0.000114696835225914,4.85282398585696E-05
1040,3,0,0,0,0,0,0,0,0,0,0,0,0,0,0,0,0,0,0,0,0,0,0,0,0,0,0,0,0,0,0,0,0,0,0,0,0,0,0,0,0,0,0,0,0,0,0,0,0,0,0,0,0,0,0.000108826505311299,8.44197347760201E-05,0.000139385054353625,0.000122308352729306
1040,4,0,0,0,0,0,0,0,0,0,0,0,0,0,0,0,0,0,0,0,0,0,0,0,0,0,0,0,0,0,0,0,0,0,0,0,0,0,0,0,0,0,0,0,0,0,0,0,0,0,0,0,0,0,0,0,0,0.000225967189180665
1040,5,0.000126407700008713,0.000132914035930298,0.000110106913780328,9.21932005439885E-05,0.000528768170624971,0.000790587393566966,0.000860590545926243,0.00110727816354483,0.000776365341152996,0.000822117552161217,0.000914159696549177,0.000904273882042617,0.00162897096015513,0.0015475224936381,0.00136210990604013,0.00195412687025964,0.00182757468428463,0.00189957767724991,0.00165426067542285,0.000909461639821529,0.00102065014652908,0.00146889768075198,0.00180784473195672,0.0011644420446828,0.00103551952634007,0.00084696477279067,0.000484135904116556,0.000890809402335435,0.00188374007120728,0.00213693780824542,0.00168416742235422,0.0020676483400166,0.00554748671129346,0.00620982237160206,0.00545422080904245,0.00429726205766201,0.00407004868611693,0.00245709996670485,0.00195078086107969,0.00114583328831941,0.00107680936343968,0.00212329067289829,0.00446229474619031,0.00535475509241223,0.00437757652252913,0.00244697462767363,0.00239913375116885,0.00211015180684626,0.00207938719540834,0.00225390866398811,0.00225734943524003,0.00159494730178267,0.0010278265690431,0.00153225380927324,0.00139974255580455,0.00244426936842501,0.00176826713141054
1040,6,0.000240722438320518,0.000244046648731455,0.000232362202950753,0.000211377875530161,0.00019151673768647,0.000128508545458317,0.00012872957449872,0.000156042660819367,0.000175816079718061,0.000151600514072925,0.000160668569151312,0.00017720831965562,0.000123429548693821,0.000122541838209145,0.000108528452983592,0.000107471889350563,0.000108030500996392,0.000109919434180483,0.000104479913716204,0.000167414676980115,0.000205484990146942,0.000182453557499684,0.000226223783101887,0.000265995040535927,0.000272802222752944,0.000330163224134594,0.000328681082464755,0.000330299284541979,0.000338576064677909,0.000384626910090446,0.000528534757904708,0.000519230030477047,0.000522068934515119,0.000495547603350133,0.000436325353803113,0.000515397638082504,0.000665966304950416,0.000762093113735318,0.000857853214256465,0.000782029062975198,0.00105839513707906,0.000848969328217208,0.000824216520413756,0.000726109312381595,0.000814361264929175,0.00075706368079409,0.000676218129228801,0.000684149679727852,0.000742794305551797,0.000874346063937992,0.000786144228186458,0.000830824486911297,0.00076067924965173,0.000823529902845621,0.000851119169965386,0.000836765568237752,0.000724876241292804
1040,7,0.000222602335270494,0.000201527887838893,0.00030648589017801,0.000386032130336389,0.000466927624074742,0.000698285643011332,0.000708858831785619,0.000439651717897505,0.000616455101408064,0.000843998277559876,0.000754299573600292,0.000629919755738229,0.000855964492075145,0.00090404658112675,0.000874795892741531,0.000700314587447792,0.000709126237779856,0.00070262368535623,0.000907672510948032,0.00156236137263477,0.00205524917691946,0.00245258864015341,0.00250203837640584,0.00282980711199343,0.00351155642420053,0.00361981801688671,0.00375796877779067,0.00331959524191916,0.00265980139374733,0.00321410386823118,0.00348741770721972,0.00449970969930291,0.00332818436436355,0.00314814015291631,0.00312817306257784,0.00325965345837176,0.00302157551050186,0.0029215810354799,0.00307591096498072,0.00283168232999742,0.0018299714429304,0.00195119215641171,0.00183387077413499,0.00193709693849087,0.00199993257410824,0.00236814306117594,0.00240073702298105,0.00297884456813335,0.00240934290923178,0.00174207682721317,0.00152014847844839,0.00202901847660542,0.00185899098869413,0.00145418697502464,0.00128505052998662,0.00105973740573972,0.00141126906964928
1040,8,0.000110595377918798,0.000113636691821739,0.000131802749820054,0.000133383335196413,0.000119334021292161,0.00011169895878993,0.000112751578853931,0.00010919853230007,0.000117261028208304,0.000109070584585425,8.44379319460131E-05,7.9935256508179E-05,7.78095054556616E-05,7.08298975951038E-05,6.88583531882614E-05,5.37926935066935E-05,5.65035225008614E-05,4.18138879467733E-05,3.26011286233552E-05,5.32132398802787E-05,4.88799087179359E-05,3.985463627032E-05,4.317572893342E-05,5.24481474712957E-05,4.88399164169095E-05,7.08062798366882E-05,6.16245961282402E-05,4.36557347711641E-05,4.75281194667332E-05,4.0447834180668E-05,5.201352541917E-05,6.07023357588332E-05,5.7682362239575E-05,5.45608745596837E-05,6.24734384473413E-05,7.49106984585524E-05,8.96634010132402E-05,9.75184157141484E-05,8.99988008313812E-05,5.43272981303744E-05,5.13676241098437E-05,0.000169131497386843,4.2385272536194E-05,4.87792676722165E-05,5.9536934713833E-05,6.10302304266952E-05,6.21340295765549E-05,0.000108008956885897,4.8246107326122E-05,6.57055134070106E-05,6.21125582256354E-05,8.43520247144625E-05,9.04512780834921E-05,7.26006765034981E-05,6.67773565510288E-05,0.000109241140307859,0.000155172499944456
1040,12,2.30737938977654E-07,2.30737938977654E-07,2.30737938977654E-07,2.30737938977654E-07,2.30737938977654E-07,2.30737938977654E-07,2.30737938977654E-07,2.30737938977654E-07,2.30737938977654E-07,2.30737938977654E-07,2.30737938977654E-07,2.09215940571994E-07,1.74406608266509E-07,1.92163767565035E-07,2.25520011554181E-07,1.65493531767424E-07,1.76802899432005E-07,1.8230765874705E-07,1.95964403815196E-07,1.12495314397165E-07,1.06709912017777E-07,2.94147952217827E-07,4.87181296193739E-07,5.79587208449084E-07,4.99233749451378E-07,1.28122314890788E-06,2.10679604606412E-06,2.00429781216371E-06,2.39337077800883E-06,2.53703774433234E-06,4.10632679859191E-07,9.31879367271904E-06,6.57594591757515E-06,4.22795346821658E-06,1.96697710634908E-05,6.80065340930014E-06,8.45184185891412E-05,6.2287763284985E-05,3.94160197174642E-05,1.9702212739503E-05,3.54142139258329E-05,0.0001271453947993,0.000212562503293157,0.000447678554337472,0.000316084100631997,0.000247149728238583,0.000227408789214678,0.000140679840114899,3.77794422092848E-05,6.00237726757769E-05,2.3050810341374E-05,2.35936131502967E-05,2.5170978915412E-05,2.32137717830483E-05,3.12094089167658E-05,2.64346144831507E-05,2.53961716225604E-05
1040,13,0.0429246015846729,0.00764789478853345,0.00588451744988561,0.00588451744988561,0.00585748860612512,0.00582741992548108,0.00582741992548108,0.00581480469554663,0.00581480469554663,0.00581480469554663,0.00566498376429081,0.00897198356688023,0.010842302814126,0.0139418188482523,0.00137029879260808,0.00178689160384238,0.00305950432084501,0.00162155565340072,0.00127306941431016,0.00159387034364045,0.000947859836742282,0.000405915168812498,0.000202946990611963,0.000450789579190314,0.000322526408126578,0.000325352215440944,0.000343600055202842,8.00886191427708E-05,0.000145440950291231,0.000174541055457667,0.000155915695358999,0.00044558581430465,0.000337104080244899,0.000522945076227188,0.000515669933520257,0.000631250557489693,0.000728421087842435,0.00250751292333007,0.00254562427289784,0.00266863987781107,0.00152292079292238,0.00122429197654128,0.00128453760407865,0.00183875719085336,0.00191530538722873,0.00136825337540358,0.0017829971620813,0.00233821501024067,0.00278935604728758,0.00278283143416047,0.00132620171643794,0.00165764265693724,0.00128343410324305,0.00153376802336425,0.00221924902871251,0.00167803408112377,0.00167214742396027
1040,14,0.000297125894576311,0.000297125894576311,0.000297125894576311,0.000297125894576311,0.000297125894576311,0.000297125894576311,0.000297125894576311,0.000297125894576311,0.000297125894576311,0.000297125894576311,0.000297125894576311,0.000210223908652551,0.000223519920837134,0.000198464113054797,0.000184716220246628,0.000164302517077886,0.000184832446393557,8.17562468000688E-05,7.43145865271799E-05,4.56768357253168E-05,4.11242508562282E-05,4.50954685220495E-05,4.12377485190518E-05,4.21303047914989E-05,4.32157576142345E-05,6.98197763995267E-05,1.78209993464407E-05,6.19138445472345E-05,0.000204049239982851,3.88600492442492E-05,1.78375266841613E-05,0.000233438549912535,6.68831053189933E-05,3.31190749420784E-05,4.88023360958323E-05,0.000107991691038478,7.21895630704239E-05,0.000652578542940319,0.00114429660607129,0.000613243377301842,0.000558033585548401,0.000589226314332336,0.0010620856191963,0.00474726920947433,0.000488800345920026,0.000658203207422048,0.000284058070974424,0.000386970874387771,0.000348775531165302,0.000734627712517977,0.000536133593413979,0.000381527614081278,0.000103785889223218,0.000247674091951922,0.000205704447580501,0.000114696835225914,4.85282398585696E-05
1041,3,0,0,0,0,0,0,0,0,0,0,0,0,0,0,0,0,0,0,0,0,0,0,0,0,0,0,0,0,0,0,0,0,0,0,0,0,0,0,0,0,0,0,0,0,0,0,0,0,0,0,0,0,0,0.000108826505311299,8.44197347760201E-05,0.000139385054353625,0.000122308352729306
1041,4,0,0,0,0,0,0,0,0,0,0,0,0,0,0,0,0,0,0,0,0,0,0,0,0,0,0,0,0,0,0,0,0,0,0,0,0,0,0,0,0,0,0,0,0,0,0,0,0,0,0,0,0,0,0,0,0,0.000225967189180665
1041,5,0.000126407700008713,0.000132914035930298,0.000110106913780328,9.21932005439885E-05,0.000528768170624971,0.000790587393566966,0.000860590545926243,0.00110727816354483,0.000776365341152996,0.000822117552161217,0.000914159696549177,0.000904273882042617,0.00162897096015513,0.0015475224936381,0.00136210990604013,0.00195412687025964,0.00182757468428463,0.00189957767724991,0.00165426067542285,0.000909461639821529,0.00102065014652908,0.00146889768075198,0.00180784473195672,0.0011644420446828,0.00103551952634007,0.00084696477279067,0.000484135904116556,0.000890809402335435,0.00188374007120728,0.00213693780824542,0.00168416742235422,0.0020676483400166,0.00554748671129346,0.00620982237160206,0.00545422080904245,0.00429726205766201,0.00407004868611693,0.00245709996670485,0.00195078086107969,0.00114583328831941,0.00107680936343968,0.00212329067289829,0.00446229474619031,0.00535475509241223,0.00437757652252913,0.00244697462767363,0.00239913375116885,0.00211015180684626,0.00207938719540834,0.00225390866398811,0.00225734943524003,0.00159494730178267,0.0010278265690431,0.00153225380927324,0.00139974255580455,0.00244426936842501,0.00176826713141054
1041,6,0.000240722438320518,0.000244046648731455,0.000232362202950753,0.000211377875530161,0.00019151673768647,0.000128508545458317,0.00012872957449872,0.000156042660819367,0.000175816079718061,0.000151600514072925,0.000160668569151312,0.00017720831965562,0.000123429548693821,0.000122541838209145,0.000108528452983592,0.000107471889350563,0.000108030500996392,0.000109919434180483,0.000104479913716204,0.000167414676980115,0.000205484990146942,0.000182453557499684,0.000226223783101887,0.000265995040535927,0.000272802222752944,0.000330163224134594,0.000328681082464755,0.000330299284541979,0.000338576064677909,0.000384626910090446,0.000528534757904708,0.000519230030477047,0.000522068934515119,0.000495547603350133,0.000436325353803113,0.000515397638082504,0.000665966304950416,0.000762093113735318,0.000857853214256465,0.000782029062975198,0.00105839513707906,0.000848969328217208,0.000824216520413756,0.000726109312381595,0.000814361264929175,0.00075706368079409,0.000676218129228801,0.000684149679727852,0.000742794305551797,0.000874346063937992,0.000786144228186458,0.000830824486911297,0.00076067924965173,0.000823529902845621,0.000851119169965386,0.000836765568237752,0.000724876241292804
1041,7,0.000222602335270494,0.000201527887838893,0.00030648589017801,0.000386032130336389,0.000466927624074742,0.000698285643011332,0.000708858831785619,0.000439651717897505,0.000616455101408064,0.000843998277559876,0.000754299573600292,0.000629919755738229,0.000855964492075145,0.00090404658112675,0.000874795892741531,0.000700314587447792,0.000709126237779856,0.00070262368535623,0.000907672510948032,0.00156236137263477,0.00205524917691946,0.00245258864015341,0.00250203837640584,0.00282980711199343,0.00351155642420053,0.00361981801688671,0.00375796877779067,0.00331959524191916,0.00265980139374733,0.00321410386823118,0.00348741770721972,0.00449970969930291,0.00332818436436355,0.00314814015291631,0.00312817306257784,0.00325965345837176,0.00302157551050186,0.0029215810354799,0.00307591096498072,0.00283168232999742,0.0018299714429304,0.00195119215641171,0.00183387077413499,0.00193709693849087,0.00199993257410824,0.00236814306117594,0.00240073702298105,0.00297884456813335,0.00240934290923178,0.00174207682721317,0.00152014847844839,0.00202901847660542,0.00185899098869413,0.00145418697502464,0.00128505052998662,0.00105973740573972,0.00141126906964928
1041,8,0.000110595377918798,0.000113636691821739,0.000131802749820054,0.000133383335196413,0.000119334021292161,0.00011169895878993,0.000112751578853931,0.00010919853230007,0.000117261028208304,0.000109070584585425,8.44379319460131E-05,7.9935256508179E-05,7.78095054556616E-05,7.08298975951038E-05,6.88583531882614E-05,5.37926935066935E-05,5.65035225008614E-05,4.18138879467733E-05,3.26011286233552E-05,5.32132398802787E-05,4.88799087179359E-05,3.985463627032E-05,4.317572893342E-05,5.24481474712957E-05,4.88399164169095E-05,7.08062798366882E-05,6.16245961282402E-05,4.36557347711641E-05,4.75281194667332E-05,4.0447834180668E-05,5.201352541917E-05,6.07023357588332E-05,5.7682362239575E-05,5.45608745596837E-05,6.24734384473413E-05,7.49106984585524E-05,8.96634010132402E-05,9.75184157141484E-05,8.99988008313812E-05,5.43272981303744E-05,5.13676241098437E-05,0.000169131497386843,4.2385272536194E-05,4.87792676722165E-05,5.9536934713833E-05,6.10302304266952E-05,6.21340295765549E-05,0.000108008956885897,4.8246107326122E-05,6.57055134070106E-05,6.21125582256354E-05,8.43520247144625E-05,9.04512780834921E-05,7.26006765034981E-05,6.67773565510288E-05,0.000109241140307859,0.000155172499944456
1041,12,2.30737938977654E-07,2.30737938977654E-07,2.30737938977654E-07,2.30737938977654E-07,2.30737938977654E-07,2.30737938977654E-07,2.30737938977654E-07,2.30737938977654E-07,2.30737938977654E-07,2.30737938977654E-07,2.30737938977654E-07,2.09215940571994E-07,1.74406608266509E-07,1.92163767565035E-07,2.25520011554181E-07,1.65493531767424E-07,1.76802899432005E-07,1.8230765874705E-07,1.95964403815196E-07,1.12495314397165E-07,1.06709912017777E-07,2.94147952217827E-07,4.87181296193739E-07,5.79587208449084E-07,4.99233749451378E-07,1.28122314890788E-06,2.10679604606412E-06,2.00429781216371E-06,2.39337077800883E-06,2.53703774433234E-06,4.10632679859191E-07,9.31879367271904E-06,6.57594591757515E-06,4.22795346821658E-06,1.96697710634908E-05,6.80065340930014E-06,8.45184185891412E-05,6.2287763284985E-05,3.94160197174642E-05,1.9702212739503E-05,3.54142139258329E-05,0.0001271453947993,0.000212562503293157,0.000447678554337472,0.000316084100631997,0.000247149728238583,0.000227408789214678,0.000140679840114899,3.77794422092848E-05,6.00237726757769E-05,2.3050810341374E-05,2.35936131502967E-05,2.5170978915412E-05,2.32137717830483E-05,3.12094089167658E-05,2.64346144831507E-05,2.53961716225604E-05
1041,13,0.0429246015846729,0.00764789478853345,0.00588451744988561,0.00588451744988561,0.00585748860612512,0.00582741992548108,0.00582741992548108,0.00581480469554663,0.00581480469554663,0.00581480469554663,0.00566498376429081,0.00897198356688023,0.010842302814126,0.0139418188482523,0.00137029879260808,0.00178689160384238,0.00305950432084501,0.00162155565340072,0.00127306941431016,0.00159387034364045,0.000947859836742282,0.000405915168812498,0.000202946990611963,0.000450789579190314,0.000322526408126578,0.000325352215440944,0.000343600055202842,8.00886191427708E-05,0.000145440950291231,0.000174541055457667,0.000155915695358999,0.00044558581430465,0.000337104080244899,0.000522945076227188,0.000515669933520257,0.000631250557489693,0.000728421087842435,0.00250751292333007,0.00254562427289784,0.00266863987781107,0.00152292079292238,0.00122429197654128,0.00128453760407865,0.00183875719085336,0.00191530538722873,0.00136825337540358,0.0017829971620813,0.00233821501024067,0.00278935604728758,0.00278283143416047,0.00132620171643794,0.00165764265693724,0.00128343410324305,0.00153376802336425,0.00221924902871251,0.00167803408112377,0.00167214742396027
1041,14,0.000297125894576311,0.000297125894576311,0.000297125894576311,0.000297125894576311,0.000297125894576311,0.000297125894576311,0.000297125894576311,0.000297125894576311,0.000297125894576311,0.000297125894576311,0.000297125894576311,0.000210223908652551,0.000223519920837134,0.000198464113054797,0.000184716220246628,0.000164302517077886,0.000184832446393557,8.17562468000688E-05,7.43145865271799E-05,4.56768357253168E-05,4.11242508562282E-05,4.50954685220495E-05,4.12377485190518E-05,4.21303047914989E-05,4.32157576142345E-05,6.98197763995267E-05,1.78209993464407E-05,6.19138445472345E-05,0.000204049239982851,3.88600492442492E-05,1.78375266841613E-05,0.000233438549912535,6.68831053189933E-05,3.31190749420784E-05,4.88023360958323E-05,0.000107991691038478,7.21895630704239E-05,0.000652578542940319,0.00114429660607129,0.000613243377301842,0.000558033585548401,0.000589226314332336,0.0010620856191963,0.00474726920947433,0.000488800345920026,0.000658203207422048,0.000284058070974424,0.000386970874387771,0.000348775531165302,0.000734627712517977,0.000536133593413979,0.000381527614081278,0.000103785889223218,0.000247674091951922,0.000205704447580501,0.000114696835225914,4.85282398585696E-05
1042,3,0,0,0,0,0,0,0,0,0,0,0,0,0,0,0,0,0,0,0,0,0,0,0,0,0,0,0,0,0,0,0,0,0,0,0,0,0,0,0,0,0,0,0,0,0,0,0,0,0,0,0,0,0,0.000108826505311299,8.44197347760201E-05,0.000139385054353625,0.000122308352729306
1042,4,0,0,0,0,0,0,0,0,0,0,0,0,0,0,0,0,0,0,0,0,0,0,0,0,0,0,0,0,0,0,0,0,0,0,0,0,0,0,0,0,0,0,0,0,0,0,0,0,0,0,0,0,0,0,0,0,0.000225967189180665
1042,5,0.000126407700008713,0.000132914035930298,0.000110106913780328,9.21932005439885E-05,0.000528768170624971,0.000790587393566966,0.000860590545926243,0.00110727816354483,0.000776365341152996,0.000822117552161217,0.000914159696549177,0.000904273882042617,0.00162897096015513,0.0015475224936381,0.00136210990604013,0.00195412687025964,0.00182757468428463,0.00189957767724991,0.00165426067542285,0.000909461639821529,0.00102065014652908,0.00146889768075198,0.00180784473195672,0.0011644420446828,0.00103551952634007,0.00084696477279067,0.000484135904116556,0.000890809402335435,0.00188374007120728,0.00213693780824542,0.00168416742235422,0.0020676483400166,0.00554748671129346,0.00620982237160206,0.00545422080904245,0.00429726205766201,0.00407004868611693,0.00245709996670485,0.00195078086107969,0.00114583328831941,0.00107680936343968,0.00212329067289829,0.00446229474619031,0.00535475509241223,0.00437757652252913,0.00244697462767363,0.00239913375116885,0.00211015180684626,0.00207938719540834,0.00225390866398811,0.00225734943524003,0.00159494730178267,0.0010278265690431,0.00153225380927324,0.00139974255580455,0.00244426936842501,0.00176826713141054
1042,6,0.000240722438320518,0.000244046648731455,0.000232362202950753,0.000211377875530161,0.00019151673768647,0.000128508545458317,0.00012872957449872,0.000156042660819367,0.000175816079718061,0.000151600514072925,0.000160668569151312,0.00017720831965562,0.000123429548693821,0.000122541838209145,0.000108528452983592,0.000107471889350563,0.000108030500996392,0.000109919434180483,0.000104479913716204,0.000167414676980115,0.000205484990146942,0.000182453557499684,0.000226223783101887,0.000265995040535927,0.000272802222752944,0.000330163224134594,0.000328681082464755,0.000330299284541979,0.000338576064677909,0.000384626910090446,0.000528534757904708,0.000519230030477047,0.000522068934515119,0.000495547603350133,0.000436325353803113,0.000515397638082504,0.000665966304950416,0.000762093113735318,0.000857853214256465,0.000782029062975198,0.00105839513707906,0.000848969328217208,0.000824216520413756,0.000726109312381595,0.000814361264929175,0.00075706368079409,0.000676218129228801,0.000684149679727852,0.000742794305551797,0.000874346063937992,0.000786144228186458,0.000830824486911297,0.00076067924965173,0.000823529902845621,0.000851119169965386,0.000836765568237752,0.000724876241292804
1042,7,0.000222602335270494,0.000201527887838893,0.00030648589017801,0.000386032130336389,0.000466927624074742,0.000698285643011332,0.000708858831785619,0.000439651717897505,0.000616455101408064,0.000843998277559876,0.000754299573600292,0.000629919755738229,0.000855964492075145,0.00090404658112675,0.000874795892741531,0.000700314587447792,0.000709126237779856,0.00070262368535623,0.000907672510948032,0.00156236137263477,0.00205524917691946,0.00245258864015341,0.00250203837640584,0.00282980711199343,0.00351155642420053,0.00361981801688671,0.00375796877779067,0.00331959524191916,0.00265980139374733,0.00321410386823118,0.00348741770721972,0.00449970969930291,0.00332818436436355,0.00314814015291631,0.00312817306257784,0.00325965345837176,0.00302157551050186,0.0029215810354799,0.00307591096498072,0.00283168232999742,0.0018299714429304,0.00195119215641171,0.00183387077413499,0.00193709693849087,0.00199993257410824,0.00236814306117594,0.00240073702298105,0.00297884456813335,0.00240934290923178,0.00174207682721317,0.00152014847844839,0.00202901847660542,0.00185899098869413,0.00145418697502464,0.00128505052998662,0.00105973740573972,0.00141126906964928
1042,8,0.000110595377918798,0.000113636691821739,0.000131802749820054,0.000133383335196413,0.000119334021292161,0.00011169895878993,0.000112751578853931,0.00010919853230007,0.000117261028208304,0.000109070584585425,8.44379319460131E-05,7.9935256508179E-05,7.78095054556616E-05,7.08298975951038E-05,6.88583531882614E-05,5.37926935066935E-05,5.65035225008614E-05,4.18138879467733E-05,3.26011286233552E-05,5.32132398802787E-05,4.88799087179359E-05,3.985463627032E-05,4.317572893342E-05,5.24481474712957E-05,4.88399164169095E-05,7.08062798366882E-05,6.16245961282402E-05,4.36557347711641E-05,4.75281194667332E-05,4.0447834180668E-05,5.201352541917E-05,6.07023357588332E-05,5.7682362239575E-05,5.45608745596837E-05,6.24734384473413E-05,7.49106984585524E-05,8.96634010132402E-05,9.75184157141484E-05,8.99988008313812E-05,5.43272981303744E-05,5.13676241098437E-05,0.000169131497386843,4.2385272536194E-05,4.87792676722165E-05,5.9536934713833E-05,6.10302304266952E-05,6.21340295765549E-05,0.000108008956885897,4.8246107326122E-05,6.57055134070106E-05,6.21125582256354E-05,8.43520247144625E-05,9.04512780834921E-05,7.26006765034981E-05,6.67773565510288E-05,0.000109241140307859,0.000155172499944456
1042,12,2.30737938977654E-07,2.30737938977654E-07,2.30737938977654E-07,2.30737938977654E-07,2.30737938977654E-07,2.30737938977654E-07,2.30737938977654E-07,2.30737938977654E-07,2.30737938977654E-07,2.30737938977654E-07,2.30737938977654E-07,2.09215940571994E-07,1.74406608266509E-07,1.92163767565035E-07,2.25520011554181E-07,1.65493531767424E-07,1.76802899432005E-07,1.8230765874705E-07,1.95964403815196E-07,1.12495314397165E-07,1.06709912017777E-07,2.94147952217827E-07,4.87181296193739E-07,5.79587208449084E-07,4.99233749451378E-07,1.28122314890788E-06,2.10679604606412E-06,2.00429781216371E-06,2.39337077800883E-06,2.53703774433234E-06,4.10632679859191E-07,9.31879367271904E-06,6.57594591757515E-06,4.22795346821658E-06,1.96697710634908E-05,6.80065340930014E-06,8.45184185891412E-05,6.2287763284985E-05,3.94160197174642E-05,1.9702212739503E-05,3.54142139258329E-05,0.0001271453947993,0.000212562503293157,0.000447678554337472,0.000316084100631997,0.000247149728238583,0.000227408789214678,0.000140679840114899,3.77794422092848E-05,6.00237726757769E-05,2.3050810341374E-05,2.35936131502967E-05,2.5170978915412E-05,2.32137717830483E-05,3.12094089167658E-05,2.64346144831507E-05,2.53961716225604E-05
1042,13,0.0429246015846729,0.00764789478853345,0.00588451744988561,0.00588451744988561,0.00585748860612512,0.00582741992548108,0.00582741992548108,0.00581480469554663,0.00581480469554663,0.00581480469554663,0.00566498376429081,0.00897198356688023,0.010842302814126,0.0139418188482523,0.00137029879260808,0.00178689160384238,0.00305950432084501,0.00162155565340072,0.00127306941431016,0.00159387034364045,0.000947859836742282,0.000405915168812498,0.000202946990611963,0.000450789579190314,0.000322526408126578,0.000325352215440944,0.000343600055202842,8.00886191427708E-05,0.000145440950291231,0.000174541055457667,0.000155915695358999,0.00044558581430465,0.000337104080244899,0.000522945076227188,0.000515669933520257,0.000631250557489693,0.000728421087842435,0.00250751292333007,0.00254562427289784,0.00266863987781107,0.00152292079292238,0.00122429197654128,0.00128453760407865,0.00183875719085336,0.00191530538722873,0.00136825337540358,0.0017829971620813,0.00233821501024067,0.00278935604728758,0.00278283143416047,0.00132620171643794,0.00165764265693724,0.00128343410324305,0.00153376802336425,0.00221924902871251,0.00167803408112377,0.00167214742396027
1042,14,0.000297125894576311,0.000297125894576311,0.000297125894576311,0.000297125894576311,0.000297125894576311,0.000297125894576311,0.000297125894576311,0.000297125894576311,0.000297125894576311,0.000297125894576311,0.000297125894576311,0.000210223908652551,0.000223519920837134,0.000198464113054797,0.000184716220246628,0.000164302517077886,0.000184832446393557,8.17562468000688E-05,7.43145865271799E-05,4.56768357253168E-05,4.11242508562282E-05,4.50954685220495E-05,4.12377485190518E-05,4.21303047914989E-05,4.32157576142345E-05,6.98197763995267E-05,1.78209993464407E-05,6.19138445472345E-05,0.000204049239982851,3.88600492442492E-05,1.78375266841613E-05,0.000233438549912535,6.68831053189933E-05,3.31190749420784E-05,4.88023360958323E-05,0.000107991691038478,7.21895630704239E-05,0.000652578542940319,0.00114429660607129,0.000613243377301842,0.000558033585548401,0.000589226314332336,0.0010620856191963,0.00474726920947433,0.000488800345920026,0.000658203207422048,0.000284058070974424,0.000386970874387771,0.000348775531165302,0.000734627712517977,0.000536133593413979,0.000381527614081278,0.000103785889223218,0.000247674091951922,0.000205704447580501,0.000114696835225914,4.85282398585696E-05
1043,3,0,0,0,0,0,0,0,0,0,0,0,0,0,0,0,0,0,0,0,0,0,0,0,0,0,0,0,0,0,0,0,0,0,0,0,0,0,0,0,0,0,0,0,0,0,0,0,0,0,0,0,0,0,5.44132526556496E-05,4.220986738801E-05,6.96925271768123E-05,6.11541763646528E-05
1043,4,0,0,0,0,0,0,0,0,0,0,0,0,0,0,0,0,0,0,0,0,0,0,0,0,0,0,0,0,0,0,0,0,0,0,0,0,0,0,0,0,0,0,0,0,0,0,0,0,0,0,0,0,0,0,0,0,0.000112983594590332
1043,5,6.32038500043564E-05,6.64570179651491E-05,5.50534568901639E-05,4.60966002719942E-05,0.000264384085312486,0.000395293696783483,0.000430295272963122,0.000553639081772417,0.000388182670576498,0.000411058776080608,0.000457079848274589,0.000452136941021308,0.000814485480077565,0.000773761246819049,0.000681054953020066,0.000977063435129821,0.000913787342142314,0.000949788838624954,0.000827130337711424,0.000454730819910765,0.000510325073264539,0.00073444884037599,0.00090392236597836,0.0005822210223414,0.000517759763170034,0.000423482386395335,0.000242067952058278,0.000445404701167718,0.000941870035603642,0.00106846890412271,0.000842083711177111,0.0010338241700083,0.00277374335564673,0.00310491118580103,0.00272711040452123,0.00214863102883101,0.00203502434305847,0.00122854998335242,0.000975390430539846,0.000572916644159704,0.00053840468171984,0.00106164533644915,0.00223114737309515,0.00267737754620612,0.00218878826126456,0.00122348731383681,0.00119956687558442,0.00105507590342313,0.00103969359770417,0.00112695433199406,0.00112867471762002,0.000797473650891334,0.00051391328452155,0.000766126904636621,0.000699871277902275,0.00122213468421251,0.00088413356570527
1043,6,0.000120361219160259,0.000122023324365728,0.000116181101475377,0.00010568893776508,9.57583688432351E-05,6.42542727291584E-05,6.43647872493602E-05,7.80213304096833E-05,8.79080398590304E-05,7.58002570364624E-05,8.03342845756561E-05,8.86041598278098E-05,6.17147743469104E-05,6.12709191045724E-05,5.42642264917959E-05,5.37359446752816E-05,5.40152504981961E-05,5.49597170902416E-05,5.22399568581022E-05,8.37073384900577E-05,0.000102742495073471,9.12267787498422E-05,0.000113111891550943,0.000132997520267963,0.000136401111376472,0.000165081612067297,0.000164340541232377,0.00016514964227099,0.000169288032338955,0.000192313455045223,0.000264267378952354,0.000259615015238523,0.000261034467257559,0.000247773801675066,0.000218162676901557,0.000257698819041252,0.000332983152475208,0.000381046556867659,0.000428926607128233,0.000391014531487599,0.00052919756853953,0.000424484664108604,0.000412108260206878,0.000363054656190798,0.000407180632464588,0.000378531840397045,0.0003381090646144,0.000342074839863926,0.000371397152775899,0.000437173031968996,0.000393072114093229,0.000415412243455648,0.000380339624825865,0.000411764951422811,0.000425559584982693,0.000418382784118876,0.000362438120646402
1043,7,0.000111301167635247,0.000100763943919446,0.000153242945089005,0.000193016065168194,0.000233463812037371,0.000349142821505666,0.00035442941589281,0.000219825858948752,0.000308227550704032,0.000421999138779938,0.000377149786800146,0.000314959877869114,0.000427982246037573,0.000452023290563375,0.000437397946370766,0.000350157293723896,0.000354563118889928,0.000351311842678115,0.000453836255474016,0.000781180686317384,0.00102762458845973,0.0012262943200767,0.00125101918820292,0.00141490355599672,0.00175577821210027,0.00180990900844336,0.00187898438889533,0.00165979762095958,0.00132990069687366,0.00160705193411559,0.00174370885360986,0.00224985484965146,0.00166409218218178,0.00157407007645816,0.00156408653128892,0.00162982672918588,0.00151078775525093,0.00146079051773995,0.00153795548249036,0.00141584116499871,0.0009149857214652,0.000975596078205854,0.000916935387067497,0.000968548469245434,0.000999966287054121,0.00118407153058797,0.00120036851149052,0.00148942228406668,0.00120467145461589,0.000871038413606584,0.000760074239224195,0.00101450923830271,0.000929495494347066,0.00072709348751232,0.00064252526499331,0.000529868702869862,0.00070563453482464
1043,8,5.52976889593992E-05,5.68183459108695E-05,6.59013749100268E-05,6.66916675982066E-05,5.96670106460806E-05,5.58494793949649E-05,5.63757894269656E-05,5.4599266150035E-05,5.86305141041521E-05,5.45352922927123E-05,4.22189659730066E-05,3.99676282540895E-05,3.89047527278308E-05,3.54149487975519E-05,3.44291765941307E-05,2.68963467533467E-05,2.82517612504307E-05,2.09069439733867E-05,1.63005643116776E-05,2.66066199401394E-05,2.4439954358968E-05,1.992731813516E-05,2.158786446671E-05,2.62240737356478E-05,2.44199582084548E-05,3.54031399183441E-05,3.08122980641201E-05,2.18278673855821E-05,2.37640597333666E-05,2.0223917090334E-05,2.6006762709585E-05,3.03511678794166E-05,2.88411811197875E-05,2.72804372798419E-05,3.12367192236707E-05,3.74553492292762E-05,4.48317005066201E-05,4.87592078570742E-05,4.49994004156906E-05,2.71636490651872E-05,2.56838120549219E-05,8.45657486934215E-05,2.1192636268097E-05,2.43896338361083E-05,2.97684673569165E-05,3.05151152133476E-05,3.10670147882774E-05,5.40044784429483E-05,2.4123053663061E-05,3.28527567035053E-05,3.10562791128177E-05,4.21760123572312E-05,4.5225639041746E-05,3.63003382517491E-05,3.33886782755144E-05,5.46205701539293E-05,7.7586249972228E-05
1043,12,1.15368969488827E-07,1.15368969488827E-07,1.15368969488827E-07,1.15368969488827E-07,1.15368969488827E-07,1.15368969488827E-07,1.15368969488827E-07,1.15368969488827E-07,1.15368969488827E-07,1.15368969488827E-07,1.15368969488827E-07,1.04607970285997E-07,8.72033041332543E-08,9.60818837825173E-08,1.12760005777091E-07,8.27467658837122E-08,8.84014497160024E-08,9.11538293735248E-08,9.79822019075982E-08,5.62476571985826E-08,5.33549560088886E-08,1.47073976108913E-07,2.4359064809687E-07,2.89793604224542E-07,2.49616874725689E-07,6.40611574453942E-07,1.05339802303206E-06,1.00214890608186E-06,1.19668538900441E-06,1.26851887216617E-06,2.05316339929595E-07,4.65939683635952E-06,3.28797295878758E-06,2.11397673410829E-06,9.83488553174539E-06,3.40032670465007E-06,4.22592092945706E-05,3.11438816424925E-05,1.97080098587321E-05,9.85110636975151E-06,1.77071069629164E-05,6.35726973996498E-05,0.000106281251646578,0.000223839277168736,0.000158042050315998,0.000123574864119291,0.000113704394607339,7.03399200574495E-05,1.88897211046424E-05,3.00118863378884E-05,1.1525405170687E-05,1.17968065751484E-05,1.2585489457706E-05,1.16068858915241E-05,1.56047044583829E-05,1.32173072415753E-05,1.26980858112802E-05
1043,13,0.0214623007923365,0.00382394739426672,0.0029422587249428,0.0029422587249428,0.00292874430306256,0.00291370996274054,0.00291370996274054,0.00290740234777331,0.00290740234777331,0.00290740234777331,0.0028324918821454,0.00448599178344011,0.00542115140706301,0.00697090942412615,0.000685149396304041,0.000893445801921189,0.0015297521604225,0.00081077782670036,0.000636534707155079,0.000796935171820223,0.000473929918371141,0.000202957584406249,0.000101473495305981,0.000225394789595157,0.000161263204063289,0.000162676107720472,0.000171800027601421,4.00443095713854E-05,7.27204751456156E-05,8.72705277288333E-05,7.79578476794995E-05,0.000222792907152325,0.000168552040122449,0.000261472538113594,0.000257834966760129,0.000315625278744847,0.000364210543921217,0.00125375646166503,0.00127281213644892,0.00133431993890554,0.000761460396461189,0.00061214598827064,0.000642268802039325,0.000919378595426679,0.000957652693614364,0.000684126687701792,0.000891498581040651,0.00116910750512034,0.00139467802364379,0.00139141571708024,0.000663100858218968,0.000828821328468621,0.000641717051621526,0.000766884011682123,0.00110962451435626,0.000839017040561885,0.000836073711980134
1043,14,0.000148562947288156,0.000148562947288156,0.000148562947288156,0.000148562947288156,0.000148562947288156,0.000148562947288156,0.000148562947288156,0.000148562947288156,0.000148562947288156,0.000148562947288156,0.000148562947288156,0.000105111954326276,0.000111759960418567,9.92320565273985E-05,9.2358110123314E-05,8.21512585389428E-05,9.24162231967784E-05,4.08781234000344E-05,3.715729326359E-05,2.28384178626584E-05,2.05621254281141E-05,2.25477342610247E-05,2.06188742595259E-05,2.10651523957495E-05,2.16078788071172E-05,3.49098881997634E-05,8.91049967322033E-06,3.09569222736172E-05,0.000102024619991425,1.94300246221246E-05,8.91876334208064E-06,0.000116719274956267,3.34415526594967E-05,1.65595374710392E-05,2.44011680479161E-05,5.39958455192391E-05,3.6094781535212E-05,0.000326289271470159,0.000572148303035647,0.000306621688650921,0.0002790167927742,0.000294613157166168,0.000531042809598148,0.00237363460473716,0.000244400172960013,0.000329101603711024,0.000142029035487212,0.000193485437193885,0.000174387765582651,0.000367313856258988,0.000268066796706989,0.000190763807040639,5.1892944611609E-05,0.000123837045975961,0.000102852223790251,5.73484176129568E-05,2.42641199292848E-05
1044,3,0,0,0,0,0,0,0,0,0,0,0,0,0,0,0,0,0,0,0,0,0,0,0,0,0,0,0,0,0,0,0,0,0,0,0,0,0,0,0,0,0,0,0,0,0,0,0,0,0,0,0,0,0,5.44132526556496E-05,4.220986738801E-05,6.96925271768123E-05,6.11541763646528E-05
1044,4,0,0,0,0,0,0,0,0,0,0,0,0,0,0,0,0,0,0,0,0,0,0,0,0,0,0,0,0,0,0,0,0,0,0,0,0,0,0,0,0,0,0,0,0,0,0,0,0,0,0,0,0,0,0,0,0,0.000112983594590332
1044,5,6.32038500043564E-05,6.64570179651491E-05,5.50534568901639E-05,4.60966002719942E-05,0.000264384085312486,0.000395293696783483,0.000430295272963122,0.000553639081772417,0.000388182670576498,0.000411058776080608,0.000457079848274589,0.000452136941021308,0.000814485480077565,0.000773761246819049,0.000681054953020066,0.000977063435129821,0.000913787342142314,0.000949788838624954,0.000827130337711424,0.000454730819910765,0.000510325073264539,0.00073444884037599,0.00090392236597836,0.0005822210223414,0.000517759763170034,0.000423482386395335,0.000242067952058278,0.000445404701167718,0.000941870035603642,0.00106846890412271,0.000842083711177111,0.0010338241700083,0.00277374335564673,0.00310491118580103,0.00272711040452123,0.00214863102883101,0.00203502434305847,0.00122854998335242,0.000975390430539846,0.000572916644159704,0.00053840468171984,0.00106164533644915,0.00223114737309515,0.00267737754620612,0.00218878826126456,0.00122348731383681,0.00119956687558442,0.00105507590342313,0.00103969359770417,0.00112695433199406,0.00112867471762002,0.000797473650891334,0.00051391328452155,0.000766126904636621,0.000699871277902275,0.00122213468421251,0.00088413356570527
1044,6,0.000120361219160259,0.000122023324365728,0.000116181101475377,0.00010568893776508,9.57583688432351E-05,6.42542727291584E-05,6.43647872493602E-05,7.80213304096833E-05,8.79080398590304E-05,7.58002570364624E-05,8.03342845756561E-05,8.86041598278098E-05,6.17147743469104E-05,6.12709191045724E-05,5.42642264917959E-05,5.37359446752816E-05,5.40152504981961E-05,5.49597170902416E-05,5.22399568581022E-05,8.37073384900577E-05,0.000102742495073471,9.12267787498422E-05,0.000113111891550943,0.000132997520267963,0.000136401111376472,0.000165081612067297,0.000164340541232377,0.00016514964227099,0.000169288032338955,0.000192313455045223,0.000264267378952354,0.000259615015238523,0.000261034467257559,0.000247773801675066,0.000218162676901557,0.000257698819041252,0.000332983152475208,0.000381046556867659,0.000428926607128233,0.000391014531487599,0.00052919756853953,0.000424484664108604,0.000412108260206878,0.000363054656190798,0.000407180632464588,0.000378531840397045,0.0003381090646144,0.000342074839863926,0.000371397152775899,0.000437173031968996,0.000393072114093229,0.000415412243455648,0.000380339624825865,0.000411764951422811,0.000425559584982693,0.000418382784118876,0.000362438120646402
1044,7,0.000111301167635247,0.000100763943919446,0.000153242945089005,0.000193016065168194,0.000233463812037371,0.000349142821505666,0.00035442941589281,0.000219825858948752,0.000308227550704032,0.000421999138779938,0.000377149786800146,0.000314959877869114,0.000427982246037573,0.000452023290563375,0.000437397946370766,0.000350157293723896,0.000354563118889928,0.000351311842678115,0.000453836255474016,0.000781180686317384,0.00102762458845973,0.0012262943200767,0.00125101918820292,0.00141490355599672,0.00175577821210027,0.00180990900844336,0.00187898438889533,0.00165979762095958,0.00132990069687366,0.00160705193411559,0.00174370885360986,0.00224985484965146,0.00166409218218178,0.00157407007645816,0.00156408653128892,0.00162982672918588,0.00151078775525093,0.00146079051773995,0.00153795548249036,0.00141584116499871,0.0009149857214652,0.000975596078205854,0.000916935387067497,0.000968548469245434,0.000999966287054121,0.00118407153058797,0.00120036851149052,0.00148942228406668,0.00120467145461589,0.000871038413606584,0.000760074239224195,0.00101450923830271,0.000929495494347066,0.00072709348751232,0.00064252526499331,0.000529868702869862,0.00070563453482464
1044,8,5.52976889593992E-05,5.68183459108695E-05,6.59013749100268E-05,6.66916675982066E-05,5.96670106460806E-05,5.58494793949649E-05,5.63757894269656E-05,5.4599266150035E-05,5.86305141041521E-05,5.45352922927123E-05,4.22189659730066E-05,3.99676282540895E-05,3.89047527278308E-05,3.54149487975519E-05,3.44291765941307E-05,2.68963467533467E-05,2.82517612504307E-05,2.09069439733867E-05,1.63005643116776E-05,2.66066199401394E-05,2.4439954358968E-05,1.992731813516E-05,2.158786446671E-05,2.62240737356478E-05,2.44199582084548E-05,3.54031399183441E-05,3.08122980641201E-05,2.18278673855821E-05,2.37640597333666E-05,2.0223917090334E-05,2.6006762709585E-05,3.03511678794166E-05,2.88411811197875E-05,2.72804372798419E-05,3.12367192236707E-05,3.74553492292762E-05,4.48317005066201E-05,4.87592078570742E-05,4.49994004156906E-05,2.71636490651872E-05,2.56838120549219E-05,8.45657486934215E-05,2.1192636268097E-05,2.43896338361083E-05,2.97684673569165E-05,3.05151152133476E-05,3.10670147882774E-05,5.40044784429483E-05,2.4123053663061E-05,3.28527567035053E-05,3.10562791128177E-05,4.21760123572312E-05,4.5225639041746E-05,3.63003382517491E-05,3.33886782755144E-05,5.46205701539293E-05,7.7586249972228E-05
1044,12,1.15368969488827E-07,1.15368969488827E-07,1.15368969488827E-07,1.15368969488827E-07,1.15368969488827E-07,1.15368969488827E-07,1.15368969488827E-07,1.15368969488827E-07,1.15368969488827E-07,1.15368969488827E-07,1.15368969488827E-07,1.04607970285997E-07,8.72033041332543E-08,9.60818837825173E-08,1.12760005777091E-07,8.27467658837122E-08,8.84014497160024E-08,9.11538293735248E-08,9.79822019075982E-08,5.62476571985826E-08,5.33549560088886E-08,1.47073976108913E-07,2.4359064809687E-07,2.89793604224542E-07,2.49616874725689E-07,6.40611574453942E-07,1.05339802303206E-06,1.00214890608186E-06,1.19668538900441E-06,1.26851887216617E-06,2.05316339929595E-07,4.65939683635952E-06,3.28797295878758E-06,2.11397673410829E-06,9.83488553174539E-06,3.40032670465007E-06,4.22592092945706E-05,3.11438816424925E-05,1.97080098587321E-05,9.85110636975151E-06,1.77071069629164E-05,6.35726973996498E-05,0.000106281251646578,0.000223839277168736,0.000158042050315998,0.000123574864119291,0.000113704394607339,7.03399200574495E-05,1.88897211046424E-05,3.00118863378884E-05,1.1525405170687E-05,1.17968065751484E-05,1.2585489457706E-05,1.16068858915241E-05,1.56047044583829E-05,1.32173072415753E-05,1.26980858112802E-05
1044,13,0.0214623007923365,0.00382394739426672,0.0029422587249428,0.0029422587249428,0.00292874430306256,0.00291370996274054,0.00291370996274054,0.00290740234777331,0.00290740234777331,0.00290740234777331,0.0028324918821454,0.00448599178344011,0.00542115140706301,0.00697090942412615,0.000685149396304041,0.000893445801921189,0.0015297521604225,0.00081077782670036,0.000636534707155079,0.000796935171820223,0.000473929918371141,0.000202957584406249,0.000101473495305981,0.000225394789595157,0.000161263204063289,0.000162676107720472,0.000171800027601421,4.00443095713854E-05,7.27204751456156E-05,8.72705277288333E-05,7.79578476794995E-05,0.000222792907152325,0.000168552040122449,0.000261472538113594,0.000257834966760129,0.000315625278744847,0.000364210543921217,0.00125375646166503,0.00127281213644892,0.00133431993890554,0.000761460396461189,0.00061214598827064,0.000642268802039325,0.000919378595426679,0.000957652693614364,0.000684126687701792,0.000891498581040651,0.00116910750512034,0.00139467802364379,0.00139141571708024,0.000663100858218968,0.000828821328468621,0.000641717051621526,0.000766884011682123,0.00110962451435626,0.000839017040561885,0.000836073711980134
1044,14,0.000148562947288156,0.000148562947288156,0.000148562947288156,0.000148562947288156,0.000148562947288156,0.000148562947288156,0.000148562947288156,0.000148562947288156,0.000148562947288156,0.000148562947288156,0.000148562947288156,0.000105111954326276,0.000111759960418567,9.92320565273985E-05,9.2358110123314E-05,8.21512585389428E-05,9.24162231967784E-05,4.08781234000344E-05,3.715729326359E-05,2.28384178626584E-05,2.05621254281141E-05,2.25477342610247E-05,2.06188742595259E-05,2.10651523957495E-05,2.16078788071172E-05,3.49098881997634E-05,8.91049967322033E-06,3.09569222736172E-05,0.000102024619991425,1.94300246221246E-05,8.91876334208064E-06,0.000116719274956267,3.34415526594967E-05,1.65595374710392E-05,2.44011680479161E-05,5.39958455192391E-05,3.6094781535212E-05,0.000326289271470159,0.000572148303035647,0.000306621688650921,0.0002790167927742,0.000294613157166168,0.000531042809598148,0.00237363460473716,0.000244400172960013,0.000329101603711024,0.000142029035487212,0.000193485437193885,0.000174387765582651,0.000367313856258988,0.000268066796706989,0.000190763807040639,5.1892944611609E-05,0.000123837045975961,0.000102852223790251,5.73484176129568E-05,2.42641199292848E-05
1046,2,0.00812277756631374,0.00762557797133923,0.00741175562143326,0.00849575828760862,0.00752629199996591,0.00704261194914579,0.00660043489187956,0.00644426699727774,0.00710632232949138,0.00563326012343168,0.0064484653994441,0.00750702200457454,0.00774784432724118,0.00786084961146116,0.00761609571054578,0.0071361749432981,0.00700290873646736,0.00453774956986308,0.00389161380007863,0.00577018409967422,0.00129975483287126,0.00106250448152423,0.000799097528215498,0.000549183518160135,0.000340388622134924,0.0001327641075477,0.00570135749876499,0.0109617756679654,0.0104712331667542,0.0101157380267978,0.00196528946980834,0.00149957009125501,0.000894285214599222,0.00138729123864323,0.00181575876194984,0.00213206349872053,0.00241595366969705,0.00273013697005808,0.00287086283788085,0.00297640659846365,0.00330683006905019,0.00297691347077489,0.00255247345194221,0.00220666569657624,0.00206064619123936,0.00180969072971493,0.00145491200964898,0.00131443166173995,0.00110735604539514,0.00103482755366713,0.000801417103502899,0.000776694680098444,0.00088478927500546,0.000920126098208129,0.00551518425345421,0.00493068620562553,0.00502673629671335
1046,3,0,0,0,0,0,0,0,0,0,0,0,0,0,0,0,0,0,0,0,0,0,0,0,0,0,0,0,0,0,0,0,0,0,0,0,0,0,0,0,0,0,0,0,0,0,0,0,2.09439258469502E-05,0.000145781246828847,0.000531140307430178,0.000736572372261435,0.00122708478011191,0.00166486657690257,0.00517852650955319,0.00513513246551156,0.00205225171521306,0.00372597621753812
1046,4,0.0120017444714904,0.0130956377834082,0.0131188444793224,0.0162869337946177,0.017164308577776,0.0168201643973589,0.0174242593348026,0.0150591256096959,0.0158461406826973,0.0122185563668609,0.012338062748313,0.0123237622901797,0.0127383302897215,0.0125706288963556,0.0130827520042658,0.0110392207279801,0.0124022122472525,0.0138697922229767,0.0146833909675479,0.0140846483409405,0.00880896765738726,0.00809131655842066,0.00837775971740484,0.0087637584656477,0.00898737274110317,0.00971422623842955,0.0110768135637045,0.0110246771946549,0.0120827630162239,0.012399516068399,0.0149628007784486,0.0156550444662571,0.0221331138163805,0.00828624702990055,0.00632334174588323,0.00314656575210392,0.0030777205247432,0.0041220816783607,0.00757829193025827,0.00642094854265451,0.00556967221200466,0.00539040006697178,0.00576570956036448,0.00604713521897793,0.00488730892539024,0.00471635814756155,0.00500721065327525,0.0049736425280571,0.00498137809336185,0.00502119911834598,0.00462030014023185,0.00471982313320041,0.00481416750699282,0.0044679488055408,0.0041011655703187,0.00413193693384528,0.00408746581524611
1046,5,0.0217198543250561,0.0316434763371944,0.0314009673893452,0.024118272587657,0.0263372249901295,0.0283939819782972,0.0265547186136246,0.0268576126545668,0.0302468575537205,0.0311577804386616,0.0313707515597343,0.0276351477950811,0.0165505912154913,0.0199226941913366,0.0282313283532858,0.0405015163123608,0.0371526144444942,0.0414609685540199,0.0384284220635891,0.024320287629962,0.0246989987790585,0.0273581333458424,0.0247839130461216,0.0298554822802544,0.0276000630110502,0.0432428680360317,0.0391602776944637,0.045598179101944,0.0378034599125385,0.0258938428014517,0.00728004658594728,0.00715405168011785,0.00751009630039334,0.0080428970977664,0.00714116124436259,0.00629713153466582,0.00664381263777614,0.00690414989367127,0.00639583915472031,0.00593156926333904,0.00384307513013482,0.00523764919489622,0.00383006175979972,0.00347736664116383,0.00405071582645178,0.00556673714891076,0.00350170978344977,0.00665705511346459,0.00196067895740271,0.00263977493159473,0.00213080202229321,0.00335129513405263,0.0027194635476917,0.00212181312963367,0.00205906387418509,0.00271606049500406,0.00266096089035273
1046,6,0.00613643461838365,0.00581996701657772,0.00578901544213295,0.0060373917222023,0.00568292802199721,0.00539442989975214,0.00552921183407307,0.00614910619333386,0.00636633764952421,0.00635738298296928,0.00684747193008661,0.00683482969179749,0.00721005909144878,0.00707528740167618,0.00654767174273729,0.00580448657274246,0.00565978325903416,0.00574799254536629,0.00564234657213092,0.00603534514084458,0.00592646887525916,0.0057552820071578,0.00572224613279104,0.00549152260646224,0.00566058931872249,0.00493594910949469,0.00791348982602358,0.00939555373042822,0.0108941318467259,0.0111221456900239,0.00846954435110092,0.00892851687967777,0.0113462759181857,0.00963685475289822,0.0092808473855257,0.0084248585626483,0.00804473180323839,0.0085793687030673,0.00935348309576511,0.0100478362292051,0.0101062245666981,0.00940923020243645,0.0104972990229726,0.0101134832948446,0.0114350328221917,0.013126571662724,0.0123198302462697,0.0133344894275069,0.0135302459821105,0.0133571438491344,0.0142651628702879,0.0145075246691704,0.0144534111022949,0.0153339495882392,0.0146640241146088,0.0141357602551579,0.0142087219282985
1046,7,0,0,0,0,0,0,0,0,0,0,0,0,0,0,0,0,0,0,0,0,0,0,0,0,0,0,0,0,0,0,0,0,0,0,0,0,0,0,0,0,0,0,0,0,0,1.99313092252851E-07,4.77712490010163E-07,4.17492810811382E-06,3.35061645273527E-06,2.73239561465743E-06,2.09368590731174E-06,2.12737199944968E-06,1.7607612790016E-06,1.34055085254658E-06,1.019216711029E-06,7.30698900497373E-07,5.99743088969262E-07
1046,8,0.000809896795544773,0.000678034033626318,0.000665788247715682,0.000772995408624411,0.000937079137656838,0.000884768611285836,0.000885959540028125,0.000859975756611675,0.000771435152273625,0.000661226105876267,0.000420343480072916,0.000466949451947585,0.000509183329995722,0.000584220630116761,0.000793528510257602,0.00077699200483039,0.000805508752819151,0.000721590826287866,0.000726637663319707,0.00101664627436548,0.000608732458204031,0.000583664688747376,0.000603407272137702,0.000543298083357513,0.000522406946402043,0.000413978530559689,0.000657733296975493,0.000709527521394193,0.000957592739723623,0.000680499069858342,0.000175662673427723,0.000188353238627315,0.000203058603801765,0.000153589397086762,0.000177999987499788,0.000191338811418973,0.000175707144080661,0.00017831967852544,0.000178428672370501,0.000179555630893447,0.00018900097347796,0.00017572806973476,0.000168880098499358,0.000221023830818012,0.00022858202282805,0.000215285108424723,0.000231550104217604,0.00018004204321187,0.000181103561772034,0.000195529384654947,0.000193054191186093,0.00022574192553293,0.000274004618404433,0.000297948688967153,0.000355681811925024,0.000381699443096295,0.000361836195224896
1046,9,0.00170441751834005,0.0017097705276683,0.00172252953052521,0.00170910952147096,0.00176863768137991,0.0017769382102415,0.00173663499299437,0.00171105598565191,0.00174060033168644,0.00161986227612942,0.00167214556131512,0.00172412733081728,0.00175286293961108,0.00180682307109237,0.00181373627856374,0.00180819723755121,0.00170522544067353,0.00164011050947011,0.00186237471643835,0.0018348884768784,0.00181378156412393,0.00193803571164608,0.00204114359803498,0.00207818602211773,0.00202503288164735,0.00181787926703691,0.00142813939601183,0.00105591455940157,0.0013061115751043,0.00134129635989666,0.00165833521168679,0.00220982846803963,0.00306661799550056,0.00233610370196402,0.00174394133500755,0.00186800304800272,0.00125279254280031,0.00105533259920776,0.00111618882510811,0.00197212491184473,0.00184703059494495,0.00185447570402175,0.00210467376746237,0.0021330404561013,0.00226954580284655,0.00253296294249594,0.00218193978071213,0.00199040747247636,0.00188086414709687,0.00182712776586413,0.00200095446780324,0.00203750072978437,0.00204841257072985,0.00210243952460587,0.00206162314862013,0.00194719643332064,0.00195265538059175
1046,10,0.0112674506381154,0.0108246747404337,0.0109978625550866,0.0106489770114422,0.0116905085742474,0.0117008946835995,0.00983918178826571,0.00967362895607948,0.0133483279496431,0.0089828809723258,0.00889043789356947,0.00928016565740108,0.00956219155341387,0.00996042042970657,0.00914951041340828,0.00918366480618715,0.00878213066607714,0.00875064637511969,0.0101735256612301,0.0107970237731934,0.010083282366395,0.00150841404683888,0.00321690225973725,0.00801577139645815,0.00872109457850456,0.00945353414863348,0.0054551144130528,0.0106011675670743,0.0105049125850201,0.0125389005988836,0.0115510150790215,0.0110906437039375,0.0119197871536016,0.010066956281662,0.00866148993372917,0.00851719919592142,0.00717641087248921,0.0063353362493217,0.00575539004057646,0.0052806637249887,0.00996674690395594,0.0111978463828564,0.0144261159002781,0.0135357938706875,0.0128707643598318,0.0140387583523989,0.0156307835131884,0.0171319488435984,0.0183940380811691,0.0190960355103016,0.020221471786499,0.0209315828979015,0.021525252610445,0.0229235794395208,0.0219659358263016,0.0219536833465099,0.0229244735091925
1046,12,0,0,0,0,0,0,0,0,0,0,0,0,0,0,0,0,0,0,0,0,0,0,0,0,0,1.45681869980763E-05,1.46762304211734E-05,1.37846109282691E-05,1.28425099319429E-05,1.22186129374313E-05,1.36957123686443E-05,1.37798542709788E-05,1.30057942442363E-05,1.53204364323756E-05,1.08502663351828E-05,1.14028598545701E-05,0.000498405948746949,5.54005382582545E-05,2.0053172193002E-05,0.00014886942517478,0.000252773228567094,0.000320436985930428,0.000195910688489676,0.000231517813517712,0.000736328482162207,0.000293861870886758,0.00263567687943578,0.000911359034944326,0.000578700972255319,0.000814473198261112,0.000406570441555232,0.000341034261509776,0.000875186698976904,0.000687982130330056,0.000877775368280709,0.000923402840271592,0.000872702803462744
1046,13,0,0,0,0,0,0,0,0,0,0,0,0,0,0,0,0,0,0.00209807069040835,0.00194348103832453,0.00185827910900116,0.00171789096202701,0.00165138696320355,0.00167202926240861,0.00169576960615814,0.0017011312302202,0.00191385531798005,0.00181283778510988,0.00182179629337043,0.00240079569630325,0.0028554059099406,0.00244596763513982,0.00685552461072803,0.00790468417108059,0.00837589148432016,0.0144598782062531,0.0120985675603151,0.00873212050646544,0.00422958377748728,0.002148691797629,0.00876833032816648,0.00778638478368521,0.0138599928468466,0.0110961040481925,0.00776525586843491,0.011620819568634,0.00866384897381067,0.0133557245135307,0.0112329600378871,0.0158977471292019,0.0145466895774007,0.011615103110671,0.0141579685732722,0.0225599631667137,0.0197013933211565,0.0228069610893726,0.0133951725438237,0.0133481817319989
1046,14,0.000200692782527767,0.000200692782527767,0.000200692782527767,0.000200692782527767,0.000200692782527767,0.000200692782527767,0.000200692782527767,0.000200692782527767,0.000200692782527767,0.000200692782527767,0.000200692782527767,0.000141995085868984,0.000150975844007917,0.000134051981149241,0.000124766011140309,0.000110977642179932,0.000124844504171051,5.52018645976204E-05,5.00853493576869E-05,3.08407179545611E-05,2.72549896180863E-05,3.02112039207714E-05,2.74560788966483E-05,2.78435054497095E-05,2.8658791052294E-05,0.000175778463017195,3.16751647915225E-05,0.000896009150892496,0.0070448974147439,0.00223127729259431,0.00155005254782736,0.00808448810130358,0.00429315818473697,0.00854776706546545,0.00510896276682615,0.00431547872722149,0.0101303299888968,0.00518811354413629,0.00833342876285315,0.00205145520158112,0.0157707501202822,0.00532641168683767,0.00119738955982029,0.00393603090196848,0.00645629689097404,0.00264448393136263,0.0026612370274961,0.00202411110512912,0.00506637804210186,0.00577282207086682,0.0107393739745021,0.00875431578606367,0.0118223121389747,0.00670238817110658,0.0118045564740896,0.00482387514784932,0.00361705431714654
1047,2,0.0888692513108253,0.0965462252497673,0.0948090702295303,0.0928008630871773,0.0869633108377457,0.0840211361646652,0.0841585099697113,0.0756682828068733,0.0848083570599556,0.0619480423629284,0.064789816737175,0.0691853761672974,0.0719321295619011,0.0659622922539711,0.0776693373918533,0.0767304003238678,0.0790248885750771,0.0740262493491173,0.0622735731303692,0.0561201497912407,0.0617155656218529,0.0730758532881737,0.0727117285132408,0.0721797347068787,0.0674465224146843,0.0811133086681366,0.0771869421005249,0.0907527431845665,0.0862007513642311,0.0805245414376259,0.0870954692363739,0.0993527323007584,0.100138619542122,0.103474691510201,0.101997867226601,0.0995922163128853,0.10156461596489,0.101741552352905,0.111213982105255,0.107669271528721,0.110579587519169,0.103104501962662,0.106761857867241,0.110463090240955,0.111464656889439,0.104686997830868,0.105124719440937,0.0998532325029373,0.09993065148592,0.0799160078167915,0.0870857089757919,0.094212606549263,0.0956109911203384,0.103012889623642,0.100970864295959,0.0876775830984116,0.0834966823458672
1047,3,0.26830068230629,0.266483902931213,0.263677477836609,0.266452074050903,0.269868522882462,0.257646918296814,0.251153528690338,0.255085289478302,0.272143185138702,0.269762843847275,0.276319146156311,0.280582547187805,0.280193865299225,0.275445550680161,0.266629129648209,0.271949648857117,0.263708144426346,0.262110501527786,0.262946963310242,0.270940065383911,0.257517904043198,0.254065573215485,0.233329489827156,0.242916613817215,0.258200854063034,0.256172597408295,0.251206457614899,0.238806441426277,0.24821525812149,0.231128662824631,0.220439746975899,0.220495969057083,0.195845395326614,0.204674482345581,0.255171358585358,0.219220191240311,0.267135858535767,0.215529173612595,0.230889499187469,0.198094710707664,0.280209988355637,0.279945909976959,0.281260848045349,0.276620298624039,0.275578022003174,0.278677195310593,0.277038276195526,0.269679814577103,0.267375648021698,0.26774799823761,0.270204424858093,0.263520419597626,0.247977301478386,0.234408006072044,0.245123833417892,0.263039290904999,0.258893042802811
1047,4,0.00949884857982397,0.00823709089308977,0.0114686032757163,0.01022042427212,0.0118570877239108,0.015458763577044,0.0167153254151344,0.0163366999477148,0.0181586071848869,0.0318425260484219,0.0330720171332359,0.032761238515377,0.0338684655725956,0.0360104329884052,0.0362200699746609,0.0315330401062965,0.031448882073164,0.0309708416461945,0.0313701145350933,0.0366728156805038,0.0380611158907413,0.0395917966961861,0.0440311394631863,0.0461322963237762,0.0448134765028954,0.0506315529346466,0.0522206462919712,0.054332822561264,0.0459292642772198,0.0437694787979126,0.0450181514024735,0.0475783869624138,0.0461547039449215,0.0438362583518028,0.0549760609865189,0.0547454208135605,0.0587243586778641,0.0589947588741779,0.0605435855686665,0.0592459142208099,0.0617123506963253,0.0625013783574104,0.0610924139618874,0.0673151612281799,0.0574301593005657,0.0564059503376484,0.0668020024895668,0.0756913498044014,0.0742288753390312,0.0742285847663879,0.0766404941678047,0.0731185674667358,0.0752885714173317,0.0809579864144325,0.088877260684967,0.0910517349839211,0.0877577066421509
1047,5,0.0283413864672184,0.0377553701400757,0.0327309519052505,0.0390790067613125,0.0414377562701702,0.0376953817903996,0.041519820690155,0.0376493409276009,0.0438313893973827,0.0424273647367954,0.0442642830312252,0.0434642508625984,0.0413586832582951,0.0483970046043396,0.0540444143116474,0.0412334986031055,0.0376664623618126,0.0429498516023159,0.0358654633164406,0.0339617468416691,0.036534521728754,0.0297090597450733,0.0251215528696775,0.0285960212349892,0.024161696434021,0.0291254371404648,0.0337779112160206,0.0370473451912403,0.0247352700680494,0.0218199957162142,0.0186339076608419,0.021119749173522,0.0214217230677605,0.0309275910258293,0.0255966577678919,0.0300852879881859,0.0442032963037491,0.0446403920650482,0.0476339757442474,0.0488270856440067,0.0493333972990513,0.0491310246288776,0.0429268963634968,0.0528404116630554,0.0492600314319134,0.0457999221980572,0.0435971915721893,0.0412387400865555,0.0423283874988556,0.040905088186264,0.0414644256234169,0.040507897734642,0.0407798364758492,0.041433222591877,0.0471464097499847,0.0543409287929535,0.0655110031366348
1047,6,0.0551608614623547,0.0516597777605057,0.047076340764761,0.0467745587229729,0.0441958531737328,0.0413502305746078,0.0405425280332565,0.042948342859745,0.0423604883253574,0.04191043227911,0.0440399125218391,0.0451786071062088,0.0410031862556934,0.037342082709074,0.0366722531616688,0.034617718309164,0.0357217043638229,0.0348218642175198,0.035870585590601,0.0361450687050819,0.0347549580037594,0.0321238562464714,0.0310831051319838,0.0304973218590021,0.0324700959026814,0.0348496437072754,0.0354846604168415,0.0353981554508209,0.0360082536935806,0.0338904112577438,0.032840222120285,0.0328651405870914,0.0321106910705566,0.0295193307101727,0.0303497388958931,0.0306641757488251,0.0306752100586891,0.034630972892046,0.0301654394716024,0.0336427316069603,0.0345681272447109,0.0407803580164909,0.038856565952301,0.0425144843757153,0.0395384430885315,0.0416685752570629,0.047356341034174,0.0510633066296577,0.0525113381445408,0.0543369576334953,0.0522398017346859,0.0516483522951603,0.0486191771924496,0.0494005642831326,0.0459894463419914,0.0464620366692543,0.0509697534143925
1047,7,0.00968759413808584,0.0124019905924797,0.0294433571398258,0.0239503271877766,0.0272228866815567,0.0221040640026331,0.0233831144869328,0.0196182075887918,0.0231798570603132,0.0242254976183176,0.0203500371426344,0.0243018586188555,0.0280472859740257,0.031419899314642,0.0241061523556709,0.0228758230805397,0.0238232035189867,0.0204442404210567,0.0223815441131592,0.0237794388085604,0.0218321699649096,0.0201976280659437,0.0209285952150822,0.0224828384816647,0.026717584580183,0.0277632027864456,0.0255096517503262,0.0267120022326708,0.0275203566998243,0.0304996240884066,0.0267942659556866,0.0293602645397186,0.0273470170795918,0.0292275603860617,0.0336329117417336,0.0272745527327061,0.0302283633500338,0.0252250246703625,0.0354701317846775,0.0263148173689842,0.0263539962470531,0.0214012730866671,0.0222153533250093,0.0183770712465048,0.0202052760869265,0.0187458414584398,0.0170958712697029,0.01573864556849,0.0124116810038686,0.0175489448010921,0.0146910855546594,0.0166334230452776,0.0179674066603184,0.0309792403131723,0.0334388427436352,0.0404624678194523,0.0347888804972172
1047,8,0.076554536819458,0.0816200822591782,0.0976921170949936,0.101782716810703,0.0966309607028961,0.0922194495797157,0.0964411646127701,0.0917062163352966,0.0940510481595993,0.0939142256975174,0.0825686231255531,0.0795154869556427,0.0883682370185852,0.109712913632393,0.109756708145142,0.107933148741722,0.0940219163894653,0.0902582481503487,0.0863309800624847,0.099732518196106,0.102873988449574,0.108411304652691,0.113090611994267,0.110709384083748,0.0994912981987,0.097448855638504,0.0912310257554054,0.0741486698389053,0.0651307106018066,0.0620683282613754,0.0582297258079052,0.0656254440546036,0.0692121312022209,0.067870058119297,0.0661984533071518,0.0645716786384583,0.0654127672314644,0.0538441278040409,0.0528371967375278,0.0504791438579559,0.0473823137581348,0.0345278270542622,0.0384920760989189,0.0341379344463348,0.0338155142962933,0.0316481292247772,0.034313477575779,0.0319947674870491,0.0296135023236275,0.0282885003834963,0.0324929542839527,0.0334692150354385,0.0326030515134335,0.0342359840869904,0.0395859852433205,0.0380811914801598,0.0351653210818768
1047,9,0.121691040694714,0.120534218847752,0.118356876075268,0.11785314977169,0.116433955729008,0.113270595669746,0.114490151405334,0.112705409526825,0.113932773470879,0.124889314174652,0.115727506577969,0.117231205105782,0.115356713533401,0.115868143737316,0.116642467677593,0.118463695049286,0.114606417715549,0.114780746400356,0.104039557278156,0.0953119322657585,0.0810628831386566,0.080082431435585,0.0854587703943253,0.0863756760954857,0.0855580344796181,0.0890562385320663,0.118500232696533,0.132554292678833,0.0876112058758736,0.102051891386509,0.100914120674133,0.109357289969921,0.10626757144928,0.111323319375515,0.106670238077641,0.110689282417297,0.13530670106411,0.13436459004879,0.126757025718689,0.128131687641144,0.116784460842609,0.112745299935341,0.107321932911873,0.103041186928749,0.109354987740517,0.105650208890438,0.107802137732506,0.116387955844402,0.112876735627651,0.113989882171154,0.112548336386681,0.110724546015263,0.107009939849377,0.108097307384014,0.109244160354137,0.115586549043655,0.111913360655308
1047,10,0.0117022106423974,0.0112423496320844,0.0114222206175327,0.0110598718747497,0.010917903855443,0.0104658044874668,0.00992390047758818,0.00975796580314636,0.0134949879720807,0.00908016599714756,0.00924663431942463,0.00965151749551296,0.00994518585503101,0.0102383363991976,0.00938820093870163,0.00937683321535587,0.00899320654571056,0.00896928273141384,0.0100675728172064,0.0106150405481458,0.0113870417699218,0.00958880316466093,0.0100850500166416,0.0101794609799981,0.00885296519845724,0.00800827145576477,0.00715994648635387,0.00759898079559207,0.00769683998078108,0.00779107585549355,0.00711933290585876,0.00644873548299074,0.00577359413728118,0.00451654428616166,0.00353982346132398,0.00309745431877673,0.0015431740321219,0.00446953857317567,0.00732323480769992,0.0102190626785159,0.0125808520242572,0.0115658110007644,0.0132357636466622,0.010984119027853,0.00982655119150877,0.00983687769621611,0.0112211685627699,0.0122123705223203,0.0130065754055977,0.0134141007438302,0.0142531301826239,0.0149254510179162,0.0152985407039523,0.0166811812669039,0.01610117405653,0.017056081444025,0.018602030351758
1047,12,0.0135277677327394,0.0135277677327394,0.0135277677327394,0.0135277677327394,0.0135277677327394,0.0135277677327394,0.0135277677327394,0.0135277677327394,0.0135277677327394,0.0135277677327394,0.0135277677327394,0.0119364410638809,0.0102566676214337,0.0116055542603135,0.0135223967954516,0.0098498621955514,0.0101472437381744,0.0105312503874302,0.0113540273159742,0.0183386821299791,0.0193631369620562,0.0510643050074577,0.238859742879868,0.208417654037476,0.186905279755592,0.194803178310394,0.200240433216095,0.195160940289497,0.205820113420486,0.239337489008904,0.22370719909668,0.18868114054203,0.156684309244156,0.161200478672981,0.203835219144821,0.184787034988403,0.189586162567139,0.169871121644974,0.150787532329559,0.159600898623466,0.142869651317596,0.125735759735107,0.11903790384531,0.114724069833755,0.096720814704895,0.102051451802254,0.0925537049770355,0.0918340459465981,0.0811014845967293,0.0775404125452042,0.116749197244644,0.0838331058621407,0.0810711905360222,0.0771913155913353,0.0692263171076775,0.0627569258213043,0.0574613325297832
1047,13,0,0.273943185806274,0.210780039429665,0.210780039429665,0.209811881184578,0.208734840154648,0.208734840154648,0.208282962441444,0.208282962441444,0.208282962441444,0.202916458249092,0.193100586533546,0.193615347146988,0.196475818753242,0.271744966506958,0.264478832483292,0.262625873088837,0.277060449123383,0.278997033834457,0.282970637083054,0.273606061935425,0.266246229410172,0.262975096702576,0.260872095823288,0.258114129304886,0.237842977046967,0.242202639579773,0.267025947570801,0.268561869859695,0.263540655374527,0.271518498659134,0.263189911842346,0.260227620601654,0.261071443557739,0.248293235898018,0.249297574162483,0.25093400478363,0.243788123130798,0.240945234894753,0.247571676969528,0.242033556103706,0.248497903347015,0.247487366199493,0.248205989599228,0.241395145654678,0.232599452137947,0.23682676255703,0.235072538256645,0.232620060443878,0.225776568055153,0.236824750900269,0.230764836072922,0.218135923147202,0.202709421515465,0.179398015141487,0.212838277220726,0.175452291965485
1047,14,0.00111198727972806,0.00111198727972806,0.00111198727972806,0.00111198727972806,0.00111198727972806,0.00111198727972806,0.00111198727972806,0.00111198727972806,0.00111198727972806,0.00111198727972806,0.00111198727972806,0.00110502098686993,0.0010217793751508,0.000509002420585603,0.000609449809417129,0.00161564617883414,0.00183958862908185,0.00194226775784045,0.00395435793325305,0.00141035451088101,0.00125461909919977,0.00939176511019468,0.00854405108839273,0.0106738060712814,0.0100703136995435,0.00966402236372232,0.0157654192298651,0.0204973965883255,0.0205270424485207,0.0267551690340042,0.0266875382512808,0.0298582930117846,0.0368365235626698,0.0251355282962322,0.0278931017965078,0.0424911081790924,0.0567842088639736,0.0440559908747673,0.0328463017940521,0.0346262864768505,0.0514504909515381,0.0582420602440834,0.0715549737215042,0.0609077215194702,0.0705459117889404,0.0692553967237473,0.059703566133976,0.0431459695100784,0.0542860776185989,0.0477991960942745,0.0556902587413788,0.0537966266274452,0.0486330538988113,0.0402230955660343,0.0451988242566586,0.0628265365958214,0.0639641359448433
1048,2,0.0332835614681244,0.0407977737486362,0.0425998084247112,0.0434794649481773,0.0414410158991814,0.0387503914535046,0.0386329963803291,0.0380620025098324,0.0470946989953518,0.0435146912932396,0.0572161823511124,0.0647762939333916,0.0655589774250984,0.0629058852791786,0.0634564608335495,0.0602597780525684,0.0598674267530441,0.0569200105965137,0.0419946983456612,0.0357912965118885,0.0385863110423088,0.0466510504484177,0.0440812259912491,0.041933186352253,0.0342775210738182,0.0447980687022209,0.0361670069396496,0.047688789665699,0.0430261567234993,0.0369316264986992,0.0438801236450672,0.0530328154563904,0.0568828172981739,0.0623176619410515,0.0621664747595787,0.0654926225543022,0.0719647109508514,0.074661448597908,0.0875594168901443,0.0870119780302048,0.0910104885697365,0.0833191499114037,0.0818727239966393,0.0811144411563873,0.0753377825021744,0.0695561915636063,0.110382728278637,0.104845076799393,0.104582943022251,0.093601755797863,0.0992867574095726,0.0982780233025551,0.0991824939846992,0.107021003961563,0.103967219591141,0.0897952914237976,0.0851694270968437
1048,3,0.0757160559296608,0.0756075382232666,0.0740295052528381,0.0753705501556396,0.0764034017920494,0.0716771259903908,0.0693900659680367,0.0712443366646767,0.0560395419597626,0.0573219731450081,0.0582054294645786,0.0581100694835186,0.0568031519651413,0.0554380640387535,0.0573351867496967,0.0623350813984871,0.0562816075980663,0.0574008785188198,0.0621003061532974,0.0642611533403397,0.0606670454144478,0.0559930875897408,0.0697871223092079,0.066356286406517,0.0583576187491417,0.0619055703282356,0.0608828105032444,0.0627933889627457,0.057671707123518,0.0665669813752174,0.0861291512846947,0.0822877511382103,0.0640775635838509,0.0703501105308533,0.0434493683278561,0.0940733477473259,0.0632568448781967,0.0652365982532501,0.067635640501976,0.0470831245183945,0.0347018279135227,0.0360045880079269,0.0362395159900188,0.035141222178936,0.0342881083488464,0.034790962934494,0.0346016064286232,0.0335343442857265,0.0330102667212486,0.0333160050213337,0.0337766036391258,0.032820388674736,0.0365810394287109,0.0415400490164757,0.0381138697266579,0.0327864810824394,0.0321575999259949
1048,4,0.00708261877298355,0.00690883537754416,0.00768607528880239,0.00831832364201546,0.00812041386961937,0.00773151172325015,0.00778030883520842,0.00776441628113389,0.0102725708857179,0.00918005965650082,0.0097903199493885,0.0097217783331871,0.0120801497250795,0.0132260043174028,0.0126291308552027,0.0109206084161997,0.0116164023056626,0.0121921459212899,0.0145033858716488,0.0186657179147005,0.0212713964283466,0.0219091512262821,0.0227261669933796,0.0246473141014576,0.0254644099622965,0.0267140902578831,0.0276138130575418,0.0306271947920322,0.0253787208348513,0.0221492853015661,0.0203810501843691,0.021067189052701,0.0215294994413853,0.0204090569168329,0.0327596850693226,0.0336548686027527,0.0399940609931946,0.0383552722632885,0.0399681515991688,0.0395562238991261,0.041664507240057,0.0452993772923946,0.0472592785954475,0.0513144433498383,0.0493132099509239,0.0501010604202747,0.05399289727211,0.0654893219470978,0.0665131434798241,0.0674544423818588,0.0685768872499466,0.0704020634293556,0.0674919858574867,0.0724448710680008,0.0802478864789009,0.0802325084805489,0.0793021097779274
1048,5,0.0144026996567845,0.0159016381949186,0.0143007123842835,0.0144537789747119,0.0175147708505392,0.0124685363844037,0.0149339865893126,0.0116705559194088,0.0178856737911701,0.0173448286950588,0.0201299116015434,0.0227604452520609,0.0220235045999289,0.0228167921304703,0.0356626436114311,0.0215433090925217,0.0206783171743155,0.0276555866003037,0.0231575928628445,0.0212064292281866,0.0247550997883081,0.0208916645497084,0.01565664075315,0.0201454777270556,0.0151228858157992,0.0208019819110632,0.0219648331403732,0.0237269774079323,0.0122215216979384,0.00888814963400364,0.00881434138864279,0.00814947858452797,0.0124111203476787,0.0212757419794798,0.0176210831850767,0.0222795903682709,0.035639189183712,0.0375721342861652,0.0397124737501144,0.0402186922729015,0.0388193018734455,0.0382230393588543,0.0331725887954235,0.039976391941309,0.0360146649181843,0.0330322198569775,0.0342458263039589,0.030627578496933,0.0300685372203588,0.0265203714370728,0.0281913615763187,0.025927597656846,0.0281966142356396,0.0291049517691135,0.0319170467555523,0.0339005850255489,0.0289045367389917
1048,6,0.0161850973963737,0.0150132663547993,0.0144705232232809,0.0144380433484912,0.0133769018575549,0.0119880558922887,0.0120201474055648,0.0127473250031471,0.0118365325033665,0.0122393183410168,0.0136871412396431,0.013929788954556,0.0133937820792198,0.0132393250241876,0.0131579339504242,0.0125937592238188,0.0128237539902329,0.0134522607550025,0.0155595550313592,0.0164230484515429,0.0154299074783921,0.0144530590623617,0.0136104980483651,0.0131630096584558,0.0144075304269791,0.015234112739563,0.0147085646167397,0.0146716702729464,0.016337538138032,0.0152405565604568,0.014475816860795,0.0144092226400971,0.0146507145836949,0.0135699491947889,0.0221246089786291,0.0221128091216087,0.0226478911936283,0.0255346465855837,0.0213282387703657,0.02467698790133,0.0234258901327848,0.0257001183927059,0.0250031314790249,0.0277609210461378,0.0270512662827969,0.0272674988955259,0.0321726463735104,0.0376972705125809,0.0353784821927547,0.03694062307477,0.0367345623672009,0.0370917245745659,0.037591852247715,0.0389225222170353,0.0357840470969677,0.0369315706193447,0.0376624427735806
1048,7,0.000155974106746726,0.000342978106345981,0.000365384767064825,0.000328822527080774,0.000328095251461491,0.000297120859613642,0.000154786830535159,0.000208609679248184,0.000209921039640903,0.000210254511330277,0.000256495142821223,0.00154935428872705,0.000435047608334571,0.000594968441873789,0.00058491516392678,0.000632007722742856,0.000500874826684594,0.000844099093228579,0.00064294645562768,0.000258602405665442,0.00177184690255672,0.00135907880030572,0.00134480965789407,0.00323095568455756,0.00288624013774097,0.00274721626192331,0.00176576850935817,0.00255216006189585,0.00324181606993079,0.00344376196153462,0.00272535812109709,0.00198922236450017,0.00208102189935744,0.00260298955254257,0.00281358603388071,0.00647692242637277,0.0103465495631099,0.00797769147902727,0.0195168070495129,0.0105662252753973,0.0123933246359229,0.0105950413271785,0.0104918004944921,0.00918567832559347,0.0105960899963975,0.00808254722505808,0.00810267310589552,0.00811539217829704,0.00770208658650517,0.0133323734626174,0.00977560970932245,0.0100739831104875,0.0116495499387383,0.0269449222832918,0.0256213694810867,0.0284198671579361,0.0293747037649155
1048,8,0.0281996037811041,0.0264728739857674,0.0299670193344355,0.0298542119562626,0.0299984309822321,0.0315244942903519,0.0314659625291824,0.0299997329711914,0.0327781178057194,0.0276109538972378,0.0239454135298729,0.0223694387823343,0.0253100413829088,0.0277370195835829,0.0226375386118889,0.0250105913728476,0.0215013660490513,0.0171481035649776,0.0148518737405539,0.0148325311020017,0.0188151821494102,0.023524422198534,0.0267840512096882,0.0296531729400158,0.0278042554855347,0.0268019642680883,0.0284536276012659,0.02223533205688,0.0168440043926239,0.0168090704828501,0.014443107880652,0.0184737499803305,0.0223138704895973,0.024009944871068,0.0237259287387133,0.0252542216330767,0.0286800619214773,0.0224457532167435,0.022199984639883,0.0210213754326105,0.0216595064848661,0.0211388282477856,0.0253862645477057,0.0195603314787149,0.0493136458098888,0.0548889078199863,0.0274951849132776,0.0444305166602135,0.0451915040612221,0.0496103167533875,0.0544768907129765,0.0503558740019798,0.0532379113137722,0.0499318428337574,0.0558390282094479,0.055113423615694,0.0545287281274796
1048,9,0.0837403312325478,0.0832716673612595,0.0840413868427277,0.0828246548771858,0.0820191875100136,0.0787873044610024,0.0808431059122086,0.0792467147111893,0.0802020728588104,0.0757112875580788,0.0806033760309219,0.0823959112167358,0.0827019289135933,0.0827453136444092,0.0836238265037537,0.0854674950242043,0.0829222351312637,0.0835494175553322,0.0707496404647827,0.0631240084767342,0.0488033331930637,0.0480210930109024,0.0500236451625824,0.0520124919712543,0.0544697865843773,0.0551564693450928,0.0884101986885071,0.106666564941406,0.0568897351622581,0.070700041949749,0.0752926021814346,0.0829867571592331,0.0770972594618797,0.0752129927277565,0.0792181566357613,0.081024058163166,0.0964026674628258,0.0932352393865585,0.0837206318974495,0.0819721519947052,0.0721919909119606,0.0700695663690567,0.0687534511089325,0.0691729038953781,0.0668673142790794,0.0679206475615501,0.0775846913456917,0.08513243496418,0.0867056250572205,0.0861818343400955,0.0847037956118584,0.0846172943711281,0.0821595415472984,0.082233227789402,0.0826848298311234,0.0871561914682388,0.0873578488826752
1048,10,0.0117022106423974,0.0112423496320844,0.0114222206175327,0.0110598718747497,0.010917903855443,0.0104658044874668,0.00992390047758818,0.00975796580314636,0.0134949879720807,0.00908016599714756,0.00924663431942463,0.00965151749551296,0.00994518585503101,0.0102383363991976,0.00938820093870163,0.00937683321535587,0.00899320654571056,0.00896928273141384,0.0100675728172064,0.0106150405481458,0.0113870417699218,0.00958880316466093,0.0100850500166416,0.0101794609799981,0.00885296519845724,0.00800827145576477,0.00715994648635387,0.00759898079559207,0.00769683998078108,0.00779107585549355,0.00711933290585876,0.00644873548299074,0.00577359413728118,0.00451654428616166,0.00353982346132398,0.00309745431877673,0.0015431740321219,0.00446953857317567,0.00732323480769992,0.0102190626785159,0.0125808520242572,0.0115658110007644,0.0132357636466622,0.010984119027853,0.00982655119150877,0.00983687769621611,0.0112211685627699,0.0122123705223203,0.0130065754055977,0.0134141007438302,0.0142531301826239,0.0149254510179162,0.0152985407039523,0.0166811812669039,0.01610117405653,0.017056081444025,0.018602030351758
1048,12,0.000243368573137559,0.000243368573137559,0.000243368573137559,0.000243368573137559,0.000243368573137559,0.000243368573137559,0.000243368573137559,0.000243368573137559,0.000243368573137559,0.000243368573137559,0.000243368573137559,7.19578092684969E-05,0.000197695670067333,0.000360160280251876,0.000363203027518466,0.00023391522699967,8.33172307466157E-05,9.79748147074133E-05,0.000145296275150031,3.14618591801263E-05,3.66208842024207E-05,4.07323750550859E-05,1.0179444871028E-05,3.49956621903402E-06,4.85013742945739E-06,0.000130364525830373,0.0245592836290598,0.00388033478520811,0.00372272869572043,0.00295106577686965,0.00623258901759982,0.00416111340746284,0.00351110147312284,0.00259109772741795,0.00135307316668332,0.00155253079719841,0.0010516612092033,0.00221395213156939,0.00238574179820716,0.00304920948110521,0.00334563734941185,0.00135333742946386,0.000988698564469814,0.00145414681173861,0.00221824948675931,0.00195026537403464,0.00301301805302501,0.00450355466455221,0.0042264461517334,0.00313346995972097,0.00337973004207015,0.00257676444016397,0.0025902756024152,0.0018387078307569,0.00219765794463456,0.000981993973255157,0.000928070279769599
1048,13,0,0,0,0,0,0,0,0,0,0,0,0,0,0,0.0683257877826691,0.0578476525843143,0.0610790513455868,0.0569882653653622,0.0527892671525478,0.0504749938845634,0.0466617420315742,0.0448553450405598,0.0454160310328007,0.0460608750581741,0.0462065078318119,0.0283386688679457,0.0418455973267555,0.0566732250154018,0.0494361892342567,0.0487110540270805,0.0529959835112095,0.0523938126862049,0.0478332377970219,0.0438476465642452,0.0322789512574673,0.0318451374769211,0.0314485318958759,0.02680061198771,0.0291545651853085,0.032323595136404,0.0240851920098066,0.0226271003484726,0.0196825545281172,0.0195907279849052,0.0220005232840776,0.0252266433089972,0.0218303762376308,0.0269836280494928,0.0431204289197922,0.0409174524247646,0.0217414200305939,0.0315183326601982,0.034882664680481,0.0314702540636063,0.0125953508540988,0.0348871201276779,0.0384988375008106
1048,14,0.000186386023415253,0.000186386023415253,0.000186386023415253,0.000186386023415253,0.000186386023415253,0.000186386023415253,0.000186386023415253,0.000186386023415253,0.000186386023415253,0.000186386023415253,0.000186386023415253,0.000135570793645456,0.000137673952849582,0.000138819130370393,0.000136953589390032,0.000101716796052642,0.000112623936729506,4.97835462738294E-05,5.13793638674542E-05,3.39058242389001E-05,4.06656436098274E-05,3.39403013640549E-05,2.35177340073278E-05,2.70943328359863E-05,3.15855613735039E-05,0.000727363687474281,0.000984843820333481,0.00219965958967805,0.00284482399001718,0.00332949962466955,0.00202001770958304,0.00423473538830876,0.00772184692323208,0.00520081259310246,0.00636478140950203,0.00480442913249135,0.00612212158739567,0.0139339482411742,0.0107398340478539,0.0111050074920058,0.022643867880106,0.0303970295935869,0.0367368273437023,0.0185666512697935,0.0282537881284952,0.0248445495963097,0.0278917234390974,0.0274882484227419,0.0271379482001066,0.017760656774044,0.0301403608173132,0.0275367386639118,0.0302470549941063,0.0250678639858961,0.0270840395241976,0.0283898916095495,0.0291987136006355
1049,2,0.0620720870792866,0.0616470314562321,0.0587568171322346,0.0560314878821373,0.0519213229417801,0.049801878631115,0.0503670275211334,0.0444512851536274,0.0480894222855568,0.0310212429612875,0.0258392747491598,0.0271145757287741,0.0290447231382132,0.0237023867666721,0.036974910646677,0.0394913479685783,0.0442455373704433,0.042587012052536,0.046371828764677,0.0437559634447098,0.047562450170517,0.0520410239696503,0.0545291639864445,0.0561929531395435,0.0611800812184811,0.0654766783118248,0.0674096122384071,0.0726812332868576,0.0798824280500412,0.0736128017306328,0.0834036096930504,0.0986400917172432,0.0954296439886093,0.0955375581979752,0.0913627296686172,0.0868572071194649,0.0869643837213516,0.08510772138834,0.0935549661517143,0.0892878770828247,0.090093620121479,0.0886693671345711,0.0925486385822296,0.0929618403315544,0.0930717587471008,0.0877074375748634,0.0879412740468979,0.0884886905550957,0.0861533880233765,0.0700739845633507,0.0768741145730019,0.0837723612785339,0.0807758197188377,0.0883794948458672,0.08332759141922,0.0747918263077736,0.074087880551815
1049,3,0.192584618926048,0.190876349806786,0.189647972583771,0.191081538796425,0.193465113639832,0.185969799757004,0.181763455271721,0.183840960264206,0.216103628277779,0.212440863251686,0.218113720417023,0.222472488880157,0.223390728235245,0.220007494091988,0.209293931722641,0.20961457490921,0.207426533102989,0.204709619283676,0.200846642255783,0.206678926944733,0.19685086607933,0.198072493076324,0.163542374968529,0.176560327410698,0.199843242764473,0.194267019629478,0.190323650836945,0.176013052463531,0.18228305876255,0.155160292983055,0.123381972312927,0.126814916729927,0.118753872811794,0.121454976499081,0.208133846521378,0.117884039878845,0.199402883648872,0.144718214869499,0.151377946138382,0.136617556214333,0.239013001322746,0.240599200129509,0.239802330732346,0.235367983579636,0.238553777337074,0.238434821367264,0.236384674906731,0.230139076709747,0.228408023715019,0.22839343547821,0.230340272188187,0.224837616086006,0.208720505237579,0.185370966792107,0.200202196836472,0.224376067519188,0.22404782474041
1049,4,0.00477369176223874,0.00339833321049809,0.00680350931361318,0.00516905169934034,0.00696117989718914,0.0106763457879424,0.0121914204210043,0.011535881087184,0.0127468453720212,0.0271725729107857,0.0277595296502113,0.02758171223104,0.0288329310715199,0.0311025008559227,0.0312964506447315,0.0273337326943874,0.0270652510225773,0.0264991503208876,0.0245301313698292,0.0264100227504969,0.0262242369353771,0.0252135582268238,0.0268771704286337,0.0266054645180702,0.0239567700773478,0.0282884165644646,0.0286696944385767,0.033551387488842,0.029318867251277,0.0310440305620432,0.0316737703979015,0.0328819490969181,0.0316649600863457,0.0291169695556164,0.039267934858799,0.0385848470032215,0.042638149112463,0.0431535728275776,0.0445442609488964,0.0444456562399864,0.0469039566814899,0.0473987013101578,0.0459443517029285,0.0513585992157459,0.0428038351237774,0.0419860333204269,0.0522445850074291,0.0612678118050098,0.0597771219909191,0.0594841279089451,0.0628089904785156,0.0587512366473675,0.0610134899616241,0.0668070837855339,0.0756586417555809,0.0774598717689514,0.0741820707917213
1049,5,0.0238016285002232,0.0318134836852551,0.0277587883174419,0.033045556396246,0.0325806885957718,0.0313905701041222,0.0363473743200302,0.03174102678895,0.0342277511954308,0.0337257832288742,0.0317955017089844,0.0288916360586882,0.0297312196344137,0.0357076525688171,0.0279714316129684,0.0286949798464775,0.0230586808174849,0.0210642889142036,0.0181199628859758,0.017823938280344,0.0194883923977613,0.0148208197206259,0.0141112394630909,0.0149004543200135,0.0157586149871349,0.0194867234677076,0.0248301457613707,0.0262816548347473,0.0138455117121339,0.0131876934319735,0.0108467107638717,0.0139540052041411,0.0127563076093793,0.0241344068199396,0.0205639749765396,0.0238225888460875,0.0365989655256271,0.037061545997858,0.038601640611887,0.0396720431745052,0.0405580997467041,0.0405111387372017,0.0368213355541229,0.0396231338381767,0.0395869538187981,0.0383114404976368,0.0347084291279316,0.0352899804711342,0.035539373755455,0.0359844751656055,0.0346067361533642,0.0347970463335514,0.0326697714626789,0.0313824787735939,0.0348310098052025,0.0437562689185143,0.0581625327467918
1049,6,0.0453061945736408,0.0430367738008499,0.0385408811271191,0.0383055694401264,0.0364853851497173,0.0347633138298988,0.0335138738155365,0.0356906689703465,0.0358803272247314,0.0348580256104469,0.0358124189078808,0.0366264916956425,0.0328712612390518,0.0294976625591516,0.0288375504314899,0.0269708503037691,0.0278696846216917,0.0267864223569632,0.0262447465211153,0.02607361972332,0.0255121868103743,0.0248398203402758,0.0245501641184092,0.0246399845927954,0.0257512126117945,0.0279606450349092,0.0293019060045481,0.0280078798532486,0.0268006902188063,0.0268640648573637,0.0263662058860064,0.0265392884612083,0.0257355440407991,0.0244345683604479,0.025464940816164,0.0262006483972073,0.0263088066130877,0.029226154088974,0.0240626391023397,0.0263907350599766,0.0279097091406584,0.0322309546172619,0.0317347161471844,0.035938173532486,0.0337675809860229,0.034931555390358,0.0406196936964989,0.0417530722916126,0.0439056940376759,0.0440121814608574,0.0424837358295918,0.0420557446777821,0.0411351658403873,0.0405931062996387,0.0389477126300335,0.0385796241462231,0.0421514734625816
1049,7,0.00953161995857954,0.0120590124279261,0.0290779732167721,0.0236215051263571,0.0268947910517454,0.0218069422990084,0.0232283268123865,0.0194095987826586,0.0229699369519949,0.0240152422338724,0.0200935415923595,0.0227525047957897,0.0276122391223907,0.0308249313384295,0.0235212370753288,0.0222438145428896,0.0233223289251328,0.0196001417934895,0.0217385981231928,0.0235208366066217,0.0205786898732185,0.0193688757717609,0.0198697503656149,0.0205695014446974,0.0252418294548988,0.0259622987359762,0.0240214932709932,0.0248163733631372,0.025610638782382,0.028877642005682,0.025479543954134,0.0282427798956633,0.026058254763484,0.0283598136156797,0.0327701941132545,0.0263411346822977,0.0292675048112869,0.0240126121789217,0.0337624549865723,0.0250221602618694,0.0247539840638638,0.0195464361459017,0.0210719145834446,0.0172260999679565,0.0190982110798359,0.0180867556482553,0.0164550375193357,0.0150495087727904,0.0114359967410564,0.0166950933635235,0.0140621159225702,0.0158192031085491,0.0160003453493118,0.0293512884527445,0.0321276523172855,0.0390800759196281,0.0331228189170361
1049,8,0.0551111660897732,0.0612912550568581,0.0749608129262924,0.078712023794651,0.0727886706590652,0.0660035163164139,0.0707142725586891,0.0667976140975952,0.0660453364253044,0.0707849562168121,0.0629082471132278,0.061585821211338,0.0678670182824135,0.0875076949596405,0.0925248563289642,0.0882234871387482,0.077508345246315,0.0774242952466011,0.0752689242362976,0.089361272752285,0.0888181924819946,0.089609183371067,0.0907122418284416,0.0862609893083572,0.0762791931629181,0.0742137134075165,0.0657534524798393,0.0543866865336895,0.0503574572503567,0.0491571575403214,0.0471192114055157,0.0517807118594646,0.0523761920630932,0.0492490045726299,0.0476225800812244,0.0449962355196476,0.0416468270123005,0.0367090180516243,0.0402994565665722,0.0408282764256001,0.0381960943341255,0.0279908198863268,0.0281927958130836,0.0268496219068766,0.0255705006420612,0.0241955034434795,0.0273250080645084,0.0264255944639444,0.0243045799434185,0.024647768586874,0.0280965585261583,0.0289158616214991,0.027694808319211,0.030306251719594,0.0341395400464535,0.0327461175620556,0.030238464474678
1049,9,0.0386347249150276,0.0377003327012062,0.0354798287153244,0.036183126270771,0.0355563648045063,0.0349176339805126,0.0344757288694382,0.0337339155375957,0.0342676527798176,0.0502983517944813,0.0369176901876926,0.0373661331832409,0.0354513265192509,0.0359260253608227,0.036356620490551,0.0368883199989796,0.0359344519674778,0.0358923897147179,0.0388659089803696,0.0380288884043694,0.0384094826877117,0.0384708270430565,0.0420530885457993,0.0412063635885715,0.0383587740361691,0.0412586405873299,0.036410715430975,0.0313507877290249,0.0382956862449646,0.0376045778393745,0.0342113748192787,0.0374966636300087,0.0432258993387222,0.0503843687474728,0.0423128753900528,0.0453960560262203,0.0558425113558769,0.0576174296438694,0.0652444809675217,0.0697709619998932,0.0662255883216858,0.0639021024107933,0.0604741610586643,0.0562903583049774,0.0623286888003349,0.0577262528240681,0.0514157824218273,0.0504106022417545,0.0453004837036133,0.0472971871495247,0.0470507405698299,0.0455844402313232,0.044309675693512,0.0441531464457512,0.047167893499136,0.0504829920828342,0.0468276254832745
1049,12,0.0132843991741538,0.0132843991741538,0.0132843991741538,0.0132843991741538,0.0132843991741538,0.0132843991741538,0.0132843991741538,0.0132843991741538,0.0132843991741538,0.0132843991741538,0.0132843991741538,0.0118644833564758,0.0100589720532298,0.0112453941255808,0.0131591940298676,0.0096159465610981,0.0100639266893268,0.0104332752525806,0.0112087307497859,0.0183072201907635,0.0193265154957771,0.0510235726833344,0.238849565386772,0.208414152264595,0.186900436878204,0.194672808051109,0.1756811439991,0.191280603408813,0.20209738612175,0.23638641834259,0.217474609613419,0.184527784585953,0.153180524706841,0.158618003129959,0.202488243579865,0.183240920305252,0.188540577888489,0.167663171887398,0.148407548666,0.156557634472847,0.139528974890709,0.124387100338936,0.118077553808689,0.113291323184967,0.0945561453700066,0.100208297371864,0.0896557867527008,0.0873731225728989,0.076927587389946,0.0745189860463142,0.0736182108521461,0.066571518778801,0.0642527937889099,0.0624641701579094,0.054582804441452,0.0506818667054176,0.0465941205620766
1049,13,0,0.273943185806274,0.210780039429665,0.210780039429665,0.209811881184578,0.208734840154648,0.208734840154648,0.208282962441444,0.208282962441444,0.208282962441444,0.202916458249092,0.193100586533546,0.193615347146988,0.196475818753242,0.203419163823128,0.206631183624268,0.20154681801796,0.220072194933891,0.226207762956619,0.232495650649071,0.226944327354431,0.221390873193741,0.217559069395065,0.214811220765114,0.211907610297203,0.21079920232296,0.201583594083786,0.211585327982903,0.220346495509148,0.215897843241692,0.21945483982563,0.211642056703568,0.21319754421711,0.218112722039223,0.216839700937271,0.218213990330696,0.219924286007881,0.217600747942925,0.21204137802124,0.215461298823357,0.217983052134514,0.225967973470688,0.228032439947128,0.229549154639244,0.222681298851967,0.212018817663193,0.217954635620117,0.21138733625412,0.193632185459137,0.211225464940071,0.224039927124977,0.210428029298782,0.195607006549835,0.185032814741135,0.176613554358482,0.194236233830452,0.160583645105362
1049,14,0.000925601285416633,0.000925601285416633,0.000925601285416633,0.000925601285416633,0.000925601285416633,0.000925601285416633,0.000925601285416633,0.000925601285416633,0.000925601285416633,0.000925601285416633,0.000925601285416633,0.000969450164120644,0.000884105393197387,0.000370183290215209,0.000472496205475181,0.00151392933912575,0.00172696472145617,0.00189248425886035,0.00390297872945666,0.00137644866481423,0.0012139534810558,0.00935782492160797,0.00852053333073854,0.0106467120349407,0.0100387278944254,0.00893665850162506,0.014780574478209,0.0182977374643087,0.0176822189241648,0.0234256684780121,0.0246675200760365,0.0256235580891371,0.0291146747767925,0.0199347157031298,0.0215283203870058,0.0376866795122623,0.0506620891392231,0.0301220417022705,0.0221087448298931,0.0235243681818247,0.0288182683289051,0.0278827995061874,0.034934040158987,0.0429357625544071,0.0428652800619602,0.046336866915226,0.032291267067194,0.0158832427114248,0.027401015162468,0.0307022668421268,0.0263077076524496,0.0269770976155996,0.0190982539206743,0.016746586188674,0.0197468735277653,0.0352377630770206,0.0354864597320557
1050,2,0.0816754996776581,0.089977040886879,0.0875687599182129,0.0853842347860336,0.0798909366130829,0.0788117274641991,0.0786431357264519,0.0681955143809319,0.07370226085186,0.0489195734262466,0.0457767583429813,0.045671671628952,0.0484375543892384,0.0443908497691154,0.0465635173022747,0.0461230054497719,0.0466851331293583,0.0455531291663647,0.0319783315062523,0.0280535463243723,0.0318215824663639,0.0409122444689274,0.0394620299339294,0.0382518954575062,0.030661977827549,0.041827704757452,0.0392057448625565,0.048825841397047,0.0370299853384495,0.037813775241375,0.0342320017516613,0.033357173204422,0.0351193137466908,0.0368075110018253,0.0386776365339756,0.0355589054524899,0.0332665592432022,0.0321358703076839,0.0296064335852861,0.0273891892284155,0.0275390781462193,0.021832562983036,0.0261719487607479,0.0340355895459652,0.0413716211915016,0.0397622399032116,0.0749585628509521,0.0697242170572281,0.069526270031929,0.0699948891997337,0.0653180778026581,0.0634865164756775,0.0649011433124542,0.0754832103848457,0.0688627660274506,0.0586738176643848,0.0561444610357285
1050,3,0.26830068230629,0.266483902931213,0.263677477836609,0.266452074050903,0.269868522882462,0.257646918296814,0.251153528690338,0.255085289478302,0.201034754514694,0.195912435650826,0.201149821281433,0.203312709927559,0.204711183905602,0.200208574533463,0.187573090195656,0.186410084366798,0.185309156775475,0.181461825966835,0.204378291964531,0.216518670320511,0.204986333847046,0.195329204201698,0.153417304158211,0.163617536425591,0.174089446663857,0.146935567259789,0.166369661688805,0.145142316818237,0.15224801003933,0.128236442804337,0.109541907906532,0.106076471507549,0.0897028148174286,0.0946095585823059,0.187597349286079,0.12334069609642,0.0814295262098312,0.0908261835575104,0.0895319655537605,0.0699586048722267,0.133723676204681,0.139337763190269,0.136888012290001,0.134032770991325,0.132019773125648,0.132560536265373,0.133276373147964,0.128066912293434,0.127335414290428,0.124880865216255,0.125227212905884,0.123054504394531,0.0916121304035187,0.0526648834347725,0.0791522040963173,0.118966437876225,0.117502339184284
1050,4,0.00714138662442565,0.00616701412945986,0.00844762194901705,0.00695347273722291,0.00863258261233568,0.00919517688453197,0.0103746633976698,0.0103913526982069,0.0120230838656425,0.0246916487812996,0.0145202307030559,0.0151627445593476,0.0140827195718884,0.0146697359159589,0.0155117427930236,0.0138869322836399,0.0150478826835752,0.0160591267049313,0.0187787171453238,0.023572338744998,0.0247181225568056,0.0279854238033295,0.0344469361007214,0.0367625765502453,0.035935178399086,0.0422471724450588,0.0436750836670399,0.0399310700595379,0.0327504128217697,0.0293571967631578,0.0325278751552105,0.0355051420629025,0.0348212607204914,0.0344168022274971,0.0348912328481674,0.0348251983523369,0.0355770215392113,0.0346913635730743,0.0352697186172009,0.0336217507719994,0.0343396440148354,0.0364054180681705,0.0353993996977806,0.0416548736393452,0.0366272479295731,0.0391018204391003,0.0505746155977249,0.0514255166053772,0.0527569688856602,0.0560204982757568,0.0568901561200619,0.0560340955853462,0.0583954080939293,0.0554796643555164,0.0502251833677292,0.0513047091662884,0.047037560492754
1050,5,0.0180267337709665,0.0272418558597565,0.0228337030857801,0.0301437005400658,0.0322781801223755,0.0306436624377966,0.0311063807457685,0.0312666334211826,0.0348146557807922,0.0331260487437248,0.0350231789052486,0.034299548715353,0.0300067532807589,0.0370947979390621,0.0433349125087261,0.0310649182647467,0.0308600775897503,0.0364093072712421,0.0297004133462906,0.0281158816069365,0.0281028561294079,0.0229691583663225,0.0195525232702494,0.0211373530328274,0.016529954969883,0.0172081310302019,0.0191937126219273,0.0229463893920183,0.02199468575418,0.0189759060740471,0.0168698448687792,0.0162989180535078,0.0168571621179581,0.0157466679811478,0.0122920302674174,0.0134573895484209,0.0155079113319516,0.0140324607491493,0.0162314344197512,0.0168568510562181,0.0181776992976666,0.0181226078420877,0.0146050788462162,0.0250869635492563,0.0220356918871403,0.0193523280322552,0.0175572652369738,0.0159214045852423,0.0184065811336041,0.0189864113926888,0.0199238508939743,0.0202087350189686,0.0206154324114323,0.0223283357918262,0.0260237734764814,0.0297310631722212,0.0430956557393074
1050,6,0.0451317653059959,0.0415169075131416,0.0374328456819057,0.0369573906064034,0.0347330048680305,0.0325989909470081,0.0321177989244461,0.0337234996259212,0.0329999923706055,0.0328815132379532,0.035886362195015,0.0370077788829803,0.0331154093146324,0.0293860957026482,0.0288279615342617,0.0272815227508545,0.0280472151935101,0.0265327543020248,0.0266774781048298,0.0262580923736095,0.02441799454391,0.0203647278249264,0.0192255266010761,0.0177993476390839,0.0187265370041132,0.0195286888629198,0.0201495736837387,0.0218232106417418,0.0225051641464233,0.0194783881306648,0.018340514972806,0.0182902682572603,0.0171020980924368,0.0148911597207189,0.0230151414871216,0.0216082949191332,0.0227172616869211,0.0253054928034544,0.0270389001816511,0.0271720327436924,0.0276907254010439,0.0332768708467484,0.0301273800432682,0.0313255302608013,0.0282770823687315,0.0268024206161499,0.0353789031505585,0.0373759567737579,0.0355012677609921,0.0378251150250435,0.0352410972118378,0.0339022502303123,0.0305144153535366,0.031442403793335,0.0292263645678759,0.0297858398407698,0.0310773141682148
1050,7,0.00880301557481289,0.011550129391253,0.0284364111721516,0.0230987016111612,0.0266384594142437,0.0212151110172272,0.0224620141088963,0.0188338439911604,0.0223649609833956,0.0232160240411758,0.0181818976998329,0.0226379949599504,0.0257185641676188,0.028224291279912,0.0209441799670458,0.0183181688189507,0.0188431423157454,0.0147559391334653,0.0149210542440414,0.0124158822000027,0.0114152478054166,0.00873604323714972,0.0086491797119379,0.00919745024293661,0.0108278524130583,0.0107928607612848,0.00918340310454369,0.00947598461061716,0.0107422322034836,0.00990053825080395,0.00890139304101467,0.00963929109275341,0.00965145882219076,0.00980229116976261,0.00811442080885172,0.00696673290804029,0.00646896520629525,0.00611117854714394,0.00675922958180308,0.00602799793705344,0.0067393071949482,0.00708625186234713,0.00707433419302106,0.00638860696926713,0.00642945012077689,0.00512113282456994,0.00352543988265097,0.00382802868261933,0.0026371399872005,0.00295630330219865,0.00347612146288157,0.0046965298242867,0.00601878948509693,0.00476662302389741,0.00458516646176577,0.00497893337160349,0.00372318318113685
1050,8,0.0688394457101822,0.0745507851243019,0.0893093645572662,0.0939085930585861,0.0892874523997307,0.0853293538093567,0.0890974104404449,0.0849763303995132,0.087589792907238,0.0877796784043312,0.0756856203079224,0.0721443518996239,0.079733595252037,0.0999986305832863,0.0995348691940308,0.0980738624930382,0.0853761285543442,0.0825986564159393,0.0799516886472702,0.0924553573131561,0.0952180922031403,0.100647553801537,0.104689754545689,0.101617239415646,0.0917088687419891,0.0911461487412453,0.0854517370462418,0.069410651922226,0.0604899190366268,0.056230042129755,0.0525698252022266,0.0583971366286278,0.0612058900296688,0.0602231025695801,0.0583813041448593,0.0572313889861107,0.0587890595197678,0.0472197644412518,0.0412671379745007,0.0367652475833893,0.0331627391278744,0.0178746767342091,0.0211274921894073,0.0193726979196072,0.0471068285405636,0.0504141226410866,0.0216879043728113,0.0425833985209465,0.0392173863947392,0.0400139540433884,0.0464514158666134,0.0426639206707478,0.0490246750414371,0.0468891747295856,0.0508937165141106,0.0489379093050957,0.0423556827008724
1050,9,0.112120851874352,0.111199103295803,0.108255311846733,0.107856437563896,0.106501117348671,0.104036420583725,0.104631744325161,0.10347556322813,0.104236036539078,0.11523375660181,0.10426177084446,0.105655640363693,0.102671161293983,0.102983094751835,0.103194430470467,0.104577153921127,0.10062924772501,0.100456193089485,0.0887994691729546,0.0800474509596825,0.0654641017317772,0.0644343793392181,0.0699009522795677,0.0709053874015808,0.0699151754379272,0.073758065700531,0.104354411363602,0.119935743510723,0.0707339569926262,0.0863693878054619,0.0823494046926498,0.0880074128508568,0.0820579156279564,0.0873058959841728,0.0800118073821068,0.0818585753440857,0.109047077596188,0.108174696564674,0.0908529907464981,0.0871859341859818,0.0794781744480133,0.0764410719275475,0.0712650790810585,0.0702179670333862,0.0795696824789047,0.0757950767874718,0.0766899138689041,0.0880874544382095,0.0852775797247887,0.0872877389192581,0.0862200334668159,0.0838716849684715,0.0802775621414185,0.0825536251068115,0.0816206634044647,0.0853634104132652,0.0813274085521698
1050,10,0.0117022106423974,0.0112423496320844,0.0114222206175327,0.0110598718747497,0.010917903855443,0.0104658044874668,0.00992390047758818,0.00975796580314636,0.0134949879720807,0.00908016599714756,0.00924663431942463,0.00965151749551296,0.00994518585503101,0.0102383363991976,0.00938820093870163,0.00937683321535587,0.00899320654571056,0.00896928273141384,0.0100675728172064,0.0106150405481458,0.0113870417699218,0.00958880316466093,0.0100850500166416,0.0101794609799981,0.00885296519845724,0.00800827145576477,0.00715994648635387,0.00759898079559207,0.00769683998078108,0.00779107585549355,0.00711933290585876,0.00644873548299074,0.00577359413728118,0.00451654428616166,0.00353982346132398,0.00309745431877673,0.0015431740321219,0.00446953857317567,0.00732323480769992,0.0102190626785159,0.0125808520242572,0.0115658110007644,0.0132357636466622,0.010984119027853,0.00982655119150877,0.00983687769621611,0.0112211685627699,0.0122123705223203,0.0130065754055977,0.0134141007438302,0.0142531301826239,0.0149254510179162,0.0152985407039523,0.0166811812669039,0.01610117405653,0.017056081444025,0.018602030351758
1050,12,0.0135063119232655,0.0135063119232655,0.0135063119232655,0.0135063119232655,0.0135063119232655,0.0135063119232655,0.0135063119232655,0.0135063119232655,0.0135063119232655,0.0135063119232655,0.0135063119232655,0.0119172725826502,0.0102403499186039,0.0115874418988824,0.0135008571669459,0.00983439292758703,0.0101310918107629,0.0105138821527362,0.0113358441740274,0.0183283053338528,0.0193531401455402,0.051014669239521,0.238323450088501,0.206623464822769,0.18588687479496,0.193444982171059,0.198900118470192,0.19313171505928,0.203604862093925,0.237204670906067,0.22184157371521,0.18651869893074,0.154950723052025,0.15850518643856,0.202544242143631,0.182004749774933,0.187722697854042,0.166982412338257,0.148594304919243,0.154340595006943,0.134783819317818,0.119106620550156,0.110539056360722,0.111910209059715,0.0941888988018036,0.099431149661541,0.0896625816822052,0.0903928428888321,0.0793294087052345,0.0750537142157555,0.0729676783084869,0.0645854920148849,0.063112847507,0.0596930235624313,0.052851740270853,0.0491258539259434,0.0451235361397266
1050,13,0,0.268488228321075,0.206582829356194,0.206582829356194,0.205633938312531,0.204578340053558,0.204578340053558,0.204135462641716,0.204135462641716,0.204135462641716,0.198875829577446,0.18925541639328,0.190001204609871,0.193848729133606,0.267121583223343,0.26050391793251,0.252166926860809,0.255256533622742,0.21242643892765,0.19839796423912,0.189011856913567,0.185685664415359,0.177899405360222,0.172316014766693,0.177850157022476,0.171747371554375,0.162354618310928,0.197221308946609,0.197324112057686,0.201407089829445,0.20735365152359,0.204808071255684,0.186664715409279,0.188662737607956,0.181758090853691,0.178089782595634,0.164636641740799,0.155373677611351,0.159580558538437,0.165145561099052,0.153002113103867,0.135167226195335,0.129104122519493,0.1196333989501,0.137067958712578,0.137530207633972,0.134267911314964,0.13359759747982,0.130637109279633,0.0927316695451736,0.0902014970779419,0.113292865455151,0.0963129550218582,0.0856864452362061,0.0612600147724152,0.105838984251022,0.126006469130516
1050,14,0.000268340110778809,0.000268340110778809,0.000268340110778809,0.000268340110778809,0.000268340110778809,0.000268340110778809,0.000268340110778809,0.000268340110778809,0.000268340110778809,0.000268340110778809,0.000268340110778809,0.000175623645191081,0.000187266850844026,0.000248434342211112,0.000238879190874286,0.000125308317365125,0.000145015306770802,0.00171758409123868,0.00239640497602522,0.00102016888558865,0.0011907770531252,0.00590972416102886,0.00646298145875335,0.00612525315955281,0.00699947727844119,0.00626002671197057,0.0103944288566709,0.0151223847642541,0.0134645299986005,0.0172336716204882,0.0178468599915504,0.0203335676342249,0.028933497145772,0.0197227727621794,0.0227249395102263,0.0211493689566851,0.0217368379235268,0.0316096134483814,0.02279032766819,0.0183441769331694,0.035547774285078,0.043572660535574,0.0463116504251957,0.0246820151805878,0.0392528250813484,0.0357087105512619,0.0347457304596901,0.0315993875265121,0.0328073836863041,0.0236455202102661,0.0347229167819023,0.031392328441143,0.0332118049263954,0.0267110578715801,0.0292474050074816,0.035070363432169,0.0356186591088772
1051,2,0.00644625350832939,0.00561197753995657,0.00591827882453799,0.00578457955271006,0.00835998263210058,0.0099020954221487,0.0112414825707674,0.0116889262571931,0.00605498673394322,0.0150098446756601,0.00932998955249786,0.00681743444874883,0.00777800939977169,0.0078171556815505,0.00836650561541319,0.00849312171339989,0.00896943919360638,0.00903795473277569,0.00913676340132952,0.00813352502882481,0.00796239078044891,0.00797126162797213,0.00769844185560942,0.00734687503427267,0.00737823219969869,0.00740006798878312,0.00679550087079406,0.00661283591762185,0.00617837626487017,0.00584053620696068,0.00544289499521255,0.00550399487838149,0.00486478954553604,0.00439354963600636,0.00405588839203119,0.00367842661216855,0.00339538184925914,0.00323679484426975,0.00294327479787171,0.00268792314454913,0.00266840355470777,0.00256825448013842,0.00236562523059547,0.00220920611172915,0.00224296469241381,0.00215803971514106,0.00191828003153205,0.00193779950495809,0.001851218752563,0.00199757376685739,0.00183010590262711,0.00176096835639328,0.00166164920665324,0.00201909150928259,0.00170145789161325,0.00152113777585328,0.00155076966620982
1051,3,0,0,0,0,0,0,0,0,0,0,0,0,0,0,0,0,0,0,0,0,0,0,0,0,0,0,0,0,0,0,0,0,0,0,0,0,0,0,0,0.0007319898577407,0.000680551631376147,0.000272442150162533,0.000142253280500881,3.64098304999061E-05,6.59210709272884E-05,4.81231218145695E-05,3.06081019516569E-05,2.69944412139012E-05,2.40772496908903E-05,2.17728538700612E-05,1.93983469216619E-05,1.63392978720367E-05,5.94105549680535E-05,0.00018930523947347,0.00014876332716085,0.000123910183901899,8.82019594428129E-05
1051,4,0.0243134927004576,0.0234401524066925,0.0247598737478256,0.0229602828621864,0.0260060429573059,0.023546639829874,0.0222188904881477,0.0187537185847759,0.0187149904668331,0.0182223245501518,0.017837155610323,0.017377832904458,0.0169068593531847,0.0166859328746796,0.0174414571374655,0.020233690738678,0.0211335606873035,0.0215433277189732,0.0206241495907307,0.0185776632279158,0.0200569741427898,0.0201767981052399,0.0198360309004784,0.0196678880602121,0.0191397294402123,0.0168698914349079,0.0164051074534655,0.0176864676177502,0.0170408003032207,0.0164118986576796,0.0183683224022388,0.0168277304619551,0.016196358948946,0.0175409633666277,0.0170029681175947,0.0165552608668804,0.015712620690465,0.0156446006149054,0.0153107410296798,0.0146482139825821,0.0141973095014691,0.0129847880452871,0.0128044355660677,0.0129288043826818,0.0129512175917625,0.0139346262440085,0.0119598545134068,0.011537722311914,0.0114462841302156,0.0114269563928246,0.0105597646906972,0.0107207242399454,0.0106205632910132,0.0101888617500663,0.00937893893569708,0.00943839736282825,0.00936816353350878
1051,5,0.00204391474835575,0.000250624609179795,5.40828150406014E-05,3.05649227811955E-05,0.000321737577905878,0.000167430320288986,0.000286358699668199,0.000183393669431098,0.000145945450640284,0.000164731070981361,0.000212182174436748,0.000124725673231296,0.00121125450823456,0.000456025009043515,0.00472321966663003,0.00474943313747644,0.00433363672345877,0.00562951434403658,0.00582694867625833,0.00384550075978041,0.00447769835591316,0.0035558114759624,0.00246045622043312,0.00135537364985794,0.00195492175407708,0.00121446221601218,0.000409613130614161,0.000587943533901125,0.000438650458818302,0.000407569023082033,0.000443285854998976,0.000392585759982467,0.000457729416666552,0.000689466600306332,0.000580843188799918,0.000800346839241683,0.00111348810605705,0.000916523800697178,0.000821194495074451,0.00099591352045536,0.000788402743637562,0.00029307501972653,0.00142837793100625,0.00144041911698878,0.00289543205872178,0.00359504832886159,0.0031567697878927,0.00554772512987256,0.00567866303026676,0.00542309042066336,0.00452799303457141,0.00487869745120406,0.00353800202719867,0.00260785152204335,0.00232790550217032,0.00359023734927177,0.00258419360034168
1051,6,0.0112750325351954,0.0108974827453494,0.0114702265709639,0.011657752096653,0.0129392985254526,0.0132704339921474,0.0132547616958618,0.0113093769177794,0.0106570720672607,0.0113094821572304,0.0103312293067575,0.0104176346212626,0.0104711893945932,0.010578834451735,0.0106254545971751,0.0134052038192749,0.0128935938701034,0.0125427795574069,0.0123718697577715,0.0109531441703439,0.0124686928465962,0.0123442634940147,0.0124923409894109,0.0122552299872041,0.0118174990639091,0.0106045734137297,0.00991530809551477,0.0103895040228963,0.00956969521939754,0.00882259104400873,0.0079706646502018,0.00836869794875383,0.00834635179489851,0.00925459340214729,0.00834869593381882,0.00838192738592625,0.00864586140960455,0.00850398745387793,0.00899611972272396,0.00824997387826443,0.00679259561002254,0.00693851057440043,0.00699348468333483,0.00640265503898263,0.00641530891880393,0.00600747112184763,0.00570487743243575,0.00551770161837339,0.00590572087094188,0.00705391773954034,0.00860435049980879,0.00830911379307508,0.00915960501879454,0.00854145921766758,0.00924763642251492,0.00888945441693068,0.00828857999294996
1051,7,0,0,0,0,0,0,0,0,0,0,0,0,0,0,0,0,0,0,0,0,0,0,1.49697348206246E-06,3.60945523425471E-06,0.000256888277363032,0.000296396610792726,0.000293863413389772,0.000459725211840123,0.0025998018682003,0.000956341158598661,0.00105191778857261,0.000840577878989279,0.00116206402890384,0.00226387660950422,0.002874372061342,0.00216842722147703,0.000732343061827123,0.000840612745378166,0.000940860772971064,0.00115595536772162,0.00195920886471868,0.0027251155115664,0.0030450823251158,0.00369246187619865,0.00176564638968557,0.00160965858958662,0.00191545241978019,0.000825875031296164,0.0016181425889954,0.00282132579013705,0.00476592127233744,0.00345831480808556,0.00251988740637898,0.0020273681730032,0.00220073666423559,0.00163370301015675,0.00156717037316412
1051,8,0.00914088729768991,0.0126777468249202,0.00818884558975697,0.00926975067704916,0.00672483304515481,0.00750135397538543,0.00812370050698519,0.00590567151084542,0.00331003032624722,0.00564150419086218,0.00659335637465119,0.00660447916015983,0.00493975589051843,0.00401691067963839,0.00468863360583782,0.00628511887043715,0.00936225149780512,0.0111732855439186,0.0121093392372131,0.0108457012102008,0.00963801983743906,0.0102604124695063,0.00970727857202291,0.0107870614156127,0.0121225509792566,0.0107372272759676,0.0111088948324323,0.014516375027597,0.0166473668068647,0.0174526497721672,0.0192518122494221,0.0164082534611225,0.0173063948750496,0.0190033335238695,0.0194083284586668,0.0195233095437288,0.019648490473628,0.0220652651041746,0.0216959826648235,0.0225386973470449,0.0234775952994823,0.0241644810885191,0.022109892219305,0.0223556160926819,0.0215393360704184,0.0225110724568367,0.023369649425149,0.0229553133249283,0.0222355723381042,0.0201465915888548,0.0169713739305735,0.0181999411433935,0.0169871039688587,0.0181590896099806,0.0168936382979155,0.0173578150570393,0.0192531310021877
1051,10,0.0266032628715038,0.0266023576259613,0.0262325555086136,0.0266760494560003,0.0258427634835243,0.0250487979501486,0.0233323760330677,0.0224844496697187,0.0107021406292915,0.0171547047793865,0.0152512928470969,0.0141638079658151,0.0129063483327627,0.011733990162611,0.0147767104208469,0.0143051277846098,0.013168971054256,0.012665331363678,0.0124672735109925,0.0127359889447689,0.0139867383986712,0.0131655130535364,0.0142262885347009,0.0147336544468999,0.0131084639579058,0.012180682271719,0.0136225419119,0.0157217644155025,0.0170909017324448,0.0184899363666773,0.0180098041892052,0.0173399168998003,0.0155837647616863,0.0138995973393321,0.012669668532908,0.0132456766441464,0.0119131375104189,0.0112774139270186,0.011043643578887,0.0109893176704645,0.0105129554867744,0.0100983930751681,0.0113617945462465,0.00946205668151379,0.00808788184076548,0.00801210384815931,0.0081707201898098,0.00826092436909676,0.00823115929961205,0.00797158200293779,0.00791031029075384,0.00778276799246669,0.00760966306552291,0.00771480705589056,0.0070394235663116,0.00703549711033702,0.00734660634770989
1051,11,0,0,0,0,0,0,0,0,0.0254367310553789,0.0271830596029758,0.0276386067271233,0.0290113613009453,0.027419263496995,0.0233966428786516,0.0193074438720942,0.0198921635746956,0.0213123671710491,0.0209903214126825,0.019141661003232,0.0188969522714615,0.018600556999445,0.0187982246279716,0.0197451952844858,0.0193894915282726,0.0190144889056683,0.0188474114984274,0.0192042831331491,0.0194617491215467,0.019786586984992,0.0198783949017525,0.0197104718536139,0.0172247663140297,0.0163510385900736,0.0140273254364729,0.014637335203588,0.0143237244337797,0.0141093591228127,0.014691298827529,0.0141217997297645,0.0128600457683206,0.0141436941921711,0.013577664270997,0.0135724078863859,0.0133490990847349,0.0133718457072973,0.0137436902150512,0.0136430552229285,0.0134531147778034,0.0132993096485734,0.0132856843993068,0.0131030464544892,0.0112800747156143,0.0119939120486379,0.0126988301053643,0.0129667269065976,0.011069274507463,0.0104950591921806
1051,14,0,0,0,0,0,0,0,0,0,0,0,0,0,0,0,0,0,0,0,0,0,0,0,0,0,0,0.000628668232820928,0.000734548317268491,0.000656852964311838,0.000555367558263242,0.000505163101479411,0.00037239256198518,0.00030166277429089,0.000156477122800425,0.000154638473759405,0.000197339890291914,0.000151277345139533,5.7326840760652E-05,0.000117276031232905,0.000137305396492593,9.68980457400903E-05,8.52051089168526E-05,7.35480789444409E-05,7.45771467336454E-05,7.03006371622905E-05,7.86531018093228E-05,0.000100481855042744,0.00013337197015062,0.000226858843234368,0.000224532050197013,0.00021433770598378,0.000217611479456536,0.000200243448489346,0.000108826330688316,0.000102519319625571,9.15471464395523E-05,9.23101033549756E-05
1052,2,0.00644625350832939,0.00561197753995657,0.00591827882453799,0.00578457955271006,0.00835998263210058,0.0099020954221487,0.0112414825707674,0.0116889262571931,0.00605498673394322,0.0150098446756601,0.00932998955249786,0.00681743444874883,0.00777800939977169,0.0078171556815505,0.00836650561541319,0.00849312171339989,0.00896943919360638,0.00903795473277569,0.00913676340132952,0.00813352502882481,0.00796239078044891,0.00797126162797213,0.00769844185560942,0.00734687503427267,0.00737823219969869,0.00740006798878312,0.00679550087079406,0.00661283591762185,0.00617837626487017,0.00584053620696068,0.00544289499521255,0.00550399487838149,0.00486478954553604,0.00439354963600636,0.00405588839203119,0.00367842661216855,0.00339538184925914,0.00323679484426975,0.00294327479787171,0.00268792314454913,0.00266840355470777,0.00256825448013842,0.00236562523059547,0.00220920611172915,0.00224296469241381,0.00215803971514106,0.00191828003153205,0.00193779950495809,0.001851218752563,0.00199757376685739,0.00183010590262711,0.00176096835639328,0.00166164920665324,0.00201909150928259,0.00170145789161325,0.00152113777585328,0.00155076966620982
1052,3,0,0,0,0,0,0,0,0,0,0,0,0,0,0,0,0,0,0,0,0,0,0,0,0,0,0,0,0,0,0,0,0,0,0,0,0,0,0,0,0.0007319898577407,0.000680551631376147,0.000272442150162533,0.000142253280500881,3.64098304999061E-05,6.59210709272884E-05,4.81231218145695E-05,3.06081019516569E-05,2.69944412139012E-05,2.40772496908903E-05,2.17728538700612E-05,1.93983469216619E-05,1.63392978720367E-05,5.94105549680535E-05,0.00018930523947347,0.00014876332716085,0.000123910183901899,8.82019594428129E-05
1052,4,0.0243134927004576,0.0234401524066925,0.0247598737478256,0.0229602828621864,0.0260060429573059,0.023546639829874,0.0222188904881477,0.0187537185847759,0.0187149904668331,0.0182223245501518,0.017837155610323,0.017377832904458,0.0169068593531847,0.0166859328746796,0.0174414571374655,0.020233690738678,0.0211335606873035,0.0215433277189732,0.0206241495907307,0.0185776632279158,0.0200569741427898,0.0201767981052399,0.0198360309004784,0.0196678880602121,0.0191397294402123,0.0168698914349079,0.0164051074534655,0.0176864676177502,0.0170408003032207,0.0164118986576796,0.0183683224022388,0.0168277304619551,0.016196358948946,0.0175409633666277,0.0170029681175947,0.0165552608668804,0.015712620690465,0.0156446006149054,0.0153107410296798,0.0146482139825821,0.0141973095014691,0.0129847880452871,0.0128044355660677,0.0129288043826818,0.0129512175917625,0.0139346262440085,0.0119598545134068,0.011537722311914,0.0114462841302156,0.0114269563928246,0.0105597646906972,0.0107207242399454,0.0106205632910132,0.0101888617500663,0.00937893893569708,0.00943839736282825,0.00936816353350878
1052,5,0.00204391474835575,0.000250624609179795,5.40828150406014E-05,3.05649227811955E-05,0.000321737577905878,0.000167430320288986,0.000286358699668199,0.000183393669431098,0.000145945450640284,0.000164731070981361,0.000212182174436748,0.000124725673231296,0.00121125450823456,0.000456025009043515,0.00472321966663003,0.00474943313747644,0.00433363672345877,0.00562951434403658,0.00582694867625833,0.00384550075978041,0.00447769835591316,0.0035558114759624,0.00246045622043312,0.00135537364985794,0.00195492175407708,0.00121446221601218,0.000409613130614161,0.000587943533901125,0.000438650458818302,0.000407569023082033,0.000443285854998976,0.000392585759982467,0.000457729416666552,0.000689466600306332,0.000580843188799918,0.000800346839241683,0.00111348810605705,0.000916523800697178,0.000821194495074451,0.00099591352045536,0.000788402743637562,0.00029307501972653,0.00142837793100625,0.00144041911698878,0.00289543205872178,0.00359504832886159,0.0031567697878927,0.00554772512987256,0.00567866303026676,0.00542309042066336,0.00452799303457141,0.00487869745120406,0.00353800202719867,0.00260785152204335,0.00232790550217032,0.00359023734927177,0.00258419360034168
1052,6,0.0112750325351954,0.0108974827453494,0.0114702265709639,0.011657752096653,0.0129392985254526,0.0132704339921474,0.0132547616958618,0.0113093769177794,0.0106570720672607,0.0113094821572304,0.0103312293067575,0.0104176346212626,0.0104711893945932,0.010578834451735,0.0106254545971751,0.0134052038192749,0.0128935938701034,0.0125427795574069,0.0123718697577715,0.0109531441703439,0.0124686928465962,0.0123442634940147,0.0124923409894109,0.0122552299872041,0.0118174990639091,0.0106045734137297,0.00991530809551477,0.0103895040228963,0.00956969521939754,0.00882259104400873,0.0079706646502018,0.00836869794875383,0.00834635179489851,0.00925459340214729,0.00834869593381882,0.00838192738592625,0.00864586140960455,0.00850398745387793,0.00899611972272396,0.00824997387826443,0.00679259561002254,0.00693851057440043,0.00699348468333483,0.00640265503898263,0.00641530891880393,0.00600747112184763,0.00570487743243575,0.00551770161837339,0.00590572087094188,0.00705391773954034,0.00860435049980879,0.00830911379307508,0.00915960501879454,0.00854145921766758,0.00924763642251492,0.00888945441693068,0.00828857999294996
1052,7,0,0,0,0,0,0,0,0,0,0,0,0,0,0,0,0,0,0,0,0,0,0,1.49697348206246E-06,3.60945523425471E-06,0.000256888277363032,0.000296396610792726,0.000293863413389772,0.000459725211840123,0.0025998018682003,0.000956341158598661,0.00105191778857261,0.000840577878989279,0.00116206402890384,0.00226387660950422,0.002874372061342,0.00216842722147703,0.000732343061827123,0.000840612745378166,0.000940860772971064,0.00115595536772162,0.00195920886471868,0.0027251155115664,0.0030450823251158,0.00369246187619865,0.00176564638968557,0.00160965858958662,0.00191545241978019,0.000825875031296164,0.0016181425889954,0.00282132579013705,0.00476592127233744,0.00345831480808556,0.00251988740637898,0.0020273681730032,0.00220073666423559,0.00163370301015675,0.00156717037316412
1052,8,0.00914088729768991,0.0126777468249202,0.00818884558975697,0.00926975067704916,0.00672483304515481,0.00750135397538543,0.00812370050698519,0.00590567151084542,0.00331003032624722,0.00564150419086218,0.00659335637465119,0.00660447916015983,0.00493975589051843,0.00401691067963839,0.00468863360583782,0.00628511887043715,0.00936225149780512,0.0111732855439186,0.0121093392372131,0.0108457012102008,0.00963801983743906,0.0102604124695063,0.00970727857202291,0.0107870614156127,0.0121225509792566,0.0107372272759676,0.0111088948324323,0.014516375027597,0.0166473668068647,0.0174526497721672,0.0192518122494221,0.0164082534611225,0.0173063948750496,0.0190033335238695,0.0194083284586668,0.0195233095437288,0.019648490473628,0.0220652651041746,0.0216959826648235,0.0225386973470449,0.0234775952994823,0.0241644810885191,0.022109892219305,0.0223556160926819,0.0215393360704184,0.0225110724568367,0.023369649425149,0.0229553133249283,0.0222355723381042,0.0201465915888548,0.0169713739305735,0.0181999411433935,0.0169871039688587,0.0181590896099806,0.0168936382979155,0.0173578150570393,0.0192531310021877
1052,10,0.0266032628715038,0.0266023576259613,0.0262325555086136,0.0266760494560003,0.0258427634835243,0.0250487979501486,0.0233323760330677,0.0224844496697187,0.0107021406292915,0.0171547047793865,0.0152512928470969,0.0141638079658151,0.0129063483327627,0.011733990162611,0.0147767104208469,0.0143051277846098,0.013168971054256,0.012665331363678,0.0124672735109925,0.0127359889447689,0.0139867383986712,0.0131655130535364,0.0142262885347009,0.0147336544468999,0.0131084639579058,0.012180682271719,0.0136225419119,0.0157217644155025,0.0170909017324448,0.0184899363666773,0.0180098041892052,0.0173399168998003,0.0155837647616863,0.0138995973393321,0.012669668532908,0.0132456766441464,0.0119131375104189,0.0112774139270186,0.011043643578887,0.0109893176704645,0.0105129554867744,0.0100983930751681,0.0113617945462465,0.00946205668151379,0.00808788184076548,0.00801210384815931,0.0081707201898098,0.00826092436909676,0.00823115929961205,0.00797158200293779,0.00791031029075384,0.00778276799246669,0.00760966306552291,0.00771480705589056,0.0070394235663116,0.00703549711033702,0.00734660634770989
1052,11,0,0,0,0,0,0,0,0,0.0254367310553789,0.0271830596029758,0.0276386067271233,0.0290113613009453,0.027419263496995,0.0233966428786516,0.0193074438720942,0.0198921635746956,0.0213123671710491,0.0209903214126825,0.019141661003232,0.0188969522714615,0.018600556999445,0.0187982246279716,0.0197451952844858,0.0193894915282726,0.0190144889056683,0.0188474114984274,0.0192042831331491,0.0194617491215467,0.019786586984992,0.0198783949017525,0.0197104718536139,0.0172247663140297,0.0163510385900736,0.0140273254364729,0.014637335203588,0.0143237244337797,0.0141093591228127,0.014691298827529,0.0141217997297645,0.0128600457683206,0.0141436941921711,0.013577664270997,0.0135724078863859,0.0133490990847349,0.0133718457072973,0.0137436902150512,0.0136430552229285,0.0134531147778034,0.0132993096485734,0.0132856843993068,0.0131030464544892,0.0112800747156143,0.0119939120486379,0.0126988301053643,0.0129667269065976,0.011069274507463,0.0104950591921806
1052,14,0,0,0,0,0,0,0,0,0,0,0,0,0,0,0,0,0,0,0,0,0,0,0,0,0,0,0.000628668232820928,0.000734548317268491,0.000656852964311838,0.000555367558263242,0.000505163101479411,0.00037239256198518,0.00030166277429089,0.000156477122800425,0.000154638473759405,0.000197339890291914,0.000151277345139533,5.7326840760652E-05,0.000117276031232905,0.000137305396492593,9.68980457400903E-05,8.52051089168526E-05,7.35480789444409E-05,7.45771467336454E-05,7.03006371622905E-05,7.86531018093228E-05,0.000100481855042744,0.00013337197015062,0.000226858843234368,0.000224532050197013,0.00021433770598378,0.000217611479456536,0.000200243448489346,0.000108826330688316,0.000102519319625571,9.15471464395523E-05,9.23101033549756E-05
1059,1,0,0,0,0,0,0,0,0,0,0,0,0,0,0,0,0,0,0,0,0,0,0,0,0,0,0,0,0,0,0,0,0,0,0,0,0.000426959712058306,0.000428604835178703,0.000381384539650753,0.000341882463544607,0.000339064077707008,0.000326964247506112,0.000271105818683282,0.00030685929232277,0.000286048947600648,0.000259710970567539,0.000256943283602595,0.000559908279683441,0.00042711867718026,0.000946161046158522,0.000367331726010889,0.000207574164960533,0.000741976138669997,0.00107999355532229,0.00123821885790676,0.000809952616691589,0.00028478866443038,0.000126270722830668
1059,2,0.000198468158487231,0.000437673821579665,0.000203971037990414,0.000440804637037218,0.000400790508138016,0.000465382006950676,0.000442400341853499,0.00045905847218819,0.000685419829096645,0.000550205761101097,0.000558966072276235,0.000677660631481558,0.00076711387373507,0.000715751375537366,0.000639355450402945,0.000668520864564925,0.000626811059191823,0.000548959767911583,0.000382357218768448,0.000210716272704303,0.000177066103788093,0.000219169465708546,0.000166912184795365,0.000115834154712502,0.00012080655869795,0.00011134083615616,0.000115897171781398,6.8276742240414E-05,6.57121927361004E-05,8.72199379955418E-05,0.000102950652944855,0.000114969472633675,0.000175199296791106,0.000172138548805378,9.22495382837951E-05,6.75894116284326E-05,5.90736090089194E-05,6.99493393767625E-05,7.6255586463958E-05,7.46619916753843E-05,8.46489128889516E-05,0.00010827933147084,8.5020910773892E-05,7.71911873016506E-05,0.000113694273750298,0.00012254310422577,8.94169206731021E-05,9.13095063879155E-05,0.000108993262983859,0.000128014318761416,0.000119686097605154,8.26436080387793E-05,9.40560348681174E-05,0.000136384696816094,0.000110374618088827,0.000121238561405335,0.000178579139173962
1059,3,0.000249284494202584,0.000237680651480332,0.00020304047211539,0.000164290438988246,9.55071009229869E-05,6.37995763099752E-05,0.000136602116981521,0.000168529193615541,9.32819457375444E-05,9.29705638554879E-05,0.000114477465103846,0.000135985683300532,0.00011915284267161,0.000125396472867578,7.34743807697669E-05,7.09471278241836E-05,6.18078338447958E-05,7.23305129213259E-05,0.000102058831544127,0.000163393997354433,0.000158920825924724,0.000119785516289994,0.000148334700497799,9.53209091676399E-05,9.11808165255934E-05,7.74305444792844E-05,7.85294323577546E-05,9.68514868873172E-05,8.40462744235992E-05,0.000112020985397976,0.000177649548277259,0.000112116584205069,0.000315802899422124,0.000342504703439772,0.000138904651976191,0.000280909764114767,0.000170336992596276,0.000374641706002876,0.000364100676961243,0.000477945926832035,0.000151678148540668,0.000206611934117973,0.000141746801091358,0.00013683462748304,0.000162137745064683,0.000146910126204602,0.000110045504698064,8.83740722201765E-05,7.63288408052176E-05,8.19611304905266E-05,8.40039647300728E-05,9.31984759517945E-05,0.000104255428595934,0.000138487506774254,0.0001163014312624,0.000101849480415694,0.000118912015750539
1059,4,0,0,0,0,0,0,0,0,0,0,0,0,0,0,0,0,0,1.85736666935554E-06,7.62096215112251E-06,1.18487469080719E-05,2.52788522629999E-05,1.28443580251769E-05,1.26870563690318E-05,4.18657145928591E-05,6.05054592597298E-05,5.85667075938545E-05,5.56605409656186E-05,4.6655819460284E-05,4.2098716221517E-05,3.82184916816186E-05,3.96757895941846E-05,3.86881365557201E-05,3.37700221280102E-05,2.99949624604778E-05,2.65790113189723E-05,2.36216237681219E-05,2.04424759431276E-05,1.83959400601452E-05,1.62338328664191E-05,1.40025576911285E-05,1.27398188851657E-05,1.11799035948934E-05,9.68332915363135E-06,8.58025214256486E-06,6.4983050833689E-06,5.35683466296177E-06,4.50098605142557E-06,3.53902896677027E-06,1.59764840645948E-06,6.36261688669038E-07,3.27611218153834E-07,5.03464683276889E-08,2.16006725395346E-07,4.75108890896081E-07,9.98593577605789E-07,1.54515259964683E-06,2.15718737308634E-05
1059,5,0,0,0,0,0,0,0,0,0,0,0,0,0,0,0,0,0,0,0,0.00210932455956936,0.0112188421189785,0.0163691714406013,0.0531507804989815,0.0361293666064739,0.0198005735874176,0.0176655706018209,0.0226442404091358,0.0297637358307838,0.0430438444018364,0.0362089462578297,0.0460041873157024,0.0301202703267336,0.048978004604578,0.0404207780957222,0.0521927513182163,0.0707178711891174,0.0437386445701122,0.0543193407356739,0.0320423394441605,0.0280240885913372,0.0287833008915186,0.0242645293474197,0.0442111901938915,0.0441211462020874,0.0290391221642494,0.0316788367927074,0.0396986864507198,0.0439252778887749,0.0446104295551777,0.028424421325326,0.0234921146184206,0.0202403776347637,0.0232314448803663,0.0118805821985006,0.00940025225281715,0.00426845951005816,0.000989078311249614
1059,6,0.0209260452538729,0.0120521700009704,0.0206764154136181,0.021022193133831,0.020461019128561,0.0192566383630037,0.0192073546350002,0.0207067839801311,0.021433686837554,0.0211750064045191,0.0222127698361874,0.0128398397937417,0.0126349460333586,0.0124694192782044,0.0122525859624147,0.0111320046707988,0.0191363859921694,0.0198460482060909,0.0118420151993632,0.0117957508191466,0.0110744517296553,0.0109645472839475,0.0180213302373886,0.0181075222790241,0.0189851429313421,0.0213517099618912,0.0184535756707191,0.0167562402784824,0.013945247977972,0.0175425931811333,0.0189570784568787,0.0124319018796086,0.0203157886862755,0.0117599526420236,0.0168469175696373,0.0162442922592163,0.00932378880679607,0.015266727656126,0.0106415068730712,0.0107219889760017,0.0105771152302623,0.0101377703249454,0.014079618267715,0.0137036601081491,0.013048006221652,0.0122183039784431,0.0108824772760272,0.0104141216725111,0.00944101065397263,0.00811996217817068,0.0068393824622035,0.00550019601359963,0.00686467159539461,0.0059373639523983,0.00754008442163467,0.0102511895820498,0.00689498800784349
1059,7,0,0,0,0,0,0.00116363167762756,0.00199494627304375,0.00123569625429809,0.00170114845968783,0.00211230758577585,0.00237491517327726,0.00140814832411706,0.000764458614867181,0.000826620846055448,0.000696567352861166,0.00109314685687423,0.00485459854826331,0.00345644308254123,0.00323975342325866,0.00381872057914734,0.00427671987563372,0.00565548380836844,0.00759128155186772,0.00942679587751627,0.0080437995493412,0.00612002471461892,0.00773848919197917,0.00874724518507719,0.0063667893409729,0.0077385101467371,0.00930231530219316,0.00462712906301022,0.00744915986433625,0.00630517397075891,0.0173793863505125,0.0186830665916204,0.0162719953805208,0.0273535251617432,0.0133906472474337,0.0114685725420713,0.0112456772476435,0.0136601943522692,0.0281799808144569,0.0310247596353292,0.0363301336765289,0.0403112545609474,0.0393045209348202,0.0400285013020039,0.0254782997071743,0.0150189008563757,0.00886516738682985,0.00840551313012838,0.0102987857535481,0.00572317652404308,0.00421332009136677,0.00229487987235188,0.000537193089257926
1059,8,0,0,0,0.000722694676369429,0.000399398180888966,0.000133039779029787,7.63554126024246E-05,7.07881554262713E-05,7.03803525539115E-05,6.65329935145564E-05,6.40773941995576E-05,3.25936525769066E-05,2.8005981221213E-05,2.66452734649647E-05,2.21935224544723E-05,2.17351735045668E-05,2.64580157818273E-05,2.64636928477557E-05,0.000137977011036128,0.000280371576081961,0.000754687120206654,0.000743475451599807,0.000504660012666136,0.00415842747315764,0.006086481269449,0.00327374646440148,0.0105917910113931,0.00957685988396406,0.0151494611054659,0.00642523914575577,0.00287054199725389,0.00208965549245477,0.000451491971034557,0.00101590761914849,0.000817776948679239,0.000709618208929896,0.000566008617170155,0.000429427367635071,0.00032128076418303,0.000746656733099371,0.000812009966466576,0.00090590346371755,0.000982824014499784,0.00109995203092694,0.00105422886554152,0.00104564253706485,0.00115541147533804,0.00112776120658964,0.00687832478433847,0.0157368797808886,0.0233689341694117,0.0274673104286194,0.023549746721983,0.0272501595318317,0.0247715469449759,0.019366916269064,0.0149925723671913
1059,9,0.000632957497145981,0.00306832836940885,0.00047407575766556,0.000896795827429742,0.000882475811522454,0.00108268740586936,0.00144839147105813,0.0016997141065076,0.00126152241136879,0.00167509552557021,0.00131371861789376,0.00294528366066515,0.00385992578230798,0.00333824241533875,0.00369319366291165,0.0044506685808301,0.00424832617864013,0.0033592430409044,0.00151309056673199,0.000471672683488578,0.000461632094811648,0.000609019247349352,0.000452937209047377,0.000406031293096021,0.000418373587308452,0.000369810179108754,0.000244261347688735,0.000110015425889287,0.000150068633956835,0.000159875911776908,0.000191208891919814,0.000187950528925285,0.000304345943732187,0.000376244715880603,0.000218356799450703,0.000211027523619123,0.000187300509423949,0.000224377727136016,0.00024795756326057,0.000386549829272553,0.000310894363792613,0.000454942957730964,0.000431257591117173,0.000423618854256347,0.000751717248931527,0.000985885853879154,0.000784323725383729,0.000762290495913476,0.000892236537765712,0.000898413534741849,0.000759765913244337,0.000520384055562317,0.000589603034313768,0.000706925347913057,0.000670230016112328,0.000791403173934668,0.00109889777377248
1059,10,0.000787066470365971,0.00382272037677467,0.000591454561799765,0.00111323199234903,0.000705749203916639,0.000716908602043986,0.0012377651873976,0.0014921318506822,0.00161946704611182,0.00168685568496585,0.00129797693807632,0.00313154375180602,0.00426254095509648,0.00369633710943162,0.00388564029708505,0.0289728585630655,0.00596062559634447,0.00502595119178295,0.00312222540378571,0.00409317761659622,0.00425447430461645,0.0299180690199137,0.00598502717912197,0.00786770321428776,0.00690063973888755,0.00626579253003001,0.00443090451881289,0.00590772274881601,0.00630294438451529,0.00587526569142938,0.00430437596514821,0.047180999070406,0.0368782393634319,0.0234772842377424,0.0128175439313054,0.0044277785345912,0.0605750307440758,0.0523669123649597,0.046408899128437,0.0329820066690445,0.0404188670217991,0.0214377492666245,0.00455724075436592,0.00422627339139581,0.00401763431727886,0.00389331229962409,0.00529192015528679,0.00590883148834109,0.0045077120885253,0.00425569480285048,0.00493514398112893,0.00499552115797997,0.00567540153861046,0.00424767611548305,0.00351602956652641,0.00444732001051307,0.0178458169102669
1059,11,0.0340534262359142,0.154962256550789,0.0351588651537895,0.0331321135163307,0.0323809608817101,0.0284974556416273,0.0268681775778532,0.0248128138482571,0.0117721259593964,0.0108847180381417,0.0107261724770069,0.0591185539960861,0.063413493335247,0.0691458433866501,0.0811485797166824,0.0655670315027237,0.00825645867735147,0.00885970704257488,0.0888282358646393,0.0895660743117332,0.0893120318651199,0.0701481997966766,0.00921728368848562,0.00816862937062979,0.00787324737757444,0.00823730137199163,0.00788488425314426,0.00662997039034963,0.00595393171533942,0.00644588656723499,0.00775850843638182,0.0392801910638809,0.00919428188353777,0.0888495072722435,0.079549640417099,0.0649636015295982,0.0513025000691414,0.0402062423527241,0.0259476155042648,0.0444428846240044,0.0350636802613735,0.0966846495866776,0.0965746566653252,0.0949143320322037,0.0950045734643936,0.09757299721241,0.0967856049537659,0.0953662246465683,0.0942048281431198,0.0940372869372368,0.0926745161414146,0.0797207877039909,0.0847016498446465,0.0896119326353073,0.0914330706000328,0.0779942721128464,0.073892243206501
1060,2,5.16792424605228E-05,4.78879555885214E-05,4.83777621411718E-05,4.81255228805821E-05,4.47627862740774E-05,4.4032589357812E-05,4.27432423748542E-05,3.88182415917981E-05,4.41741212853231E-05,3.59734331141226E-05,4.30873478762805E-05,5.54437210666947E-05,5.5896038247738E-05,6.3201405282598E-05,8.31283468869515E-05,8.45082031446509E-05,0.00727090891450644,0.00716617936268449,0.00773974228650332,0.00527750747278333,0.00573444273322821,0.00630077673122287,0.00661773094907403,0.0068161659874022,0.00734055228531361,0.00680911540985107,0.00746535835787654,0.00763477245345712,0.00747894169762731,0.00739684887230396,0.00719785830006003,0.00758668826892972,0.00697786500677466,0.00654782028868794,0.00627158116549253,0.00589377759024501,0.00563028873875737,0.000553775520529598,0.000602432701271027,0.00048609179793857,0.000457525718957186,0.000579709303565323,0.000624827749561518,0.000515131745487452,0.000518754823133349,0.00457625417038798,0.00411944556981325,0.000444942823378369,0.000323785119690001,0.000385659775929525,0.000407002546126023,0.000339152407832444,0.00254794978536665,0.0030762089882046,0.00032888594432734,0.000291856529656798,0.00344138056971133
1060,3,8.50388369144639E-06,8.9884069893742E-06,0.000171028979821131,0.000150655308971182,0.000195718559552915,0.000193445070181042,0.000157398739247583,0.000184255914064124,0.000184100688784383,0.000210747894016095,0.000209398756851442,0.00019779363356065,0.000241097121033818,0.000235267114476301,0.000231622092542239,0.000232713282457553,0.000196981447516009,0.00019581158994697,0.000160287556354888,0.000106174098618794,9.51179754338227E-05,9.09172813408077E-05,0.000113200345367659,6.33523377473466E-05,3.72548965970054E-05,4.21750846726354E-05,3.87124964618124E-05,5.67358656553552E-05,3.50164555129595E-05,3.87570544262417E-05,4.64041622763034E-05,3.67871980415657E-05,0.000101354446087498,4.47874481324106E-05,2.56280345638515E-05,3.56486561940983E-05,0.000228829012485221,0.000497870496474206,0.000340321043040603,0.000400318007450551,0.000252723548328504,0.000300394807709381,0.000217369422898628,0.000408716034144163,0.000457754154922441,0.000250471755862236,0.000333887292072177,0.000260747328866273,0.000203271527425386,0.000211348859011196,0.00020283495541662,0.000147192738950253,0.000122594457934611,0.000142949327710085,0.000124896949273534,7.73166757426225E-05,7.09174128132872E-05
1060,4,0,0,0,0,0,0,0,0,0,0,0,0,0,0,0,2.53603011515224E-05,2.58190866588848E-05,2.57376359513728E-05,2.41903035202995E-05,2.50047069130233E-05,2.21570426219841E-05,2.17194665310672E-05,2.08174988074461E-05,2.01269303943263E-05,1.9107215848635E-05,1.91800718312152E-05,0.00389021472074091,0.00339131383225322,0.00318759167566895,0.00301963137462735,0.00327728781849146,0.00334791163913906,0.00306846341118217,0.00286892312578857,0.0026834630407393,0.00252520036883652,0.00232196087017655,0.00222884258255363,0.00210741488263011,0.00195762980729342,0.00192956661339849,0.00184729555621743,0.00176007649861276,0.00173294090200216,0.00147659226786345,0.00139120733365417,0.00136389094404876,0.00128705007955432,0.00124198792036623,0.0012137982994318,0.00108612771145999,0.00108149263542145,0.00104254100006074,0.000974688795395195,0.000873303040862083,0.000858662300743163,0.000829489959869534
1060,5,0,0,0,0,0,0,0,0,0,0,0,0,0,0,0,0,0,0,0,0,0,0.00219113891944289,0.00119719188660383,0.00106362486258149,0.000842756184283644,0.000839755521155894,0.000984894228167832,0.000893782125785947,0.000805345945991576,0.00102869118563831,0.00163170299492776,0.00229957373812795,0.00151059566996992,0.0019726799800992,0.00151898805052042,0.00137079483829439,0.00163728394545615,0.00161259225569665,0.00677488557994366,0.00412884633988142,0.00676747411489487,0.00301300059072673,0.00323040829971433,0.00312823080457747,0.0037556984461844,0.00240768934600055,0.00335347047075629,0.00311988336034119,0.00345544284209609,0.00396911706775427,0.00242103147320449,0.00193418469280005,0.000937565288040787,0.00132763909641653,0.00182544451672584,0.00225340551696718,0.00210622814483941
1060,6,0.00583375990390778,0.00593124143779278,0.00243476056493819,0.00457946676760912,0.00411601597443223,0.00397709663957357,0.00424738600850105,0.004987433552742,0.00510007748380303,0.00491419667378068,0.00527998758479953,0.00552261574193835,0.00390398106537759,0.00474800309166312,0.00460948050022125,0.004297093488276,0.00361347361467779,0.00357296364381909,0.00401030294597149,0.00442295614629984,0.00514983478933573,0.00445125997066498,0.00392777193337679,0.0047524506226182,0.00313110672868788,0.00283973198384047,0.0030693665612489,0.00453341705724597,0.00529214553534985,0.0058946399949491,0.0058633042499423,0.00666362186893821,0.00628881435841322,0.00510034104809165,0.00657632341608405,0.00623309379443526,0.00546833733096719,0.00658652745187283,0.00690581183880568,0.00715214060619473,0.00692914193496108,0.00713127618655562,0.00696396641433239,0.00603832071647048,0.0059174676425755,0.0055597135797143,0.00508721685037017,0.00617592502385378,0.00597140518948436,0.00506048928946257,0.00464580534026027,0.00399891892448068,0.00436496455222368,0.00364051316864789,0.00411868654191494,0.00474334834143519,0.00380899826996028
1060,7,0,0,0,0,0,0,0,0,0,0,0,0,0,0,0,0,0,0,0,0,0.000358796474756673,0.00106691441033036,0.001562220742926,0.00201801350340247,0.00225068582221866,0.00523887807503343,0.00830430909991264,0.00986607186496258,0.00628345878794789,0.0061866445466876,0.00597786484286189,0.00513920560479164,0.00492703123018146,0.00408439757302403,0.00480798585340381,0.00610446650534868,0.00528264557942748,0.00500467512756586,0.00745699740946293,0.00751927541568875,0.00572608923539519,0.00725346431136131,0.00658108899369836,0.00686800805851817,0.00563481962308288,0.00496693653985858,0.00554803013801575,0.00551381148397923,0.00519867334514856,0.00528318993747234,0.00362927746027708,0.00445713335648179,0.00298905628733337,0.00284369243308902,0.00209784158505499,0.0015027733752504,0.00075212080264464
1060,8,0,0,0.0249085575342178,0.0103128142654896,0.0121165318414569,0.0114167453721166,0.0106619261205196,0.0075899213552475,0.00840152427554131,0.00904634688049555,0.00863341335207224,0.00854394864290953,0.0101721100509167,0.0132563365623355,0.0147049799561501,0.0141883576288819,0.0114986794069409,0.0104833729565144,0.00826562475413084,0.0080915903672576,0.00964587554335594,0.0109120085835457,0.0122974785044789,0.00880020670592785,0.00978455878794193,0.00956630706787109,0.00809586048126221,0.00511260936036706,0.00436180410906672,0.00332467094995081,0.00372689194045961,0.0036881142295897,0.00467538693919778,0.00464965589344502,0.00354994949884713,0.00404272973537445,0.00426800921559334,0.00453818729147315,0.00379079976119101,0.00345955230295658,0.00247236085124314,0.00109198095742613,0.00159715709742159,0.00225434824824333,0.00259946868754923,0.00134308356791735,0.00126063905190676,0.00140481244307011,0.00164481322281063,0.0032991748303175,0.00504775810986757,0.00658389646559954,0.00451020337641239,0.00604422390460968,0.00661305384710431,0.00512710120528936,0.0053151655010879
1060,9,1.41226710184128E-05,1.38210971272201E-05,1.35764885271783E-05,1.31013202917529E-05,1.27130660985131E-05,1.242695543624E-05,1.24592861538986E-05,1.20450513350079E-05,1.20516879178467E-05,1.09604507088079E-05,1.09912925836397E-05,1.65007786563365E-05,7.76474917074665E-06,1.05705221358221E-05,1.59259070642293E-05,2.89577947114594E-05,0.00345812574960291,0.00300202518701553,0.00203630421310663,0.0038687011692673,0.00335139408707619,0.0028816934209317,0.00240659574046731,0.0019484005169943,0.00152013066690415,0.00108218402601779,0.00420847022905946,0.00329509773291647,0.00368934590369463,0.00324286939576268,0.00294976332224905,0.00274358340539038,0.00246787816286087,0.0020766737870872,0.00196247803978622,0.00182218034751713,0.00155103066936135,0.0013192129554227,0.00122562097385526,0.00111731176730245,0.000897137040738016,0.000773913634475321,0.00065788981737569,0.000567510083783418,0.000473771273391321,0.000378300726879388,0.000292488839477301,0.000244028240558691,0.000254575308645144,0.000216667569475248,0.000232716003665701,0.000145257872645743,0.00126221019309014,0.00090588501188904,0.000135999420308508,0.000183119031134993,0.00174423190765083
1060,10,0,0,1.13561582111288E-05,3.41103004757315E-05,4.78753499919549E-05,1.87593523151008E-05,3.03011929645436E-05,2.19282519537956E-05,2.94899346044986E-05,1.8388835087535E-05,1.13955957203871E-05,1.68589485838311E-05,8.14300710771931E-06,1.15821312647313E-05,1.59683986566961E-05,2.92923341476126E-05,4.730815635412E-05,5.28346645296551E-05,5.48398093087599E-05,3.79431476176251E-05,5.90544914302882E-05,4.85436175949872E-05,4.85560121887829E-05,5.05092757521197E-05,2.81930169876432E-05,4.32339002145454E-05,1.61166881298414E-05,4.44274010078516E-05,7.9369950981345E-05,4.4099102524342E-05,5.05257048644125E-05,4.14663918490987E-05,4.3595860915957E-05,3.05011944874423E-05,3.03812739730347E-05,5.8801619161386E-05,0.000458963302662596,0.000428492727223784,0.000290681171463802,0.00011411801824579,0.00015626173990313,0.000169586390256882,0.00049927260261029,0.00035175823722966,0.000122001474665012,0.000214976287679747,0.000438226998085156,0.000439148250734434,0.000286896538455039,0.000199018642888404,0.000491772836539894,0.00023383426014334,0.000330655690049753,0.000297129881801084,0.000247139949351549,0.00022463349159807,0.000287213071715087
1060,11,0.00111980002839118,0.00100622198078781,0.000841382483486086,0.000668204855173826,0.000527037074789405,0.000572216522414237,0.000575994316022843,0.000500485592056066,0.00019091201829724,0.000178624264663085,0.000180111383087933,0.000147978324093856,0.00758961169049144,0.00828893482685089,0.00980937015265226,0.0103657292202115,0.0113835902884603,0.0114851770922542,0.0107231587171555,0.0108323870226741,0.0109049342572689,0.0112658487632871,0.0120907425880432,0.0121256662532687,0.0121389962732792,0.012278001755476,0.0127608021721244,0.013185559771955,0.0136635517701507,0.0139860566705465,0.0141248274594545,0.0125680509954691,0.0121436659246683,0.0106007205322385,0.00786454789340496,0.00456737959757447,0.00141718063969165,0.00107735954225063,0.00102802005130798,0.000960382225457579,0.000816229148767889,0.000720652984455228,0.000671829096972942,0.000888835522346199,0.00122397288214415,0.0016503018559888,0.00211029313504696,0.00183334550820291,0.00140271766576916,0.00121690623927861,0.00108153733890504,0.00102291430812329,0.00129589787684381,0.00138344033621252,0.00129624560941011,0.000954083341639489,0.000820129469502717
1060,13,0,0,0,0,0,0,0,0,0,0,0,0,0,0,0,0,0,0,0,0,0,0,0,0,0,0,0,0,0,0,0,0,0,0,0,0,0,0,0,0,0,0,0,0,0,0,0,0,8.7160529801622E-05,6.72650785418227E-05,6.42197846900672E-05,6.60471778246574E-05,6.65821498841979E-05,6.02725267526694E-05,8.22958318167366E-05,5.89068404224236E-05,5.73267861909699E-05
1062,1,0,0,0,0,0,0,0,0,0,0,0,0,0,0,0,0,0,0.00087835593149066,0.00017799019406084,0.00092482817126438,0.000662195263430476,0.000402382313041016,0.000156291585881263,0.0011778041953221,0.00123659789096564,0.00233728368766606,0.0023634668905288,0.0020475119818002,0.00173291831742972,0.00161725573707372,0.00108247390016913,0.00179867725819349,0.00289916130714118,0.00116880633868277,0.00181906740181148,0.00198216363787651,0.00466562481597066,0.0100545957684517,0.0132957752794027,0.0212457906454802,0.0276316311210394,0.0251569841057062,0.0312892608344555,0.0340711958706379,0.0305180326104164,0.0147867053747177,0.0174435451626778,0.0220215395092964,0.0149276535958052,0.00936609786003828,0.0145503636449575,0.0122945131734014,0.0208147279918194,0.0334826447069645,0.0257350727915764,0.0346831493079662,0.0507508181035519
1062,2,0.0151075655594468,0.0133454436436296,0.0139632895588875,0.0140762645751238,0.0188744366168976,0.0205098781734705,0.022845720872283,0.0235886909067631,0.0155136920511723,0.0326322168111801,0.0219529923051596,0.0192572344094515,0.0220510121434927,0.0190015248954296,0.0194280818104744,0.0206807870417833,0.0240235105156899,0.0248510222882032,0.0259790644049644,0.0220074579119682,0.0227919220924377,0.0222764480859041,0.0218556169420481,0.0173178166151047,0.0189936347305775,0.0208295360207558,0.0214587040245533,0.0216087065637112,0.0177197922021151,0.0201749559491873,0.0172861814498901,0.0191417504101992,0.0190144125372171,0.0166831891983747,0.0130816018208861,0.0119212558493018,0.0113251265138388,0.010235127992928,0.0098568219691515,0.00990010239183903,0.0096397940069437,0.0102238385006785,0.00984016712754965,0.00868951342999935,0.00812613405287266,0.00666803494095802,0.00626280624419451,0.0065721282735467,0.0064711244776845,0.00675557926297188,0.0056626764126122,0.00632503908127546,0.00702731451019645,0.00872268620878458,0.00699821021407843,0.00729057192802429,0.00544378440827131
1062,3,0,0,0,0,0,0,0,0,0,0,0,0,0,0,0,3.49982001353055E-05,6.60064397379756E-05,0.000100955614470877,0.00013211318582762,0.000167937338119373,0.000107910440419801,6.94612681400031E-05,5.95448109379504E-05,3.98614356527105E-05,1.92803636309691E-05,4.41582415078301E-06,4.32307842856972E-06,1.15042030301993E-05,6.87749570715823E-06,1.67323778441641E-05,4.9489422053739E-06,8.73491990205366E-06,9.79822925728513E-06,2.26922202273272E-06,9.27634118852438E-06,2.09708505281014E-05,9.4291708592209E-06,8.3721006376436E-06,3.08728090203658E-06,0.00147942546755075,0.00137267541140318,0.000556650687940419,0.00399335008114576,0.00209051789715886,0.00207587517797947,0.00249633891507983,0.00319540617056191,0.00153651251457632,0.00166694866493344,0.00312496162950993,0.000767892575822771,0.00133826397359371,0.000939463207032532,0.00161560799460858,0.00169011601246893,0.00142116076312959,0.00131993822287768
1062,4,0.0496471747756004,0.0479357205331326,0.0505071766674519,0.0471564009785652,0.0530921518802643,0.0474489144980907,0.0446111224591732,0.0381814800202847,0.0381613299250603,0.0370571799576283,0.0363692417740822,0.0355787575244904,0.0349746085703373,0.0340648591518402,0.0359848216176033,0.0410608388483524,0.0425894893705845,0.0453533492982388,0.041894692927599,0.0407371260225773,0.0405549667775631,0.0429296493530273,0.0433980748057365,0.0440258905291557,0.0413598902523518,0.0383760519325733,0.038900725543499,0.040431160479784,0.0385650545358658,0.0368455834686756,0.0408399701118469,0.0376335717737675,0.0357637293636799,0.0380304306745529,0.0366411097347736,0.035430446267128,0.0333434976637363,0.0330873541533947,0.0327101238071918,0.0314401276409626,0.0304212253540754,0.0278926901519299,0.0275491662323475,0.0278324484825134,0.0276967231184244,0.0316838584840298,0.0277248099446297,0.0268083177506924,0.0265976954251528,0.0261608771979809,0.0241198893636465,0.0245574060827494,0.0242332648485899,0.0231289081275463,0.021228214725852,0.0213493648916483,0.0211172625422478
1062,5,0.00896581821143627,0.00203700037673116,0.00213275710120797,0.00188343343324959,0.001978341024369,0.00272988365031779,0.00307178916409612,0.00156310596503317,0.00146580999717116,0.001974479528144,0.00257595023140311,0.00186545436736196,0.00880988594144583,0.0157239716500044,0.0212783738970757,0.0240143183618784,0.013847678899765,0.0168882645666599,0.0176840536296368,0.0159967821091414,0.0174639988690615,0.0132455257698894,0.0108366794884205,0.00675723003223538,0.00940846465528011,0.00931091886013746,0.00677050277590752,0.00641728937625885,0.00555236311629415,0.00972905568778515,0.0101463701575994,0.00981832109391689,0.00898820906877518,0.0112840598449111,0.0104392096400261,0.00777813605964184,0.00729668000712991,0.00886665470898151,0.00928803160786629,0.0118703935295343,0.0132589470595121,0.0117990700528026,0.0147459078580141,0.0142164286226034,0.0171434488147497,0.0163754466921091,0.0145567338913679,0.01881168410182,0.0171177238225937,0.0152551485225558,0.0135674718767405,0.0132416430860758,0.0111219463869929,0.0105717610567808,0.0114809116348624,0.0149400858208537,0.0172532610595226
1062,6,0.0365877784788609,0.0435732640326023,0.0453642159700394,0.0454409457743168,0.0491487868130207,0.0494202002882957,0.0496784672141075,0.0477768145501614,0.0486608855426311,0.0493629053235054,0.048946812748909,0.0483355410397053,0.0481961891055107,0.0457485429942608,0.0527861751616001,0.0571545660495758,0.0577451549470425,0.0588785149157047,0.0585146695375443,0.0549621768295765,0.0584341250360012,0.0601620748639107,0.0623699426651001,0.0607584603130817,0.0604410357773304,0.057604193687439,0.0580151379108429,0.0572761930525303,0.0548246502876282,0.0506981573998928,0.044531587511301,0.0482921339571476,0.0494275502860546,0.0522760562598705,0.0481133386492729,0.0493919663131237,0.0466101840138435,0.0476788468658924,0.0453840978443623,0.0438674576580524,0.0404156446456909,0.0349399372935295,0.0345441326498985,0.0360680222511292,0.0350066348910332,0.0329100973904133,0.0342201963067055,0.0308294482529163,0.0337440744042397,0.0314966514706612,0.0349198319017887,0.0313976258039474,0.0280975308269262,0.0302355978637934,0.0317989140748978,0.0282968077808619,0.0268762316554785
1062,7,0,0,0,0,0,0,0,0,0.00018618356261868,0.000111780114821158,0.000277555227512494,0.000120132819574792,0.000195668850210495,0.000128735089674592,0.000140868069138378,9.08634101506323E-05,0.000104267157439608,0.000364708335837349,0.000157745016622357,0.000119769443699624,5.62170898774639E-05,9.79743708739989E-05,0.000110433480585925,0.000188230100320652,0.000734854023903608,0.000745209690649062,0.000710732245352119,0.00106420740485191,0.0057902648113668,0.00272996444255114,0.00260525522753596,0.00224939687177539,0.00264235935173929,0.00647122738882899,0.00808275956660509,0.00642313808202744,0.0022746694739908,0.00301880063489079,0.00305954995565116,0.00405021850019693,0.00560982525348663,0.00627986481413245,0.0072574932128191,0.00863058213144541,0.00471222214400768,0.00429994286969304,0.0048324977979064,0.00291847973130643,0.00436072004958987,0.00670507410541177,0.0106474962085485,0.008393251337111,0.00641190586611629,0.00548990769311786,0.00576277310028672,0.00481750210747123,0.00409652292728424
1062,8,0.107149370014668,0.060254730284214,0.0468318834900856,0.0508404038846493,0.0306915547698736,0.0370719246566296,0.0410647019743919,0.0347887128591537,0.0261910725384951,0.0364920385181904,0.0361786186695099,0.0327770709991455,0.0279684290289879,0.0416354089975357,0.0420843623578548,0.0519644878804684,0.0519941113889217,0.0485670864582062,0.0535036362707615,0.061876904219389,0.0585458874702454,0.0550361387431622,0.0520488396286964,0.063963770866394,0.0695828348398209,0.075684942305088,0.0745651721954346,0.0791765451431274,0.0910605788230896,0.0999741479754448,0.112378515303135,0.110267676413059,0.107392780482769,0.100335456430912,0.102370910346508,0.0984144136309624,0.106945991516113,0.102344818413258,0.106452040374279,0.106569081544876,0.097745880484581,0.106907844543457,0.112912140786648,0.10021898150444,0.0862920507788658,0.0901446789503098,0.0820392668247223,0.0801094174385071,0.070919543504715,0.0731400698423386,0.0644318833947182,0.0673558413982391,0.0780011937022209,0.0642807483673096,0.0576220750808716,0.0605489686131477,0.0625040531158447
1062,9,0.00471343286335468,0.00465982593595982,0.00462632672861218,0.00379111873917282,0.00322927185334265,0.00159400678239763,0.00171937828417867,0.00200843717902899,0.00284459046088159,0.00265147187747061,0.00257340166717768,0.00267232162877917,0.004117202013731,0.00380579638294876,0.00205594371072948,0.00277109490707517,0.00357552338391542,0.00244190683588386,0.00304609793238342,0.00322243175469339,0.00258760224096477,0.00258053257130086,0.00224759592674673,0.00183782808016986,0.00151918199844658,0.00212485436350107,0.0027564896736294,0.00262846914120018,0.00401186523959041,0.00382510363124311,0.00196482543833554,0.00188840308692306,0.00252980389632285,0.00246273726224899,0.00216804048977792,0.0016814301488921,0.0017364420928061,0.00221393839456141,0.00235210871323943,0.00297814793884754,0.00313435401767492,0.0040844832547009,0.00289950356818736,0.00739913899451494,0.00318675697781146,0.00247329915873706,0.00313715822994709,0.00293840514495969,0.00287840235978365,0.00256895273923874,0.0033102307934314,0.00323189445771277,0.00290758605115116,0.00317273242399096,0.00279996241442859,0.00387223833240569,0.00277333590202034
1062,10,0.0674775540828705,0.066154770553112,0.0656963065266609,0.0696829482913017,0.0697985664010048,0.0761416032910347,0.0693866834044456,0.0663501247763634,0.0422236919403076,0.0490221008658409,0.0488525293767452,0.0476120710372925,0.0370002463459969,0.0414553508162498,0.0489446595311165,0.0526005141437054,0.0453087277710438,0.0405779220163822,0.0404521524906158,0.0484692640602589,0.0484208278357983,0.0492064207792282,0.0517981350421906,0.0539746806025505,0.0485544092953205,0.041980754584074,0.0427912473678589,0.0477618761360645,0.0520400032401085,0.0531612001359463,0.0572942122817039,0.0540518648922443,0.0512807033956051,0.0460343696177006,0.0442630238831043,0.0453252047300339,0.0414684861898422,0.0414238981902599,0.0413280874490738,0.0346835181117058,0.033741433173418,0.0370721332728863,0.0437238439917564,0.0382604748010635,0.0335232838988304,0.0383871011435986,0.0378205701708794,0.0388132557272911,0.0393017530441284,0.0424861200153828,0.0407553873956203,0.0412623062729836,0.0407658293843269,0.0399348624050617,0.0386218167841434,0.0377492010593414,0.040998313575983
1062,11,0.00384840578772128,0.00479796435683966,0.00491901719942689,0.0019304925808683,0.00215439754538238,0.00634836265817285,0.00880937557667494,0.00738005898892879,0.056903712451458,0.0559679269790649,0.0596407763659954,0.0618433319032192,0.0593557208776474,0.0511023141443729,0.0434672422707081,0.0440533272922039,0.0463984832167625,0.0449436232447624,0.0403716266155243,0.0390327498316765,0.0384318046271801,0.0385225377976894,0.0404623858630657,0.0398954972624779,0.0390552394092083,0.0389549694955349,0.0391268879175186,0.0400140397250652,0.0406997576355934,0.0409966856241226,0.0407173186540604,0.0350772514939308,0.0333761423826218,0.0286968611180782,0.0298025757074356,0.0290848203003407,0.0287296883761883,0.0299946162849665,0.0290456805378199,0.0268988870084286,0.0297219138592482,0.0289662554860115,0.0285682082176209,0.0284620653837919,0.0284069739282131,0.0290666930377483,0.0292115341871977,0.0284356065094471,0.0283500291407108,0.0280618574470282,0.0285307485610247,0.0236676335334778,0.0248878430575132,0.0269538871943951,0.0276519488543272,0.0241927858442068,0.0229113884270191
1062,14,0,0,0,0,0,0,0,0,0,0,0,0,0,0,0,0,0,0,0,0,0,0,0,0,0,0,0.00125733646564186,0.00146909663453698,0.00131370592862368,0.00111073511652648,0.00101032620295882,0.00074478512397036,0.000603325548581779,0.000312954245600849,0.000309276947518811,0.000394679780583829,0.000302554690279067,0.000114653681521304,0.000234552062465809,0.000274610792985186,0.000193796091480181,0.000170410217833705,0.000147096157888882,0.000149154293467291,0.000140601274324581,0.000157306203618646,0.000200963710085489,0.000266743940301239,0.000453717686468735,0.000449064100394025,0.000428675411967561,0.000435222958913073,0.000400486896978691,0.000217652661376633,0.000205038639251143,0.000183094292879105,0.000184620206709951
