LME_EcoOcean,Fleet Number,1950,1951,1952,1953,1954,1955,1956,1957,1958,1959,1960,1961,1962,1963,1964,1965,1966,1967,1968,1969,1970,1971,1972,1973,1974,1975,1976,1977,1978,1979,1980,1981,1982,1983,1984,1985,1986,1987,1988,1989,1990,1991,1992,1993,1994,1995,1996,1997,1998,1999,2000,2001,2002,2003,2004,2005,2006,2007,2008,2009,2010
1,1,0.912637388,0.815325987,0.816835917,0.889370428,0.909766842,0.861810674,1.001564946,0.89276385,0.934092329,0.842038595,1.929725004,2.216613298,1.850607984,0.958953287,1.153977262,2.546111857,2.42026385,1.850538313,2.179441734,1.587267432,2.253993543,2.130229004,3.268118255,3.180476948,3.240339612,3.498154711,4.578119072,4.627573423,4.261991424,2.126928013,3.518345598,3.730836271,3.388135728,3.197438698,3.683359188,5.267766074,6.314958553,5.311299439,6.766911755,6.241959992,8.013894298,6.446932811,8.25292011,7.73476346,6.230348162,6.412609297,7.995050082,6.456116237,6.280287843,5.665208519,5.503061437,5.496395501,4.764366726,5.525131306,5.47756382,4.47838805,4.439297842,4.264314263,4.580091711,3.136677351,3.874947445
1,2,,,,,,,,,,,,,,,,,,,,,,,7.43E-06,,6.21E-05,,,,,,8.21E-06,,0.026013062,,4.79E-06,3.54E-06,1.87E-05,8.26E-08,4.79E-07,,1.34E-06,3.92E-06,4.13E-06,3.58E-06,1.66E-07,7.37E-10,,1.25E-07,,,,0.000191631,,,6.70E-07,,,,,0.00010256,0.005143526
1,3,1.100097446,1.508136174,1.259003312,1.405668933,1.247255597,1.463751305,1.299137195,1.183578002,1.345685333,1.408033292,1.380447485,1.498321724,1.431106023,1.343580004,1.607455723,1.547861139,1.675647429,1.185926179,1.69658196,1.446084191,1.767997943,1.860000673,0.611490598,0.61285265,0.666088107,0.659262854,0.865619063,0.88313343,0.852727097,0.986169043,1.070688214,1.159946003,1.194361789,1.355685114,1.696052931,2.032879733,2.559468107,2.309305084,2.459854891,2.485163852,2.700893826,2.35300908,2.607891715,2.672608566,2.222091678,2.244258687,2.062976919,1.836624147,1.809405537,1.555737476,1.493172114,1.48543925,1.330117349,1.388066501,1.391288115,1.563525938,1.354519605,1.387962129,1.387968682,1.293461448,1.38426551
1,4,0.000711974,0.000638669,0.001297585,0.000822485,0.002059715,0.001986707,0.00130671,0.001475951,0.00062068,0.000271412,0.000210026,0.000414685,0.000358213,5.11E-05,0.000296427,0.000802493,0.000261259,0.000880734,0.000931903,0.000393225,0.000609128,0.00170564,0.001751868,0.000829798,0.000691883,0.001179142,0.001032067,0.000492814,0.001782624,0.002230211,0.000303904,0.001416406,0.00030363,0.000456774,0.000185523,0.000147312,0.000331545,0.000198514,0.00019285,0.000211034,0.000194339,0.00037081,0.000307123,0.000418981,0.000170463,0.000112343,0.000436217,0.000157971,0.003167532,5.65E-05,0.000139121,0.00083041,0.000187939,8.45E-05,7.96E-05,6.68E-05,6.70E-05,0.000229228,0.000130418,8.81E-05,9.25E-05
1,5,0.382738956,0.448313183,0.434313412,0.567611337,0.56244321,0.456368155,0.482242106,0.423577715,0.456680662,0.478818409,0.634997832,0.504853535,0.467365542,0.339888608,0.371803629,0.613755686,0.63269246,0.565168982,0.499640118,0.500522614,0.867193484,0.846008467,1.209154715,1.208960779,1.196934165,1.147365445,1.505813192,1.555249792,1.499402586,1.378376671,1.30917748,1.124254467,1.077383055,1.292680512,1.656715943,2.134290472,2.58809923,2.489022251,2.491352954,2.275003945,2.373154492,1.820162074,2.342267246,2.459102709,2.067554991,1.946979718,1.939868906,1.803469283,1.830628042,1.620870987,1.649627061,1.593539459,1.551961128,1.582491685,1.484781082,1.882284009,1.541527962,1.447690852,1.428765354,1.347904739,1.387316411
1,6,1.485337557,1.707713149,1.722152826,1.648974034,1.756107603,1.672828172,1.69508711,1.623477859,1.389602982,1.692691867,2.088222627,1.82210105,1.771227248,1.405294077,1.499632823,1.675154237,1.739903766,1.683861229,1.424706337,1.536476856,2.484476456,2.471350113,1.671116275,1.62085572,1.615117026,1.725108347,2.23852224,2.266386092,1.997883982,2.015106056,2.127620569,2.050207664,2.086942644,2.319792246,2.729869859,3.325258598,4.006323927,3.561730931,3.770994027,3.741316764,4.190752804,3.356561516,3.957861993,4.144122403,3.31753508,3.365893803,3.063038694,2.873754105,2.883312349,2.669594014,2.491067002,2.496605783,2.421830338,2.495306028,2.328423554,3.183573762,2.375711846,2.252298211,2.850511454,2.867999861,2.255404269
1,7,0.021576173,0.034535333,0.012994422,0.037065224,0.031523728,0.002028179,0.001801895,0.002564415,0.001504441,0.001987377,0.017536671,0.023853709,0.031132545,0.02405488,0.025364216,0.039671632,0.201800945,0.05926745,0.057357046,0.056449596,0.13517098,0.209335533,0.138006494,0.184003905,0.236299376,0.248346989,0.791109299,0.897117792,0.074248665,0.090056946,0.240450243,0.266561766,0.907999139,1.121185236,1.220929365,1.181763547,1.31043101,1.176728116,0.985652271,0.074382094,0.028082561,0.021017188,0.052887778,0.094359221,0.04221031,0.027185843,0.026767967,0.032031144,0.054435238,0.11790574,0.032833621,0.033113004,0.132627506,0.016582703,0.014663849,0.039281338,0.020603703,0.034302532,0.026162653,0.028670389,0.020606635
1,8,,0.000208199,1.25E-05,0.000232193,5.36E-05,,0.000102265,8.05E-05,4.67E-05,0.000877756,3.54E-06,1.08E-06,6.96E-07,1.96E-07,1.79E-07,0.000981825,0.210505854,0.003471963,0.004131822,0.003491225,0.025284427,0.136201971,0.042005522,0.04584685,0.080308773,0.051409278,0.071568092,0.068821524,0.043051544,0.048677548,0.073188058,0.026510271,0.0262915,0.037059447,0.027911799,0.042090195,0.029324327,0.067097097,0.085542648,0.141628946,0.045193968,0.022878289,0.022048154,0.16236399,0.023794549,0.021797037,0.018579691,0.04109428,0.060545327,0.317344684,0.039845125,0.031232813,0.076146986,0.017118313,0.026431057,0.082770102,0.04034431,0.058712219,0.028416003,0.023558662,0.012167091
1,9,0.987787936,0.771991629,0.750522734,0.639599157,0.614890579,0.482487156,0.492655545,0.522944126,0.625327601,0.660276749,0.708590861,0.708934087,0.717911939,0.618925589,0.601585212,0.633754541,0.534658692,0.676943384,0.630522215,0.603814476,0.196916073,0.196855235,0.982088672,1.027790273,1.061347267,1.016860531,1.376026109,1.460320057,1.305715013,1.338917385,1.444845296,1.605147325,1.614114819,1.890167485,2.321955808,2.709139819,3.426828543,3.040492539,3.191892596,3.379602555,3.672780529,3.251226162,3.771036107,3.690291169,3.154581023,3.279004833,3.102634871,2.712596352,2.70137202,2.337352647,2.257034271,1.980590771,1.896483008,1.917819612,1.782445001,1.821752464,1.574057528,1.367536558,1.334141915,1.290164694,1.444525779
1,10,0.644631609,0.767245242,0.850266283,0.851619031,0.789464433,0.961533675,0.815890305,0.897262326,0.151662403,0.509373977,0.531650043,0.851801727,0.859324881,0.919664007,1.068299422,2.702123083,2.498129804,2.057318976,2.011598786,1.483703329,2.020274876,1.951381375,0.27047451,0.262508328,0.244087195,2.065216568,2.595730569,2.570799606,2.254804005,0.124091284,0.130797469,0.838033615,1.045599163,0.980175257,0.90441215,0.90561106,0.747409217,0.652184136,0.110130735,0.062815277,0.026832727,0.011435328,0.013634099,0.044538989,0.013398785,0.006681048,0.004226549,0.005422294,0.013031934,0.020434082,0.006041265,0.006053135,0.013659221,0.006272799,0.004166032,0.011418661,0.004012357,0.007305895,0.004438943,0.003948488,0.004928896
1,11,0.686901561,0.654041738,0.649608745,0.613898511,0.567700267,0.614719416,0.610384388,0.636404866,0.902471964,1.083879945,0.927860493,0.655936099,0.746619586,0.7897425,0.807814994,2.199031146,2.092875824,1.874206357,1.896130077,1.567828801,2.005564824,2.005827851,1.079918842,0.997400279,0.860719176,1.859478348,2.058783803,1.978247128,1.985136873,0.580067224,0.572987759,0.55392188,0.579412745,0.481796003,0.468411027,1.015176335,0.773465069,0.991661926,0.668323968,0.037950578,0.021398186,0.022548562,0.035221748,0.034607063,0.061492298,0.021926451,0.052337866,0.02144692,0.040961271,0.048660524,0.034221099,0.017253721,0.043400001,0.034205346,0.027968681,0.051383417,0.050158049,0.029466098,0.063496146,0.11510627,0.062674411
1,12,0.599514262,0.329290404,0.523430717,0.397956539,0.763114884,0.272450788,0.449440309,0.352336274,0.783128784,0.961579847,1.244769034,1.419954362,1.505974196,1.232756127,1.502783813,2.058293604,2.331746614,1.899416797,1.860063797,1.433854507,1.606416269,1.997484436,1.497836546,1.528074817,1.570440949,1.692456712,2.260744376,2.348363911,1.986988044,2.047307655,2.310613855,2.155661944,2.131028272,2.743472846,2.93796845,3.762471858,4.590129265,4.246818467,4.626369131,4.509613057,4.716287111,4.244556705,4.68002821,4.753329756,3.994240995,4.115076131,3.961273304,3.501412477,3.544606881,3.207812211,3.17248925,3.077959139,2.839981351,2.908472845,2.777306795,3.285740793,2.604636152,2.497362396,2.370108974,2.262366803,2.396889506
1,13,1.349107682,1.38668314,1.143283642,1.489394443,2.318693769,1.683108125,1.354187463,1.419546173,1.75692617,1.539821038,1.413749555,1.472880417,1.155338448,1.208676737,1.263436892,2.072008718,1.815508963,1.4114795,1.820114535,1.549909428,1.616993929,1.584608463,0.643850323,0.587596442,0.696600944,0.840466219,1.126545423,1.153232258,0.966683816,0.964107701,1.037191103,0.982655983,0.931263055,1.082926161,1.242151318,1.263963066,1.563299991,1.366191768,1.406568555,1.12201021,1.1356593,0.886069533,1.21631442,1.379390032,1.152079784,1.305299991,1.20838665,0.914308507,0.919463266,0.970253721,0.602936538,0.715714148,0.800799206,0.832328377,0.612987963,0.995372604,0.755076957,0.743120819,0.896484322,0.863387378,0.676130716
1,14,1.695223871,1.808158972,1.74313755,1.800084316,1.801487194,1.618251072,1.570607097,1.481537791,1.857524727,1.910194497,1.525588406,1.32500829,1.443781786,1.600441777,1.621399119,1.69918429,2.102327793,2.375792747,2.854568072,2.998291764,3.42864715,3.772411287,3.693023756,3.502061631,3.218169091,3.12018441,3.060889767,2.628332016,2.330643571,2.45272772,2.411512133,2.357178743,2.546086295,2.201499174,2.227468424,2.428791584,2.454562227,2.161866705,1.160008495,1.11751416,1.152794284,0.985123406,1.136280918,1.276369203,1.139759733,1.130358508,1.245422544,1.01220606,0.988577469,0.84056515,0.879709956,0.851668703,0.751332281,0.740089146,0.660539122,0.698629517,0.68014596,0.66957354,0.697870407,0.639738915,0.623225584
1,15,0.310702262,0.271679213,0.2693455,0.269317809,0.265130675,0.225044377,0.330958482,0.360941849,0.358146279,0.325467835,0.784535246,0.896904798,0.845044171,0.790221487,0.846959368,1.043774181,0.822586733,0.723811416,0.696646625,0.584510329,0.627386022,0.62804678,0.632059312,0.587674281,0.664271639,0.640265835,0.756220243,0.787279968,0.75489461,0.696991872,0.717030505,0.594615405,0.705220355,0.974456562,0.857179894,1.091470545,1.493386405,1.381424758,1.320632215,1.066625009,1.129831514,1.087807228,1.139900742,1.37367671,1.198746312,1.201222537,1.062840872,1.104596197,1.019379938,0.969383693,0.845264197,0.74112587,0.803156654,0.68825053,0.514942217,0.560818631,0.455959716,0.469231603,0.474050876,0.476575075,0.530106171
1,16,0.183932659,0.164195102,0.163890079,0.166356541,0.172021611,0.154333736,0.184215415,0.199639428,0.207544525,0.122911118,0.311537124,0.490413129,0.42582975,0.369449492,0.420155187,0.45853732,0.415519099,0.296568015,0.275700382,0.258683735,0.304074242,0.371379987,0.416945883,0.476989329,0.471611862,0.420475259,0.49026847,0.486531124,0.436516094,0.441499609,0.650767403,0.410110414,0.516858368,0.57167276,0.65926965,0.671294239,0.777554367,0.669082072,0.765133257,0.575902228,0.472408834,0.456987326,0.504077216,0.655664729,0.535681827,0.504872502,0.479740117,0.386305012,0.392004016,0.463010072,0.427550901,0.46034988,0.559381098,0.483253118,0.456100819,0.972388852,0.716878817,0.583941884,0.639146448,0.596274473,0.490609392
2,1,1.717391308,1.766347016,1.749340834,1.666292163,1.446099214,2.662525143,2.98734563,2.917862275,1.55279679,2.861055591,4.26533493,4.943448955,4.768406724,3.056415812,3.598332324,2.885039135,2.826985603,2.339507208,2.704657859,1.877995175,2.65091457,2.635026333,3.376842691,3.273899058,3.376858572,3.410626025,4.494634645,4.520018521,4.251418564,3.362589771,4.131457682,5.176099535,5.320521237,5.721483076,6.714389992,7.501717505,8.469777821,7.908148996,9.060946021,10.24630909,9.895512796,9.826773133,10.59009639,10.70437953,10.61261794,10.05528406,11.60815514,9.567992852,8.837630542,8.309574717,6.206598932,7.418604566,6.522920286,7.204818073,7.581274087,6.410984363,6.263983668,5.601573122,5.823683415,4.607893425,4.933815641
2,2,,,,,,,,,,,,,,,,,,,,,,,,,0.000638871,,,1.00E-05,4.64E-08,4.30E-07,,3.49E-05,7.11E-06,1.45E-05,1.36E-08,1.25E-05,1.94E-08,6.03E-06,2.57E-05,,,1.09E-05,,,5.88E-05,4.81E-07,7.41E-06,1.63E-06,9.13E-06,,4.52E-06,,,,,0.000830801,0.000183611,0.000528948,1.65E-05,8.46E-05,
2,3,1.206929759,1.458924763,1.113257497,1.336270492,1.176844286,1.556708731,1.232557484,1.19057059,1.353459363,1.27369731,1.572241476,1.772073824,1.55719805,1.512229309,1.697195046,1.67250268,1.930503006,1.348184268,2.048242696,1.690759179,2.135058238,2.004279211,0.860901904,0.886165937,0.964657207,0.710927214,0.904275092,0.92538597,0.859272201,1.01682582,1.11452148,1.143317562,1.329614627,1.591494501,1.907387558,2.947644379,3.473114427,2.523841558,2.558207603,3.619096555,3.675027232,3.461172795,3.650890227,3.902401319,3.23838346,3.239439886,3.349908205,3.045576221,2.845012767,2.351473902,2.448739278,2.44695938,2.421492007,2.29432595,1.490954136,1.640855883,1.592359079,1.494615513,1.864025868,1.415689532,1.39283903
2,4,,3.15E-06,,,2.25E-07,6.84E-05,8.30E-05,0.000252911,0.00015437,0.000134964,3.99E-06,,2.26E-06,2.42E-05,1.53E-05,9.57E-05,9.55E-05,0.000170611,0.000689696,3.74E-05,1.46E-05,1.16E-08,4.33E-05,2.82E-09,1.12E-08,0.000553252,0.000144771,1.45E-05,9.46E-05,1.82E-05,0.002155195,0.002275944,2.60E-07,0.000124889,0.001091944,0.000771293,7.43E-05,0.000674909,0.001149455,0.000817248,8.49E-06,0.000553934,3.44E-05,6.57E-05,0.00040444,4.47E-05,0.00070419,0.000523051,0.000226512,0.000355649,0.000960731,0.001180577,0.016299091,4.23E-05,0.002809982,0.000321704,0.000101122,2.44E-06,6.44E-05,4.15E-05,0.001594019
2,5,2.175127434,1.075801804,1.002783011,0.711374835,0.720255803,1.308499031,1.267882476,1.202369671,1.857681872,2.583166607,1.311853225,1.281046117,1.279979139,1.132686479,1.145904537,1.674612866,2.022498109,0.71427717,0.639969522,0.548451673,2.537334905,2.893324399,1.398112612,1.345979509,1.312479099,1.17888398,1.545234789,1.587347842,1.383738205,1.251853488,1.336565937,3.478304907,3.118574019,3.349340326,2.888667908,7.125347673,7.240900324,3.373084803,3.62352294,6.292823537,5.904306255,5.65694272,5.545744913,5.8611821,5.042859089,4.743560976,3.597329212,2.99447128,3.551905934,3.219861678,2.672492552,2.501763522,2.293844437,2.192927077,1.510715259,1.836342426,1.725758028,1.559048285,2.190112098,2.074375855,1.403863937
2,6,2.474730401,2.254330257,1.979064202,1.542504919,1.736966429,1.966575902,1.794868268,1.73715854,1.999749471,2.920128528,2.513417446,2.166608918,2.198665441,1.875991027,1.953832282,2.159461603,2.274404016,1.733836925,1.478523832,1.367472102,3.735378403,3.554909531,2.116417741,1.888015705,1.839653606,1.667101608,2.184517706,2.188965347,1.818031562,1.865563097,2.199817311,3.071800492,3.110826049,3.37992211,3.645614838,6.638073752,7.415010398,4.664271952,4.834852014,7.126705367,6.761294076,6.50947292,6.39255553,6.718548283,5.450779001,5.408552233,4.424307777,3.738803478,4.446665782,4.231413826,3.720598199,3.829296973,3.459743609,3.415158345,2.330083465,2.453064794,2.49492474,2.236477508,3.36530335,3.382083536,2.159700086
2,7,0.011344828,4.04E-05,2.61E-05,4.21E-05,0.000164735,0.003607971,0.000524016,0.001113763,0.000826979,0.000634218,0.000883185,0.000975736,0.001610352,1.71E-05,0.000163672,0.001145047,3.99E-05,7.97E-05,2.32E-06,5.82E-05,9.78E-05,6.19E-05,9.91E-05,4.73E-06,0.000398562,0.026307556,0.633774356,0.593998107,0.019848342,0.027761431,0.101748702,0.179785248,0.557611798,0.674364992,0.777922979,0.740825613,0.795503638,0.668075769,0.491560811,0.00579487,0.011487905,0.007974666,0.005827525,0.013700097,0.00360468,0.002350013,0.0069525,0.005201759,0.002181856,0.004027863,0.000112415,8.79E-05,0.005280589,0.000145779,0.003176576,0.016502053,0.000374073,1.39E-05,0.000186978,3.59E-05,0.00024882
2,8,,0.000112586,,,,0.005856231,1.28E-06,1.81E-06,5.06E-07,0.000863941,4.07E-06,5.00E-07,5.31E-08,1.43E-07,8.24E-08,0.003177781,8.40E-07,2.03E-06,,,3.18E-05,4.03E-07,2.23E-06,0.000117945,0.000248572,0.000144525,5.35E-07,,0.000181317,1.39E-06,9.73E-08,1.45E-07,4.27E-06,0.008535775,9.99E-06,0.000495308,0.000342136,0.000296257,0.001042985,0.001744394,0.008360932,0.008828567,0.002061766,0.017821317,3.66E-06,0.001551725,0.000588938,0.007624553,4.93E-05,0.000938171,7.95E-05,0.001628837,0.000303384,0.000278416,0.001157289,0.009929777,0.000420403,8.41E-05,0.001747301,0.000563344,0.000111807
2,9,0.73820842,0.743573055,0.643846489,0.506997239,0.474626953,0.416893757,0.372238932,0.361179264,0.502581265,0.512362435,0.829539528,0.622775926,0.587415264,0.579713067,1.281422032,0.666554221,1.888027591,1.575856655,0.590967843,0.496965974,0.212694276,0.402891384,1.113323497,1.160602949,1.196325777,0.983125197,1.293770824,1.380726683,1.213710683,1.295041801,1.414168086,1.467522024,1.547679499,1.818147088,2.272424559,2.6035548,3.435025425,3.181468228,3.34078935,3.824567925,3.925765943,3.65606481,4.040117257,4.108393317,3.008897654,3.20057283,3.027710253,2.724397492,2.568357826,2.255704157,2.060015003,1.935543518,1.858436408,1.84408275,1.794197579,1.782881107,1.716522864,1.444701939,1.378438155,1.268100279,1.424711463
2,10,0.505825924,0.51081719,0.557858946,0.558287511,0.47439219,9.936357209,11.00043607,10.45694678,0.073752648,12.14993825,9.053670558,9.404912148,10.07321006,9.556831248,9.676760886,4.410094626,4.811279005,4.118612228,3.831949064,2.715484044,3.486019423,3.34174298,0.250757842,0.270240578,0.202179266,3.728090074,5.08734579,4.79396402,4.688482636,2.218009642,0.975820139,5.93776471,4.965050837,5.209545689,5.201922978,0.846569934,0.832158138,6.329309164,4.680471213,0.374465097,0.330641931,0.287017087,0.294021192,0.234775734,0.157191608,0.133882096,0.07921209,0.085000131,0.047327423,0.02868123,0.021221311,0.019545569,0.020301859,0.032251938,0.031666864,0.032178477,0.030528659,0.017236967,0.012714598,0.010901908,0.014272289
2,11,0.538540269,0.435535865,0.427636143,0.402436873,0.341230879,2.977491412,3.130296078,3.348366182,0.432856255,3.213413434,2.681657566,3.552257534,3.598064468,3.428174688,3.497614875,2.380561796,2.263708734,2.037320658,2.02719019,1.656259217,2.086566028,1.99743417,0.877751841,0.877550611,0.754445914,2.101835046,2.46176237,2.199224117,2.399881443,0.501755821,0.507953183,3.088895049,3.349079798,3.503779638,3.257680588,0.380423522,0.303566303,2.952824284,2.725877186,0.059858484,0.056979237,0.066793215,0.054392381,0.042201776,0.035272854,0.012444519,0.007866279,0.008350183,0.004613397,0.003334537,0.003364225,0.003459393,0.002113961,0.005386381,0.005178535,0.004291173,0.003417342,0.002282271,0.002067206,0.000246462,0.002140956
2,12,0.728944883,0.777290708,0.613065388,0.904709714,0.770535217,1.082211636,1.154343699,1.066653459,1.047408983,1.654770371,2.70576269,3.061345001,3.206575754,2.33024287,2.527590647,2.913727103,3.379218271,3.344413518,2.254622894,1.894933692,2.685676739,3.070446259,1.785838927,1.757208918,1.846971813,1.682695297,2.228367069,2.32748161,1.833965116,1.965888258,2.249731721,3.322164266,3.598499011,3.173232274,4.33037,3.407334917,4.426172003,5.739230399,6.049794631,4.803847219,4.901458744,4.374187436,4.779042212,5.14869146,3.850139144,3.786632763,3.703697668,3.36977474,3.278472868,2.996141643,2.810392344,3.029165771,2.694724705,2.761294398,3.30551166,3.674703219,3.3424211,3.005030764,2.287492537,2.06424214,2.682902909
2,13,1.901940782,2.131603129,1.637447743,2.60614236,3.097302149,2.594584803,1.986621084,1.954808852,2.795771993,2.158580268,2.116880104,1.963479109,1.68196501,1.591763384,1.861212011,2.686677595,2.476749078,2.028477711,2.63555937,2.09854354,2.44272103,2.32177072,0.85389543,0.863809331,0.937943069,0.733429102,1.001995101,1.025914895,0.795133974,0.793056222,0.891460467,0.792719798,1.700514565,1.872095518,1.942945636,3.735480642,4.211887235,2.583554399,2.505922477,3.58754985,3.399113475,3.308958655,3.229655895,3.571511586,3.284405004,3.24042681,2.905017542,2.668646367,2.446492078,1.699596052,1.586325254,1.590787667,1.771723361,1.634907231,0.745333049,0.925203477,0.891228138,0.753900493,1.126666561,1.02532784,0.644958586
2,14,1.599003959,1.489974093,1.339334111,1.518110279,1.447499744,1.153980915,1.069741999,1.06983503,1.331852644,1.323383065,1.139739168,1.022793639,1.072346236,1.181392994,1.444859235,1.590678549,1.919158421,2.148337886,2.729692665,2.817644885,3.208012442,3.370651524,3.102676291,3.137338469,2.955980369,2.86576319,2.697963827,1.824077293,1.837823719,2.008310232,2.105455421,2.010213016,1.975127259,2.087332186,2.069985296,2.560218107,2.492452177,2.100584606,1.394568949,1.802507032,1.824622645,1.765318188,1.989268061,2.121699721,1.932094658,1.720205653,1.765868732,1.691291078,1.612563443,1.174008818,1.301811545,1.357086562,1.470120377,1.271948754,0.918732223,0.831267918,0.907639167,0.790434311,1.060210726,0.979781111,0.700347966
2,15,0.363590672,0.320702768,0.315315806,0.297411125,0.315626787,0.233152909,0.254200601,0.239843621,0.300997595,0.220413934,0.922269545,0.994332448,0.984433846,0.863007844,1.077828998,1.018051969,0.994769171,0.930592564,0.8155964,0.690374718,0.731961509,0.717056664,0.749641394,0.691300455,0.811957015,0.716374442,0.799261366,0.815207257,0.744952986,0.745625715,0.764575932,1.067298501,1.153374416,1.140537904,1.075346546,1.265590094,1.740442675,1.466217626,1.464517732,1.575309317,1.634663046,1.593580243,1.643923679,1.907160781,1.599924531,1.638652689,1.404827055,1.554430487,1.444446348,1.38100919,1.0346394,1.179603258,1.125622035,1.037795459,1.091230481,0.966796525,0.944285228,0.656405116,0.701117835,0.653653095,0.661674627
2,16,0.21051456,0.19014065,0.188554521,0.172186967,0.185766779,0.156364349,0.17032646,0.168986464,0.180265269,0.115830874,0.40725438,0.535601738,0.494205343,0.387184794,0.510383869,0.448680194,0.420011987,0.379403523,0.335663152,0.312865584,0.34451494,0.362387393,0.421031421,0.459049698,0.452783548,0.378869565,0.434752371,0.41352509,0.372099006,0.387867668,0.559042622,0.366471997,0.435795462,0.58179601,0.81752266,0.761955835,0.731638823,0.666444295,0.730865781,0.730876425,0.659303726,0.809736531,0.578764082,0.785345782,0.728028726,0.746267136,0.620670773,0.562832288,0.522302597,0.460216029,0.505837535,0.56454579,0.491681264,0.527390479,0.364276086,0.823073338,0.594172897,0.463231517,0.454386328,0.431673872,0.605541468
3,1,1.185682895,0.860460463,1.172420911,0.673375101,1.287427374,1.755038517,1.87227347,2.121485068,1.673505148,1.752519747,4.668715284,4.757205297,5.072223179,2.073106081,1.852226,0.592997612,1.877030159,1.881052072,0.774273041,0.524911583,0.615085257,0.726438187,1.891073632,2.207117688,1.778201826,2.073136838,2.105976791,2.165768213,1.201543444,0.85147928,1.09452417,1.41666977,1.901326462,1.136424551,1.157392573,1.327738189,1.665283581,1.923043541,1.906666737,2.128692242,2.285347545,1.354887379,1.632712611,2.005408486,2.472242991,2.233148578,2.921123145,2.425040083,2.11708926,2.783695869,2.938758083,2.684100623,2.308237082,2.230496687,2.575320332,2.261134995,2.316006889,2.093213401,2.281648999,1.596459787,2.115048743
3,2,,,,,,,,,,,,,,,,,,,,,9.44E-07,,5.97E-06,8.29E-05,0.0171277,,,5.28E-07,2.44E-09,2.26E-08,2.29E-07,,,,,,,,,2.55E-05,,,,,,,,,,,6.26E-07,4.71E-05,,,,,,1.43E-05,,,9.08E-08
3,3,0.329567542,0.436299941,0.438602268,0.508595303,0.429718877,0.4867095,0.426919355,0.486259643,0.535143956,0.680863156,0.682972241,0.762482468,0.601789952,0.570883742,0.543856537,0.605292357,0.715053639,0.833458359,0.68420473,0.665514244,0.628124799,0.680317783,0.642463372,0.68286537,0.707842865,0.795837932,0.821976213,0.991070907,0.693277277,0.84379168,0.9926275,1.094387628,1.139819079,0.85846973,0.854960255,0.799317918,1.015727326,1.123081232,0.972081371,1.130845414,1.02652614,0.729045549,0.731199676,0.918661492,1.132598412,1.007053204,1.0824431,0.999479389,0.896599802,1.030823525,1.081026395,1.034970102,0.971736171,0.818797312,0.874114332,0.894496178,1.102376058,1.038572273,1.026618358,0.892931066,1.039941972
3,4,,,,5.59E-07,8.40E-07,,4.85E-10,,,,4.69E-05,9.35E-05,3.92E-05,3.29E-05,,,0.00018146,,,1.86E-06,5.18E-05,6.16E-05,4.48E-05,0.000174589,4.57E-05,3.32E-06,2.80E-06,2.58E-06,2.99E-05,0.000699208,1.47E-05,,2.91E-08,2.31E-06,5.29E-09,4.31E-06,1.62E-07,,6.79E-06,4.36E-06,6.17E-05,4.19E-08,2.32E-08,0.001827757,2.54E-05,2.18E-05,1.53E-05,1.72E-05,5.11E-05,1.47E-08,1.40E-05,2.13E-05,6.95E-06,1.50E-06,9.13E-05,7.98E-06,0.00046531,6.61E-06,3.18E-05,1.07E-05,1.71E-05
3,5,4.449840194,5.299755646,4.470355973,5.587540241,5.490524345,6.07126158,5.714585257,5.642543749,5.316341132,5.628847096,5.19160549,5.998006728,5.198019084,5.382238295,5.527238126,4.583003521,5.49490565,6.581357524,5.328151269,5.809835302,5.254358678,6.963438925,0.927751305,1.060217381,0.917852635,0.992485852,1.04598248,1.091598601,0.658724031,0.708510817,0.681338399,0.896110725,1.06333276,0.793652737,0.832215176,0.876498108,1.088455221,1.342988027,1.166789662,1.328087069,1.311643167,0.959141351,1.095782544,1.296644426,1.590433985,1.417755211,2.093511857,2.083505684,1.991729887,1.774293404,2.017272928,2.169769433,3.474641678,2.833117332,2.880592286,2.759723955,3.06074146,2.876159743,2.827683544,2.599074329,2.75311972
3,6,5.28216403,6.761638272,5.254380712,6.469573069,5.626641577,6.559267708,6.471980322,5.749514721,5.664162127,6.724277585,4.615546161,6.339863696,5.424886938,5.171291467,4.6080787,5.037283409,5.888448565,6.876846269,5.195864266,5.134168412,5.723132548,6.955823284,1.671840554,1.704938915,1.504654855,1.584298247,1.526095433,1.673741432,1.060038283,1.169692783,1.171333688,1.325848989,1.537352109,1.157024225,1.151581624,1.204333706,1.443084329,1.705892917,1.484894596,1.71479437,1.598994294,1.128373677,1.194330439,1.471845579,1.787449311,1.650617877,1.973976321,1.726768794,1.66555417,1.788287113,1.926405593,1.930282037,2.488225185,2.136915405,2.227790281,2.274649836,2.80225468,2.537573798,2.510487845,2.544775343,2.67018871
3,7,0.016176181,0.001068693,0.000769925,0.001171951,0.001146095,0.006189053,0.001131802,0.001075363,0.001115028,0.001027834,0.004007809,0.00144944,0.001209272,0.002834005,0.000675959,0.00106345,0.007525509,0.003011772,0.085101945,0.012483642,0.00693337,0.034527486,0.51025869,0.576039825,0.437243229,0.472314594,0.267154126,0.108682915,0.063551067,0.080866319,0.005716773,0.034103739,0.12389597,0.105204074,0.126877331,0.115542016,0.133160292,0.120113638,0.169651094,0.010428481,0.011242183,0.011391848,0.012952603,0.02218903,0.021631055,0.027157403,0.126874265,0.006615488,0.002405477,0.026370754,0.0675482,0.018464025,0.016714776,0.009856756,0.051600337,0.075422407,0.031720417,0.008817114,0.025147262,0.023425772,0.031636091
3,8,0.005258553,0.006104758,0.004993497,0.007383333,0.007042558,0.006414954,0.007567294,0.012488313,0.007503696,0.007461923,0.014063873,0.008139311,0.006516585,0.012269842,0.004927311,0.006396752,0.017607396,0.013737669,0.134156338,0.025548709,0.040470915,0.04092687,0.01740186,0.247731698,0.021193528,0.012810789,0.01456312,0.012906651,0.012416628,0.014814078,0.036149315,0.017679066,0.027579716,0.023706544,0.027211103,0.022667106,0.027586251,0.028966301,0.008255262,0.009537477,0.010146775,0.009534139,0.0091367,0.007478033,0.006360226,0.005689414,0.002218691,0.002160753,0.001380555,0.007580669,0.014014175,0.014624729,0.01963277,0.012048523,0.008574638,0.006587415,0.007452955,0.008494977,0.005329428,0.006814094,0.012070315
3,9,2.113442912,1.623180127,1.923623595,1.987225697,2.295676116,2.003946782,2.087649141,2.420953223,1.909192994,1.584727039,1.447182585,1.454767569,1.627912173,1.830285305,1.627286534,1.718296788,1.687873406,1.79011162,1.316379995,0.712040525,0.339003105,0.453214967,0.748541757,0.89526318,0.764823604,0.832178235,0.830394066,0.906544734,0.521236747,0.586072623,0.558506132,0.719725389,0.933859042,0.67626989,0.71847519,0.715459226,0.960839078,1.149199392,0.948643874,1.183893517,1.12907055,0.73778121,0.815948435,1.0701201,1.374555763,1.259299146,1.347499465,1.265700784,1.147798762,1.315594973,1.391296344,1.193559911,1.218580913,1.050655884,1.076018846,1.071480226,1.010084639,0.877250289,0.865208388,0.745628329,0.922428229
3,10,0.218674122,0.235521011,0.267222823,0.411726055,0.354194996,0.510664421,0.558602599,0.516714257,0.378841173,0.524509908,0.404590337,0.451835062,0.405000022,0.498312054,0.488047669,0.527992291,0.561605383,0.562700577,0.592023046,0.467024269,0.523470971,0.615461237,0.61093279,0.459896002,0.681406329,0.955410796,1.153072629,1.121006863,1.037173715,0.702801281,0.760776245,1.373893933,1.472670147,0.324830892,0.262492983,0.237347363,0.16651678,0.238783818,0.339549356,0.215861515,0.165691413,0.165857246,0.309098109,0.249127731,0.23824255,0.258116775,0.18798906,0.163352184,0.12303609,0.123389002,0.129045642,0.180474888,0.247949188,0.215805363,0.236300204,0.365010891,0.414911741,0.25464242,0.197181867,0.21975212,0.314361257
3,11,0.053293147,0.050475925,0.049164957,0.051046818,0.03986461,0.121263992,0.164072116,0.139565537,0.052892647,0.181793365,0.116157299,0.178138646,0.168288204,0.205980961,0.224886081,0.310573637,0.271649734,0.230570049,0.237349095,0.171762839,0.206268101,0.238451321,0.099988452,0.098149343,0.098750727,0.243475413,0.273965346,0.248779812,0.272342999,0.052059387,0.06127191,0.099557739,0.111638284,0.126923485,0.111996767,0.065629556,0.040770369,0.082315303,0.079565282,0.006091856,0.005934567,0.008957964,0.018358068,0.013236213,0.005843319,0.005904587,0.007173117,0.007296212,0.007567381,0.011237183,0.009313625,0.010402865,0.012681132,0.011792796,0.01100794,0.012533804,0.010407199,0.012158457,0.008550534,0.009362385,0.007870559
3,12,0.307504214,0.654662513,0.542185782,0.356729912,0.509106024,0.418276978,0.82069741,0.74439074,0.708506017,0.763956234,0.722963612,0.797255269,0.446884183,0.43989441,0.463997707,0.44341234,0.555521689,0.421193108,0.727509232,0.333278982,0.454192143,0.559882577,1.133545231,1.34002039,1.105162555,1.285759521,1.264731259,1.328330372,0.745080042,0.84826159,0.801103525,0.963447654,1.224547619,1.002725103,0.9578264,1.024994551,1.301087405,1.673243122,1.471660482,1.687724059,1.586397886,1.107777982,1.163947167,1.508743205,1.917987865,1.76317035,2.128854953,1.961552777,1.864795799,2.112848443,2.351618431,2.376197334,3.035857246,2.629455826,2.679540398,2.803561327,2.840247731,2.663909047,2.548744582,2.418330248,2.723876844
3,13,8.678192356,7.194727511,8.271331266,6.538011946,3.21087142,5.352665578,5.574105424,6.532699328,3.00638599,4.200182514,5.672978293,5.914956283,5.20292152,5.916213332,4.872804765,4.254623002,3.402373093,3.444793121,1.362169394,2.338860543,2.32289079,2.202989306,0.480853839,0.523259378,0.465069402,0.613100292,0.580052337,0.580282602,0.312500466,0.343169327,0.311885266,0.348802597,0.496185766,0.36860958,0.373089245,0.33982106,0.431520159,0.485021485,0.405277058,0.40078139,0.336893653,0.224979109,0.250258413,0.352182915,0.462440789,0.465564766,0.441961337,0.349547031,0.312741995,0.423384389,0.290067192,0.290927723,0.287381165,0.278534012,0.236940645,0.318966035,0.294459499,0.273954517,0.286469566,0.239454666,0.268925894
3,14,4.068900081,3.046507475,2.908703622,3.169685463,2.391982142,2.982144043,2.54728612,3.11178172,2.261711635,2.033787333,2.413759876,2.994107653,2.250756915,2.605404188,2.207942894,1.879542826,1.686059164,1.954452875,1.460008923,1.602072654,1.57420408,1.749570416,0.907697553,0.889081717,1.24537864,1.292588467,1.493131396,1.851624356,1.602093931,1.661662866,1.911310498,1.931842271,1.810129338,1.504759835,1.277147367,1.307395656,1.43602247,1.415466408,1.199987722,1.251324097,1.039639957,0.926411948,0.93156875,0.96101859,1.144305238,1.041856126,1.369056487,1.167824443,1.103255739,1.103380529,1.249442817,1.396270081,1.367644463,1.06860353,0.995196875,1.176216459,0.526855042,0.459451382,0.480969522,0.423358024,0.474224938
3,15,0.323683722,0.211465092,0.277412864,0.152935466,0.265667386,0.307182565,0.312498575,0.364597363,0.29369583,0.287658074,0.722358198,0.712896256,0.695488492,0.358703329,0.310827578,0.30603524,0.442817458,0.451643539,0.273282128,0.265891731,0.241460819,0.234718721,0.385262239,0.393135607,0.406523984,0.438229338,0.400188652,0.411807517,0.262641561,0.275206193,0.272864892,0.35371099,0.378348154,0.308815485,0.24454153,0.270597954,0.433130157,0.470569232,0.358318044,0.374177817,0.341030973,0.228687892,0.228621514,0.367234634,0.474793322,0.42472592,0.384584453,0.427941771,0.365206343,0.490688345,0.459728871,0.377836324,0.373771633,0.306142584,0.303794688,0.326589607,0.298684337,0.273430241,0.304773691,0.280873277,0.343574311
3,16,0.286070307,0.219055994,0.281291422,0.256249457,0.333679154,0.427749927,0.382017282,0.438466736,0.419048866,0.376657238,0.71600463,0.70054301,0.653177844,0.412354994,0.341308413,0.315125188,0.386022471,0.414641191,0.282698775,0.229428737,0.238314546,0.25982302,0.397275507,0.466012708,0.443587,0.46495973,0.450461885,0.54618728,0.423822231,0.472060432,0.569463768,0.57924273,0.563289853,0.410727386,0.397601252,0.348904879,0.418020508,0.392678819,0.371241056,0.352457837,0.278461339,0.252628533,0.239199344,0.277720979,0.350357883,0.298906201,0.342976623,0.285262125,0.274729666,0.281943093,0.358284707,0.381116707,0.364017272,0.308570449,0.321959353,0.430241632,0.449849483,0.351829958,0.355128765,0.299806174,0.315192468
4,1,4.23E-05,,,3.45E-05,,0.00017487,0.000222337,0.001840691,0.000496673,0.00071771,0.000457171,0.000438047,0.009074415,0.000331849,0.000412805,0.00015392,0.0004707,0.077486628,0.076694722,0.109409733,0.051376717,0.056758365,0.193129644,0.160404782,0.163210395,0.174577606,0.141800965,0.167743269,0.1126058,0.158907819,0.125449392,0.158869395,0.035931966,0.025461928,0.02865891,0.017112865,0.034850011,0.061109332,0.051362893,0.061577645,0.054062003,0.030864555,0.166697186,0.087078437,0.050693401,0.076562673,0.073812567,0.125869948,0.125702423,0.31799817,0.292627552,0.326782351,0.519369277,0.501755933,0.492053194,0.590291575,0.486274711,0.429417886,0.510461446,0.56537432,0.474023637
4,2,,,,,,,,,,,,,,,,,,,,,1.79E-05,,,0.000429757,5.22E-05,,,,,,,,,,,,,,,,,,,,,,,,,,,,,,,,,,,,
4,3,0.2082016,0.202469755,0.212130385,0.300301125,0.279728448,0.342417966,0.253758245,0.325172187,0.434027751,0.396945525,0.3680481,0.368419239,0.319904469,0.287362493,0.252570879,0.254908237,0.299228891,0.245464634,0.264316482,0.206893412,0.191088556,0.233501896,0.283712476,0.25701176,0.318282543,0.33705381,0.334306716,0.486127761,0.361631468,0.387336499,0.498829418,0.479202817,0.631665983,0.542828715,0.481647343,0.44536129,0.417441319,0.405811665,0.369158831,0.381345704,0.240423079,0.284101103,0.343060648,0.318896562,0.341347498,0.391838495,0.395153249,0.475933506,0.413626123,0.468169594,0.459904615,0.459022024,0.528767328,0.498216557,0.43218274,0.357736558,0.662873698,0.580684464,0.650522424,0.611447253,0.539439424
4,4,,,,,,1.62E-07,2.75E-09,,4.48E-08,7.81E-05,7.14E-05,0.000802071,0.000675574,0.000609383,,2.93E-05,,9.28E-05,,0.000483521,5.09E-05,,,1.22E-05,2.01E-06,2.57E-06,9.45E-07,1.34E-06,1.56E-05,1.94E-06,1.05E-06,0.000149448,,5.14E-05,3.22E-06,0.00535752,4.16E-05,,0.000114998,0.000120442,,0.000149096,5.46E-08,3.65E-07,1.04E-05,1.03E-05,9.08E-08,7.36E-08,4.02E-06,4.78E-06,,9.01E-05,4.89E-07,,1.45E-05,3.10E-08,1.90E-06,4.23E-08,4.61E-07,0.004989612,1.61E-06
4,5,0.08119998,0.092112681,0.077169458,0.101017672,0.094711841,0.099127168,0.095319512,0.093995159,0.105512039,0.097794036,0.09426513,0.094291631,0.099265134,0.075594238,0.066549033,0.069567294,0.071687842,0.094308903,0.247842928,0.184724008,0.143948286,0.175338197,0.225005267,0.229935973,0.315744806,0.345579995,0.340594338,0.401957777,0.302705314,0.300899174,0.374908884,0.564018795,0.543442646,0.415435005,0.423716129,0.483519927,0.51426771,0.613588033,0.614792675,0.712096872,0.573962462,0.639194156,0.923671553,0.92288853,1.036250105,1.18707991,1.521655627,2.052041052,1.778654311,1.619195612,1.653580723,1.70742819,3.377610349,3.281637641,3.095064154,2.941141884,3.077556971,2.87431415,3.227403229,3.265176946,2.776203517
4,6,0.185749371,0.182793568,0.238141506,0.311171933,0.284395215,0.351183878,0.258295256,0.309530735,0.445200538,0.412307345,0.363822513,0.354115921,0.309265184,0.30551016,0.263161962,0.246775035,0.29134775,0.280475616,0.424477806,0.255771011,0.240615605,0.297685129,0.571652921,0.527126917,0.593160303,0.589426077,0.419928464,0.574908581,0.391927812,0.399700224,0.438642929,0.539846715,0.594724534,0.521900384,0.483498444,0.494480183,0.490266079,0.557381493,0.523249967,0.555409938,0.390717978,0.472884044,0.637678121,0.609368139,0.653772258,0.764323744,0.887178828,1.099367315,0.990183686,0.964443673,1.013810995,1.092053387,1.952175359,1.996761637,1.850237571,1.864269425,2.356173578,2.155987261,2.428869678,2.540970566,2.080715612
4,7,0.001566112,0.001621377,0.001183176,0.001626756,0.002181857,0.00279096,0.002229415,0.010742474,0.052936949,0.004016572,0.001626681,0.001543284,0.022778038,0.001193597,0.001064144,0.001522296,0.001351837,0.18781199,0.003632704,0.005563486,0.00168037,0.00199781,0.719747586,0.669390056,0.633640894,0.602247607,0.051181292,0.00262171,0.007582351,0.005249233,0.001792085,0.002347499,0.003325206,0.009007948,0.002573857,0.005859685,0.002555615,0.002795781,0.003976124,0.004284857,0.002514449,0.003742759,0.003503707,0.002433035,0.002154935,0.002119571,0.002453077,0.073286998,0.096604465,0.032517029,0.002211225,0.001352388,0.002059906,0.001382283,0.000184647,0.001439041,0.001526408,0.000168685,0.000638482,0.004210644,0.035017006
4,8,0.008006227,0.008770942,0.008126945,0.010412296,0.010275196,0.011061835,0.011929347,0.022541628,0.01358854,0.016651918,0.011157144,0.01087468,0.048475191,0.008220066,0.008025012,0.009180318,0.0113746,0.247117332,0.015887873,0.018533555,0.013851604,0.012803092,0.013848231,0.014355178,0.015470571,0.019489107,0.019395082,0.020157117,0.020187392,0.019115563,0.055882107,0.02394909,0.044098684,0.029700712,0.027323424,0.031074845,0.031493909,0.033106747,0.005190916,0.031132362,0.004630804,0.019339794,0.014412784,0.005586823,0.005391983,0.004386012,0.005777966,0.003758204,0.005793182,0.005487006,0.005646777,0.006315429,0.003586008,0.002767636,0.00212388,0.002391515,0.002095599,0.007073673,0.002519681,0.00142557,0.005240846
4,9,0.015312786,0.007168119,0.023642216,0.033771859,0.029549628,0.03400253,0.027412986,0.030976822,0.055077985,0.264067101,0.033886357,0.113844446,0.031319169,0.027940873,0.026760066,0.026883794,0.057307555,0.032616317,1.038905651,0.553796069,0.157168872,0.212157928,0.188298342,0.165872096,0.177497308,0.183801689,0.163617724,0.191038264,0.128144754,0.137311024,0.142195023,0.164937396,0.061871917,0.073086103,0.067825642,0.072991082,0.068263289,0.085166583,0.087370611,0.104353899,0.080043065,0.095614846,0.157711096,0.164500062,0.193614576,0.232855992,0.299427582,0.416968658,0.38322142,0.366694293,0.36572886,0.398751214,0.575935932,0.567114083,0.494950622,0.444429218,0.419554953,0.380264585,0.443433625,0.373898135,0.343028131
4,10,0.273304198,0.269524542,0.327420178,0.435502853,0.428350995,0.437784554,0.397205193,0.427427824,0.544816479,0.421739559,0.372861151,0.304320782,0.331623207,0.281173551,0.280329363,0.241934942,0.31983795,0.346436703,0.505804651,0.385679623,0.371590655,0.430292802,0.458931292,0.548586587,0.871276508,0.856605628,0.885920088,1.051472317,1.011299524,0.856616673,0.920548332,1.393780373,1.665091179,0.161792893,0.09949881,0.15945577,0.116179539,0.115527751,0.253310883,0.253285589,0.153473784,0.177860569,0.435124023,0.354266771,0.309402335,0.410718224,0.1990824,0.231209457,0.15635408,0.190784595,0.175687146,0.206044707,0.290183059,0.306871857,0.315061132,0.533713421,0.525310647,0.317076328,0.282367803,0.342575253,0.40538972
4,11,,,0.002804756,0.001616236,0.002423047,0.003542025,0.003234589,0.003333268,0.004302184,0.004387963,0.004713219,0.003320122,0.004888156,0.003390395,0.022071504,0.019072172,0.039376915,0.027852178,0.012082702,0.011013569,0.009674416,0.009206246,0.006327792,0.007272468,0.015948963,0.0145122,0.000454943,0.001067349,0.022036594,0.000129982,0.000191987,0.000447947,0.001861352,0.00066038,0.001263055,0.000789526,0.001163615,0.001319417,0.001245586,0.001397541,0.001107573,0.001465038,0.021881587,0.002179068,0.002002317,0.002175278,0.001961563,0.002843259,0.002526122,0.003597087,0.003426994,0.004040002,0.004621864,0.004193686,0.004792297,0.005835263,0.005452168,0.005751118,0.006624741,0.007257914,0.005500047
4,12,0.001803297,0.001938367,0.001796952,0.002915928,0.002782009,0.00715083,0.003283092,0.006718415,0.004014777,0.004680263,0.003046416,0.003020152,0.015182399,0.002247148,0.003138631,0.004680973,0.004413395,0.05880449,0.293870224,0.190845253,0.125088555,0.118209833,0.271263122,0.234570442,0.25274484,0.274341112,0.226880914,0.260718326,0.164113152,0.175787545,0.164161963,0.263006944,0.069317598,0.109262673,0.098384145,0.160823891,0.154188841,0.212273907,0.232309471,0.284970968,0.241906615,0.300044532,0.422678606,0.420591342,0.501728585,0.609243746,0.824670453,1.019686152,0.964490007,1.008953968,1.081147144,1.228129529,2.298765624,2.353830384,2.139615599,2.110884936,2.190747645,2.044045903,2.257945243,2.39158841,2.090541386
4,13,0.006407649,0.007019123,0.006488043,0.008443449,0.008487591,0.010879022,0.01120357,0.011448544,0.020414971,0.013795232,0.011629795,0.012386698,0.017543797,0.010729172,0.010037249,0.009852047,0.0119299,0.037111914,0.02162274,0.03095834,0.03629726,0.023753285,0.14083472,0.129190903,0.123331829,0.119245618,0.040491466,0.038524373,0.032632124,0.03500114,0.036635858,0.039714139,0.01738826,0.012666824,0.012096566,0.01418043,0.017274704,0.020647383,0.022934866,0.023183742,0.013298156,0.022388912,0.016380766,0.014682396,0.018696809,0.020461085,0.023936168,0.031350956,0.027196588,0.031765556,0.028649703,0.030928145,0.045157116,0.046334617,0.043900253,0.046900098,0.047277333,0.047464113,0.055496836,0.071821399,0.043986511
4,14,0.896538771,0.814110764,1.128196972,1.583877971,1.434231873,1.70540661,1.235795645,1.576012561,1.649679495,1.418834281,1.364018522,1.552192284,1.258465674,1.200929224,1.065087554,1.031620668,0.930183544,0.785333963,0.516993589,0.370959255,0.351072651,0.403636233,0.304807283,0.353712694,0.589516134,0.601840751,0.693228591,1.065351995,0.941316206,0.898553626,1.034543335,0.949479623,1.686559951,1.499520912,1.228334914,1.227369863,1.206204229,1.143617484,1.028241989,1.05222825,0.65434996,0.77076971,0.968691293,0.875197486,0.88367129,1.006944474,0.98508049,1.115464788,0.978122624,1.097909843,1.118108039,1.171263241,1.265394556,1.14982611,0.955994212,1.275879551,0.295240877,0.23318339,0.28122159,0.28485309,0.245540742
4,15,0.000258083,,2.10E-05,0.000224984,1.83E-05,0.000197143,0.000290016,0.000671563,0.000290402,0.000396682,0.002172735,0.0005058,0.003570336,0.000397906,0.000395248,0.001001245,0.000990925,0.007788095,0.046450834,0.061089012,0.043569539,0.041927453,0.120069392,0.098992799,0.100655529,0.127096454,0.078745723,0.095260101,0.055456348,0.062061834,0.056634525,0.090215186,0.01971639,0.012465645,0.011288894,0.018913542,0.00987858,0.013299151,0.010282203,0.009981588,0.009409429,0.007739023,0.026579899,0.017467644,0.015788117,0.021663166,0.026748265,0.043437131,0.050108287,0.061680011,0.054670183,0.057216335,0.07740455,0.093823273,0.109752572,0.140980369,0.114212495,0.097148868,0.144403387,0.149888399,0.133761983
4,16,0.120899461,0.10938953,0.142909433,0.196476072,0.188983811,0.236674656,0.175985298,0.226699673,0.307220964,0.284893024,0.25520061,0.236904612,0.22656674,0.212569222,0.190210723,0.189113697,0.203689764,0.245174951,0.122236947,0.095000527,0.083834114,0.102113076,0.211421085,0.209168975,0.244741938,0.254473532,0.176212871,0.274463262,0.23426777,0.231490981,0.27314536,0.260007079,0.462394477,0.358841,0.321123959,0.295091273,0.267382805,0.252404319,0.21958109,0.228752498,0.148242517,0.177484813,0.221223287,0.201850198,0.207078518,0.215566621,0.20596479,0.234906768,0.202248866,0.228440393,0.234078564,0.239146329,0.250551573,0.246430318,0.220052245,0.156276886,0.22774273,0.192200066,0.219478461,0.199229863,0.158099083
5,1,5.9647738,5.833141081,5.724109054,6.992518266,6.884766426,7.169224448,4.984836531,5.336348109,4.799436904,4.890301033,5.384832332,4.222002944,4.195305684,4.030584146,4.042046464,3.229608362,3.65602036,4.484159633,3.972617941,4.286848785,3.542740471,4.404920051,14.40627398,12.21444581,11.8118814,16.23816332,14.91540864,13.63545534,15.34950778,11.42839523,14.30856635,12.67695127,14.41287596,13.25833252,12.49660983,12.2233115,10.0575395,6.930724131,6.788832471,6.553543966,6.789404974,6.544878375,6.867347002,7.165051898,6.987049262,4.645764061,6.231786933,5.980553663,5.34464159,6.401667592,6.0785224,5.448572445,4.868547823,4.788092933,4.769882851,2.995584597,3.68478451,2.996777104,3.125502611,2.835143917,2.325509327
5,2,,,,,,,,,,,,,,,,,,,,0.001028678,,,4.60E-05,9.56E-05,0.000302926,,,1.98E-06,6.05E-06,9.40E-06,,,,,,,,,,,,,,,,,,,,,1.31E-06,2.72E-05,,0.000890123,,,3.43E-05,2.89E-05,,,1.98E-05
5,3,0.468257695,0.485824647,0.508891528,0.445991987,0.507301253,0.664121186,0.580010906,0.659098068,0.653255954,0.554002576,0.781425342,0.710120837,0.900589885,0.765530327,0.972346343,1.046433971,1.03573135,1.062507751,1.037618568,1.1341948,0.97617259,1.051326723,3.597322578,3.178992112,3.253949588,4.137334612,4.174156584,3.605029038,4.96651381,5.906373559,5.330629392,4.949237795,5.073620393,5.775495075,6.052134326,4.636617272,4.244967851,3.223596409,2.69079855,2.917036759,2.686917109,2.947191853,2.614850729,2.989613654,3.047480264,2.029005924,2.104256864,2.183165478,2.102841427,2.208800306,2.042042038,1.824307768,1.65881003,1.492930225,1.524832879,1.153843183,1.507259593,1.288045474,1.213939533,1.356290807,1.091027064
5,4,,,,,,,,1.29E-05,,,3.08E-05,0.000199015,0.000393422,0.000202398,0.001438478,0.00220741,0.000142602,0.000177102,0.002963385,0.001557609,0.000335487,0.000750181,0.000197944,0.000419357,0.000264294,0.00046996,4.72E-05,0.000645368,6.63E-05,0.00088118,0.000132718,7.79E-05,2.97E-06,0.00042772,0.000303267,0.001017123,0.000111978,0.000156445,0.000405819,0.00305759,0.000395619,0.000188816,0.008219081,0.016133748,7.26E-05,0.000169344,8.73E-05,0.000459461,0.000221094,0.000129294,4.84E-05,1.52E-05,0.000172205,7.57E-05,4.32E-05,0.000114406,0.000130233,0.000145549,7.02E-05,0.000151866,0.001905563
5,5,2.446343966,2.284172097,2.442034024,2.29014442,1.9897851,2.207427011,1.578743807,2.150296403,1.853138018,1.802196984,2.385878217,2.532228878,2.200124727,2.124133136,1.536496482,2.679090908,1.861857359,1.685785392,2.001991235,1.684796436,1.16875566,1.22742031,6.115940248,5.497797747,5.162099948,6.57873282,6.224604793,5.807522243,7.134110699,7.647618163,5.790471102,4.202883044,5.102539388,6.087538183,6.47916456,4.967171435,4.468744243,3.647263024,2.894889477,2.896638199,2.93275264,3.135240958,3.139950884,3.699345829,3.81390634,2.629310116,3.3903275,3.811625626,4.121729226,3.423804452,3.399608708,3.062206394,3.906786586,3.714478298,4.245136461,2.979032081,3.364487737,2.842988594,2.467262578,2.642026453,2.567398479
5,6,6.211683732,5.896261318,6.210510567,6.420460247,5.564568483,6.138924296,4.204741989,5.657864344,4.966359638,5.039240772,6.245745934,6.450220293,5.673624402,5.691080952,3.878512255,7.069602599,4.584019438,4.654543667,5.37375811,4.907761082,3.162880245,3.056940645,8.699367793,7.484993496,7.03856816,9.47017871,8.921443381,7.807495489,9.80896731,10.54052035,9.269661812,7.446008132,8.244171988,9.565513394,9.364468041,7.578685523,6.50328341,5.009265397,4.14982359,4.245866726,3.949818002,4.255563306,3.866206378,4.483167168,4.597942238,3.111278811,3.447443268,3.567160284,3.703775808,3.687448252,3.364142911,3.032089501,3.239385964,3.121652053,3.349271835,2.450511409,3.069558939,2.533488956,2.336331596,2.566082784,2.268357509
5,7,0.008432833,0.014594573,0.026559352,0.023546095,0.01714851,0.007932527,0.011416798,0.005755103,0.005388997,0.005350922,0.007666113,0.006082509,0.006496819,0.143247561,0.177145814,0.275941084,0.161943084,0.13313399,0.141138888,0.17728415,0.18910002,0.134465262,0.318219469,0.268750518,0.328793821,0.328772964,0.14226908,0.076481427,0.08074095,0.06399237,0.080395555,0.090314944,0.1050784,0.066300394,0.068556916,0.095118977,0.076547389,0.092050975,0.118897199,0.007970965,0.005116161,0.004078338,0.009945241,0.017580594,0.004956503,0.0120296,0.021435049,0.016778837,0.024624011,0.025497709,0.022783674,0.031981017,0.00845039,0.010879647,0.010398967,0.031199976,0.029248993,0.012570935,0.009139017,0.026429373,0.011297916
5,8,0.010899018,0.016999007,0.026631546,0.032153411,0.017652636,0.013807772,0.016075257,0.008713094,0.015910623,0.012506096,0.020676765,0.016939673,0.01641682,0.239126867,0.296344513,0.507235359,0.377482851,0.338064574,0.328400647,0.401065184,0.32234865,0.234987407,0.221419034,0.190596114,0.199571893,0.195928215,0.10867549,0.141159312,0.144164811,0.147204012,0.183685769,0.199313359,0.161920368,0.02860729,0.033826483,0.028861276,0.027263856,0.018159407,0.020330183,0.015999021,0.012334491,0.007630838,0.011963568,0.011622842,0.010290771,0.025790144,0.01274256,0.026295811,0.041004747,0.024195719,0.014422932,0.023469811,0.012692922,0.024612968,0.024584506,0.057976932,0.021729695,0.011410394,0.007143235,0.028644312,0.005614809
5,9,0.989357164,1.008127682,0.763991381,0.606092237,0.519543247,0.39910893,0.380458397,0.407106865,0.589514693,0.59052314,0.917190305,0.625655048,0.601689984,0.703596568,0.552786729,0.688505496,0.48645321,0.612012344,0.769285333,0.793644485,0.882855253,0.398082681,5.091675073,4.680819425,4.56666466,6.007423154,5.922400438,5.479193952,6.694880017,7.348702579,6.276423013,5.978256482,6.589236808,7.7333309,7.806267729,6.152689784,5.379975118,3.995170668,3.226637043,3.656408041,3.264941032,3.509946029,3.345419943,3.690145581,3.833578935,2.614620751,2.784453232,2.927442898,2.793520538,2.965384536,2.77093394,2.248876325,2.232751464,1.98340236,1.905024842,1.377183228,1.511764505,1.143461015,1.082476013,1.253406707,0.992890547
5,10,0.271578434,0.295185721,0.319304534,0.194178596,0.206230854,0.210999303,0.234589311,0.27707155,0.2613804,0.234587013,0.24649538,0.204265224,0.366738519,0.333079239,0.556948184,0.581864909,0.533460144,0.518639552,0.565959549,0.732740719,0.697752585,0.540919009,0.54849749,0.589573054,0.487565162,0.377480018,0.3027565,0.257636211,0.442712944,0.444791515,0.439228263,0.69307656,0.79817199,0.141302085,0.137805246,0.14402386,0.119915693,0.123103058,0.222752669,0.19536711,0.250126706,0.353847642,0.513464112,0.572495506,0.466550116,0.437630298,0.256115066,0.251236948,0.235002571,0.200842065,0.180001055,0.190204659,0.21093105,0.234699725,0.315287522,0.349541454,0.384718524,0.21470962,0.139818083,0.168943697,0.272413048
5,11,0.000964848,0.000185776,0.000262383,0.000404166,0.000270332,0.000603558,0.034396794,0.037612892,0.060618019,0.061227898,0.09030661,0.049820628,0.085866576,0.064147355,0.090375563,0.119658784,0.094179206,0.062934763,0.066994252,0.076874804,0.040538097,0.041406293,0.065008877,0.055536907,0.13040212,0.088015287,0.025275898,0.024108634,0.019580356,0.028016296,0.071207521,0.048657526,0.047849607,0.050426465,0.044260399,0.032638384,0.021665345,0.013468187,0.00523404,0.003156636,0.004647384,0.005066375,0.007488038,0.00628435,0.006059491,0.005054352,0.004392802,0.005983374,0.008822651,0.007318091,0.006494688,0.005565236,0.004156887,0.007207909,0.006381858,0.008648522,0.018504552,0.006697084,0.006256195,0.006143554,0.012599615
5,12,6.109136311,6.418036304,6.541229898,6.30244424,6.093590304,6.3378576,5.547422441,5.239553628,5.526517985,5.613735954,6.807982401,6.661131999,6.353611961,5.613161373,5.577341333,5.553501587,4.932602772,5.053288147,5.049394807,4.751873372,3.653670754,4.130857472,8.504788367,7.469139822,7.308695369,9.874627808,9.340640979,8.401812148,10.62018138,11.72049698,10.43438326,7.991191478,8.984502978,11.48280797,10.03621342,8.557251128,7.340488915,5.724335503,4.809387351,4.998354728,4.400365909,4.918788472,4.441126815,5.066836638,5.202767296,3.599438893,4.130448461,4.286737672,4.35912574,4.57705064,4.462292242,4.050532419,4.389349706,4.134766465,4.324698694,3.309224844,3.565518528,2.992315115,2.62930693,3.048962095,2.670472806
5,13,1.09748266,1.385364643,1.395792579,1.36516437,1.704002859,2.064982798,1.721586794,1.422045158,1.690962012,1.592165673,1.729170071,1.513464937,1.328954742,1.223550218,1.109040584,1.185216316,1.245650885,1.4122745,1.431364434,1.40209228,1.165981788,1.391490538,3.181340242,2.439878714,2.734095008,4.627253874,4.183584516,3.80235723,4.449169887,4.792660468,4.018757945,3.136187878,3.692835451,4.371603151,4.091180321,2.708855447,2.376524886,1.6963685,1.346862604,1.125173763,0.890533167,0.879889901,0.93753588,1.171251025,1.253803267,0.91340932,0.932687938,0.799326819,0.768275419,0.957326916,0.571483326,0.590088993,0.628730451,0.581634356,0.425114372,0.430830292,0.466299796,0.391584236,0.395117405,0.453481617,0.30263991
5,14,2.319365542,2.786439579,3.386473005,2.663678327,2.626784283,2.805909138,2.504367365,2.704101879,2.295050556,2.290348306,2.681044332,3.022293512,3.147248128,2.765531827,3.390732667,3.566997042,2.847937774,2.770777632,2.986474225,2.985835673,2.662506588,2.902415754,2.125315888,2.016970318,2.191566009,2.660634922,2.56796176,2.18053395,3.253100815,3.467108694,3.142457459,3.155694788,2.935516237,3.505799591,3.613838648,2.788808153,2.729957843,2.219078852,1.95381788,1.898421379,2.04400458,2.532744679,2.113217973,2.57520861,2.814388165,1.905475374,2.275124405,2.117915775,2.27365432,2.022727307,2.0070972,1.869351659,1.587574538,1.443838022,1.466787477,1.23031839,0.719915844,0.565318484,0.557575135,0.627208188,0.47664497
5,15,2.257960826,2.057436009,2.107285611,2.321662797,2.326805719,2.051299564,1.50026142,1.637610267,1.459574865,1.481298241,1.256470456,0.990664371,0.923455552,1.113627058,1.101365045,1.200622723,1.01077404,1.28006384,1.255567249,1.406076289,1.123725594,1.37363892,2.112879953,1.636403812,1.789923628,2.245710486,2.332022125,2.161972138,2.967796939,2.743486601,2.411528769,2.266284454,2.323189793,3.492738826,2.312236481,2.048915205,2.034627638,1.507391514,1.102879949,1.081635174,0.979782422,1.06958429,0.960155446,1.271206922,1.336068728,0.897725131,0.804539795,1.041590592,0.903496914,1.123070674,0.939655053,0.738345833,0.788419373,0.609760634,0.50797571,0.420274293,0.427575254,0.380403364,0.372948879,0.453776758,0.368896791
5,16,0.773791578,0.783014604,0.730730923,0.834783663,0.832232128,0.938044975,0.578735736,0.651002742,0.601472546,0.602159526,0.673388043,0.51136709,0.580602675,0.679608425,0.788449851,0.858857803,0.746129662,0.77895037,0.745282944,0.877906758,0.720729008,0.773426265,1.477875365,1.463716808,1.29555553,1.444107829,1.19842492,1.112930438,1.374904311,1.549244356,2.184065455,1.506437134,1.641365302,1.833794239,1.795942929,1.193721403,1.103798128,0.78109754,0.746296657,0.617121316,0.57168229,0.733106146,0.647509201,0.806909809,0.902902284,0.572139051,0.583966955,0.553815379,0.606506669,0.550411517,0.623297115,0.58415688,0.540141161,0.496481069,0.515310414,0.579013446,0.628140801,0.434139831,0.41481368,0.447798916,0.323870402
6,1,3.289274938,2.654583161,2.191345838,2.463752438,2.991890474,2.394549479,2.458476694,2.481885064,2.732558562,2.588812972,1.906567133,2.103647402,1.877746997,1.495665033,2.059448483,1.196940215,1.529270028,1.778162205,1.81287476,1.313838951,1.396859249,1.939021099,3.124519731,3.003184545,4.25209845,3.485850351,2.947209856,2.868035312,2.361360169,1.22808649,2.409222072,2.604337153,2.528675155,1.901526291,2.411969265,2.298892432,1.846719893,1.28310286,1.519045474,1.16504121,1.489901302,1.511281267,1.840839068,1.453713148,1.222224933,0.862689252,1.084317165,0.937370398,0.88402569,0.939048717,0.995480697,0.975295126,0.696763654,0.85888903,0.832026543,0.542264106,0.617139706,0.454366311,0.470289298,0.363628251,0.276163342
6,2,,,,,,,,,,,,,,,,,,,0.000511436,,,,,,6.79E-05,,,8.81E-07,2.06E-08,5.54E-08,,,,,,,,,,,,1.19E-10,,,,0.001534566,0.001373925,0.001259652,0.000886027,,,2.04E-05,,,,1.84E-05,3.28E-05,5.28E-05,7.54E-05,3.97E-05,0.000203394
6,3,0.162909274,0.135339031,0.164478917,0.18582928,0.210906526,0.304573348,0.254502134,0.252860297,0.299572672,0.248523399,0.298215777,0.311488633,0.285611192,0.309065052,0.292728317,0.441835751,0.37976848,0.339888478,0.433483395,0.513996558,0.404877505,0.465879518,0.743367329,0.726045342,1.032170879,0.851652923,0.715343228,0.682995155,0.726648674,0.699431329,0.855718674,0.974995789,0.888522051,0.808020182,1.122010872,0.837364153,0.755070844,0.582442028,0.579893824,0.51162757,0.5440659,0.602028541,0.625215573,0.554782622,0.483223685,0.345539096,0.320085258,0.309870286,0.302574315,0.288956637,0.311739659,0.28241815,0.214752556,0.238846157,0.23307385,0.231571909,0.226917413,0.183594298,0.176236809,0.185972965,0.132097166
6,4,,,,,9.21E-06,,,,,,,,,0.003395971,,1.51E-09,0.000752235,3.37E-06,0.000209975,5.85E-05,1.94E-06,5.18E-06,2.47E-05,4.64E-05,0.000437889,2.18E-05,,5.76E-06,0.000240962,6.55E-05,0.000202689,3.53E-05,,0.000317366,,2.29E-05,5.36E-05,,7.80E-06,2.57E-05,1.45E-06,1.43E-06,3.12E-06,1.01E-05,1.09E-05,3.78E-05,7.20E-06,9.05E-06,4.09E-05,0.000665593,0.000185389,1.24E-05,7.85E-06,6.24E-06,8.41E-07,1.83E-05,1.86E-05,3.51E-05,1.99E-05,1.51E-05,2.04E-05
6,5,0.968056847,0.690692064,1.188113376,0.657497076,0.709640487,0.715780956,0.724976491,1.134248166,0.586003037,0.653244878,1.245243042,1.004971298,0.731860466,0.735310982,1.266067768,0.741650106,0.77647602,0.856097322,0.827827131,0.669059724,0.656843376,0.540583838,1.287049222,1.305620772,1.79758991,1.376868938,1.202221769,1.196438711,1.027882877,0.83692274,0.924402626,0.780869885,0.856357805,0.833082015,1.17825477,0.856295786,0.748514654,0.583585187,0.532413249,0.42902418,0.444344505,0.431479751,0.526524491,0.466470236,0.405597841,0.262508301,0.261620579,0.263387546,0.262013211,0.27407254,0.302839567,0.286646282,0.232557066,0.248401475,0.231659627,0.234319705,0.219528636,0.158820656,0.148893504,0.159568617,0.104107059
6,6,2.446762172,1.744056697,2.971135643,1.857506366,1.983223634,1.983708383,1.967376384,2.973474237,1.548013141,1.695168711,3.215236317,2.556480487,1.908906364,1.888441287,3.016717562,1.983251384,2.007083264,2.227860411,2.226191396,1.981154662,1.79756293,1.500994118,1.856473622,1.79123357,2.384302689,2.001463009,1.677799192,1.572422239,1.474292785,1.217567312,1.520121829,1.463368496,1.44880931,1.340555764,1.749914271,1.378299971,1.157492069,0.884462615,0.875722409,0.718545537,0.759913221,0.817422692,0.85129968,0.761603576,0.672731586,0.468786696,0.440794882,0.425534122,0.437592606,0.483120746,0.44191557,0.442523596,0.339615159,0.375873963,0.358142601,0.298867562,0.294545716,0.219453468,0.207153074,0.216007761,0.144517927
6,7,0.001407038,0.001896023,0.002093056,0.001620381,0.002995718,0.019785596,0.001414003,0.038869627,0.002532177,0.254381444,1.32E-05,0.0009739,0.002308874,0.033290452,0.035366848,0.034741328,0.03373148,0.060707094,0.035171502,0.078665537,0.033398762,0.038552525,0.083170508,0.068992827,0.081525252,0.084949461,0.070746747,0.036327463,0.048556196,0.030049535,0.033216658,0.034903558,0.048369389,0.023421096,0.03744363,0.037694483,0.039716784,0.042875152,0.063299192,0.004825836,3.88E-05,0.000228836,0.004603433,0.000416037,0.000269191,0.001272216,4.62E-05,0.001503929,0.000820747,0.000904062,0.004275848,0.000423427,0.000237227,0.002575212,0.003487462,0.001214976,0.002181878,0.000263509,0.00482993,0.003980181,0.001896504
6,8,,0.00432545,0.00080305,0.00239636,0.002420759,0.03589741,0.006321948,0.056415157,0.007976221,0.494615492,0.006877264,0.007803996,0.007221924,0.057388341,0.062635571,0.07374799,0.08718314,0.120581988,0.083924912,0.153081015,0.076897403,0.067485785,0.062718978,0.044415559,0.053842436,0.056564967,0.069648421,0.054703797,0.059266099,0.058263985,0.085805081,0.05612497,0.061322415,0.004147302,0.004566677,0.006245899,0.007420193,0.008203566,0.009072182,0.009441697,0.006687737,0.008991645,0.022208566,0.008823782,0.019740555,0.010641818,0.011011911,0.012139838,0.014349257,0.113770951,0.015100435,0.107578049,0.093970838,0.104788122,0.116836606,0.025364304,0.018889413,0.023383478,0.000224519,0.00040372,8.06E-05
6,9,0.487233233,0.397850665,0.34239817,0.271766197,0.250628169,0.207495832,0.192802067,0.199896254,0.268172095,0.313223006,0.377555621,0.218966085,0.228009227,0.275397742,0.267351303,0.278112335,0.235385244,0.24901134,0.246361228,0.2519244,0.324920541,0.18356238,1.056625155,1.093358647,1.544477887,1.231882895,1.062346483,1.074631403,1.00012639,0.817898477,0.968646109,1.149768336,1.157927342,1.112964251,1.509862472,1.162329614,0.976790441,0.732210645,0.71778088,0.636642683,0.688028877,0.766477694,0.844462599,0.708385816,0.627791978,0.445516311,0.42314297,0.401035125,0.388513605,0.400786923,0.412682144,0.353604402,0.283451266,0.308161228,0.27635955,0.230047265,0.230953593,0.150129107,0.142915893,0.158171004,0.109288486
6,10,6.11E-06,5.68E-06,2.58E-05,4.63E-05,1.72E-05,0.006456002,0.011836696,0.034381333,0.002374262,0.19660986,0.008464398,0.018370007,0.033640685,0.031019001,0.035095848,0.031438846,0.009375458,0.023698652,0.005897927,0.024825185,0.006376892,0.001931898,0.002306373,0.001745517,0.002006294,0.003393182,0.003613948,0.00177522,0.001939423,0.002031218,0.00372886,0.021825236,0.013876222,0.014594432,0.014906414,0.018935549,0.014500169,0.013386111,1.70E-06,0.000995161,3.25E-07,2.34E-07,1.71E-05,4.28E-05,0.000273903,0.000111833,6.73E-06,0.00018112,0.000155997,0.000251168,0.000141965,3.85E-06,3.80E-06,3.93E-06,1.86E-06,1.19E-05,1.32E-06,1.49E-06,1.29E-07,4.45E-05,2.81E-06
6,11,6.51E-06,4.84E-06,8.37E-06,3.38E-05,1.52E-05,,0.008939573,0.014244767,0.014128281,0.027702158,0.020633036,0.014465457,0.028882238,0.026791424,0.025706917,0.026090921,0.029775676,0.038676888,0.022356029,0.014776185,0.01893947,0.006758113,0.010279487,0.007823452,0.008192666,0.015242044,0.012249984,0.008222587,0.0066772,0.022032227,0.020695618,0.014955964,0.007985798,0.011197563,0.010951083,0.014627902,0.007319992,0.007114842,0.002198784,9.29E-05,0.000256148,1.20E-07,0.000269493,1.10E-06,0.000180299,0.000193433,8.60E-05,0.000720155,0.000307458,0.00037777,0.001085076,0.000735615,0.000589611,0.00067827,0.001144544,5.35E-05,0.003223963,7.74E-06,9.87E-05,0.003700782,0.000107502
6,12,3.348818715,3.537349643,3.644185621,3.437461708,3.207558565,3.807266395,3.081037452,3.627478338,3.752917418,3.131062204,5.302775528,3.827511781,3.376870614,3.255963123,3.31719024,3.222091262,2.730335156,2.371026047,2.679874582,2.75177864,3.148191125,2.571912228,1.799971108,1.760401275,2.525129348,2.069554857,1.749452454,1.721836204,1.532773583,1.341432734,1.734605472,1.543249359,1.649658643,1.68125916,1.957220982,1.587698005,1.358873897,1.069481485,1.087508769,0.885825424,0.913729958,1.047199506,1.083532268,0.944962915,0.82971977,0.595257486,0.584967196,0.555806727,0.55698083,0.597170708,0.632368948,0.605373073,0.473512267,0.518415007,0.485518941,0.477101456,0.432942604,0.333322803,0.336505956,0.363966427,0.268560156
6,13,0.275998137,0.491021527,0.297381818,0.412734105,0.819389922,1.042554957,0.780004005,0.590993333,0.707047718,0.682791244,0.466169431,0.314535528,0.296062395,0.280855097,0.286911275,0.304920765,0.265632987,0.408000911,0.384442641,0.377875866,0.283113541,0.332784662,0.695403763,0.601130487,0.987384331,1.006185234,0.854004368,0.819924023,0.679071699,0.548393088,0.697183017,0.6470949,0.653938938,0.626599689,0.789370209,0.502004413,0.437980411,0.316332222,0.302208258,0.199453656,0.192102137,0.199608193,0.250402801,0.234598899,0.218638517,0.16887966,0.1595137,0.12246929,0.12348227,0.144108051,0.093693007,0.105799367,0.092883304,0.105530598,0.074178107,0.08223115,0.079979713,0.061002049,0.060300249,0.061052281,0.036567258
6,14,0.276858765,0.396333863,0.283143267,0.397990721,0.545283499,0.688152996,0.611449387,0.503080478,0.375697192,0.465626823,0.157690632,0.140847859,0.161697424,0.225048057,0.234116084,0.257699151,0.196137395,0.268323469,0.55227672,0.591209687,0.569901618,0.532137394,0.508550491,0.53212095,0.678244752,0.601668211,0.571033315,0.474883991,0.743622644,0.574807129,0.621115058,0.797362988,0.392535709,0.372676037,0.484951589,0.401788802,0.3387464,0.2573084,0.236471321,0.201439896,0.209623862,0.229811951,0.259154876,0.235844724,0.224236171,0.150643104,0.166406126,0.156951886,0.144274384,0.140185648,0.166608328,0.148725157,0.102466728,0.124014108,0.106223843,0.079517785,0.091675546,0.067400595,0.068326524,0.069530069,0.042659053
6,15,1.219966908,0.995257775,0.7371637,0.738676212,1.014434215,0.696172367,0.712177277,0.721742411,0.705250913,0.73799493,0.444192806,0.419840315,0.39123524,0.456238955,0.421996218,0.455630034,0.365759681,0.417664089,0.438822389,0.369578648,0.475118623,0.30545854,0.424753605,0.359393524,0.572923578,0.428202353,0.37840416,0.389200038,0.535254101,0.288719841,0.344269683,0.450163124,0.409883776,0.512340837,0.456332552,0.43094753,0.368191275,0.277078741,0.249537721,0.188994156,0.211409641,0.240825862,0.24929694,0.256150786,0.233235094,0.164326251,0.135532406,0.160987669,0.144933981,0.16263475,0.15003466,0.128893177,0.112540493,0.10472188,0.077096771,0.067281955,0.06430194,0.048737721,0.048529377,0.054600321,0.037365619
6,16,0.375694185,0.270539344,0.257329706,0.295502545,0.320762162,0.280319202,0.253692982,0.285783259,0.29681148,0.429049058,0.189988026,0.207450053,0.173418925,0.15529618,0.209928835,0.167538915,0.159033171,0.190055236,0.260558597,0.32553002,0.22940949,0.263750753,0.340486152,0.376117204,0.436184477,0.323834439,0.268507617,0.250037241,0.281753819,0.232724498,0.418132222,0.353884777,0.272806592,0.231079579,0.303736569,0.186595598,0.165231396,0.110144697,0.127982205,0.084494853,0.077120001,0.093590923,0.101518803,0.101450867,0.101528354,0.072227124,0.058067211,0.055219182,0.056195748,0.057652587,0.076542929,0.076791662,0.063809786,0.075122268,0.071863794,0.106226741,0.095964719,0.059669519,0.059897037,0.05889668,0.038551273
7,1,11.5304311,11.34565697,12.75811105,12.47781803,12.04954307,13.95326124,14.56935747,15.08490471,15.17359114,16.61665389,11.14564474,11.52576646,11.65113194,20.44131253,21.47738518,6.223884854,26.08465568,26.50314717,26.02694013,15.87201202,34.14317384,32.36017755,14.35000451,18.05138907,17.60545381,14.85370661,14.26859974,15.29903796,15.3539769,8.910103931,12.95724364,14.067717,12.46750076,8.674287609,8.51699656,8.572269291,8.140623338,6.11488998,6.678551873,7.449394576,9.12449043,8.002368679,9.0967286,7.366277788,4.743785964,6.446726049,7.632462939,5.92173142,5.795519009,5.531995589,5.303369209,5.401897166,4.589846949,4.736707396,5.108569883,3.14621149,3.62956074,4.269041192,4.482004838,3.258404755,3.671743937
7,2,,,,,,,,,,,,,,,,,,1.95E-05,0.00010803,0.000945206,,,0.001188339,0.000833093,0.001589208,,,,,,,,,,,,,,,,,,,,,0.004987275,0.004465255,0.004093868,0.002879588,,,,,,,,,,,,
7,3,1.379339105,0.987809387,1.244161165,1.398480808,1.47272522,1.427526623,1.584980132,1.652071811,2.169706619,2.182509512,2.079519289,1.547445571,1.698936112,2.740557698,1.81457203,2.666232701,2.177093651,3.141944071,2.628086697,2.029213857,1.762133858,2.072003914,2.751831361,3.50697905,3.633541285,2.979010431,2.721411454,3.081894743,3.655297976,3.682892783,3.793544067,4.114069032,3.959214272,3.219784776,3.460448419,2.826266576,2.844312443,2.343210308,2.169391743,2.738526286,3.007239938,2.839780181,2.856627819,2.546119113,1.639807511,2.171612264,1.968903617,1.65853976,1.587090697,1.503742859,1.372633429,1.432097691,1.240104183,1.157776763,1.321264354,1.10554011,1.102204963,1.400593703,1.311946339,1.253004183,1.336856503
7,4,,,,,4.29E-08,2.49E-07,,,,,4.64E-08,,,,,,,,,,,0.000552283,,,6.46E-06,0.000121012,0.000164317,0.000895976,0.000536443,0.001014222,0.000297435,2.08E-05,4.51E-05,5.51E-05,1.88E-05,,5.66E-07,,,,0.003674464,0.045718171,0.00160148,0.000153364,1.07E-05,,,8.68E-07,1.28E-05,0.001355863,0.000144946,0.000767253,0.000823777,0.000169741,0.001312229,0.001424819,0.001112587,0.001719135,0.000462661,0.002627648,0.00116955
7,5,2.92984524,2.550433086,2.670156488,2.547769255,3.031389618,2.709451314,2.105820293,2.176486443,2.877122305,2.612698862,1.878326556,1.2780192,1.148643983,2.601065607,2.649181566,2.207590026,3.0156834,2.542274901,3.296003621,3.328560921,3.309875468,1.567357619,5.864017674,7.561734232,7.301767739,5.399058227,5.356032276,6.087491302,6.483344729,5.181860221,4.738586691,4.924514112,4.593120049,3.963011432,4.019570418,3.430554175,3.110215318,2.752516832,2.461561101,2.702252039,2.945689061,2.553543733,3.042586257,2.402542506,1.668830092,1.936046296,1.966379166,1.673092502,1.676333332,1.550747205,1.49862262,1.531610899,1.468685922,1.294255163,1.367629737,1.299576346,1.202793268,1.443810814,1.346632497,1.238687212,1.342534836
7,6,7.705847229,6.156448781,6.853537738,6.253264338,8.360919609,7.278649436,5.650738466,5.736414768,7.572167203,6.915079293,4.439884491,2.898075108,2.59137214,6.587574179,6.512299213,5.690405108,7.478986973,5.88854723,7.34193533,7.076224289,5.500464052,4.070195648,7.514784598,9.442448973,8.945998623,7.479655916,7.040640123,7.661888294,8.18653818,6.978794915,7.362422034,7.31055935,6.877620373,5.69608342,5.696996551,5.415726754,4.863585548,3.861959726,3.592197667,4.244850538,4.613017051,4.304265045,4.450099744,3.779347127,2.628001671,3.235233181,3.013326335,2.520421069,2.572516652,2.425380099,2.112381834,2.176459202,1.912188811,1.751791311,1.883673701,1.574765485,1.488827324,1.75591613,1.767999185,1.571860967,1.70807097
7,7,0.543478317,0.473629273,1.01587161,0.797099075,0.730093995,0.975501838,0.838393802,0.751073902,0.901393465,1.048058926,0.017474026,0.026147653,0.022089936,0.020209949,0.164309438,0.069639499,0.048728179,0.21069835,0.057423748,0.135418299,0.158643014,0.336426648,0.249194957,0.189625728,0.303598602,0.179264122,0.169687943,0.1729166,0.05340115,0.061347505,0.07978069,0.103019182,0.083215951,0.041503515,0.035604159,0.026274088,0.020574576,0.006321464,0.001466382,0.01045151,0.005447376,0.055373107,0.023512873,0.023907562,0.012033872,0.018620975,0.035088259,0.012530894,0.007140219,0.000291829,8.24E-05,9.52E-06,0.001033423,0.004652931,0.000755606,0.000161195,0.000936767,0.005503043,0.003259164,0.000557827,0.001906497
7,8,,0.01430119,0.036101397,1.16011439,0.074815996,0.147919698,0.043447135,0.061797235,0.071556598,0.393267475,0.049336277,0.03035854,0.018956619,0.024295647,0.273220841,0.087926047,0.040734429,0.221252556,0.074982354,0.027708634,0.003990703,0.055162695,0.039814383,0.056391368,0.004827628,0.058226168,0.122326283,0.109280175,0.012654567,0.01197345,0.104486884,0.039547351,0.018865041,0.009721214,0.078890146,0.010910657,0.020782446,0.05089195,0.064302492,0.309345588,0.019529209,0.085675114,0.085873434,0.080065328,0.032316768,0.060709314,0.111988716,0.039757274,0.106895033,0.001829124,0.011803745,0.001715622,0.023642337,0.012233075,0.002241863,0.002826066,0.005848656,0.014623864,0.009282218,0.007240916,0.007122219
7,9,7.444257319,7.213559738,7.536078224,7.879379222,8.226827085,8.843974574,7.94260187,8.240535607,8.139478374,7.935907692,7.325835253,8.095240677,7.452446603,8.471605574,8.147139591,8.977296873,9.277338582,9.09223142,8.990658665,10.71413425,11.54677953,12.6302436,4.48222278,6.224574235,6.152369389,5.008674983,4.747110779,5.51303577,5.737457823,5.092040932,5.214311794,5.975195384,5.594202463,4.558362838,4.79223781,3.97208489,4.091660185,3.155145203,2.878998386,3.784522851,4.130098092,3.966793204,4.171837725,3.625197797,2.404632437,3.232783609,2.925980916,2.539812378,2.425953987,2.278933997,2.067815734,1.895053065,1.907924935,1.630474035,1.713767734,1.278136065,1.509124513,1.549792971,1.326503843,1.629146384,1.393395513
7,10,2.511521997,2.62572412,2.543025761,2.584502207,2.402169509,1.206454649,1.259359707,1.138658841,3.294316112,1.59889178,2.306611238,1.705472881,1.966297584,1.959111214,1.809278842,3.373860381,4.922629707,6.165237047,5.262706623,5.332446088,4.886527755,4.977388487,8.819093796,9.500333244,8.917029276,4.758177402,5.687447804,5.222549813,4.41620986,3.442229416,6.229376386,2.031307342,1.434157525,1.529951466,1.336741517,2.567747353,5.047668467,1.303571855,1.027365959,4.323066455,0.981670688,0.781417207,0.840186885,1.666236801,1.29087025,0.761118988,0.699389197,1.295121298,0.783937266,0.94402768,1.866329955,2.840779281,0.83123713,0.219675103,0.143447424,0.286199309,0.311576632,0.155374458,1.430469273,1.17706126,0.145092883
7,11,1.280656308,1.181050373,0.896863202,0.797454564,0.84901379,0.327056515,0.316964472,0.333940906,0.863676707,0.324732797,0.548691294,0.569286596,0.621095421,0.62862859,0.55202358,1.634374758,1.733042289,2.176135904,2.036329256,2.026397982,1.704156917,1.814291632,4.014679071,4.133669382,3.717463915,1.900852719,2.051823132,1.82150809,1.85719136,0.422626646,2.326564857,1.060057333,1.032497476,1.10066683,0.876756055,1.768871873,3.49194361,0.604309002,0.600688347,2.505730699,0.6181297,0.409490384,0.772455751,1.516192421,1.161384973,0.773456475,0.498662293,1.086375922,0.717625849,0.928958602,0.01037233,0.019037511,1.082993354,1.573373767,0.093141779,0.262922834,1.885585156,0.693120191,0.032363955,0.104710285,0.037519492
7,12,16.23815787,15.27612303,14.63619301,15.18743901,16.20022395,16.68385036,15.41720225,15.89984857,14.74851153,13.99847414,8.35187782,9.063643121,7.80865731,11.37408083,9.829038531,9.83515817,10.80102741,11.65890405,11.84231848,12.6759596,11.75250249,11.31761525,7.268532246,9.41289196,9.182738822,7.753462463,7.438433056,8.332236549,8.998649888,7.829136915,8.343797812,8.067802611,7.65436752,6.70656045,6.404894288,5.55097293,5.388905371,4.743174777,4.495657735,5.280301624,5.762183601,5.545063192,5.514156414,5.028704147,3.12749923,4.397297398,4.133672049,3.511048563,3.355164858,3.338390775,3.146100321,3.549192327,2.915280563,2.738027067,2.812274336,2.480790182,2.22114314,2.647166873,2.496486577,2.470272319,2.790507871
7,13,0.929756031,0.862400113,0.769544186,1.018075736,1.542954395,2.042222458,1.445786992,1.075805754,1.345544075,1.1929265,0.147377424,0.125456835,0.126493376,0.614514035,0.540970876,0.726020993,0.710783763,1.047591331,0.69704697,1.234000913,0.672168081,0.601867438,2.861517991,3.319552904,3.767473998,3.808070579,3.685825822,4.02233592,4.147962644,3.344754733,3.489588448,3.259639321,3.235011121,2.760828006,2.66804874,1.760324693,1.786826079,1.635736102,1.472118891,1.260001437,1.241876189,1.230705983,1.457387509,1.240412721,0.874406583,1.259314708,1.27031625,0.832999548,0.862472709,0.987421002,0.529654784,0.669766549,0.636859824,0.64212869,0.520680283,0.528965202,0.498963098,0.607845117,0.60353781,0.568486774,0.551493433
7,14,0.786666001,0.711894373,0.829610766,1.081786321,1.084378669,1.129906074,0.8362926,1.037807888,0.638271087,0.798011076,0.192055047,0.147430819,0.211554143,0.530230141,0.416699849,0.483103119,0.312899967,0.53618652,0.580318306,0.704964075,0.64171152,0.463089218,1.273242752,1.702485597,1.890422264,1.691726726,1.575271205,1.605606847,1.876148074,1.755591949,1.78307011,1.884772599,1.856987527,1.537508449,1.579945475,1.229308516,1.329697346,1.009046013,1.019633856,1.188235426,1.271484781,1.241491085,1.335503861,1.19369647,0.878973349,1.089960405,1.245125517,0.936046405,0.907196778,0.857898774,0.772738651,0.830196809,0.68660094,0.636240729,0.676128154,0.486399093,0.552968983,0.659921333,0.658143697,0.637550493,0.607845119
7,15,3.749196959,3.310465962,3.968623205,3.748902825,3.451200484,3.690298098,3.679668566,3.649184401,3.605148649,3.891439289,2.395096341,2.574956236,2.597863848,4.058650414,3.968144105,4.057627147,4.82555269,4.027150061,4.207523577,4.503252354,4.402838385,4.31035115,2.412450888,2.792524899,2.838466681,2.690556501,2.316391513,2.588806311,2.514489245,2.180692851,2.18004542,2.62219226,2.45142713,2.302560256,1.669412335,1.43914469,1.627370851,1.269868133,1.053757668,1.158365088,1.303247586,1.284987031,1.265635755,1.333421378,0.901685196,1.201892671,0.954494381,1.001626497,0.938059493,1.008284712,0.845573851,0.759766328,0.769395804,0.6223358,0.525873284,0.43094516,0.411161492,0.473794899,0.484844705,0.480587577,0.522445131
7,16,1.692536951,1.674110741,2.148316918,2.221987879,1.990255405,2.308294524,2.331706506,2.371409244,2.62857444,2.55924296,1.084067452,1.190248791,1.192346913,2.418690711,2.427183284,2.357926094,2.674905753,2.462408031,2.323455524,2.724941288,2.50327291,2.821005549,1.357726593,1.961355506,1.595126133,1.205929269,0.951062916,0.99955909,0.955931913,0.863944805,1.63299908,1.147260847,1.134234562,0.943712439,0.977520214,0.695318626,0.658346567,0.485103351,0.53351727,0.555914188,0.468937959,0.513892565,0.504322225,0.527516202,0.376017516,0.483083725,0.400129486,0.312765671,0.327551903,0.279642872,0.377125397,0.380815624,0.356902561,0.33802654,0.34034743,0.518814351,0.468586308,0.465153991,0.445343696,0.399541284,0.40274384
8,1,1.950735692,1.800215563,1.803272286,1.664898377,1.706473712,1.528597578,1.578030432,1.597956396,1.977957213,1.644215446,3.647279247,3.424991324,3.642540645,3.290974385,3.678673807,4.790221535,2.575751902,2.877911036,2.998808673,3.88807821,2.629492255,2.853707396,3.684828809,3.634802063,3.621426976,3.131842122,2.824497187,2.816469677,3.377393483,6.437765546,4.853571169,4.007384346,4.205799488,5.30428239,6.574447298,7.134459038,6.112428666,5.060735013,4.432376281,5.134359807,3.216570887,3.171267634,2.661315893,3.264452612,2.815573942,2.574880544,2.084309992,2.071615884,2.45235514,2.277590784,2.763179128,3.162831816,2.763249052,2.135041415,1.917894719,1.548122263,1.632517794,1.558147357,1.852142582,1.999124266,1.669367872
8,2,,,,,,,,,,,,,,,,,,0.000237282,0.003741411,0.010958517,,,,,2.66E-08,,,,,,,,,,,,,,,,,,,,,,,,,2.90E-07,,1.02E-06,,,,,0.001187548,,,0.001204966,
8,3,0.277123623,0.263843154,0.034198048,0.035722531,0.042063828,0.048548587,0.059819564,0.057414522,0.058946373,0.075124594,1.081339363,0.862408586,0.725945181,0.88938406,0.771922544,1.114781945,0.582249148,0.740620888,0.308212887,0.266319787,0.466995365,0.693918783,0.249304088,0.211764917,0.188701906,0.254921628,0.236390143,0.249341355,0.122262991,0.148116046,0.123551526,0.11961233,0.30455658,0.645980648,0.599346782,0.394451026,0.390850689,0.567225967,0.402099918,0.265561727,0.223827765,0.229788726,0.228146566,0.299466835,0.291525645,0.199272261,0.321181787,0.244952679,0.138971136,0.404501595,0.212712396,0.22300574,0.143107403,0.1292,0.577220939,0.555316177,0.386229588,0.602853561,0.232166804,0.099540339,0.43791348
8,4,,,,,4.33E-06,,,6.75E-07,,,,6.40E-08,,5.56E-07,6.39E-05,,,,,,,,,,,2.58E-07,5.17E-06,7.07E-06,0.000254042,2.06E-05,0.000878678,0.000677881,4.07E-06,3.31E-05,0.000215089,6.48E-05,4.96E-05,,0.002237227,0.000136113,,,,,7.01E-07,3.00E-05,,,9.17E-06,6.29E-06,0.000187185,4.58E-05,0.000125605,0.000700393,0.000176293,7.75E-08,,2.16E-06,3.17E-06,3.24E-08,5.18E-08
8,5,1.05336382,0.969423888,0.856359076,0.791628566,0.715779099,0.628154621,0.576462638,0.558675734,0.602746679,0.547001189,1.270260157,1.138133659,1.134904553,1.061465688,1.234712482,1.23477695,1.078761862,1.093489995,1.257498323,1.147895486,1.280384038,1.425199532,0.981439191,1.917970893,1.586324049,1.453193488,1.392026175,1.437761794,0.507847947,0.070375176,0.203684901,4.977577937,3.867057423,4.04369676,2.711473979,1.776376427,1.072391309,2.242895678,2.250107263,1.122377497,1.110697051,1.189521106,1.138874773,1.165966693,1.118323093,0.836679132,1.337703064,1.100229133,0.664244129,0.557379749,0.438027576,0.279146023,0.420097927,0.265711905,0.607582345,0.666182547,0.503949212,0.874101555,0.314474857,0.273892124,0.646646221
8,6,0.903940489,0.794557798,0.369596486,0.371465139,0.373655529,0.399235216,0.383432288,0.362461536,0.345876657,0.443235387,2.005005684,1.786198706,1.786243158,1.703392897,1.879879283,1.664557569,1.736842483,1.420273375,1.503561291,1.118928753,1.486355117,1.84410746,0.795293449,1.344562445,1.141286537,1.263601559,1.183907054,1.255510937,0.467123371,0.536377752,0.525643146,2.652913945,2.325377001,2.487165627,2.276749208,1.650865705,1.461858071,2.263314816,1.977081199,1.097339809,1.174969149,1.278301236,1.14782933,1.20064762,1.11672639,1.144500057,1.316529367,1.190047887,0.802977891,0.70388941,0.807578641,0.664553741,0.724627404,0.511790584,1.232983244,1.18009644,0.804394834,1.427963898,0.494617095,0.347027909,1.005625902
8,7,0.631095863,0.565668367,1.236233768,1.089047104,0.860336715,1.091429411,0.737429792,0.769737747,1.091195664,1.111922875,0.245652136,0.192464923,0.17612056,0.213325983,0.227341305,0.147866636,0.141826188,0.405547689,0.219254844,0.123307105,0.721294318,0.450874181,0.926224044,0.417181744,0.356567872,0.258014086,0.189580316,0.032288997,0.065224502,0.17898879,0.056692162,0.026646426,0.029642422,0.032675856,0.043031875,0.033861673,0.023466745,0.041964746,0.018031325,0.023583006,0.028392885,0.045060818,0.049275264,0.083553184,0.0405184,0.051628109,0.073438029,0.049616722,0.036274703,0.025355385,0.002094385,0.004612672,0.000631778,0.000324272,0.000189104,7.51E-05,8.30E-05,3.96E-05,0.000212372,0.000311552,2.48E-05
8,8,,,,6.43E-05,,,0.000169428,1.16E-07,,,,0.002959486,0.000260204,0.000530605,0.001120108,0.002849294,0.036032532,0.357273846,0.168408751,0.001108809,0.006621091,0.001943819,0.017391744,0.014235407,4.43E-05,0.025897896,0.095888231,0.023389076,0.038692868,0.056080626,0.045545386,0.041529887,0.083324751,0.072201649,0.108201697,0.097903265,0.070027502,0.132803463,0.060343238,0.062784205,0.069867674,0.107332314,0.196202916,0.255555709,0.126796533,0.165381029,0.21267039,0.158387427,0.108562337,0.071390033,7.06E-05,0.010479391,7.19E-05,0.000762918,3.41E-05,0.000105237,0.00014973,1.30E-05,7.71E-05,2.58E-05,0.000407144
8,9,0.314234034,0.205166807,0.455210957,0.439236218,0.494575218,0.563169805,0.590090318,0.552737888,0.58085451,0.616396106,0.90987712,0.76373533,0.706475252,0.74479774,0.81203901,0.776655062,0.555044595,0.657149832,0.557264462,0.498020757,0.540679578,0.30543515,0.643855895,0.460143511,0.484215404,0.346399398,0.2865881,0.239715071,0.222239462,0.187575597,0.230259687,0.16101713,0.094393967,0.338470198,0.382551868,0.488408997,0.933019094,0.491650411,0.477833081,0.537264648,0.947013953,1.487940331,1.028385564,0.871878343,0.93160528,0.610676966,0.480561828,0.806319038,0.845900359,0.893592791,0.639981094,0.616065208,0.766920093,0.341206841,0.501810033,0.496515862,0.620766485,0.856301182,0.425614165,0.813250532,0.35397372
8,10,15.03487699,17.12309739,17.16281366,16.74219577,17.05150908,7.518738875,7.669068403,7.264651108,22.15624877,8.899754742,14.21827692,10.33559335,11.33216718,11.0970937,11.77917794,13.01664874,16.18573422,16.88296665,18.13932413,17.00641899,17.8993536,18.48576576,31.97196354,33.81129781,35.21718817,17.51276442,16.4798718,17.04945009,18.62828046,39.24290352,44.09517022,10.26745103,7.511850088,7.806612746,8.328089134,11.891722,16.95044335,9.623530037,6.408998739,7.317533986,10.99386631,18.97495307,9.004224131,6.357508726,9.447103303,3.871833634,9.01914944,5.33636196,4.517983564,3.68551765,11.04633736,5.253071941,2.857700793,1.005387257,0.805380273,2.236829669,0.524715209,0.479669284,3.070120637,1.797926666,0.665396303
8,11,7.031634078,6.599789009,5.735397008,5.17695085,5.551349595,2.035948028,1.917858455,2.098594393,4.54040825,1.839449967,3.387185342,3.445721724,3.575913449,3.428395096,3.610549386,3.109605831,2.613205306,2.905830154,3.386670321,3.435277199,3.691897912,3.732571772,5.891029003,7.016357467,6.749203287,3.941902617,3.436061008,3.606103534,4.343886552,7.99456019,12.77505428,5.134373795,5.194002494,5.506906145,5.352121312,8.068811754,11.60749581,4.443545053,3.739428032,4.131358876,6.92176905,10.0398062,8.360184969,5.732964283,8.422495735,3.878395153,6.410023365,4.376305029,4.026534548,3.455811746,0.075879324,0.055278929,3.678342062,7.039226056,0.505726355,2.05955979,3.005487351,1.970056997,0.07348926,0.155976439,0.170584987
8,12,0.151600702,0.142618416,0.151910093,0.143449763,0.137402149,0.128772525,0.12638872,0.133933582,0.189558415,0.152943463,0.269791417,0.263492739,0.292471671,0.313002569,0.351702073,0.423922074,0.34929341,0.478994559,0.511566164,0.516511367,0.582007211,0.634590712,0.98711225,0.900997458,1.251003085,1.070250168,1.037033367,1.107076108,0.161364409,0.204987194,0.183014492,2.795051117,2.942446985,1.442111556,3.199976883,3.867020134,3.356736527,2.966873268,2.547609275,4.539705039,3.724060575,3.064508479,3.59338912,3.412961348,3.868382058,3.343263154,3.186070324,3.080787653,2.894359445,2.882051177,2.673644776,3.256422613,3.333240188,2.437336946,2.505999509,2.432718252,1.487180008,2.809353218,3.665410698,2.299285122,1.787743759
8,13,0.011277208,0.009071637,0.015826616,0.013922035,0.026923674,0.054119401,0.055687739,0.058418267,0.013448657,0.052722762,0.087085607,0.073181779,0.084780396,0.089871862,0.107539862,0.12481915,0.129099029,0.185532316,0.203978615,0.175895482,0.209867331,0.244713839,0.197247737,0.181324121,0.279542719,0.39859398,0.412199585,0.451981707,0.019125309,0.023254429,0.023352284,0.02417934,1.702984549,1.803374007,1.731191157,0.428500189,1.276730104,2.384908401,1.882075859,0.724258623,0.759621367,0.915153707,1.155860758,1.0016456,0.52586097,0.704684473,0.696908663,0.571955525,0.450426164,0.978573446,0.495224824,0.520652854,0.360783002,0.214650018,0.778897068,0.828791269,0.461107741,0.867837048,0.378695524,0.301805687,0.584685458
8,14,0.091709961,0.074779949,0.166464699,0.145462081,0.126901571,0.183238509,0.135838235,0.141711312,0.119542217,0.144492523,0.24302818,0.198505331,0.295727987,0.332864507,0.179767324,0.149981281,0.105741917,0.222371238,0.198856269,0.159954795,0.209754369,0.137350699,0.17598594,0.140402962,0.142168211,0.186938839,0.148729255,0.139294475,0.129708868,0.126701553,0.135256668,0.072659739,0.036357254,0.359263363,0.366736689,0.247722412,0.218324464,0.597839501,0.543929002,0.252805424,0.263559175,0.225411248,0.729888904,0.51897158,0.43674268,0.350485496,0.464676567,0.405897877,0.323608059,0.651195269,0.315267823,0.343289681,0.382569758,0.147356271,0.849232265,0.637230989,0.40466469,0.770336481,0.444693346,0.288965592,0.523701683
8,15,0.395030727,0.325556184,0.442990377,0.379530189,0.435486428,0.534036549,0.710483459,0.621429545,0.555316001,0.71685841,1.424563844,1.36814886,1.49458914,1.78421838,1.644326586,1.936373087,1.255081998,1.03195999,0.877161628,0.945067003,0.871834332,0.706776326,0.828228896,0.609861087,0.534303593,0.471074593,0.423616194,0.349545117,0.198539535,0.123932289,0.145674496,0.842583157,0.829138993,0.485868453,0.437952288,0.37454469,0.423155036,0.327426458,0.381449266,0.382955691,0.450121613,0.415129721,0.467183145,0.511665948,0.441520102,0.477005965,0.451127426,0.51078478,0.474694965,0.508958608,0.579220833,0.690734486,0.509596938,0.447152125,0.601453689,0.455697323,0.447913177,0.389935266,0.394735633,0.319866429,0.322842636
8,16,0.046691291,0.039814652,0.564474845,0.549131644,0.498224498,0.623296408,0.57615867,0.668372652,0.891616856,0.747038987,0.129272105,0.236834857,0.33001626,0.438121557,0.488112042,0.512649464,0.331633487,0.309085158,0.23153946,0.260088684,0.197005761,0.227956158,0.300965009,0.360636005,0.333307408,0.197294093,0.202166603,0.11275284,0.067544262,0.081714374,0.056928901,0.051977598,0.061019733,0.255053348,0.561037786,0.536154127,0.153436711,0.275279433,0.201784996,0.30728164,0.339535517,0.373275764,0.202655983,0.349346636,0.215106688,0.258494969,0.187125827,0.200315452,0.205864494,0.171205701,0.346048506,0.289871478,0.164964587,0.176736737,0.030202577,0.093959912,0.030650515,0.023846651,0.029904292,0.077260123,0.258305847
9,1,4.314341732,4.4253278,4.164584688,4.045455963,3.986334038,3.133166022,3.579899038,3.585130951,4.587925302,3.713024176,5.479885031,5.011309443,4.475612294,4.194280938,4.670468434,5.861708727,3.528831517,4.167138041,4.525217305,7.019351125,4.070589602,4.156329188,6.343365684,6.078230764,6.186384781,5.328895449,4.877964239,4.805778568,5.378161923,11.61094328,8.968264336,7.106077286,7.738987426,9.350270338,11.91481966,12.75243491,9.675308815,8.662359702,8.450460097,8.728318865,4.778614706,5.056846358,4.036290634,3.665311562,3.284489241,4.283466597,2.973704716,3.894423177,4.237828734,4.304486937,4.561584742,3.831860607,4.016469587,2.74732021,3.634991331,3.636957576,2.878581859,3.12054098,2.657413364,2.80406836,3.652009186
9,2,,,,,,,,,,,,,,,,,,,,,,,,,,,,,,,,,,,,,,,,,,,,,,,,,,,,,,,,8.26E-05,,1.23E-07,,,
9,3,0.756817745,0.897436336,0.184459619,0.197659548,0.242330057,0.191931279,0.248219376,0.255587361,0.300904752,0.372019582,1.246295731,1.098354831,0.917347388,0.755283413,0.77309363,0.828254159,0.595635187,0.696445275,0.632036034,0.542455208,0.668678303,0.803905853,0.23513048,0.234867322,0.223052045,0.282013074,0.270511154,0.268535885,0.049471236,0.058629805,0.056114744,0.052715511,0.482472351,0.984729593,0.99273938,0.820478126,0.831337454,0.963967387,0.734068532,0.492725307,0.46201959,0.377444846,0.419638154,0.355769078,0.528313383,0.481330654,0.426417964,0.380670116,0.291628516,0.493704342,0.298858733,0.402032919,0.306947659,0.159378855,0.550306673,0.619451942,0.672033043,0.516195736,0.363651808,0.132210851,0.429576209
9,4,,,,,,5.20E-05,,2.70E-06,,0.000117216,,,,1.63E-06,,6.41E-10,,1.41E-08,2.17E-09,8.21E-09,,,,,,1.07E-08,8.67E-06,3.48E-09,5.03E-06,7.64E-05,5.36E-06,9.67E-07,6.07E-06,1.33E-06,2.74E-06,2.63E-05,2.23E-05,,0.000745742,5.35E-05,2.35E-05,1.83E-05,2.83E-05,3.09E-05,5.28E-05,7.81E-05,4.61E-06,1.58E-09,3.31E-06,,4.25E-06,5.55E-05,3.54E-05,2.14E-05,1.57E-05,6.29E-09,1.97E-05,1.10E-09,,1.49E-08,3.59E-06
9,5,2.671729692,2.727548098,2.097721315,1.925183944,1.799120786,1.250514834,1.241604777,1.17985253,1.421648362,1.166816685,1.857748481,1.767195953,1.453459905,1.473497792,1.507619097,1.649305784,1.393502324,1.644091433,1.750581367,2.059003594,1.914868117,1.944628115,2.111727534,1.52220403,1.866549253,2.396394361,2.368375847,2.332545271,0.735194024,0.005299996,0.188776291,8.669905956,6.894404851,7.002509892,4.71848723,0.966018643,1.907577159,3.684353073,4.162604614,1.738456769,1.832932273,1.721806026,1.413977241,1.126021206,1.284113459,1.18217728,1.514779372,1.381380075,0.792829183,0.690790067,0.454760988,0.431599644,0.491426519,0.479053973,0.57993392,0.786091675,0.935597589,1.015179516,0.592078657,0.674247386,0.754134431
9,6,2.111296862,2.482356921,0.989645187,1.085975974,1.056017124,0.983170201,1.071467218,0.941789971,0.992647142,1.159954511,2.747936553,2.737744649,2.164860812,2.275526669,2.235549747,2.050942449,2.00878311,2.238945635,2.127012098,2.277791456,2.193416303,2.221502801,1.416464418,1.038843289,1.270652978,1.991711164,1.932008335,1.931849561,0.567531278,0.432015634,0.638030904,4.547416317,4.138824552,4.176662798,3.950061717,1.267878734,1.86618697,3.809883845,3.678108801,1.976669414,1.948762081,1.631557318,1.685126295,1.373798943,1.408789325,1.375593967,1.378354627,1.679476493,1.268674471,1.006208892,0.999845966,1.008641323,0.919864654,0.880559288,1.221334505,1.410714733,1.420534476,1.54739199,0.827166863,0.737899329,1.120647963
9,7,1.455597664,1.293055458,2.736894488,2.187958777,2.510661005,3.056602656,1.997492682,1.950321954,3.135812433,2.944893653,3.301214912,3.039268651,2.56688729,3.581808016,4.48288179,3.058744449,2.392193093,2.25046108,2.296487469,2.246496526,1.683913271,1.743196091,0.784703769,0.867361606,0.799123163,0.409391306,0.638876857,0.143652977,0.180683957,0.168979477,0.278483403,0.446269483,0.359754275,0.290857824,0.115047372,0.158320144,0.198961287,0.204567094,0.163894462,0.237396413,0.249141503,0.284322088,0.241848462,0.236372402,0.048122965,0.016390006,0.015644417,0.021822633,0.005717755,0.010074848,5.059809872,0.014140911,0.028634981,0.026256899,0.005978215,0.016214415,0.02089577,0.010174833,0.005580846,0.007423324,0.005592731
9,8,0.002113864,0.000665077,0.001445211,0.001294525,0.000153576,0.000986273,0.002263726,0.000924227,0.054653522,0.000755938,0.000301273,1.063877292,0.000983973,0.0015492,0.002043809,3.46E-05,0.01766165,0.031913304,0.065768804,0.001021242,5.05E-05,3.48E-05,0.000586339,1.25E-06,2.18E-05,9.86E-05,9.00E-05,0.046939147,0.032676182,0.072682614,0.031624784,0.037466598,0.043651483,0.023474759,0.042841197,0.028705294,0.04217796,0.015616335,0.016478956,0.019800731,0.049760831,0.048417941,0.058753376,0.00978272,0.009075044,9.17E-06,0.000346425,0.032423652,0.001730254,0.00093248,0.000757703,0.018081739,0.045322416,0.038047127,0.006496957,0.03695646,0.043630222,0.021304107,0.000434373,0.000477406,6.60E-05
9,9,0.925759218,0.674759608,1.238097158,1.170330353,1.422124319,1.575423636,1.636879866,1.556805758,1.513202669,1.774160471,2.6186162,2.455876237,2.041588776,2.232605616,2.365909217,2.007427378,1.786542475,2.060019201,1.791042708,1.638295582,1.414102464,1.144198494,1.03810942,0.855071887,0.843996665,0.603939369,0.549928658,0.448871925,0.345076727,0.389606183,0.404645571,0.334755814,0.308968474,0.553522251,0.882696676,0.66238835,1.020961244,1.240014839,1.059751303,0.754992624,1.381891542,0.977668116,0.712401916,0.796182862,0.730360302,0.864581471,0.504020599,0.511406168,0.56410977,0.523092948,0.37800292,0.439868842,0.425838194,0.56958441,0.5346809,0.635681437,0.723883054,1.074437849,0.52734602,0.67078451,0.358714793
9,10,18.17108323,17.24694744,19.14489529,17.63549164,17.82310253,13.81108853,14.99585875,14.10818811,28.56804568,17.44974677,22.56296509,15.46870278,15.73820328,16.30982133,16.06759976,18.48078949,23.60877211,26.76310641,26.52003101,29.51197162,27.29370187,27.23240386,18.49677401,17.7004422,18.33585512,29.97590524,29.06209795,28.81749002,29.71935743,21.0360633,14.2623922,18.44395947,13.79907999,14.01041429,15.19512386,14.44317867,5.357231195,16.43163045,12.25553207,15.88454324,12.3873486,7.202425643,4.965193079,7.332386589,4.344078681,7.394256627,8.839956038,1.269901206,1.441490645,1.287605196,1.205134154,2.555964443,0.324461888,0.281155023,0.252746155,2.127991721,0.375175833,0.598597748,1.890054659,0.848882733,0.528435595
9,11,7.779575525,5.474573377,6.480002427,5.401930211,5.436035108,3.872031929,3.894947871,4.248829425,6.68075247,3.776576146,5.534186466,5.242904128,5.190419777,5.186278716,5.094133534,4.58092313,3.930975019,4.74516211,5.112224191,6.125114895,5.771616144,5.675250063,6.15718527,5.65127273,6.40101587,6.877326019,6.202113678,6.233568559,7.059274107,12.36951137,5.693493579,9.314504759,9.684011322,9.913642349,9.796079068,9.886684593,3.666745594,7.654553292,7.182893155,9.212472208,7.814275847,3.826867007,4.61589133,6.798308389,3.86582943,7.611316377,6.33995237,1.016505832,1.291009875,1.259887739,0.055895318,0.061780273,0.463376548,1.655456226,0.174749967,1.983098212,1.958103729,2.601998419,0.060236953,0.078191624,0.146387622
9,12,0.282714148,0.273740831,0.286640663,0.276318888,0.264545844,0.257309712,0.275713642,0.285989869,0.325458998,0.333161113,0.507251812,0.786530194,0.51280902,0.577902066,0.615103426,0.653320815,0.615269403,0.761480559,0.829713756,0.998066332,0.966095776,1.030075671,1.472212753,2.002055788,1.768020237,1.61986306,1.588683614,1.679219205,0.04194415,0.087665285,0.057470668,4.835949577,5.300025227,2.241890326,5.583805048,4.661710905,6.999890058,4.888655979,4.713486047,5.02181158,5.937252568,3.658993192,5.138440604,5.297472078,5.650615143,5.087093379,3.635548854,4.546612498,4.610745501,4.736962129,5.078574028,5.24495401,4.205333497,4.632919528,3.443105619,4.266231325,2.857579933,3.562271208,3.437983665,2.843808021,2.547529959
9,13,0.043664256,0.039995245,0.065716305,0.053723373,0.104125731,0.157055005,0.130912868,0.135122868,0.069870572,0.130788812,0.138110292,0.225501231,0.119631998,0.13411147,0.147749185,0.178895493,0.186652465,0.227147896,0.276507449,0.307680241,0.320954565,0.36204118,0.26361769,0.283618353,0.355271934,0.656057151,0.687394602,0.743530511,0.005703015,0.007540435,0.007397187,0.006454031,3.0790472,3.152348107,3.082523283,1.517038851,2.606078097,4.029835752,3.553716551,2.53562849,2.04691203,2.287846775,2.071273412,1.470204457,0.89727503,1.484502682,0.965551682,1.289438056,1.27133493,1.090062392,0.730802062,0.807982867,0.803619418,0.378672088,1.130333405,1.133429507,0.884060714,0.911783381,0.503104669,0.455887542,0.804501448
9,14,0.267934064,0.22737733,0.441948477,0.361827822,0.39406278,0.481681128,0.347088908,0.390743384,0.361748755,0.429149994,0.655657514,1.065813071,0.83415663,0.966485599,1.019065811,0.602474802,0.414581123,0.402032249,0.545604655,0.444841629,0.424864387,0.41118887,0.222588608,0.231458573,0.222317032,0.242062758,0.278810707,0.206406504,0.097291142,0.098797966,0.077392075,0.084497581,0.128970218,0.599324638,0.723587101,0.952290921,0.593590079,1.137476958,1.084144366,0.906720597,0.751686623,0.662866215,1.434009837,0.864150154,0.954076213,0.849842257,0.822557376,0.940169351,1.025974469,0.873058512,1.106619071,0.599993275,1.004882679,0.306207401,1.804475467,1.004386956,0.877517186,0.945147837,0.678636148,0.607890041,0.826925202
9,15,1.098420175,0.873928609,1.12427712,1.048497643,1.27171352,1.291303219,1.769255927,1.584813491,1.467321994,1.925463045,3.426974515,3.300950261,2.302466447,2.212089274,2.579909441,2.184537554,1.924282293,1.953034605,1.956276094,1.675526986,1.445251769,1.263393373,1.008249551,1.004601454,1.032855464,0.839603948,0.748652019,0.644040162,0.291264119,0.292882949,0.286769359,1.581120749,1.596700511,0.866156877,0.872932017,0.758999469,0.84192813,0.738618732,0.741036042,0.519882976,0.621408087,0.576601778,0.572510789,0.57558841,0.44075289,0.558178389,0.369943576,0.626710275,0.653852722,0.646723483,0.817349515,0.892605159,0.682376342,0.623707274,0.916328269,0.759458192,0.781411501,0.449497006,0.49167174,0.388158745,0.463050601
9,16,0.130650766,0.10061966,1.406960016,1.644047722,1.104549202,1.566795236,1.357384313,1.544683479,2.159720545,2.007492236,1.795613804,1.904688352,1.046396233,0.947178265,1.015625535,0.923915906,0.750010697,0.693909251,0.793937801,0.892163495,0.612987774,0.773286071,1.511990064,0.660302421,1.157143443,0.838592673,0.776956734,0.438715625,0.765339661,0.294980321,0.255753968,0.196530108,0.291035583,0.539313934,0.977792391,0.931677258,0.334309141,0.397871587,0.338889607,0.50392079,0.547051709,0.582395875,0.247036777,0.35286484,0.274302811,0.447457909,0.195721025,0.296565336,0.306156321,0.278161469,0.654730552,0.377293211,0.288192016,0.290082904,0.102895757,0.26876976,0.086652699,0.079463065,0.06090645,0.125245924,0.556793423
10,1,0.013420056,0.015216652,0.048226184,0.035265203,0.020988542,0.037311063,0.100304384,0.118242429,0.131722874,0.134730383,0.217017698,0.314832019,0.227629561,0.125283103,0.265424937,0.097912462,0.104681021,0.108310281,0.111689329,0.07404296,0.075190715,0.05183488,0.386517301,0.322963069,0.299691294,0.283869742,0.30177589,0.297002421,0.288300025,0.140824474,0.215286305,0.180003503,0.172312179,0.144254571,0.165031552,0.175315766,0.167382679,0.130490994,0.16926544,0.129153082,0.198734101,0.135355557,0.201176907,0.198853711,0.139293714,0.055891923,0.071243046,0.043784494,0.062490933,0.045362243,0.038642924,0.028616901,0.034674975,0.133222929,0.043791855,0.062727487,0.037787525,0.025312243,0.051091032,0.101863464,0.138111721
10,2,,,,,,,,,,,,,,,,,,,,,1.17E-05,,,7.20E-10,4.12E-06,,,,,,,,,,,,,,,,,,,,,,,,,,,,,,0.000128057,,0.000127295,,,,
10,3,0.072562283,0.055269462,0.103029836,0.05397534,0.0415453,0.033203973,0.027174563,0.04448903,0.046987899,0.124614568,0.130134423,0.157549371,0.127478281,0.114847384,0.091992295,0.119793306,0.17893213,0.206386748,0.139968005,0.17520682,0.120799277,0.162045877,0.105754366,0.089903651,0.087960815,0.083489761,0.088324715,0.091927122,0.114721974,0.116655968,0.122157217,0.12987541,0.06273442,0.060848863,0.075754782,0.079651895,0.091083109,0.070112389,0.08440131,0.052028003,0.067746145,0.049483832,0.063568497,0.06922561,0.049675598,0.019544491,0.018301604,0.012456491,0.018452296,0.012786169,0.010447103,0.007732422,0.009783712,0.033432653,0.011110452,0.02211844,0.013774452,0.008293377,0.015499046,0.042251452,0.049485794
10,4,,,,,6.85E-05,,,,5.43E-06,,,,,,,,,0.000125546,0.000144957,0.000110805,,3.79E-06,5.04E-06,1.82E-06,,1.56E-05,,4.31E-06,5.07E-05,4.37E-06,0.001098896,7.62E-05,,5.18E-07,1.24E-05,3.84E-05,3.28E-05,,2.35E-05,2.57E-05,2.17E-08,3.55E-07,0.001020206,,8.87E-07,,,4.20E-05,0.00156272,2.56E-05,1.09E-05,2.05E-05,1.31E-05,0.000187706,6.30E-06,1.48E-07,,,2.38E-06,,6.33E-08
10,5,2.177757125,2.40712215,2.703242764,2.853765042,2.940069779,3.439603964,3.59790198,3.245217997,2.275266564,2.328547532,3.292253207,3.530096315,3.410563364,3.769863034,3.301128029,1.873545963,3.181698966,3.39565204,3.485322216,3.367400376,1.996880686,2.655281202,0.15587441,0.139202661,0.124754569,0.108494221,0.117960311,0.120038678,0.128592195,0.095463762,0.079417623,0.053707969,0.052989653,0.057958029,0.073344878,0.091360491,0.118576329,0.085944267,0.10504052,0.047050779,0.058470498,0.038097192,0.056852044,0.062888296,0.045345707,0.016828917,0.016852158,0.012060809,0.017953387,0.012869943,0.011434653,0.008172839,0.011579025,0.037345534,0.011749054,0.02754216,0.012973969,0.008381777,0.015434381,0.042215103,0.048402171
10,6,2.467600733,1.889089869,2.349007116,2.506165172,2.281792356,2.801577192,3.37527332,1.988566745,1.824268591,1.975830925,2.070104294,2.346539773,2.74727509,2.705548487,1.893204796,1.546996394,2.412398947,2.285759716,2.767084443,2.451164572,1.559629818,1.571051801,0.271344149,0.245468546,0.234635064,0.206458232,0.23941945,0.21022536,0.242790954,0.223775212,0.219454096,0.18251337,0.160079404,0.105879544,0.125666353,0.122429899,0.116954562,0.097472055,0.107297759,0.075638388,0.096903637,0.068560821,0.088904318,0.098232473,0.071597859,0.027898399,0.026357264,0.017941691,0.02751179,0.019895683,0.015477848,0.011064671,0.013965714,0.047823313,0.015217067,0.029841736,0.020638276,0.009923418,0.019833246,0.052599432,0.059646512
10,7,0.000109303,0.000777224,4.37E-05,0.000193511,0.000705642,,,,7.41E-06,,0.002253469,0.001666473,0.00354676,0.002589886,0.003816557,0.006826655,0.002198454,0.003262827,0.084320237,0.030952387,0.009967701,0.022742766,0.051305419,0.040208331,0.047114877,0.074327935,0.059725525,0.032836382,0.005783605,9.35E-05,0.009983732,0.004327638,0.075303593,0.056741908,0.075340853,0.078756731,0.062808423,0.066474989,0.090145351,0.000354458,2.10E-05,1.40E-07,4.91E-05,1.17E-06,1.04E-05,2.51E-08,3.98E-09,1.49E-05,0.000454754,0.000176392,0.000189394,1.35E-05,5.73E-05,0.000278554,3.78E-06,2.10E-06,1.80E-05,5.09E-06,3.13E-05,1.44E-07,0.000768473
10,8,5.73E-05,0.000370169,0.00065338,0.008234265,0.000752709,0.002437518,0.003091439,0.002531958,0.009793831,0.001990071,,,,,,0.007896157,0.012369601,,0.075723629,0.026846525,8.34E-06,1.23E-06,6.49E-06,0.000413501,0.001260199,9.52E-07,0.000271484,8.48E-05,0.004411995,1.57E-05,8.23E-07,,1.79E-05,3.71E-06,5.11E-09,2.95E-08,5.36E-07,1.90E-05,8.21E-06,0.000304438,,,1.20E-05,2.97E-06,7.46E-07,0.001123653,0.000572826,0.000683748,0.000154032,9.26E-05,0.000165551,7.39E-06,,6.12E-05,6.21E-07,,6.09E-05,1.61E-05,5.33E-08,4.88E-06,
10,9,0.853800822,1.116857507,1.066148888,1.129275945,1.046526041,1.784209885,1.534467078,1.33958128,1.040559125,1.21231297,1.373678935,1.196581438,1.086661067,1.13277723,0.429418352,1.230470454,0.511636981,0.627434009,0.417771875,0.186132091,0.078920004,0.079403813,0.140255071,0.122201037,0.121567673,0.112931102,0.115257337,0.11775258,0.122270594,0.093694376,0.133326995,0.102772447,0.106511812,0.084344035,0.102214009,0.114533854,0.126198755,0.099846239,0.09543992,0.070120518,0.091334324,0.068287707,0.091976381,0.095470003,0.070916741,0.028608966,0.027501977,0.018438096,0.027228873,0.019135159,0.015869343,0.010461878,0.013935212,0.04636687,0.014267342,0.025851375,0.033415452,0.008177159,0.014987156,0.042620255,0.05198303
10,10,0.026144716,0.020618713,0.039350183,0.041282933,0.043150233,0.037467673,0.034114143,0.037073114,0.008371731,0.017259836,0.019725428,0.048198411,0.035014215,0.033130336,0.053489927,0.052870535,0.011288973,0.008766299,0.036977641,0.01687554,0.015699313,0.017434847,0.00501681,0.004683065,0.006245523,0.015055714,0.015176191,0.016068963,0.018977081,0.006653054,0.007245158,0.053698874,0.050387385,0.066633035,0.05099765,0.064925017,0.045552965,0.044296352,5.05E-06,6.61E-06,4.88E-09,5.82E-08,0.001899008,,9.99E-07,2.11E-05,1.69E-05,1.44E-05,0.000261105,4.41E-06,1.60E-05,2.22E-06,4.93E-06,2.69E-05,6.60E-07,1.77E-08,,,2.41E-06,,
10,11,0.02785344,0.017543862,0.030000034,0.02912268,0.03096847,0.023350415,0.025400152,0.025483928,0.035794202,0.047494125,0.044402887,0.035662779,0.030060312,0.028264901,0.039429517,0.0396355,0.040148542,0.039630888,0.038486366,0.027979433,0.043010598,0.023650587,0.020676498,0.023058978,0.025019371,0.035188562,0.02903615,0.035352034,0.033737813,0.034500198,0.048927541,0.04048474,0.034015989,0.032716029,0.026600041,0.126106826,0.207245361,0.133186273,0.156438253,2.55E-06,8.19E-05,2.97E-08,7.42E-05,1.07E-06,6.73E-08,1.93E-05,1.22E-05,1.20E-05,5.15E-06,5.22E-05,1.49E-06,1.34E-05,1.13E-05,2.14E-05,7.93E-07,8.55E-07,0.037137444,,5.71E-06,9.68E-06,0.000169676
10,12,0.064353575,0.042763599,0.050923719,0.043643221,0.053307278,0.054269698,0.031981934,0.04442466,0.03453363,0.030697617,0.026110903,0.033555821,0.039129765,0.027701718,0.023369508,0.02011574,0.022885692,0.018847777,0.033386489,0.018068762,0.047675383,0.01694329,0.210475737,0.180487749,0.168367332,0.163176903,0.170806797,0.17041645,0.179179134,0.141516856,0.140641882,0.101731394,0.11066118,0.124691177,0.134641572,0.130947349,0.122606902,0.105730332,0.12352291,0.09400788,0.117368395,0.089667845,0.114414626,0.122921668,0.08924751,0.035891836,0.035450921,0.023762129,0.035387821,0.026144535,0.022245016,0.015913433,0.020788441,0.07023472,0.022206984,0.046452768,0.022773807,0.014927254,0.02656297,0.074640133,0.086213511
10,13,0.000224784,0.00101486,0.000778031,0.000402727,0.001189771,0.000451936,0.000821521,0.001301621,0.000713434,0.000614702,0.001104573,0.001290145,0.001378939,0.000915862,0.000757042,0.001227487,0.001081871,0.002915418,0.017199604,0.010097672,0.004021795,0.00717564,0.092865881,0.072444711,0.078348318,0.090951774,0.101763932,0.090658461,0.094226603,0.076272053,0.072003677,0.056713207,0.061008655,0.048800419,0.056648498,0.044062252,0.042308486,0.034347395,0.03930438,0.022194224,0.02549604,0.01785326,0.027354101,0.032135155,0.024919569,0.011049092,0.010508637,0.005803083,0.008778995,0.006972001,0.003694367,0.003200639,0.004658744,0.017140763,0.003904544,0.00951331,0.004890189,0.003382384,0.006576029,0.017143785,0.018384999
10,14,0.20202221,0.236719788,0.275397663,0.28167528,0.302831413,0.308507131,0.285861036,0.3106295,0.188281357,0.194727898,0.249332378,0.289608057,0.243329341,0.258661243,0.257334478,0.196660329,0.231135849,0.250451305,0.41528458,0.384884123,0.356109849,0.348364215,0.193352949,0.175323876,0.201146179,0.219458584,0.214288127,0.231643912,0.288025541,0.325024528,0.31970632,0.355743059,0.135271525,0.139429629,0.118897136,0.16087835,0.148164086,0.14075977,0.053860628,0.022001117,0.027714229,0.020375013,0.027336543,0.031926896,0.025018279,0.009700641,0.010915612,0.00670747,0.009744181,0.006347701,0.005935252,0.004586162,0.00495983,0.01685578,0.005035472,0.009098568,0.015438875,0.003762048,0.007259563,0.019012217,0.021129839
10,15,0.006221911,0.006168705,0.018105627,0.011631047,0.009105702,0.012968238,0.040864967,0.044090252,0.041608011,0.04523875,0.057583602,0.07569355,0.06787117,0.034167295,0.048880594,0.040418973,0.029737751,0.025978087,0.031449283,0.032927216,0.049329099,0.018129446,0.056092183,0.044474473,0.04971631,0.040613613,0.048355718,0.045907762,0.053017682,0.031736908,0.087648985,0.05427583,0.056588442,0.039752495,0.028499852,0.070350428,0.109263484,0.07384214,0.06864502,0.022017716,0.031867671,0.021550873,0.027471913,0.034576601,0.026270429,0.010376684,0.008747776,0.007478613,0.011177891,0.007948203,0.005938621,0.004234551,0.00581944,0.016483471,0.004088085,0.007756333,0.019051198,0.002695542,0.005176202,0.01499775,0.018746838
10,16,0.002646668,0.002506483,0.006869427,0.006656005,0.004403354,0.005572842,0.013559622,0.015055369,0.017683811,0.013844623,0.022407761,0.034364351,0.021345206,0.014039801,0.027271686,0.020875038,0.010177092,0.011666862,0.077556656,0.063535273,0.059785476,0.055036788,0.064320625,0.063088563,0.057520699,0.050785028,0.053389524,0.048818623,0.066764738,0.066632061,0.072564172,0.079932935,0.026184675,0.021645349,0.020847558,0.019906307,0.024963407,0.015845721,0.02080463,0.013560607,0.01938203,0.008031679,0.010616138,0.013360444,0.010856774,0.004499804,0.003479533,0.002352732,0.003924559,0.002404036,0.002782569,0.00240623,0.002971761,0.009704697,0.002934598,0.010859706,0.005178054,0.002785226,0.00531397,0.013423545,0.014722397
11,1,,0.032174811,0.002178653,0.002750179,0.001911752,0.003274769,0.007298242,1.46E-07,0.00263675,0.004738905,0.000397301,0.000377851,0.008754631,0.000459855,0.001195812,0.000172236,9.10E-05,5.21E-05,0.04851114,0.076707235,0.05955402,0.057743622,0.091184147,0.070208695,0.069458885,0.070802915,0.055786077,0.063077972,0.065012358,0.07604447,0.067428897,0.062467643,0.029399188,0.019172521,0.023086204,0.014405685,0.025928931,0.060948309,0.054812567,0.063138851,0.045949709,0.097584386,0.055932893,0.058683813,0.117042053,0.076705538,0.066164291,0.089232738,0.090847522,0.210550789,0.255717964,0.2776169,0.401750702,0.430075488,0.385364159,0.439721616,0.351257887,0.37222068,0.400726475,0.466468383,0.455968918
11,2,,,,,,,,,,,,,,,,,,,,,,,,0.0047814,1.04E-07,,,,9.39E-06,0.000110102,,,7.74E-06,,3.34E-05,,,,,,,,,,,,,,,,,,,,,,,,,,
11,3,1.17559234,1.192342054,1.172292354,1.32888843,1.311901843,1.365585674,1.353703665,1.477070473,1.173988955,1.500585319,1.527839176,1.547211696,1.06412928,1.088293791,1.522006996,1.761961552,1.958767506,1.965762992,1.637066659,1.775386279,1.7181653,1.759184981,1.866760932,1.859293786,1.869184636,1.877547719,1.9313741,1.959210465,2.008245586,1.990982661,2.118633865,2.104467087,2.125830429,2.14328129,2.118165536,2.11467081,2.007110543,2.180255756,2.235206495,2.191219641,2.168061716,2.261362446,2.319167346,2.338234894,2.42188146,2.618713796,2.497579079,2.547307513,2.513612081,2.645550469,2.796312385,2.864810278,2.827564686,2.915988614,2.772285303,3.029415099,3.18461859,3.29636283,3.615988639,3.563185328,3.406127316
11,4,0.000291288,0.005066655,0.004338209,0.005855005,0.01312026,0.008604034,0.004782045,0.004765945,0.002353801,0.004217472,0.00447023,0.009931314,0.006601434,0.006589484,0.02222779,0.020994678,0.028976952,0.023482332,0.026988798,0.057029224,0.044228357,0.056709914,0.058087306,0.06118285,0.050624031,0.059922693,0.058973301,0.058791951,0.072817522,0.063409736,0.079993698,0.065840127,0.036923615,0.037179733,0.028669743,0.043030163,0.01155536,0.014015926,0.031733755,0.020498467,0.020864772,0.035592676,0.018460725,0.02795152,0.032325909,0.027798308,0.022231186,0.02806498,0.020157893,0.019326164,0.020558213,0.018895195,0.016126112,0.021790855,0.026504674,0.017968084,0.022533337,0.024699872,0.037213511,0.016289242,0.038648857
11,5,0.289035357,0.397247494,0.38766333,0.419409034,0.521078011,0.42882179,0.455096926,0.41394539,0.316128636,0.549378783,0.576818653,0.567737054,0.411595518,0.418452641,0.825054313,0.883475255,0.864141348,0.913834963,0.913207785,1.060126198,0.998558667,0.900216402,0.93966168,1.01941163,0.917566376,0.929835243,0.909356407,0.845514678,0.893544909,0.965180009,1.135331233,0.912657118,0.971937161,0.992405182,1.093927283,1.166446006,1.151420232,1.315113435,1.42711166,1.437634712,1.594106583,1.668218331,1.854444493,1.966575883,2.054616689,2.479713987,2.444351781,3.071686324,2.992333236,2.656987727,2.935915306,3.539888021,4.524367078,4.744436294,4.368343599,4.449397666,4.443354061,4.960122629,5.062992232,5.104254949,5.110779237
11,6,0.409215004,0.54883631,0.667984901,0.850680185,1.000571371,1.141906104,1.240749834,1.392180683,1.486798658,1.782090425,1.752566631,1.703155534,1.596746465,1.686662516,1.766717816,1.703097541,1.878894317,1.882590878,1.80293989,1.797119519,1.621122256,1.630210122,1.172686484,1.123905044,1.039072465,0.934270953,1.286763435,1.428335826,1.291229391,1.389992399,1.497113503,1.436128413,1.500944152,1.684250621,1.662785681,1.827113367,1.634099724,1.97992979,1.94598334,2.022022463,1.919529717,2.058450616,2.126285448,2.231181188,2.542630123,2.689322445,2.391190193,2.664478884,2.740411694,2.227724373,2.859625312,3.273140362,4.132284187,4.382897771,3.952341029,3.966310373,4.356828877,4.645991651,4.993844718,4.600846571,5.598032178
11,7,0.417501004,0.571471295,0.94898374,1.273595128,1.656795123,2.108055914,2.58300347,3.144851531,3.187428108,3.392673534,3.255302918,3.06332926,3.16192399,3.159661986,3.277880069,3.085834661,3.036337269,3.302255161,3.142151685,2.963205067,2.678501085,2.941782562,1.344877175,1.29985399,1.066233045,0.862521537,2.006998709,2.334415817,1.930782819,2.229674806,2.480914974,2.165392542,2.243885707,2.742961609,2.555264221,2.591182981,2.363343347,2.835874474,2.545889154,2.879339223,2.682102898,2.650607371,2.546839928,2.857782093,3.319366147,2.421412825,1.932981669,2.165706992,2.299577966,1.227378008,2.134728682,2.479088476,3.091032983,3.516522881,2.631658696,2.04562004,2.626521946,2.534312985,2.444617016,2.476162608,2.983929132
11,8,0.287445127,0.332051648,0.281703136,0.405562352,0.445227507,0.428036728,0.498662422,0.517547481,0.647545871,0.353534979,0.52513329,0.804591843,0.773594081,0.422274137,0.758732556,0.543158097,0.358730791,0.424972122,0.695187098,0.744267246,0.568675751,0.302494699,0.399734037,0.394818823,0.896850948,0.371693595,0.70425333,0.763488038,0.568599855,0.731508692,0.552220327,0.590799186,0.767277551,0.926553076,0.826106594,0.920194593,0.87849981,0.823705232,0.671618488,0.668439088,0.875505137,0.999812891,1.157486279,0.857211117,1.162783763,0.795511142,1.117627836,1.120231037,1.3578103,1.329147616,1.25530914,1.508620686,1.433087276,1.484899447,1.33163065,1.607286809,4.078250664,1.923138971,1.664586881,2.314310677,2.145550112
11,9,0.027580741,0.286635744,0.321581315,0.388739866,0.638353484,0.430596849,0.503277708,0.117852922,0.067664432,0.058583249,0.061552241,0.06844067,0.063046497,0.060162425,0.065105544,0.100987406,0.0589895,0.056150398,0.539057782,0.276695619,0.266245934,0.288196834,0.154114491,0.133423781,0.150756729,0.123175115,0.119434565,0.127275617,0.132490412,0.137922312,0.172128768,0.133686096,0.118477025,0.12348629,0.124736491,0.136036685,0.116679657,0.150131096,0.152388553,0.170498302,0.19049807,0.196770078,0.23263331,0.252031824,0.297834377,0.34398052,0.357474164,0.437800572,0.438654661,0.405071928,0.508110064,0.569658454,0.685491288,0.753242084,0.561795811,0.545002492,0.514669942,0.512152421,0.507511718,0.448595844,0.686421093
11,10,0.201786708,0.185199201,0.210979189,0.303063653,0.286475898,0.280959478,0.321764584,0.31799233,0.371078012,0.246745517,0.276102703,0.23349867,0.211413701,0.196795869,0.251708807,0.21067607,0.19006393,0.15837027,0.282084435,0.412846911,0.363597767,0.316884734,0.316832419,0.537209429,0.440127982,0.493886952,0.448591225,0.33479681,0.386763235,0.31296266,0.383663795,0.583032066,0.698644638,0.103788243,0.083722218,0.107289994,0.07430118,0.075359244,0.181543542,0.183783084,0.144642222,0.165608784,0.330634469,0.298197116,0.258205469,0.371461118,0.14176732,0.16911932,0.120510571,0.117580544,0.139657903,0.166238908,0.207987003,0.245407462,0.233984823,0.36469623,0.325251019,0.250055068,0.198814178,0.248749945,0.345973416
11,11,,,0.00677214,0.004946058,0.006474026,0.00720951,0.010340739,0.007532393,0.00815726,0.008391844,0.010234434,0.005412854,0.018302037,0.012597326,0.077132319,0.068328893,0.059513593,0.038954408,0.031742414,0.029946394,0.034552151,0.036374212,0.0250226,0.028998402,0.038168983,0.032434991,0.032829919,0.021998185,0.009710898,0.004253352,0.011570067,0.008345516,0.004504994,0.001436728,0.000984929,0.001205058,0.002661557,0.001317721,0.001541276,0.002423573,0.002569967,0.00708684,0.019123053,0.011276502,0.01796697,0.002450833,0.002516754,0.002873928,0.002856818,0.003031949,0.004430096,0.004246115,0.006318095,0.006492629,0.00483771,0.005739984,0.005888265,0.005366049,0.00497804,0.260071555,0.01272212
11,12,0.076185709,0.112879715,0.094429758,0.090273179,0.134016587,0.093385236,0.094966031,0.115825568,0.12545572,0.136557395,0.135209749,0.138002135,0.15907694,0.14881971,0.157347303,0.169018399,0.15109181,0.180977578,0.187630435,0.242074381,0.206060607,0.192582447,0.332812715,0.378761292,0.351668834,0.353409425,0.356575327,0.402109269,0.296441182,0.292154374,0.362902811,0.317142663,0.309874516,0.273998903,0.289070421,0.317195027,0.283981023,0.423982962,0.452260603,0.43419398,0.481179678,0.535646142,0.547811061,0.556179303,0.614910928,0.813951654,0.849525776,1.000137362,1.010700876,0.892834217,1.140917554,1.354967548,1.98942887,2.231861267,1.905944093,1.858843986,1.808925529,2.086712862,2.050711427,2.141669593,2.26124726
11,13,0.093826279,0.193591545,0.165305355,0.215333727,0.29663591,0.350108119,0.440829999,0.519920093,0.552838373,0.594337734,0.617230021,0.596674345,0.627647824,0.622537866,0.679022995,0.61163936,0.634178135,0.625765861,0.609268081,0.610114385,0.537837293,0.540746683,0.346187404,0.325182242,0.282780136,0.245335295,0.377198036,0.400524272,0.403122239,0.467339911,0.51352326,0.525314816,0.45584515,0.577721593,0.565469101,0.630318917,0.504960606,0.65072548,0.622957277,0.692415678,0.621024514,0.683428278,0.582144129,0.640804988,0.902706792,0.710526707,0.880958932,0.815806599,0.800275475,0.832201864,0.828393335,0.820095793,0.796575989,0.840431814,0.609950244,0.947709924,0.628316573,0.748715478,0.788988874,0.599534229,0.753218814
11,14,0.787301647,0.825508699,0.933556394,1.376082926,1.329945054,1.478722683,1.45018274,1.69775413,1.665665645,1.374475506,1.779737165,2.06209533,1.764206826,1.60500479,2.383301843,2.147217203,1.466137026,1.321389885,1.130638864,1.204540076,1.10236061,1.038723141,1.041694463,1.026704831,1.051633394,0.893426386,1.167680643,1.231803524,0.89921066,0.879423565,0.949680896,1.150554299,1.580035021,1.826442251,1.601226112,1.844477036,1.650228808,1.652744775,1.55512601,1.630098248,1.66715144,1.666207836,1.829786487,1.897553276,1.834238945,1.894151206,1.831290805,1.709066724,1.720655516,1.52952946,1.778706698,1.972184277,1.83521543,1.839769354,1.395151709,1.575955308,0.969326675,0.954683384,0.967872544,1.014940065,1.063205062
11,15,0.012700005,0.028882446,0.014144349,0.021482665,0.029814785,0.050613141,0.050920662,0.179541463,0.210623104,0.289577138,0.294486952,0.218812829,0.413523277,0.402443861,0.411590957,0.445297814,0.55354015,0.436111107,0.498504662,0.42263116,0.375655343,0.556109127,0.551315486,0.370616755,0.315586666,0.316679105,0.258430198,0.229900997,0.204368453,0.199825341,0.233320011,0.597711873,0.449335373,0.514933732,0.511488472,0.527906664,0.52877315,0.535785663,0.498359251,0.460285151,0.288491057,0.304063616,0.304139634,0.317108204,0.344636338,0.272796981,0.38897043,0.261626393,0.29110153,0.213271961,0.314385826,0.209531066,0.19107975,0.207185175,0.261686577,0.190088224,0.210083684,0.199837503,0.239007797,0.264513159,0.217784542
11,16,0.172380811,0.194526984,0.254038402,0.356285081,0.398876599,0.510597669,0.590189318,0.69979838,0.778719011,0.814379063,0.840617905,0.817612016,0.798298,0.850072198,0.873415372,0.86666131,0.880880487,0.887846794,0.839182774,0.893916243,0.78803342,0.806734324,0.562759416,0.555437125,0.510338211,0.490169856,0.749900952,0.840270386,0.735686771,0.840433948,0.941096382,0.959694412,1.049103711,1.124480138,1.121307461,1.206431312,1.031891374,1.241577837,1.20480087,1.329443493,1.320976735,1.343943431,1.329369267,1.402391011,1.314072676,1.492923989,1.374004063,1.444335817,1.390976272,1.327407129,1.35396233,1.445616142,1.48082751,1.388299608,1.242548775,1.393614184,1.113312456,1.260344161,1.008430969,1.03249269,0.968821792
12,1,0.123371125,0.089662019,0.056151806,0.103752124,0.203081586,0.139569326,0.168856719,0.100938703,0.155278148,0.101605623,0.270616732,0.204853211,0.224339957,0.155530959,0.273887221,0.143017248,0.934554818,0.188137031,0.211196904,0.23824132,0.635538903,0.801538663,0.636443919,0.698039698,0.842803511,0.38334438,0.439529674,0.73011777,0.633836496,0.266862737,0.208173028,0.445888925,0.251321825,0.385032799,0.200166528,0.171481172,0.144126829,0.158206079,0.180220191,0.159854009,0.164882905,0.259111177,0.115825907,0.13364887,0.158710762,0.109263407,0.129963101,0.147542347,0.139309135,0.177188448,0.163467341,0.179608862,0.167988046,0.163190094,0.151996748,0.145264849,0.156678817,0.13376566,0.135557908,0.172361944,0.181400885
12,2,,,,,,,,,,,,,,,,,,2.69E-06,,,,,0.000298819,1.12E-05,0.000552181,,1.21E-06,,,,,,,,,9.76E-11,,,,,,,,,0.00014223,,,,,,,,,0.000255756,,7.05E-07,0.000102986,,,,
12,3,0.837615961,0.776073907,1.046674329,0.800406976,0.806053769,0.951260502,1.004755963,0.966618611,1.036468101,0.981004618,1.057350511,1.029586635,0.999724067,0.923792231,0.915624574,0.909271164,0.940429534,0.958148237,0.922208313,0.887750227,1.036194839,0.990231623,1.621086562,1.666942221,1.887575005,1.359789465,1.378471944,1.494807718,1.187782717,1.010971083,0.919544479,1.035273877,1.156651513,1.326521161,1.049086331,1.05807093,1.146353574,1.142032346,1.172058251,1.210824035,1.285925997,1.271330265,1.130715077,1.093495485,1.182084138,1.131209904,1.300069883,1.29714874,1.538868106,1.174844044,1.27955265,1.205565465,1.194394999,1.202223778,1.277303418,1.430857137,1.37814208,1.40861811,1.483987627,1.660392559,1.65449176
12,4,0.033619705,0.030957856,0.027673712,0.040185888,0.111443063,0.132436298,0.099781265,0.10750954,0.093000726,0.122905746,0.131217743,0.152647248,0.146228913,0.106771329,0.106626218,0.106645875,0.113892523,0.116991327,0.102831544,0.071437187,0.148270706,0.147622536,0.108725735,0.10249725,0.107535938,0.102583021,0.082014661,0.080373972,0.045688645,0.033334835,0.017820418,0.021815111,0.040416745,0.04814028,0.045718454,0.034817106,0.056749437,0.051521315,0.033906732,0.041706958,0.038663248,0.01950473,0.034401091,0.022272891,0.013113746,0.013713905,0.017705647,0.019432504,0.018658848,0.018723521,0.014273029,0.013872186,0.014005589,0.00969371,0.00708386,0.015551611,0.015431155,0.02576382,0.012989896,0.035380467,0.018864719
12,5,2.714571734,2.508860255,2.466312508,2.299102651,2.211288602,1.902220151,1.921012244,1.827027597,1.915651161,1.764420182,1.636672419,1.6140302,1.596249079,1.370827629,1.486027067,1.48643595,1.615224461,1.480175912,1.531293212,1.405505342,1.528647644,1.630008921,1.676436654,1.612844517,1.578122795,1.426483083,1.482331413,1.387686368,1.20115849,1.245011401,1.216600974,1.069526504,1.056264694,1.141585446,1.164470695,1.166346054,1.123005408,1.143255111,1.090344264,1.171948227,1.203062874,1.196597522,1.253165089,1.204426142,1.347597609,1.228077268,1.233076955,1.241179777,1.444337969,1.358605188,1.402175294,1.429589498,1.495683184,1.463346857,1.667888571,1.542188905,1.640987876,1.515713317,1.630313764,1.853090163,2.092424361
12,6,2.446831495,2.494258516,2.465880907,2.35440835,2.364826979,2.17238254,2.179020904,2.023384897,2.160023487,2.046549747,2.29463848,2.162262941,2.221447577,1.861595838,1.99350124,2.000380958,2.360979819,2.203271818,2.004124041,1.880654026,2.42956139,2.174425172,2.306427865,2.317264583,2.243667484,1.668235935,1.696473554,1.752820881,1.588307946,1.340242307,1.193455379,1.297719911,1.258744651,1.425146376,1.202927588,1.339494885,1.288559779,1.383682173,1.484187374,1.374218928,1.486877192,1.426305117,1.19663471,1.176835339,1.440537251,1.346042663,1.974751906,1.915897772,1.929950918,2.820857777,2.435192207,2.699582041,2.691066402,3.102548434,2.337223928,2.070848372,2.210226593,2.580847587,2.326656252,2.636537815,2.761882402
12,7,0.957094695,0.967206513,0.895563945,0.988775709,0.991463471,0.800135046,0.947738128,1.017855447,0.854399632,0.785475317,0.888672663,0.969579143,1.211432476,0.573926775,0.780614315,0.671617377,2.054294274,0.574269891,0.791402096,0.858460808,0.836866177,0.929864394,0.77790314,0.855862451,0.903526511,0.858066115,0.79963107,0.755991444,0.837790452,0.797680312,0.749771143,1.008721659,0.801968634,0.856233183,0.849886107,0.827345759,0.79797395,0.956692143,1.105282807,1.161005263,1.146993168,0.978239657,0.815521954,0.825883574,1.255861131,0.848869642,1.969548754,1.730052794,1.755454087,2.888093653,1.60960657,1.388813504,1.062020092,1.530704972,1.489762293,0.749831336,1.056153147,1.464989531,0.930111655,0.979772658,0.886855425
12,8,5.239734094,5.388790467,5.291889377,5.073836017,4.920648426,5.235110407,4.917892624,4.480926619,4.069445541,4.410101752,4.538699333,4.306772322,4.100987141,3.391052092,3.765575636,3.519223121,5.505423153,3.580667814,3.931181572,4.025926495,3.636228149,3.546987842,3.235826953,3.274086295,2.992551774,3.497911452,3.386231898,3.206429175,3.162056398,3.229515903,3.252795201,3.430692459,3.261530057,3.434213297,3.649355944,3.816830798,4.140812821,4.807575324,4.50508407,5.102178041,5.478819158,6.092158751,5.871841202,5.533783499,6.146564748,5.947137822,7.030456726,6.966741495,8.13967938,7.526839674,6.970442091,8.179572556,8.577078501,9.379810533,9.391104416,8.803824762,6.571843266,8.621817167,8.808657132,9.770602806,11.73566702
12,9,0.835894829,0.831686295,0.797677864,0.783472956,0.760441803,0.673957073,0.677838679,0.655205272,0.684338446,0.631287894,0.642737769,0.621117024,0.63162661,0.603061008,0.708701337,0.700548171,0.786678006,0.743261402,0.778789704,0.78487059,1.976992171,1.197522631,1.166940882,1.195351324,1.27613806,0.924229459,0.92029998,1.046709303,1.09162076,0.835758016,0.711810656,0.767107109,0.698357506,0.900333593,0.704762738,0.724625907,0.678872695,0.667921719,0.643270839,0.597572251,0.673767145,0.665421298,0.524145063,0.632707102,0.683533296,0.597281881,0.714787848,0.687663509,0.626105711,0.790189583,0.701299139,0.802013084,0.789646083,0.82448324,0.78838476,0.847196735,0.804428764,0.729583461,0.879652484,1.023339142,1.02432118
12,10,0.033278292,0.030278632,0.036779449,0.012664651,0.014659066,0.013748259,0.097634474,0.144837753,0.048054901,0.060796363,0.202823836,0.248976437,0.312686704,0.179198617,0.420683442,0.237328934,0.803041993,0.090560467,0.113667224,0.133481472,0.08962233,0.065750139,0.055815211,0.086391325,0.082677801,0.063318128,0.050104301,0.043617966,0.045236497,0.045961417,0.036106599,0.078420502,0.093874026,0.043494889,0.016792659,0.027153318,0.017510467,0.041919629,0.050880237,0.025004833,0.030023817,0.049032729,0.050564975,0.034992646,0.042598788,0.034808265,0.019948698,0.024291165,0.021246423,0.016351695,0.013920934,0.021882226,0.021245724,0.020974599,0.025476759,0.032516091,0.028569122,0.038304189,0.014955837,0.015908173,0.026243278
12,11,8.10E-05,0.040577341,0.003932927,0.037277561,0.000215433,0.000203101,0.059967604,0.077583336,0.092602836,0.107508215,0.137277385,0.093603552,0.148170179,0.136046115,0.181438986,0.130441237,0.204198456,0.111261425,0.104965075,0.085702392,0.072296934,0.073624708,0.068862395,0.062022237,0.085571475,0.103902722,0.094929367,0.057617048,0.03899277,0.02816163,0.012974926,0.013790895,0.013000121,0.016069998,0.0081635,0.012945171,0.007443286,0.010984568,0.013557696,0.01130182,0.009178006,0.011124788,0.00305059,0.009076915,0.000559648,0.002624467,0.003632078,0.003893206,0.004375191,0.008799611,0.002272279,0.003006009,0.004481425,0.003694669,0.003189492,0.00349143,0.004122181,0.008768388,0.002873089,0.004237008,0.007857271
12,12,5.339336082,5.077316492,5.012161099,4.777091802,4.739552855,4.510457637,4.616206649,4.488099565,4.704743705,4.317747648,3.576150871,3.542837573,3.426600993,3.008563739,3.090428408,3.023497173,3.44116637,2.801640322,3.047449793,2.952914215,3.990266046,4.242702479,3.731510282,3.757171236,4.308417387,3.456231837,3.590838016,3.86823728,3.730351434,3.518820379,3.387027027,3.137510192,2.69821877,3.394388321,2.87605355,3.047905651,2.549849943,2.627096849,2.651143194,2.474523437,2.486942571,2.683853384,2.569900832,2.389497891,2.942410801,2.745470576,3.135904024,3.137285165,3.495564792,4.192048905,4.537765675,4.668706056,4.95485591,5.060171305,5.447754271,5.286507651,5.159285441,5.156416568,5.349299787,6.023401058,6.563850305
12,13,1.240132712,1.26570167,1.235649493,1.23784578,1.240006613,1.063769658,1.072179998,1.068348309,1.035374322,1.0035602,1.176553245,1.13701429,1.111327816,1.015525111,1.09609532,1.053638692,1.320601091,1.067133717,1.135323786,1.095311425,1.110020666,1.058149854,1.104534872,1.139429528,1.146703281,1.065572506,1.105412024,1.188441768,1.162587206,1.207299693,1.235393662,1.367325849,1.217879408,1.302580563,1.30669422,1.305344666,1.194884191,1.226863292,1.149152594,0.998432068,1.044988236,0.963291621,0.70294105,0.611510504,0.619271087,0.556134449,0.608303239,0.615115183,0.463341508,0.510690567,0.512436072,0.530068855,0.511957256,0.649047474,0.598554179,0.450163863,0.481502707,0.544287792,0.485031935,0.598613598,0.674395011
12,14,0.19483953,0.181572898,0.241404957,0.129681525,0.161574647,0.153771469,0.322637544,0.381593353,0.374354424,0.397339902,0.470014345,0.536562058,0.665451483,0.617287695,0.985932864,1.03531098,1.409736514,0.853076033,1.05587469,0.898672753,0.896719829,0.931069081,2.013296319,2.114278452,2.075563985,1.997563853,2.029641087,1.581132388,1.590836883,1.371861504,1.122822558,1.24716967,1.470359113,1.794506488,1.282562101,1.493549431,1.520267209,1.533235152,1.701910207,1.819053828,2.086399462,1.52563181,1.160377725,1.275174418,1.286697339,1.136901671,0.341959438,0.198559178,0.266096648,0.216809585,0.195424537,0.234649274,0.286666455,0.169307043,1.43378197,1.249626072,1.188665517,1.31374365,1.237848669,1.013339176,0.682920445
12,15,0.463958962,0.444389168,0.453856984,0.515052579,0.531771553,0.432673035,0.481506727,0.48067783,0.427482926,0.513984167,0.562331167,0.524035625,0.54151375,0.632733629,0.630386272,0.619985151,0.734514617,0.632430657,0.776674545,0.768196142,1.067609182,1.19363927,1.190407867,1.160785879,1.241176137,1.067373991,1.087433037,1.239980965,1.570374181,0.960278745,0.896259595,0.969357812,0.74604342,0.912905121,0.861856195,0.841038031,0.734303651,0.648318255,0.632691591,0.587971109,0.633911544,0.5882086,0.626662909,0.554578948,0.614515836,0.566774709,0.572528654,0.702337187,0.609080618,0.586812201,0.567994752,0.549370858,0.564171036,0.586482512,0.578363245,0.60538654,0.559613653,0.502580681,0.521051896,0.52329001,0.581898209
12,16,0.470425349,0.453262843,0.598418871,0.451804655,0.513516993,0.44822213,0.525531159,0.55089687,0.546203916,0.574613345,0.729368313,0.745580887,0.823112135,0.604503526,0.869455715,0.701913152,1.371673562,0.734650604,0.783909949,0.79626883,0.779795603,0.770269857,0.987241932,1.015917093,0.957836464,0.860968745,0.9206265,0.810527418,0.803959245,0.780602125,0.662524451,0.836347429,0.882856791,0.979714658,0.848035126,0.870960502,0.950441575,1.011391418,0.995300803,1.106135845,1.187328505,0.963981068,0.913515384,0.884340407,1.245405975,0.912744233,2.105254523,2.049361979,2.280793857,1.749494121,1.513093838,1.203426005,1.015070961,0.971740439,0.892930839,0.949237177,0.790868045,0.826070009,0.653859694,0.754643231,0.588488992
13,1,0.000138279,0.000266433,8.71E-05,5.39E-05,0.000442694,0.000159093,0.000190847,7.44E-05,0.000257007,0.00020116,6.70E-05,7.40E-05,0.00012323,0.000172271,0.002290009,0.007068702,0.007449245,0.008438032,0.000977902,0.001207586,0.001128844,0.001990304,0.010502952,0.007624988,0.00057209,0.00300566,0.00331418,0.002782741,0.012374094,0.087583198,0.043217986,0.045940718,0.039733307,0.043208328,0.039863709,0.029866216,0.039842807,0.078605698,0.064524789,0.082879866,0.085789418,0.085434015,0.107330422,0.101053285,0.147046883,0.136934861,0.050451154,0.033266121,0.03343397,0.088274275,0.101019267,0.03921301,0.049870111,0.041980219,0.054776514,0.055943918,0.235333439,0.122085957,0.115632225,0.145123239,0.20219082
13,2,,,,,,,,,,,,,,,,,,,,,,,,8.52E-05,,,,,,,4.22E-07,,,,,,,,,,,,,,,,,,,,0.002790873,,2.25E-06,3.56E-05,,3.92E-05,,,,7.76E-05,3.86E-05
13,3,0.23200483,0.237533361,0.254114495,0.280747068,0.289813816,0.29775525,0.311542885,0.338108493,0.351795926,0.402287388,0.414761724,0.37509576,0.387152891,0.392248924,0.389396292,0.393378375,0.425904025,0.420806164,0.431830734,0.439278002,0.452512961,0.45109988,0.494056216,0.493350825,0.510888839,0.53906248,0.579616703,0.614219593,0.654595479,0.70367044,0.7230864,0.782001962,0.790869382,0.825026877,0.846672338,0.874509695,0.920347984,0.969997669,1.029785552,1.048621244,1.125936632,1.120104714,1.200244489,1.277350237,1.461947412,1.439137959,1.469184245,1.377974239,1.180470566,1.440810673,1.855765008,1.581335398,1.772134511,1.823136334,1.982161681,2.062862175,2.050280936,1.934296599,2.112040436,2.220313829,2.137659631
13,4,0.001053498,0.001696329,8.33E-05,1.12E-05,0.000104504,4.23E-05,5.48E-05,0.000500733,0.000794896,0.000380184,1.46E-05,5.24E-05,7.11E-05,0.000269739,0.001366935,2.70E-06,4.15E-06,7.91E-08,3.90E-08,2.02E-05,4.04E-05,9.10E-06,4.43E-05,9.26E-05,1.00E-05,3.58E-07,1.84E-05,1.64E-05,3.88E-07,6.82E-07,2.39E-06,4.85E-07,1.63E-06,3.15E-05,1.17E-05,3.48E-05,0.001111804,7.82E-06,4.09E-05,0.000146433,0.001367754,8.78E-05,5.28E-05,0.000214187,0.000259656,7.24E-05,0.000916196,0.003191406,0.000740443,0.034698415,0.000388619,0.000320882,0.00028228,0.000975859,0.000112699,0.000694375,1.85E-07,7.24E-07,4.63E-05,6.05E-06,0.000726419
13,5,0.236904732,0.278105132,0.308574797,0.36302507,0.422776036,0.498035092,0.530352644,0.607323406,0.683999465,1.041559667,0.927844632,0.978955409,1.376705905,2.366769711,1.927922994,1.988187943,2.019536399,1.8797729,1.758571462,1.716869896,1.720874457,1.703707121,1.615965304,1.360529109,0.965010748,1.049252406,0.944374399,0.898046127,0.950313767,0.985619091,1.016127482,0.763401824,0.782241021,0.7512331,0.839548555,0.892068884,0.871397036,0.914186576,0.902181061,0.896904112,0.841590364,0.875343136,0.918043512,0.858681468,1.059404058,1.018036782,1.089247452,1.084891601,1.020872972,0.897358024,0.994509246,1.102825796,1.082189151,1.190746554,1.180884124,1.159561918,1.135567214,1.250019815,1.288154533,1.138198304,1.231410877
13,6,0.214617732,0.222814675,0.299299515,0.256649117,0.318940799,0.261346918,0.340679603,0.314884602,0.300721825,0.431810706,0.439391522,0.462509685,0.533335682,0.511980897,0.536192129,0.560488823,0.665345787,0.736191074,0.774781178,0.926536704,0.798871381,0.819912528,0.863180638,0.860779294,0.886618356,0.884216206,0.818491983,0.796475901,0.920961431,0.96678593,1.000478129,0.866446181,0.926073283,0.964139564,0.965990715,1.030701072,1.070049397,1.168296813,1.191723508,1.20069572,1.271409989,1.429272578,1.611068929,1.6294905,1.694183611,1.773608292,1.620531743,1.548382319,1.298291735,2.064668326,2.732166711,2.065683341,2.572381868,2.617788677,2.732644643,2.6050558,2.911265165,2.755576412,3.041555065,2.881717843,4.012109796
13,7,0.349747909,0.332191887,0.296606147,0.335787565,0.349717436,0.317108467,0.319545803,0.37326605,0.390633298,0.420012455,0.408081058,0.362795241,0.376393782,0.360738933,0.318211633,0.292523543,0.303926969,0.290257603,0.222512616,0.268905319,0.206143291,0.176513109,0.173853792,0.194896404,0.140251069,0.142177463,0.146875901,0.152611269,0.127681254,0.125534229,0.074556385,0.076108146,0.081987537,0.084951464,0.082823288,0.164148201,0.177485335,0.17830656,0.192949188,0.100676612,0.140824993,0.259650739,0.383454711,0.496342615,0.550937085,0.39264892,0.206214885,0.131747931,0.101998658,0.28698923,0.303648839,0.140117802,0.162196984,0.220632944,0.280652588,0.209943113,0.384011411,0.417247177,0.467467504,0.490558046,0.598023428
13,8,1.689453752,2.804393736,3.710283749,5.168119325,4.881597679,5.249905641,6.572672059,8.465874464,9.03091026,10.75273593,10.61330472,9.645839083,9.127610732,9.451462436,8.465624675,8.725538465,9.291713071,8.901207692,8.198698743,8.321212552,8.407918701,6.184682567,7.104601119,7.060656494,7.526965838,8.545279298,8.023077999,8.812403658,8.874182987,8.798803241,9.103754589,9.808966834,9.466547544,9.362603427,10.25691287,10.56164891,11.02517554,11.03507191,9.963881354,9.467653732,8.864395144,9.030431034,10.06757546,10.45895324,10.04162068,9.619056013,11.21156919,10.88322154,10.15696504,11.53962188,12.34056093,11.73449469,12.0791907,12.39184483,13.92811903,14.97120413,15.111048,16.02097456,17.03817167,16.55399894,16.55847016
13,9,0.111743928,0.127389696,0.147394974,0.168220284,0.170524653,0.177332445,0.199259279,0.227301152,0.248824637,0.264792466,0.292464717,0.27986524,0.288885202,0.297366182,0.275193354,0.291390572,0.299208584,0.286077778,0.279751583,0.286495839,0.304017438,0.274882713,0.320758308,0.330463924,0.333106409,0.347827576,0.362238375,0.393314235,0.419290181,0.497193769,0.515605684,0.542209557,0.565593456,0.609681967,0.610593764,0.656480485,0.699080304,0.816843728,0.822528616,0.942174042,0.926952378,0.983224084,0.99118907,1.036359953,1.203453035,1.251549629,1.26147858,1.172198829,1.07648388,1.465508573,1.952590089,1.787312417,1.989120628,2.179307813,2.352709221,2.212955986,2.280923554,2.464456456,2.876835475,2.689774379,2.96592338
13,10,0.000284573,0.000224679,0.000483624,0.000868088,0.003772117,2.86E-05,0.000197187,0.000954002,9.55E-05,3.87E-05,0.000674453,0.000573355,0.000561281,0.00027709,0.002118782,0.003826172,0.002035959,0.000278741,0.000594046,0.001327204,0.001161928,0.00147479,0.000189288,0.000348428,0.000243454,0.001222208,0.001291323,0.001218316,0.011636416,0.018438412,0.002054484,0.003736627,0.003789799,0.002819466,0.011887073,0.002621462,0.004205918,0.024763177,0.012244794,0.004841098,0.005417237,0.006011176,0.130954411,0.148735472,0.205064145,0.009334632,0.00085769,0.002726423,0.001318052,0.032184312,0.000386741,0.001066234,0.002660013,0.001895779,0.000304502,0.002880207,0.001330954,0.001409947,0.000133946,1.07E-06,0.005392535
13,11,0.002626137,0.000611102,0.003131907,0.000966622,0.001684053,7.86E-05,0.000175302,0.00072109,0.000450872,0.000175864,0.004656977,0.009709862,0.09285839,0.087781273,0.075217453,0.072094144,0.075377833,0.076910639,0.074388184,0.072298586,0.116602135,0.115218423,0.125791829,0.09330152,0.043347873,0.001512341,0.005915408,0.002554551,0.050726435,0.025453426,0.002680574,0.008326852,0.002886625,0.005979624,0.00787143,0.001409798,0.005009026,0.017491545,0.005224373,0.003387636,0.003313232,0.008688216,0.052651185,0.06989945,0.107270887,0.014378983,0.013023848,0.004531868,0.012972261,0.014975646,0.018471018,0.021173798,0.015245366,0.013230389,0.006156963,0.016669554,0.01072487,0.125067938,0.007692755,0.003712952,0.234823795
13,12,0.49527681,0.501584187,0.526591196,0.550505858,0.546299637,0.699295196,0.865796291,0.858722399,0.604129041,0.78922251,0.792583919,0.803108298,0.813360717,0.814815682,0.843504472,0.839795418,0.90097857,0.92841444,1.079942542,1.301337715,1.157596625,1.203187958,1.241330449,1.27985848,1.418033137,1.50301539,1.544826546,1.54664798,1.780399978,1.818125368,2.011952758,1.704613939,1.834938561,2.14708528,1.998499903,2.447599581,2.516431336,2.847026418,3.14633261,2.959364386,2.993097796,3.579345117,3.483827802,3.476555857,3.834655328,4.006617471,4.079907674,3.839168752,3.37590539,5.001988066,7.032911398,5.787014395,6.532691083,6.505587415,7.14325688,6.951982338,7.223616931,6.643560726,6.705305562,6.727586005,7.329381154
13,13,0.09537759,0.106183478,0.127915748,0.142294359,0.164462146,0.196383702,0.187262936,0.237478473,0.23107676,0.299905052,0.301283458,0.307898718,0.379580811,0.644120842,0.511708562,0.511866331,0.530394556,0.502760498,0.498226703,0.515116428,0.525065775,0.514651725,0.496291898,0.470453143,0.381264178,0.400393497,0.368968346,0.381049275,0.392855088,0.41397816,0.427559786,0.395303578,0.381425181,0.391332666,0.415521508,0.436865766,0.435037989,0.523578007,0.480796796,0.547963632,0.351497294,0.633908109,0.416463803,0.405756761,0.726068008,0.727879223,0.7047721,0.669663124,0.620043994,0.617610192,0.687302031,0.708073441,0.74675654,0.978841679,1.097907237,1.249993547,0.482647375,2.031260554,2.463940371,2.624139715,3.298013767
13,14,0.862844803,1.105113761,1.292461917,1.586126924,1.994053203,2.227437775,2.26816162,3.111691601,2.973444934,2.989324469,4.771517476,6.440119587,6.952213949,7.922076406,8.161228026,8.596770946,6.885229077,6.733496877,6.549978363,6.642616497,6.668772229,6.741977313,6.675038091,6.149707915,5.031043054,5.30537076,4.890275768,4.674896943,5.259809656,5.210443638,5.151820694,5.35272356,5.334059186,5.248090151,5.29905914,5.462867351,5.65480185,5.652376288,5.749824125,5.704111435,5.491615355,5.897444122,6.547294424,7.151181456,7.521082694,7.025109947,6.856723827,6.981012711,6.334797483,7.33152359,7.972658979,6.798188805,7.003368283,6.555779694,6.600722648,6.000987334,6.587149834,6.981564254,7.460091566,7.126163852,7.483290117
13,15,0.003115883,0.001541886,0.003005079,0.001366033,0.001755665,0.002213946,0.001913526,0.002291127,0.003063619,0.003288962,0.006139091,0.002603905,0.004131571,0.003573798,0.004369408,0.00631025,0.010490961,0.011731411,0.004442135,0.004516553,0.008961027,0.007025772,0.046312853,0.063829506,0.016846544,0.025552391,0.021169996,0.025282137,0.106066892,0.239237314,0.223806577,0.18944909,0.174097353,0.223728215,0.212336369,0.145677654,0.166156054,0.198999308,0.183952218,0.314729435,0.408160831,0.351679254,0.186677691,0.179567332,0.174654432,0.247548667,0.034536759,0.028087364,0.044671553,0.035513616,0.032572243,0.036801918,0.032848799,0.029026292,0.029225239,0.039726205,0.039773845,0.053456125,0.024094732,0.030507382,0.079870796
13,16,0.006963053,0.010296436,0.012804022,0.04809635,0.053056384,0.085673171,0.098694318,0.097901127,0.074292183,0.09892378,0.102810807,0.098535652,0.131914276,0.288105123,0.311433626,0.384783865,0.492443245,0.541936018,0.548649303,0.626141958,0.621439332,0.649922197,0.710123804,0.600206906,0.492282132,0.55569199,0.504175912,0.430624969,0.498791743,0.617963318,0.561684534,0.625380323,0.642087949,0.63581087,0.603395081,0.659207694,0.697521785,0.673255566,0.697321958,0.796958209,0.766742411,0.742661802,0.494249384,0.50097782,0.432445849,0.499351311,0.4389189,0.459814534,0.464839538,0.548404683,0.621657325,0.532909674,0.611191752,0.503825574,0.425761307,0.456224881,0.489222115,0.483074864,0.505908509,0.478715097,0.540905778
14,1,0.651525931,0.598894838,0.60059862,0.590832945,0.563688331,0.530855163,0.548128299,0.513581445,0.496110519,0.483775047,0.467478334,0.437838622,0.582050428,0.57349889,0.579792273,1.005555231,0.582050168,1.028192699,0.709405587,0.762218475,0.457572762,0.457810786,0.444905897,0.405639224,0.397414641,0.375062619,0.38183772,0.363815785,0.347768992,0.440048019,0.402885804,0.425749944,0.41901689,0.485121204,0.37954689,0.324810131,0.483515959,0.75657132,0.760257752,0.905064662,0.930288985,1.183905391,1.043938644,1.115778676,1.233600374,1.648219136,2.055639043,2.39726368,2.324072179,2.027774911,1.987111618,1.816055017,2.923706489,4.245275039,3.400287243,1.936153713,4.113515013,4.983184785,4.123753833,2.376148609,1.773209835
14,2,,,,,,,,,,,,,,,,,,,,,,,1.37E-05,5.32E-06,,,,6.68E-05,2.36E-06,0.000614469,,,,,,,,,,,0.000318614,0.000353393,0.00021267,0.000342881,0.000342443,0.001780277,0.000322281,0.000227638,0.000317556,1.93E-08,0.000154477,1.06E-07,4.68E-05,4.80E-05,2.82E-06,,2.15E-05,0.000102222,0.00026449,,2.44E-05
14,3,0.10795978,0.119079818,0.130437066,0.145843066,0.155938922,0.158723119,0.170039607,0.175550548,0.181409398,0.200588836,0.199316023,0.210485826,0.246260258,0.224072975,0.224607231,0.239409537,0.257586946,1.394345621,1.465127101,1.374160755,0.264122403,0.27692269,0.269469214,0.275040395,0.25582698,0.297503371,0.323646866,0.29239948,0.295349835,0.335182431,0.341294359,0.309363352,0.401793327,0.388034718,0.33137771,0.318031738,0.387040383,0.412965438,0.449557713,0.483613883,0.446568519,0.521079242,0.488082794,0.423962678,0.410828688,0.508730646,0.498644175,0.52190151,0.494921602,0.783361476,0.754076339,0.659624276,0.570690841,0.625876563,0.350643013,0.398993624,0.582934507,0.718471403,0.594571713,0.379156949,0.362508832
14,4,,,,5.28E-05,7.82E-06,9.53E-05,2.67E-05,3.69E-05,9.31E-06,4.57E-05,3.44E-07,1.61E-06,9.74E-06,9.93E-06,5.44E-06,4.27E-05,4.91E-07,6.85E-05,0.000115334,0.000135309,,7.22E-06,5.60E-07,,2.11E-05,4.74E-06,4.21E-05,5.00E-05,5.40E-05,3.22E-05,0.002434715,0.002580634,0.00247363,0.00028867,0.002672779,0.000353933,0.000250262,3.85E-05,3.59E-05,0.000284751,0.00015345,9.32E-07,0.000151012,0.000203788,0.007965665,8.65E-06,1.23E-05,0.011595343,0.34174091,0.000274326,0.225599812,0.087602891,0.005225687,0.042954944,0.005024872,3.17E-05,0.000430085,0.001872196,0.002538421,0.003607194,0.003557846
14,5,0.098849703,0.094560686,0.092493363,0.090046525,0.086588066,0.081775255,0.082290684,0.077427976,0.076940581,0.075651248,0.07255126,0.06837632,0.201448459,0.061774963,0.060228088,0.057976352,0.056907332,0.055266576,0.052471969,0.052839626,0.053682456,0.047675384,0.046043895,0.044593879,0.052029798,0.040630743,0.046703879,0.038359458,0.03801256,0.052827187,0.068987334,0.048533751,0.047450421,0.045285221,0.048375683,0.049267161,0.051801246,0.061719768,0.048300404,0.052939943,0.052053435,0.049980939,0.063879522,0.059533325,0.07046826,0.069384802,0.079045842,0.068287222,0.207466136,0.178659899,0.218798818,0.1140871,0.183684978,0.244165548,0.151296244,0.21331059,0.267061163,0.448742039,0.425075896,0.15322708,0.127881645
14,6,0.011015593,0.002742652,0.005413181,0.004864463,0.009267427,0.002440705,0.013078986,0.013408184,0.009272542,0.003739074,0.007074535,0.008381724,0.171923025,0.007420851,0.065267048,0.066058383,0.028446594,0.107308996,0.032179675,0.003844622,0.010353023,0.009570592,0.010588899,0.018262437,0.015002357,0.018850492,0.041531384,0.009105921,0.031098245,0.050816354,0.046306244,0.039970991,0.073711433,0.080072779,0.065688485,0.915209815,1.201034419,2.149857382,2.084284817,1.989188145,1.714210529,2.316229644,2.199351897,2.237925343,2.272226672,2.767279802,2.854173585,3.846642065,3.106209232,3.651316468,3.610335652,2.985136998,1.924267957,1.90039636,1.054135577,1.013118251,1.110526923,1.643753404,1.098124136,0.598986703,0.538756871
14,7,0.204457434,0.177029514,0.165152668,0.160419714,0.165764663,0.132910289,0.125762421,0.122939318,0.096615286,0.096080213,0.168291729,0.160411421,0.524112539,0.14381269,0.146229136,0.205216347,0.219846607,0.220221582,0.221795474,0.19985297,0.249267791,0.295301691,0.255631042,0.33458318,0.349185824,0.286466394,0.346136634,0.324072013,0.32629143,0.332031633,0.388329216,0.335352288,0.392389433,0.41424007,0.433474134,0.566954794,0.952905146,1.244695879,1.318858417,1.549034517,1.355568938,2.05695569,2.067760627,1.676691263,1.274611306,1.883411241,2.243716779,2.540179868,1.755539788,3.052003089,2.351804767,1.801794865,1.721111189,1.65687639,0.922494944,1.030240683,1.590538325,2.240243888,1.495263505,0.7034721,0.595144756
14,8,0.001060545,0.00082851,0.0003263,0.00368916,0.003662511,0.001595617,0.004802357,0.005132073,0.007730962,0.005225426,0.004107331,0.005167826,0.675334014,0.002832804,0.008470861,0.007298468,0.021364674,0.027218828,0.03477635,0.005319781,0.008948617,0.005232283,0.005699114,0.014027893,0.020362948,0.015385812,0.111443447,0.013543645,0.018992224,0.012015557,0.015021191,0.015856358,0.019948999,0.013242195,0.016346278,0.040042387,0.044428031,0.059306742,0.030524688,0.047297376,0.04034711,0.005356679,0.005457862,0.005357098,0.007915257,0.009274331,0.105847971,0.015534729,0.34478117,0.320714111,0.02233279,0.02556441,0.014372215,0.01125936,0.012322936,0.012060277,0.018731555,0.030933311,0.011141092,0.028971722,0.015512363
14,9,0.028073888,0.000142683,7.64E-05,0.000133017,0.00023464,0.000103225,0.000227328,0.000213107,0.000290813,0.000134939,0.004602985,0.000203704,0.037260914,0.009408357,0.01065391,0.021345125,0.065242947,0.236287715,0.06839483,0.014060382,0.037554707,0.050565368,0.010344793,0.016568907,0.0180742,0.016464458,0.012806876,0.018453076,0.016686762,0.024862432,0.031530393,0.023155229,0.031801252,0.091943483,0.089509603,0.081434484,0.389093797,0.414415949,0.683621097,0.833944591,0.643678384,0.643187755,0.66019043,0.452598903,0.559853317,1.069847514,1.104106851,0.930597944,1.000071294,1.263048382,1.233275259,1.039661388,0.662373459,0.745102521,0.500988697,0.702025127,0.709159787,0.805874302,0.778199344,0.500937356,0.735358447
14,10,0.00425326,0.00141407,0.001073862,0.00469253,0.003335041,0.000271704,0.021793111,0.028801903,0.005227941,0.009278414,0.010968419,0.017203589,0.272121434,0.023089744,0.207349008,0.175023637,0.047708617,0.007061764,0.01494521,0.004083809,0.004076271,0.001405697,0.0011471,0.001146898,0.003636482,0.002957326,0.001255478,0.000721537,0.042459599,0.027034561,0.002208188,0.058184249,0.079102278,0.099503547,0.160120497,0.148449933,0.22833503,0.456613252,0.721637988,0.582223049,0.20595616,0.156344614,0.110220261,0.157632151,0.169508869,6.77E-05,0.001959461,0.010640625,0.264022174,0.004814274,0.234616905,0.084762085,0.004148909,0.05810635,0.003236843,0.009102388,0.000305552,0.000260432,0.000355883,0.000727883,0.008642904
14,11,0.008419357,0.018369513,0.026624587,0.03095722,0.016099121,0.030491015,0.053701441,0.053732338,0.052018271,0.08668216,0.079504723,0.084104872,0.177688197,0.203280835,0.336195103,0.341949593,0.343251175,5.045397754,5.612618471,5.162785429,0.254175125,0.266727668,0.221281746,0.192065805,0.13126176,0.154464069,0.320286312,0.172544949,0.341238532,0.360159874,0.093514896,0.125759384,0.270156375,0.201597932,0.172746196,0.131582865,0.262467409,0.397833572,0.577539612,0.471253565,0.353713611,0.342098694,0.384314577,0.273882008,0.421912298,0.380038006,0.326725661,0.186206877,0.465069788,0.660313712,0.86883456,0.764146812,0.464713732,0.465792982,0.177780728,0.295545104,0.585953234,1.04719904,1.07596626,0.438320668,0.364117348
14,12,0.002108599,0.057791906,0.061845751,0.059780449,0.058481783,0.057567651,0.061673941,0.058715868,0.04870966,0.059349963,0.055528263,0.055325248,0.279092994,0.079119222,0.081235699,0.119771173,0.125959362,1.470324562,1.652902452,1.598402241,0.12542454,0.165126374,0.146974829,0.141714089,0.123255816,0.14199525,0.21496748,0.140917622,0.14992332,0.182151228,0.139907692,0.131761403,0.175258019,0.162244711,0.156608124,0.188375168,0.26087143,0.433615817,0.524998676,0.661778717,0.662711951,1.224190246,1.682218803,1.794807975,2.3391333,2.779008444,3.355207487,3.684908662,3.547913904,2.314131914,2.006162023,1.624337835,1.544821498,1.677147437,1.667832872,1.937373159,1.604657807,1.408392024,1.150546782,0.980688875,1.04358771
14,13,0.000719817,0.000359964,0.000940217,0.001853086,0.001632582,0.000685001,0.000702572,0.000334081,0.000752079,0.000565557,0.000653116,0.000836993,0.076897103,0.000656799,0.001189543,0.001578957,0.003005999,0.002034218,0.003452746,0.001370566,0.002757521,0.002507637,0.002565077,0.004260184,0.005160589,0.004362063,0.003710761,0.001240951,0.001868507,0.002724407,0.003884776,0.003534394,0.005548377,0.00553408,0.005702375,0.279002865,0.352433828,0.680568892,0.636167032,0.655086599,0.566091383,0.747670561,0.71181753,0.696214994,0.65894665,0.786129333,0.764105515,1.148909949,1.011692579,1.123217334,1.111712712,0.775896515,0.54078346,0.555354652,0.202287438,0.234353125,0.399063548,0.614775665,0.366491918,0.134499166,0.099739632
14,14,0.021340403,0.01678234,0.022691773,0.02286718,0.021071313,0.012858671,0.051722321,0.052368535,0.049644855,0.051814819,0.048740644,0.039126821,0.230746216,0.048891234,0.309460974,0.279231314,0.416828458,0.254687208,0.38182456,0.237297631,0.085042958,0.042072314,0.044254384,0.057997605,0.080381737,0.061505354,0.202590825,0.049436047,0.767682484,0.5388985,0.063444396,0.127809317,0.207016555,0.155441757,0.28254608,0.269061818,0.571301163,1.092671522,1.404292099,1.192051561,0.529458244,0.533969986,0.396145207,0.456286266,0.512779495,0.180334129,0.265626925,0.156035665,0.29793998,0.300359909,0.346969429,0.280589496,0.179388306,0.197832496,0.055523712,0.107501475,0.352100254,0.277781805,0.280221895,0.144706045,0.129714169
14,15,0.181744576,0.147361786,0.161280047,0.185342861,0.190919206,0.188580697,0.219441448,0.247414983,0.260536491,0.291596928,0.34474199,0.296335075,0.346066381,0.34408358,0.36061997,0.449813382,0.54379102,1.198621388,0.499323372,0.303513938,0.457470164,0.466689508,0.514303763,0.527906724,0.666631676,0.647867116,0.633679622,0.736290207,0.843330667,1.02409244,1.059887914,0.98863158,1.181909475,1.331078109,1.252988003,1.169031995,1.517642748,1.449516549,1.737621385,1.689920133,1.739995578,1.601967714,1.687945207,1.573334372,1.629210345,1.73074014,1.726998894,1.598721722,1.648029456,1.713183788,1.652786674,1.596000801,1.354340891,1.452852498,1.267324505,1.645365801,1.562641591,1.595074923,1.537560124,1.344917578,1.321025073
14,16,0.704336873,0.685094939,0.700336566,0.663481277,0.709985855,0.686545571,0.710356377,0.686750955,0.700336628,0.69450219,0.672842974,0.637309636,0.920744205,0.660050169,0.682230123,0.696615915,0.717200238,1.462976296,1.25713988,1.189055221,0.696919391,0.717344923,0.715645519,0.691320771,0.685008721,0.657920604,0.745724357,0.702218578,0.700290147,0.763855207,0.777419893,0.805607248,0.971415465,0.998314128,0.910247297,1.073978294,1.217136342,1.390542463,1.334368574,1.495745774,1.362286293,1.448333767,1.417605094,1.342668124,1.330543175,1.309785353,1.315331976,1.43939839,1.471367597,1.429150236,0.714673674,0.547729761,1.10513282,1.328479806,1.325871254,1.302890659,1.057750122,1.108280866,0.953917851,0.96791649,0.860556264
15,1,0.028328852,0.035083768,0.028629279,0.034815561,0.030365584,0.02837358,0.023793196,0.024204499,0.017296162,0.017111074,0.020042527,0.021276601,0.030442052,0.026862968,0.045939483,0.071420192,0.05447372,0.162511686,0.066831455,0.060231807,0.033276421,0.037049828,0.039555543,0.040678311,0.030058611,0.035320081,0.0196345,0.027744239,0.031323388,0.038648148,0.026172777,0.042455015,0.037144028,0.042501422,0.037256567,0.029071183,0.03042068,0.07072527,0.040820396,0.105671257,0.056828518,0.071522464,0.053075968,0.074642722,0.239842965,0.082175415,0.080685886,0.233865412,0.079849563,0.047589222,0.034330965,0.167489962,0.237549992,0.175591862,0.154938888,0.087368335,0.135022627,0.135544825,0.533102547,0.133393592,0.034650931
15,2,,,,,,,,,,,,,,,,,,,,,,,0.000191689,6.05E-05,0.00022622,,,,,,,,,,,2.86E-06,5.99E-06,2.38E-06,1.69E-08,,,,,,,,,,,,0.000144219,6.63E-06,0.000396875,0.000337502,0.000611902,3.12E-05,0.000216944,8.40E-06,4.90E-05,0.000200333,0.000782712
15,3,0.701088486,0.772505703,0.70491747,0.87757238,0.937476619,1.008761103,0.956187408,1.259694779,1.000489345,1.136136715,1.172385629,1.250540666,1.394662808,1.72322617,1.759413068,1.889181815,1.961796895,1.549985573,1.693056889,1.77798547,2.321818462,2.172821609,2.387663003,2.421058948,2.123344961,1.994965146,2.245011741,2.172253958,1.967770566,1.798042241,1.705868752,1.615431229,1.376690333,1.235361988,1.099503315,1.04846674,1.122065463,0.915961733,0.962758424,0.835487814,0.822966538,0.66618821,0.753073195,0.700249928,0.535822281,0.623287251,0.432518,0.583100303,0.430723007,0.418398442,0.417296907,0.521694702,0.489010804,0.404766133,0.412959625,0.348480848,0.370301386,0.31005737,0.345812905,0.293610164,0.266904518
15,4,,,3.56E-06,1.06E-06,2.12E-06,1.00E-05,1.52E-06,8.30E-05,1.28E-05,4.64E-05,0.001478787,0.000115293,0.002845245,0.000401977,0.000109872,0.000122882,0.001398712,7.52E-05,9.51E-05,0.000348199,4.64E-05,2.74E-05,7.28E-05,4.83E-06,0.000136016,9.64E-06,4.46E-06,0.000240586,3.22E-05,1.63E-05,0.00065685,0.001296615,0.000234447,0.001345492,0.003092142,0.000895268,0.001045315,0.004150669,0.002301003,0.004446481,3.22E-06,7.43E-08,0.001113503,0.009720583,2.65E-06,0.000425928,0.000300426,0.000520209,0.000121039,4.08E-05,0.000158134,0.000398262,6.86E-05,0.000192636,0.000125157,0.000191536,1.80E-05,1.67E-06,0.000919552,3.90E-05,0.000131967
15,5,0.079639343,0.0784271,0.077286998,0.08106337,0.075965009,0.07138642,0.073548203,0.070601907,0.071649547,0.094227545,0.098550149,0.096297959,0.096854922,0.100460279,0.093629228,0.092778501,0.089456667,0.078781552,0.085777057,0.084631408,0.085027243,0.072156895,0.075592506,0.092688326,0.074402869,0.075771386,0.060773943,0.056972733,0.052924122,0.054621412,0.055813367,0.028599678,0.035473906,0.033614558,0.039847041,0.041883167,0.046326915,0.046621686,0.048852121,0.057436235,0.064656979,0.060656679,0.063602484,0.060458317,0.048607948,0.060096048,0.051169849,0.056302933,0.05112167,0.055155384,0.059634629,0.084742263,0.071350276,0.083340661,0.08893348,0.077137511,0.086079671,0.105997121,0.108006811,0.087863595,0.090084194
15,6,0.041731218,0.041490683,0.043231942,0.045764322,0.042686947,0.040155206,0.04775125,0.043489785,0.044687516,0.060109252,0.06127138,0.06122589,0.065365541,0.071700082,0.08074525,0.078243242,0.070352318,0.09776507,0.078091188,0.068929365,0.063625269,0.055213687,0.059450594,0.071342553,0.059629789,0.058667304,0.05052543,0.049576454,0.045595313,0.043255553,0.046080981,0.041794676,0.060370712,0.04867669,0.051848604,0.050902025,0.058282215,0.064097631,0.064949283,0.079614672,0.075631721,0.070574885,0.066266089,0.075214418,0.062175184,0.088781026,0.076985532,0.198671778,0.075745815,0.080369721,0.110321132,0.782293306,0.851166444,0.511921644,0.696727929,0.541934018,2.349840397,3.23155039,3.387702366,1.793744288,1.490954234
15,7,0.039203219,0.037497688,0.030001835,0.035002766,0.029289838,0.025379729,0.018531867,0.022050432,0.023908711,0.019737638,0.030206873,0.032095917,0.033652786,0.027636304,0.030252557,0.035394395,0.034918517,0.045690877,0.051025043,0.038929707,0.042054479,0.052183863,0.059024415,0.069619158,0.051976518,0.06173871,0.049712896,0.052880858,0.069099323,0.06298228,0.064717675,0.091583227,0.125074822,0.103249072,0.106267924,0.096120717,0.094712107,0.104563293,0.094275618,0.100142371,0.109869679,0.109512684,0.084366008,0.102283917,0.103807027,0.093078207,0.133302675,0.474006525,0.107797907,0.101632749,0.084237162,0.41194677,0.531545602,0.119685781,0.103116031,0.144888263,0.104727259,0.098655384,0.357094751,0.106465367,0.080788939
15,8,0.028180746,0.028469072,0.027916815,0.032786018,0.031833813,0.032920678,0.038913463,0.035964248,0.035846936,0.029997318,0.038181201,0.037603782,0.038040832,0.043413547,0.038996616,0.039283844,0.06434429,0.064034457,0.076952655,0.053439085,0.055518898,0.056151031,0.06129325,0.076585271,0.068135728,0.075347573,0.071986357,0.073496264,0.067095635,0.067847486,0.076651501,0.096798411,0.128361104,0.12730087,0.149520905,0.145714553,0.151920039,0.168230486,0.146096027,0.185937752,0.240458182,0.226326206,0.223196877,0.236757739,0.190919663,0.237566139,0.223941886,0.253479971,0.245123941,0.260144845,0.284760761,0.34726001,0.367379282,0.423667315,0.466771766,0.390302205,0.466644576,0.538816041,0.515642088,0.446007194,0.431479071
15,9,0.032989171,0.036686149,0.034985282,0.040999245,0.036668831,0.03595745,0.037084422,0.037282143,0.036542533,0.038027874,0.037956283,0.039503732,0.042713382,0.044855976,0.042650344,0.044801855,0.05045858,0.118449048,0.064672446,0.043195431,0.044412805,0.036889231,0.039995087,0.020766866,0.016879818,0.016807665,0.035041376,0.033588184,0.032732922,0.030302283,0.032656479,0.030463483,0.016643826,0.011411494,0.012795027,0.012418895,0.015284557,0.049156385,0.027008975,0.058112053,0.061131367,0.033992746,0.050756467,0.067894286,0.053225517,0.083980674,0.049011657,0.140116141,0.045382381,0.038243679,0.041045771,0.099559361,0.192889799,0.10207166,0.114300806,0.089761086,0.120929304,0.112582696,0.134135233,0.1365627,0.12817694
15,10,,,2.78E-06,,,1.34E-06,0.007228407,0.009359223,0.001464855,0.0034401,0.004396752,0.009963268,0.012292798,0.014288098,0.062765958,0.05819089,0.012821695,0.010695287,0.013027015,0.013140425,1.22E-05,0.000145262,2.03E-05,3.22E-05,9.54E-06,2.49E-07,1.02E-06,6.95E-05,0.00058711,2.22E-05,0.001308777,0.000710445,0.003687393,0.003637322,0.00882556,0.012305504,0.00054229,0.047916541,0.00096518,0.001925189,0.00031307,4.84E-06,0.06564374,0.090143362,1.90E-05,0.000374742,3.02E-05,0.000155522,0.000122496,6.07E-05,0.000409541,0.000882157,0.000208028,5.22E-05,0.00083452,0.00030111,0.0005415,1.44E-05,0.00056069,7.57E-06,5.83E-05
15,11,1.616450192,1.423253794,1.560935737,1.580889408,2.153537356,2.306482212,2.448360337,2.679117659,2.318133561,2.585412083,2.796589496,3.799786214,4.286436615,5.41267565,5.945996826,6.094093006,6.536320088,4.550268869,4.863238571,5.216426519,7.342691611,6.985405362,7.338497246,7.499298722,6.646166546,6.013723266,7.05024046,6.917851805,6.317321751,5.806811013,5.45052344,5.189457285,4.253070806,3.931258145,3.475325135,3.362528163,3.466112385,2.615543735,2.565098986,2.200344519,2.122057048,1.733347002,1.844733528,1.773896678,1.277650859,1.28022915,0.681154884,1.211472054,0.812970642,0.796885343,0.833634173,0.900206475,0.872463074,0.650324365,0.829853893,0.419539544,0.523879637,0.479727233,0.438159528,0.496615595,0.475117252
15,12,0.364324042,0.40090052,0.481995866,0.498749922,0.548106906,0.573570049,0.651306864,0.68493917,0.703989258,0.773648583,0.809528888,0.940348244,1.126568921,1.431983222,1.642377207,1.739276831,1.885976168,1.402511083,1.533330637,1.692942767,2.276050511,2.255602626,2.518883072,2.595907104,2.273674995,2.126509907,2.426915014,2.281229539,2.211327821,2.085707772,1.976968765,1.567710416,1.360008479,1.358125443,1.086014925,1.173832099,1.183529631,1.036404246,1.079013396,0.932091667,0.856954394,0.783070425,0.767081844,0.685674282,0.532925856,0.613805383,0.407475061,0.681574612,0.435381825,0.41914804,0.426972285,0.477386176,0.426753736,0.429650712,0.455937128,0.345472133,0.438224267,0.34129346,0.304749092,0.277818976,0.271215758
15,13,0.223021309,0.218044877,0.236769562,0.281759647,0.299319807,0.268425991,0.303406622,0.196474826,0.28108755,0.283454784,0.289444101,0.277548904,0.290065916,0.307146359,0.275854343,0.276378675,0.278099492,0.254687006,0.290090946,0.276443823,0.289701257,0.244490787,0.261700711,0.349664053,0.285375436,0.279978147,0.221027422,0.215552652,0.195768368,0.195878023,0.211826784,0.123844126,0.13793094,0.125153565,0.132879116,0.133952045,0.144900567,0.140004679,0.141610457,0.14703538,0.069248414,0.142032375,0.059718667,0.062587145,0.107708131,0.132758459,0.112677004,0.15826875,0.111878143,0.113245301,0.118784415,0.352554613,0.346315873,0.261179786,0.327281122,0.299715484,0.741119972,1.173849879,1.237707829,0.698484584,0.65287432
15,14,0.139635274,0.144553237,0.142712252,0.153100901,0.174718536,0.150922217,0.186118651,0.172356465,0.144168023,0.149135789,0.168226223,0.216608561,0.244882917,0.290546799,0.369757944,0.37308524,0.354975078,0.31151625,0.364942951,0.386794785,0.299936677,0.301061737,0.323064094,0.339592433,0.305369195,0.293263557,0.340828187,0.326698669,0.303407275,0.285988259,0.272845004,0.255669187,0.228535655,0.216390608,0.195703851,0.191376875,0.209253821,0.19044283,0.192377982,0.179237657,0.192831393,0.162919356,0.315145797,0.377967742,0.152222234,0.194538388,0.133183441,0.198467244,0.153171638,0.150125585,0.163847495,0.20965078,0.242718795,0.183032746,0.187243453,0.138091204,0.184820101,0.190616125,0.191151447,0.189127168,0.191999166
15,15,0.006434641,2.86E-05,2.02E-05,9.39E-05,0.000694296,0.000211373,9.27E-05,0.001287395,0.001435456,0.001516583,0.001670287,0.00105627,0.003671918,0.006854002,0.014762172,0.018985731,0.04311712,0.406478096,0.165985476,0.115356211,0.001157402,0.000797771,0.00067784,0.001097536,0.008673097,0.000161803,0.009614049,0.005760133,0.00382678,0.000746967,0.002407423,0.00261941,0.001423474,0.003494672,0.006833736,0.001093021,0.004054271,0.043996406,0.013896463,0.041357729,0.039800841,0.020560581,0.017461189,0.037841939,0.036389164,0.033265081,0.014417746,0.015364735,0.004714635,0.008882776,0.003060232,0.012808826,0.075232747,0.035401685,0.042041032,0.036056392,0.049783505,0.047601404,0.031734962,0.064682382,0.056934738
15,16,0.132805498,0.14915937,0.142490443,0.164260304,0.182920381,0.193099693,0.197276535,0.220646245,0.207472379,0.226370055,0.255461149,0.27968498,0.348092899,0.442018885,0.526861008,0.557057142,0.631416225,0.57216767,0.538027228,0.590397571,0.807270536,0.828259674,0.919661835,0.948070195,0.820136325,0.765653873,0.866358533,0.860553973,0.810004461,0.770712878,0.700401538,0.743330359,0.647502236,0.606254191,0.552658696,0.5367118,0.579638937,0.480796174,0.499424572,0.439653089,0.445489913,0.400943658,0.435588726,0.427333205,0.347419524,0.387407563,0.287116005,0.38757501,0.294347241,0.310430661,0.264514172,0.399716113,0.421562982,0.360643206,0.400526637,0.364014778,0.609145964,0.732441929,0.715166121,0.455715477,0.363592676
16,1,0.001605077,0.001677511,0.001465951,0.002189324,0.001868139,0.001462108,0.002190377,0.001461766,0.001558726,0.001512711,0.002600578,0.001803062,0.003621144,0.003044743,0.005801184,0.010251245,0.010792467,0.020402589,0.013325719,0.005114537,0.002334589,0.001261321,0.000931444,0.001887669,0.001792751,0.002140958,0.002421241,0.003432183,0.006078276,0.003306374,0.001685038,0.00173817,0.008018071,0.002558909,0.001611285,0.001165991,0.001455943,0.008042901,0.003741006,0.003682888,0.004186628,0.012176709,0.003690531,0.005960974,0.008648064,0.007622987,0.006382473,0.004865375,0.004405892,0.004067987,0.00489284,0.006672607,0.006764667,0.007578185,0.007335657,0.007259428,0.018856799,0.00975267,0.020554049,0.010446919,0.010602785
16,2,,,,,,,,,,,,,,,,,,,,,,0.000329866,,,7.35E-06,,,,,,,,,,,,,,,,,,,,,0.000221658,0.000173621,0.000284163,0.000200694,0.000187275,6.52E-05,0.000105133,4.69E-05,0.000433846,5.31E-07,0.000125113,7.26E-07,3.26E-05,5.54E-05,0.001466376,0.000548746
16,3,1.036446035,0.98783117,1.021988431,1.113581665,0.882705813,1.101361057,0.946220286,1.122923523,1.206864853,1.178603244,1.206508744,1.234417648,1.252417632,1.515867203,1.675917868,1.719888846,1.828537153,1.70299405,1.76571639,1.790569639,2.093395571,2.153182135,2.178850823,1.908526445,2.059526857,2.25986626,1.757445598,1.817769421,1.755183696,1.637033187,1.545897881,1.603667246,1.280137073,1.266753278,1.200894155,1.151418209,0.860663993,1.019235825,0.985985943,0.70609926,0.635721267,0.691602575,0.616294463,0.532937029,0.592080568,0.447238083,0.408274138,0.467197006,0.427201207,0.422836602,0.38228531,0.377934512,0.333171505,0.317811804,0.322529623,0.316231336,0.300389408,0.26217121,0.267712393,0.259670226,0.227954946
16,4,0.000549972,4.29E-06,,0.000161984,0.001794812,3.04E-06,1.34E-09,5.31E-06,,0.000109666,0.000121076,0.002706114,0.001113376,0.00013531,0.000129147,,1.01E-05,3.62E-05,0.000100779,2.96E-07,1.25E-05,6.78E-06,0.000261691,,9.08E-05,3.93E-05,,0.000233813,6.36E-05,0.000212098,6.77E-05,0.000610728,0.001002601,9.58E-06,0.000179056,0.00100438,,2.54E-06,0.000857624,0.00068955,0.005233674,0.000959414,0.001837202,0.002031986,0.001620181,0.000560524,0.006235462,0.002746459,0.002009036,0.001763717,0.001189036,0.008030596,0.00063968,0.007158383,0.00072498,0.005154296,0.002334082,0.003170388,0.006222545,0.001062788,0.006288748
16,5,0.108095695,0.118382196,0.116749624,0.118587451,0.115702047,0.114500442,0.121542395,0.11563642,0.122132268,0.097147722,0.103503186,0.095054687,0.091778556,0.094508259,0.094211308,0.091385053,0.090636932,0.09098609,0.087854791,0.086453852,0.074580025,0.076039094,0.071466993,0.076147756,0.079129809,0.079618215,0.053374011,0.050198799,0.053663064,0.049676509,0.048053372,0.026328452,0.030682052,0.032258381,0.037860079,0.0424122,0.033640468,0.048097483,0.045390735,0.04151777,0.047161767,0.057748587,0.044879031,0.041351963,0.047782733,0.040103767,0.042802552,0.044089362,0.048963648,0.055426553,0.053315513,0.057728137,0.051911761,0.060609845,0.063030986,0.058903756,0.06512149,0.082146711,0.091230346,0.076394408,0.075451243
16,6,0.060618102,0.070631961,0.069391801,0.069811845,0.069033173,0.07006958,0.07452856,0.072788035,0.079359659,0.063885585,0.066420863,0.062314861,0.067329584,0.069544457,0.096943631,0.092499355,0.073851229,0.082757611,0.076804326,0.072183659,0.057259892,0.060725348,0.058160997,0.060701986,0.064970258,0.064256966,0.051217557,0.046470484,0.049640315,0.04249047,0.040378962,0.042701485,0.057849568,0.050242485,0.05264485,0.056616513,0.045773331,0.06839496,0.063317372,0.051636355,0.054985232,0.07496326,0.051078475,0.053699576,0.062871523,0.051074133,0.059163338,0.053305351,0.058824962,0.0932103,0.06383714,0.387294268,0.606286358,0.430985927,0.739267469,0.588170053,0.732035421,0.697083467,0.841782075,0.763749605,0.792113083
16,7,0.028264762,0.025849094,0.027773079,0.02418649,0.01797187,0.020243102,0.022488783,0.019100123,0.025838092,0.01272,0.012482842,0.01380665,0.016974618,0.013210275,0.013478493,0.014988765,0.013591716,0.018935536,0.027541472,0.016528044,0.016431201,0.019177443,0.019042733,0.023122941,0.024413686,0.029148957,0.02722894,0.026179128,0.036598007,0.025349907,0.021088165,0.029581258,0.089810906,0.04161617,0.044735,0.04659033,0.036947148,0.049357374,0.051775103,0.041030751,0.041087646,0.063864743,0.032727952,0.031127329,0.034692369,0.026746105,0.037484978,0.028880601,0.032301928,0.111077719,0.031170819,0.03697742,0.02876531,0.037713149,0.036523176,0.03374518,0.044295686,0.046466742,0.052175383,0.043490833,0.047156922
16,8,0.026657965,0.03351846,0.03745356,0.039993879,0.035668326,0.033354357,0.043555895,0.03825,0.044298549,0.029928636,0.035144144,0.03551609,0.02925281,0.034047367,0.033812619,0.03295849,0.03853451,0.051150149,0.060734599,0.050933576,0.04978046,0.053085005,0.053821033,0.05827427,0.062400337,0.086881515,0.055183812,0.06688309,0.069848333,0.059513059,0.064367414,0.093618511,0.10882431,0.122212008,0.145663153,0.156896768,0.123393019,0.175848283,0.144816743,0.163313169,0.18194724,0.225504195,0.179141523,0.169949558,0.197910471,0.162859979,0.213456341,0.21589321,0.24537369,0.257881555,0.252089815,0.28908615,0.274771036,0.32574525,0.360281736,0.352891562,0.373246606,0.439922807,0.462476616,0.401088575,0.364863082
16,9,0.036214504,0.036750865,0.03774322,0.039527235,0.039153185,0.0411641,0.043117541,0.03577887,0.042526946,0.040442852,0.043226191,0.042155502,0.049201867,0.051724411,0.049662146,0.05150972,0.053628971,0.060692098,0.054960505,0.047985426,0.040949466,0.043811613,0.042078244,0.018867471,0.01932805,0.018197313,0.047780694,0.03196244,0.034923232,0.031954301,0.029750809,0.033806397,0.016731608,0.012675117,0.012940021,0.013394192,0.011034557,0.047095437,0.027896555,0.022421309,0.035514398,0.050299388,0.043796312,0.049225154,0.061976474,0.046328056,0.035524596,0.033421013,0.034822825,0.036961825,0.039031487,0.043149719,0.082513025,0.067247287,0.071547884,0.06060294,0.067196996,0.063571398,0.082591715,0.086170419,0.07836368
16,10,,,,,,5.48E-08,0.005784893,0.009046023,0.001580469,0.003569619,0.005638207,0.010271833,0.016980883,0.017114834,0.112550489,0.090840782,0.020596673,0.027527351,0.014449823,0.010375278,4.10E-06,3.97E-06,4.27E-06,0.00010565,1.76E-05,4.09E-05,0.004504285,0.002197097,0.004371261,0.000183159,6.64E-06,0.000237118,0.000672065,0.000801747,0.000295247,0.000665227,0.000773898,0.00041884,0.000556365,0.000657063,0.002212661,0.002145325,0.000545324,0.00060577,0.000488685,8.92E-05,0.001651059,0.000494314,0.000335415,0.000501345,0.000248491,0.001699815,0.000105651,0.001118261,0.000152636,0.001021014,0.000409054,0.001544844,0.001905526,0.00016322,0.001274535
16,11,1.701016168,1.57525661,1.484304206,1.538456776,2.053230359,2.161202633,2.209330183,2.454266245,2.248835948,2.582549822,2.583937718,3.535272339,3.326251001,4.264198334,5.201091466,5.130850737,5.594759677,4.943830078,5.009872816,4.988077717,6.591446119,6.544294736,6.44131456,5.707514181,6.088089039,6.942985039,5.108247322,5.593639217,5.289442687,5.100093168,4.925529762,4.942878171,3.782834133,3.830639507,3.735703352,3.613713616,2.559196827,2.688385249,2.588310223,1.896841868,1.602563819,1.682347401,1.452568452,1.245527583,1.327628487,0.873819542,0.638692077,1.019839602,0.810071297,0.79839879,0.73983599,0.707667496,0.632698568,0.477647288,0.602812758,0.342191334,0.356496873,0.333901193,0.359606219,0.379878454,0.3349934
16,12,0.376739653,0.520281361,0.5178652,0.546473112,0.53803223,0.561424786,0.649629362,0.669106858,0.732963567,0.776495244,0.762153018,0.882505506,0.89745227,1.1488774,1.444902076,1.481128876,1.623329808,1.505096897,1.564185114,1.635758291,2.040064956,2.122135036,2.213958973,1.982641311,2.100562329,2.433301815,1.759199546,1.84849179,1.857823263,1.831244273,1.777946975,1.485127122,1.208986607,1.321323617,1.154428226,1.250691279,0.870363274,1.06883241,1.069725142,0.775285166,0.637330933,0.747072679,0.59869214,0.483465021,0.533420514,0.4094036,0.349966125,0.459550591,0.398568301,0.393898451,0.365181972,0.379243621,0.301500661,0.292989664,0.30909087,0.236717605,0.310778775,0.244392994,0.239436031,0.23213893,0.224005378
16,13,0.292213947,0.242801592,0.244591735,0.335039514,0.243144906,0.320737245,0.306548796,0.361152677,0.312377546,0.302317672,0.319833337,0.290797321,0.295703764,0.309144704,0.304689421,0.290294044,0.305568042,0.313247683,0.313782821,0.302948648,0.26487488,0.282233659,0.267343391,0.307413949,0.331588065,0.297228015,0.212939094,0.203617259,0.219550314,0.200807715,0.192477185,0.135846104,0.141221429,0.144380321,0.146407488,0.153964595,0.120045243,0.166104389,0.149443872,0.123693091,0.053861382,0.157735052,0.049269884,0.047996223,0.121582457,0.097518013,0.109305528,0.102530051,0.111157158,0.115298034,0.108284225,0.211623269,0.257584443,0.218970852,0.32077781,0.306341887,0.248657686,0.385406371,0.442723385,0.404519723,0.430048635
16,14,0.151451122,0.159771337,0.141815804,0.156700654,0.14370556,0.152717237,0.159368036,0.18377396,0.148083024,0.150626755,0.163267907,0.208620741,0.208463406,0.235767219,0.403843983,0.380250457,0.393049969,0.529971195,0.384526948,0.336239632,0.269507757,0.283879426,0.284904899,0.259959185,0.283347722,0.337524153,0.24959118,0.26679951,0.259591755,0.252400223,0.243529796,0.244769622,0.202705464,0.209922347,0.207961655,0.205915693,0.155490048,0.192125266,0.193598484,0.147089424,0.144160003,0.165198061,0.147137049,0.136556331,0.16092173,0.129906003,0.124868229,0.147927021,0.147079507,0.148278598,0.143016292,0.161974346,0.161452431,0.135013124,0.134760125,0.114687514,0.132448176,0.142701093,0.160837199,0.154456914,0.146170944
16,15,0.000422708,0.002798274,2.08E-05,3.28E-05,0.000771599,0.000216797,0.001273765,0.000471494,0.000261428,0.000348111,0.006786791,0.00764979,0.00971934,0.010414,0.017735857,0.016911831,0.024394992,0.067391854,0.047053535,0.031511034,0.001166399,0.00171242,0.000344986,0.000860773,0.002169656,0.001105561,0.012161006,0.002344926,0.005536619,0.00182521,0.000718532,0.00109645,0.001983558,0.001026249,0.007066456,0.00292049,0.001189653,0.034960412,0.016161474,0.009865851,0.024792721,0.0371205,0.016582922,0.020277275,0.026139158,0.015969058,0.007897457,0.004506204,0.00266079,0.002405203,0.002553668,0.010277466,0.032154825,0.021357058,0.018663683,0.018058979,0.018072972,0.020518899,0.027584887,0.034158454,0.032151482
16,16,0.100006067,0.113374079,0.114110844,0.12526018,0.141066105,0.150659898,0.178297494,0.18173586,0.196111342,0.202198281,0.21079136,0.233396467,0.237423348,0.32640133,0.420912435,0.436359605,0.490090191,0.462954515,0.491631666,0.516343258,0.684179654,0.728235887,0.758509985,0.675738715,0.708999259,0.821508935,0.610344954,0.660673843,0.643275054,0.631551692,0.60081223,0.652285744,0.535380451,0.535952709,0.517647658,0.511066541,0.388479422,0.434430282,0.44175121,0.328741532,0.293618884,0.316457927,0.294305001,0.251577609,0.282609382,0.220639219,0.201880757,0.255885735,0.232277916,0.223070975,0.213643107,0.282766883,0.288741263,0.230112198,0.287850747,0.251045596,0.254841998,0.23937175,0.255723434,0.222560211,0.212706013
17,1,0.001404758,0.001733097,0.002774409,0.000756426,0.001331333,0.001316792,0.001193159,0.001571463,0.00167345,0.001729658,0.008892144,0.005859931,0.045616193,0.010695118,0.009432139,0.014492304,0.121660214,0.033724343,0.023010513,0.007091875,0.330800174,0.664932332,0.216029321,0.150456115,0.202473527,0.230048076,0.424902429,0.070246722,0.003004355,0.005341161,0.007555769,0.008196914,0.011903553,0.007465635,0.002885445,0.001944537,0.005103238,0.009227922,0.005507061,0.004374152,0.009054502,0.009634429,0.010273724,0.022403124,0.011791738,0.012068855,0.006006845,0.006203846,0.005926819,0.028163182,0.009675373,0.014717108,0.016287141,0.011330145,0.012227122,0.009097024,0.034891154,0.014378503,0.012387084,0.017495811,0.012799563
17,2,,,,,,,,,,,,,,,,,,,,,,,3.94E-09,,1.75E-08,,,,,,,,,,,,,,,,,,,,,5.93E-05,0.002738386,8.06E-05,6.88E-05,0.000146876,0.000156379,0.000651411,,0.000347089,0.000136226,0.000230964,1.76E-05,7.61E-05,0.000401992,4.84E-07,4.66E-05
17,3,0.827843446,0.853648664,0.979771233,0.951825946,1.210854775,1.022564801,1.396124469,1.085895764,1.319241716,1.37120114,1.46086403,1.370917314,1.565905414,1.709441018,1.807218605,2.066354095,2.144631775,1.9189949,1.86377654,2.023058915,2.504807149,2.616353219,2.688424159,2.651873013,2.744349561,2.57623409,2.91004635,2.399044059,2.242064023,2.025671136,1.857929883,1.63056017,1.649403285,1.527040906,1.268710504,1.10883528,1.08431472,1.075560603,0.78233738,0.918674389,0.809378751,0.761369574,0.663514084,0.653773976,0.651089205,0.720121423,0.695180591,0.786983017,0.669738136,0.640217991,0.623334287,0.537952335,0.526766012,0.525898837,0.584450092,0.677363882,0.689948736,0.641904033,0.593903919,0.596888291,0.704624881
17,4,1.45E-07,,,0.000676395,6.29E-08,3.22E-06,0.000949388,5.45E-06,0.002394555,0.001714378,0.01122793,,0.000266315,4.82E-05,,5.10E-06,,3.50E-06,,,0.000249642,0.0005576,8.91E-05,7.44E-05,8.98E-05,0.000296649,0.000655496,0.000736793,0.000512323,0.00066369,0.000175758,1.66E-05,0.000923443,1.00E-05,0.000181175,0.001240571,0.001801172,9.06E-06,0.000500841,0.001073153,7.43E-05,0.002614129,0.001110252,0.002108579,3.66E-05,0.000402337,0.000139148,6.96E-07,2.58E-05,0.00031192,0.005814951,0.014211948,0.000484927,0.001827596,0.005418433,0.000159245,0.002723081,0.000563925,0.0029344,0.001788217,0.006908943
17,5,0.091566519,0.089668689,0.089734542,0.091392854,0.096458792,0.095304829,0.097585284,0.097985249,0.093086549,0.102755256,0.123003751,0.11911671,0.144458851,0.105091103,0.104199723,0.106965827,0.139277654,0.107552684,0.099951497,0.095580098,0.108925696,0.124151541,0.196404845,0.172300171,0.193665056,0.208650161,0.298160332,0.110357465,0.062314037,0.064101823,0.065863967,0.031244961,0.044246378,0.045550006,0.047487054,0.061686128,0.073809991,0.083356834,0.043476181,0.064472288,0.070024449,0.079433973,0.062586347,0.071933745,0.062322974,0.065575131,0.065429704,0.064909351,0.065804563,0.075936242,0.07295779,0.067547485,0.068845784,0.0775466,0.080192534,0.074496946,0.090970785,0.112276703,0.113056494,0.115951055,0.115173151
17,6,0.069888712,0.081451452,0.072686395,0.086777048,0.078229464,0.098664601,0.08815268,0.085052106,0.081609881,0.093376287,0.105837858,0.085189966,0.147489847,0.105990327,0.120724943,0.117007398,0.166451998,0.116390931,0.110387297,0.101352299,0.156458405,0.230334985,0.424955597,0.343423498,0.430382661,0.440527562,0.678657146,0.199196963,0.077795244,0.070588449,0.0713584,0.064859189,0.0928802,0.082156983,0.063841625,0.066567136,0.067883412,0.081493744,0.063269183,0.115920969,0.123058201,0.126294978,0.140140807,0.164477694,0.139080125,0.190004368,0.096751557,0.090081391,0.101011274,0.12348058,0.127787017,0.635284383,0.678660357,0.763623642,0.573067589,0.781592147,0.870542257,1.057247547,0.788133305,0.900889942,1.217074678
17,7,0.139106404,0.133096901,0.114432123,0.111040276,0.148014682,0.128509762,0.153687205,0.085046681,0.131184273,0.25923124,0.258155407,0.277227802,0.373261478,0.273103622,0.303958185,0.331212689,0.538111165,0.429775696,0.459303971,0.391760533,0.464985244,0.534257745,0.597802439,0.67411343,0.675367683,0.715196722,0.711993705,0.748310342,0.681355478,0.696915832,0.775788865,0.811418266,0.897937717,0.917320457,0.91176072,0.933273279,0.898801937,1.018694521,1.034981621,1.137672413,1.205824001,1.325539246,1.336200081,1.516844403,1.514274881,1.527575905,1.548571924,0.544951232,0.536481601,1.323195669,0.555411786,0.538662524,0.762511602,0.809125676,0.547693501,0.761185106,0.820300121,0.459360081,0.479513277,0.496582007,0.50888559
17,8,0.066545623,0.056400114,0.064784919,0.057544399,0.058218592,0.059621336,0.069531962,0.051431751,0.057365409,0.068582261,0.136292072,0.106928395,0.264743897,0.142706139,0.135597482,0.157620209,0.434234864,0.23472239,0.253518281,0.19533181,0.170725372,0.243096188,0.149949435,0.176823379,0.166084154,0.17592519,0.176232387,0.216654048,0.112112036,0.114752537,0.143407094,0.171174792,0.181633508,0.214045615,0.196791204,0.276876437,0.27984419,0.391934913,0.188624366,0.274871031,0.300544657,0.388267774,0.301313755,0.38948237,0.30191587,0.31516884,0.394526424,0.39436289,0.403012193,0.446326965,0.445520857,0.419027491,0.483561045,0.565537919,0.556809892,0.523141823,0.590690571,0.697218315,0.632877524,0.651815654,0.613878894
17,9,0.040815642,0.038168151,0.043420999,0.039458403,0.045690532,0.043414342,0.046014138,0.050905262,0.052832954,0.058370679,0.06369605,0.057718847,0.078852591,0.074682276,0.080628219,0.079975105,0.097343251,0.098733682,0.091739243,0.088318023,0.24950652,0.170302411,0.285996212,0.207813037,0.261083751,0.288313193,0.488631886,0.154467481,0.087077656,0.100491139,0.087856106,0.086179551,0.075729708,0.075016709,0.067643394,0.070341501,0.076012107,0.114127612,0.103129049,0.098778711,0.101859596,0.105655927,0.159952218,0.151254153,0.132732145,0.151221392,0.136306753,0.12994949,0.130258912,0.143599986,0.140151363,0.141393823,0.167299119,0.1640482,0.161180449,0.150001213,0.159748796,0.155298783,0.164070067,0.176586275,0.167222533
17,10,,,2.75E-06,0.000319955,0.002578244,2.15E-05,0.017686028,0.022323209,0.003351659,0.008201452,0.028580878,0.031827398,0.113340363,0.049110266,0.100922703,0.07895859,0.122446965,0.025387641,0.023413692,0.008670057,0.001333126,0.001151048,0.001686301,0.006702344,0.001825429,0.002570526,0.00236083,0.001044294,0.000101683,0.001799443,0.003962607,0.000892766,0.001292416,0.002146244,0.00028511,0.00100629,0.00060499,0.001955731,0.000731439,0.000417826,0.000367349,0.000860113,0.002356455,0.008086794,0.000310811,0.001736608,1.83E-05,2.98E-06,8.65E-05,0.00190788,0.000980239,0.01255315,0.000898748,0.000659416,0.00099231,5.71E-05,0.001347513,0.0007594,0.00238366,0.003857258,0.001301697
17,11,1.669892379,1.706954358,1.770647086,1.83096448,2.442949294,2.538181629,2.700446546,3.079001072,2.706744475,3.310120023,3.590025572,4.219307782,4.592394785,5.117119419,5.680488799,6.532823321,6.916430066,5.711691798,5.462895768,5.908970777,7.869394024,8.050081024,7.230953521,7.575415375,7.74203301,6.952618098,7.532645112,7.1317768,6.983152421,6.287361589,5.830407307,5.034368326,4.848254545,4.580591213,3.972511575,3.440047506,3.248802098,3.052529507,2.000846158,2.40380763,1.987019963,1.891216139,1.49579474,1.529470516,1.344295801,1.150195998,0.870604102,1.357498923,1.012539273,1.016095953,0.981088175,0.799781914,0.778906823,0.601381549,0.768016138,0.441654578,0.484237663,0.469558675,0.457587372,0.561772348,0.503476707
17,12,0.413145524,0.526648216,0.579293663,0.606732369,0.613325108,0.592479915,0.736254208,0.821911769,0.829032527,0.967830681,1.042605434,1.072992608,1.293509905,1.436115343,1.654053363,1.938068172,2.117061421,1.836863942,1.794071568,1.987397946,2.850936225,3.154178612,2.809092117,2.854458036,2.960361234,2.797935882,3.198529844,2.489282855,2.454254616,2.276688542,2.127963499,1.529313056,1.568945057,1.618261344,1.233827622,1.203880079,1.123203379,1.209954594,0.838974965,1.000733581,0.816667333,0.860003499,0.631616191,0.616391426,0.592053126,0.626827901,0.581549348,0.739570439,0.603485481,0.580653636,0.599063522,0.546670762,0.484568961,0.455929162,0.503429663,0.409761361,0.526140613,0.464567838,0.43236988,0.554735344,0.540570046
17,13,0.433560886,0.504151692,0.530831288,0.429253132,0.494820091,0.468776401,0.461460902,0.481485005,0.4692401,0.493669619,0.561952729,0.412000991,0.485675745,0.461727093,0.444228665,0.447536049,0.51359399,0.476754244,0.455888521,0.450509573,0.449921024,0.462367908,0.459714578,0.516333422,0.496209211,0.480428206,0.444835235,0.390408339,0.353306017,0.359834933,0.356826784,0.255058968,0.274631712,0.266800498,0.236871641,0.25580573,0.249784755,0.259940857,0.209469986,0.250140884,0.168333458,0.269866743,0.174072828,0.209826649,0.354294059,0.708331911,0.805046805,0.769337172,0.665919196,0.66050497,0.649866882,0.783093508,0.730428467,0.635378034,0.642621165,0.627477415,0.550089612,1.298848586,1.148607721,2.905461534,2.181376603
17,14,0.146682914,0.157308497,0.16942446,0.160636359,0.175433824,0.178744504,0.197007102,0.219771858,0.194585275,0.22690827,0.266798395,0.28382198,0.389573503,0.35816082,0.447971873,0.461561635,0.565496411,0.398516393,0.405401498,0.382423419,0.37806047,0.406702627,0.610191602,0.609148727,0.672779527,0.632183498,0.744745487,0.54787159,0.396614763,0.338185862,0.330845706,0.292716364,0.317925108,0.297063789,0.253223324,0.304492467,0.30555222,0.339557026,0.197622535,0.228733614,0.212879915,0.261070413,0.241783087,0.279291094,0.220186258,0.233837451,0.171719421,0.201174612,0.187937269,0.19557844,0.188615625,0.18050034,0.202384713,0.162959805,0.232459803,0.218871424,0.265728071,0.308928246,0.27395428,0.288383707,0.238486048
17,15,0.06149535,0.062740413,0.077985428,0.092169908,0.104535557,0.099881567,0.123185457,0.179624092,0.074941482,0.143554455,0.236758963,0.225270094,0.300792161,0.352467928,0.286854302,0.324389733,0.365754564,0.412971565,0.422322013,0.404689732,0.580292738,0.76936255,0.521643568,0.45703247,0.49542532,0.515662781,0.571058804,0.404457254,0.31536641,0.324562352,0.308176868,0.295279025,0.27463493,0.286701517,0.282297089,0.259264873,0.261657271,0.293692532,0.274800951,0.224589429,0.227971583,0.208041762,0.232336859,0.22482682,0.20804942,0.214607632,0.189742217,0.025198975,0.023831346,0.176223301,0.026727336,0.026769474,0.129027586,0.116951681,0.040320291,0.161057098,0.1436941,0.034486789,0.032483359,0.043259128,0.172386403
17,16,0.1454337,0.174791456,0.192071933,0.184318043,0.20700612,0.224565509,0.255591624,0.27677146,0.271638023,0.347812219,0.425535609,0.399936701,0.539894709,0.566957671,0.617818253,0.732445331,0.882630898,0.754073504,0.764164443,0.824395602,1.078048101,1.205468384,1.152810111,1.193549096,1.200147648,1.12736987,1.214545222,1.144035147,1.064365887,1.006283002,0.949338781,0.916480982,0.937310142,0.903070012,0.800325992,0.756625997,0.786732047,0.802871715,0.612258416,0.687985361,0.650709649,0.664662809,0.598456167,0.639072095,0.625418611,0.582220733,0.594723565,1.077963153,0.814157859,0.59316964,0.762483902,0.773427902,0.610580901,0.557158895,0.658956289,0.520713712,0.513501921,0.681687928,0.635393341,0.595019593,0.534517137
18,1,4.515267903,3.660607546,3.685390246,3.347182003,3.633655114,2.275426359,2.79035264,2.890561708,4.078197178,2.855337347,0.349906428,0.276544276,0.399831041,0.344978696,0.284313869,0.413090767,0.20642344,0.279511309,0.411705885,0.604697827,0.241736793,0.192305208,0.071070832,0.070285008,0.081316003,0.110956528,0.110728767,0.094748216,0.093117273,0.094806304,0.204028202,0.138503901,0.75429163,0.169108143,0.160919131,0.204000022,0.098759929,0.148687761,0.188384107,0.553472103,0.476761418,0.363090321,0.591623095,0.630637944,1.846831779,1.872964382,1.837763097,1.939527291,2.18791516,1.858868784,3.041053322,2.675594787,2.493856793,2.842809565,2.479928185,2.601628522,2.738716228,2.570106902,2.777365244,2.651687093,2.275900888
18,2,,,,,,,,,,,,,,,,,,,,,,,,,,,,,,,,,,,,,,,,,,,,4.65E-08,,0.00218686,0.002000905,0.001741827,0.001474088,,8.92E-06,5.01E-05,4.35E-06,4.38E-06,2.00E-06,6.17E-06,8.34E-08,1.73E-05,1.42E-06,2.40E-05,
18,3,2.483074852,2.038053151,2.509354565,1.929150972,2.295106296,2.026128061,2.152101481,2.17293221,2.578002921,2.600115329,0.182272803,0.089884148,0.180752324,0.122652825,0.090960426,0.11293268,0.127176771,0.141395183,0.206452404,1.000010746,0.54072845,0.150515237,0.106119809,0.096791655,0.107506603,0.107444538,0.094488993,0.077854116,0.066156911,0.059077113,0.060223523,0.054478338,0.092565473,0.063156282,0.062318249,0.056113718,0.047874385,0.049641762,0.052275636,0.038988915,0.042341871,0.038923826,0.021937034,0.031440603,0.349942277,0.356138368,0.330347191,0.27247691,0.283158761,0.216944402,0.233664147,0.196169315,0.180260627,0.237792267,0.234583145,0.161344956,0.207893795,0.146228586,0.217691657,0.393389323,0.021018018
18,4,,,,,,2.02E-07,2.24E-10,1.27E-05,1.10E-05,7.81E-10,,,6.70E-05,,,,,,,,4.20E-06,5.08E-05,2.15E-06,6.23E-06,4.35E-07,,,,3.53E-06,,5.96E-05,,,,,1.86E-05,2.31E-05,,,3.27E-05,3.70E-06,,,6.11E-11,,0.00022576,1.79E-06,2.03E-06,1.87E-06,5.24E-07,1.07E-06,,4.88E-08,,3.03E-08,5.07E-08,4.61E-05,0.000809238,9.28E-06,4.44E-07,1.60E-06
18,5,2.035947434,1.93795782,1.865527396,1.700501474,1.644383771,1.305805478,1.297520008,1.227520925,1.641524434,1.384581085,0.115487534,0.11784518,0.092619915,0.116546647,0.125774581,0.148906748,0.124441415,0.141688462,0.137559966,0.453784299,0.227062259,0.16243255,0.186373001,0.211592324,0.241859986,0.210141862,0.18017866,0.202803062,0.199991968,0.2459915,0.286722332,0.368444818,0.898410358,0.305562325,0.273884532,0.253118895,0.271930584,0.289112353,0.320266987,0.286987399,0.284396903,0.25806663,0.116804591,0.212746084,0.424971955,0.34339142,0.444080404,0.352594742,0.25124225,0.25795349,0.298794901,0.264979037,0.314392289,0.473946229,0.340163064,0.290903385,0.419110145,0.323025978,0.518730897,0.518538922,0.247943199
18,6,3.717655146,3.566188779,3.811878099,3.362077458,3.350833639,3.336161884,3.357570078,2.954376297,3.643653099,3.881737073,0.281640556,0.167729366,0.246095124,0.138573208,0.13385368,0.152035192,0.202309703,0.213639086,0.471891844,1.6016863,0.598648242,0.327255458,0.260619123,0.240652497,0.276032742,0.252453916,0.226588669,0.201340106,0.183267171,0.155763093,0.18571961,0.226933949,0.548548571,0.204189869,0.193906169,0.196088442,0.184233153,0.172262933,0.213915283,0.181772181,0.165374461,0.157758918,0.104022442,0.159420007,0.570670651,0.617630919,0.582569675,0.501505926,0.37035021,0.379875388,0.420069306,0.375297835,0.353826697,0.544529093,0.436413902,0.358056599,0.454861318,0.444953321,0.666125847,0.495697047,0.236446642
18,7,2.753062044,2.506359956,4.632902731,3.404402447,3.601438011,4.287345645,3.162304103,3.127699959,3.66660561,3.680752092,4.131001425,3.6266423,3.600566947,4.144942288,4.035708106,3.851295978,3.201505789,2.635882712,2.399384993,1.59263109,0.99226663,1.377719807,0.522865185,0.303744117,0.357277139,0.947350607,0.858124432,1.062096749,0.232017521,0.366380834,0.372220745,0.254641868,0.054134071,0.126302361,0.158152822,0.259457616,0.229469756,0.08672739,0.120376929,0.171051329,0.159623157,0.302105474,0.079361651,0.152675851,0.019558242,0.012834148,0.009052018,0.005849283,0.006701726,0.002858645,0.632615992,0.026142966,0.012828035,0.019077331,0.007381042,0.008854868,0.033654906,0.014468302,0.006680325,0.019874391,0.00506718
18,8,,1.96E-06,1.41E-06,1.54E-06,0.0003306,0.00292717,3.39E-06,8.80E-06,0.000471385,1.33E-06,3.18E-07,8.43E-05,1.96E-05,1.15E-05,2.57E-05,0.000173173,0.118676387,0.119250274,0.11801297,0.120726795,0.116951955,0.10816108,0.101730216,4.11E-06,1.16E-06,0.006144223,0.001459667,0.008031292,0.015266814,0.006417914,5.48E-05,7.06E-08,7.51E-05,8.26E-05,0.003236596,8.54E-05,9.50E-05,0.000239267,0.141749465,0.141074233,0.133691476,0.130518142,0.025059544,0.054620959,0.0190254,2.76E-05,0.000174669,4.32E-05,0.00014942,0.000201426,0.010433959,0.009237142,0.002103201,0.003032175,0.002762544,0.038761303,0.023747854,0.015601969,0.014870859,0.021419477,0.017918215
18,9,1.939769847,1.541239517,2.225839549,1.649393405,1.970666721,2.236234595,2.132183432,2.094022238,1.722030957,1.986476524,0.760521801,0.546296236,1.143896383,0.647450391,0.563586799,0.598536724,0.596187463,0.646388667,1.175742577,0.910446189,0.502705297,0.503692094,0.239092148,0.190450932,0.228638901,0.202307541,0.163859614,0.048175088,0.027411792,0.040038019,0.008747356,0.006088811,0.007517622,0.037089178,0.01736549,0.010012352,0.006291876,0.026800155,0.039791676,0.028261065,0.01731594,0.010613602,0.007792304,0.007385414,0.482042788,0.50948559,0.554560947,0.418080771,0.339642649,0.342217088,0.360674631,0.296697885,0.284396914,0.365212453,0.345854896,0.24045562,0.249288442,0.172355745,0.280081158,0.193475468,0.015453434
18,10,0.00232051,0.000510944,0.001488871,0.002183496,0.001721854,5.415144644,5.911372031,6.29771173,0.000317326,7.459895182,0.106857354,0.183822949,0.181523006,0.191720956,0.170582713,0.291559067,0.280535195,0.435282367,0.331533241,0.301188504,0.25605557,0.152445526,2.88E-08,6.91E-07,5.59E-09,0.2648997,0.336296841,0.404697258,0.377064469,0.001900541,9.18E-07,0.342071206,1.350142342,0.21535225,0.197580715,0.000149942,5.79E-05,0.272512245,0.259524339,0.000876481,0.027610427,0.002502511,0.025859159,0.007858613,0.015728774,0.000872453,5.34E-06,7.76E-07,2.19E-06,6.09E-08,0.000955591,0.001106371,0.000283781,0.00094716,0.002429883,0.000567075,0.02221753,0.010212691,0.003554528,0.001096707,0.000597566
18,11,0.012704232,0.01036771,0.009725519,0.009995904,0.008773312,1.471184204,1.478485549,1.815742982,0.007446539,1.54436896,0.035442058,0.072121196,0.065860471,0.066614827,0.065358456,0.07957136,0.055181984,0.084449563,0.160815042,0.11850604,0.078825486,0.162503853,0.105769059,0.011807673,0.022739431,0.082148064,0.095281561,0.089102135,0.091135898,0.003272676,0.003164027,0.175117035,0.936813279,0.155779199,0.131409381,0.002607433,0.00249943,0.127956343,0.206037687,0.054541998,0.060765068,0.050397324,0.032531746,0.042611812,0.008886789,0.019671122,0.078726915,0.011981614,0.001000593,0.001488163,0.001859672,0.002626751,0.001046863,0.001313749,0.006704313,0.032818136,0.025970027,0.015365657,0.01358874,0.021376281,0.016247444
18,12,0.398396758,0.371939497,0.434870915,0.251678736,0.244347502,0.241399305,0.246522498,0.237310492,0.25538925,0.268046775,0.083289766,0.069507121,0.157761858,0.085483136,0.062996683,0.071022337,0.082915612,0.077641138,0.097242885,0.128364198,0.077996811,0.074705754,0.037427541,0.037907509,0.040130774,0.050175907,0.044991689,0.046030379,0.020257481,0.016628342,0.014988664,0.100078301,0.51813567,0.046827768,0.085016094,0.012737346,0.011999911,0.084800221,0.108917148,0.010739467,0.011331865,0.011552888,0.006934549,0.010541144,0.533606876,0.677752363,0.595807652,0.554738047,0.96209693,0.3645674,0.441024442,0.37227902,0.342674192,2.090958147,0.423183155,0.305493312,1.334817305,0.215754117,1.511685329,1.256242943,1.253729368
18,13,0.299648815,0.280345142,0.317120797,0.110495283,0.160839068,0.240445908,0.171979616,0.15331976,0.09950277,0.127019942,0.063784664,0.05622786,0.057223961,0.05376903,0.052115005,0.058393025,0.049499093,0.049510235,0.266530428,0.265634657,0.263969171,0.255396346,0.246677147,0.241021145,0.272134373,0.26148494,0.257477635,0.256106887,0.249974435,0.209656341,0.235884793,0.208045058,0.480619564,0.223917922,0.23211618,0.203079796,0.192086008,0.203357998,0.22535897,0.159111443,0.150863169,0.144725678,0.095221052,0.134942856,0.212934704,0.255534147,0.164367119,0.131484088,0.12526693,0.134944517,0.150847231,0.062182514,0.051495671,0.319213072,0.071428051,0.039518024,0.343364615,0.146985313,0.321803035,0.331740263,0.042614533
18,14,0.390286319,0.298076603,0.604466181,0.503516122,0.525150341,0.633071918,0.490289679,0.546342841,0.404473974,0.48671634,0.430585375,0.515681087,0.512387676,0.446387271,0.484287367,0.473272432,0.347161284,0.282659175,0.384516065,0.314443235,0.182563711,0.193164936,0.091506483,0.072232313,0.068531663,0.113796627,0.097024847,0.085859645,0.063439864,0.076011773,0.048785127,0.077761127,0.061307087,0.068922197,0.060485354,0.048887019,0.050573781,0.081889084,0.099782142,0.077630256,0.128145025,0.087706535,0.079076605,0.068423477,0.208262061,0.168203184,0.188150834,0.140869788,0.123999837,0.118141291,0.21173376,0.121528933,0.116365245,0.313271177,0.132139108,0.07912921,0.531382463,0.063221269,0.508167377,0.525542031,0.05878969
18,15,2.244355323,1.761800194,2.282074065,1.818241453,2.050251215,2.158665422,2.837833047,2.506190699,1.977163358,2.644621065,1.030128308,0.574737211,0.808750713,0.570482984,0.493316595,0.541336342,0.547664018,0.656089127,1.132355278,0.986041397,0.541798693,0.607863804,0.227524661,0.203650338,0.286317912,0.291241942,0.216198974,0.056989705,0.034116593,0.052380281,0.016866224,0.035973047,0.15176214,0.036533542,0.014730048,0.010659807,0.006632122,0.013911051,0.023174139,0.032000687,0.046105051,0.028803064,0.060322965,0.062477909,0.264358763,0.304576761,0.312554495,0.3151013,0.316925513,0.291257235,0.450315877,0.461584734,0.33239503,0.423985884,0.464724881,0.38605242,0.507213907,0.225851911,0.308733225,0.234487017,0.170435366
18,16,1.383633125,1.17489673,4.363814418,3.852253329,3.898737379,4.102449877,3.985678416,3.907835183,2.716788971,2.60945681,2.028626393,1.435069305,1.544416695,1.096675882,1.39642625,0.863774155,0.765760228,0.723130821,0.692402288,0.957490428,0.719197662,0.698618866,0.530660915,0.437697541,0.45887836,0.34690974,0.34827033,0.286259776,0.273093804,0.234600118,0.187118004,0.182636447,0.196029313,0.300236245,0.261407688,0.357198577,0.25306787,0.233556117,0.334288743,0.352416124,0.327974107,0.322409059,0.131567514,0.249240289,0.285261912,0.249615131,0.18722348,0.218477385,0.22985884,0.178977793,0.483699727,0.336573122,0.407144083,0.340568022,0.241126982,0.317215938,0.165828667,0.118603839,0.160108116,0.215724583,0.430943624
19,1,1.644673787,0.964590574,0.99582527,0.799478688,0.940346558,0.99307687,1.249184802,0.946623903,0.214248705,0.296286584,0.228246555,0.324629565,0.318080232,0.489008257,0.269776272,0.437279667,0.224441459,0.312121216,0.350531757,0.196719639,0.2045101,0.201347983,0.248836102,0.256201363,0.235432224,0.218971884,0.267613243,0.084664227,0.076438215,0.077661396,0.097908936,0.071922227,0.072768485,0.045732291,0.019602907,0.023538044,0.028945912,0.051199219,0.033972763,0.058646191,0.070968016,0.112678836,0.196250824,0.081861228,0.111016711,0.069443493,0.067943995,0.044107289,0.059257559,0.060525893,0.059802972,0.050090493,0.082904625,0.083405683,0.081168364,0.040466694,0.04477358,0.187795147,0.113498808,0.092867635,0.04699406
19,2,,,,,,,,,,,,,,,,,,,,,,,,,,,,,,,,,3.33E-06,,1.21E-06,5.32E-09,3.85E-08,1.87E-05,1.32E-08,,,,,,,2.32E-07,3.45E-07,4.20E-08,2.54E-07,,,,,,,,,,,,
19,3,2.582711631,1.607861468,2.32897094,2.086461829,2.36592556,1.969465404,1.884709468,2.273177955,0.066676355,0.083554842,0.065602014,0.06801922,0.071314986,0.101503035,0.041608038,0.030384464,0.038279338,0.058107105,0.039004163,0.053630128,0.062726415,0.059785781,0.049854258,0.042010625,0.027387275,0.031430498,0.046005825,0.035156701,0.024189605,0.018990135,0.019069202,0.020777979,0.025540822,0.014385297,0.009343562,0.011341746,0.009661542,0.018722494,0.011056911,0.010845095,0.011547467,0.014743939,0.021173178,0.012004306,0.015283297,0.008892496,0.026046467,0.024787359,0.027499741,0.022851541,0.028465949,0.030787509,0.014883403,0.022170948,0.009379902,0.011498721,0.005987479,0.011300878,0.010549101,0.009216956,0.004873069
19,4,0.000292378,2.66E-05,0.000123914,0.00033933,0.00014804,5.70E-06,,3.38E-07,,,0.000312644,1.12E-06,,4.30E-06,,9.10E-08,,9.81E-08,,,2.00E-10,9.94E-05,,1.43E-08,,6.15E-11,1.91E-09,2.88E-10,1.29E-05,3.61E-09,8.42E-08,1.84E-07,1.35E-10,1.22E-08,,,,,1.13E-06,,4.34E-07,9.73E-08,1.47E-07,3.72E-07,2.41E-07,4.86E-07,3.88E-07,5.43E-07,6.54E-07,6.58E-05,8.22E-05,5.40E-07,,,2.01E-08,3.80E-06,3.96E-05,0.00010475,0.000161158,9.82E-05,2.91E-05
19,5,0.433364716,0.399122123,0.541823009,0.540846149,0.550814625,0.518347754,0.475967778,0.473319867,0.022799575,0.02570536,0.02789445,0.024671238,0.015051104,0.017702486,0.018981359,0.00034689,0.020104783,0.019601599,0.019396361,0.019285566,0.01470295,0.01872635,0.020530628,0.025980665,0.026660911,0.026583653,0.063725276,0.047699372,0.062942773,0.039238064,0.003560902,0.022852727,0.0294308,0.025043305,0.032268486,0.061388044,0.045355209,0.084305852,0.038182481,0.035505621,0.049004941,0.053598067,0.048991311,0.046308961,0.055098535,0.090094935,0.080545068,0.098334708,0.103784843,0.065591471,0.082300597,0.098000412,0.054810303,0.074933014,0.004706573,0.044382664,0.012544256,0.008671758,0.042272401,0.019496353,0.010190922
19,6,1.847559127,1.601082205,2.222288048,2.196878847,2.260433145,2.052995097,1.968974254,1.864909622,0.041815152,0.041984867,0.03532532,0.038082931,0.037511583,0.056589481,0.026658672,0.016896449,0.028002893,0.039396002,0.043964053,0.046611131,0.050568545,0.075033366,0.05706556,0.05058891,0.026390674,0.0225769,0.038356802,0.026535424,0.026095579,0.030904134,0.01579792,0.021423662,0.029407126,0.023225444,0.014097978,0.022384066,0.01971706,0.049728356,0.027081885,0.027187057,0.029653301,0.033661677,0.045610492,0.032559045,0.038581534,0.036975436,0.054873385,0.059279361,0.061185274,0.051962105,0.063935461,0.071027997,0.025936145,0.053557584,0.017641583,0.025497856,0.01065472,0.013865199,0.0202707,0.015947127,0.01063815
19,7,2.505679986,1.994494389,3.264564027,2.310991108,1.991178951,2.398136346,1.92837715,1.700440976,0.075614073,0.765454459,1.134897233,1.271580843,0.044434794,0.04621783,0.0679037,0.059049768,0.099918817,0.045689444,0.047970386,0.170522999,0.04262298,0.050072552,0.766326453,0.569365775,0.731447261,0.642788339,0.332302112,0.409387324,0.678721142,0.094921809,0.399540595,0.839017564,0.436729863,0.529753643,0.404407275,0.541815937,1.620877449,2.021305489,1.269155327,0.602925019,0.356929133,0.136974159,0.423584608,0.476116053,0.478169792,0.256422793,0.66107063,0.660632342,0.49537016,0.376717717,0.017677743,0.231067549,0.216163051,0.315022591,0.159161985,1.128332937,0.495360048,0.151162254,0.112938037,0.12776614,0.134263865
19,8,,,9.23E-07,1.78E-06,2.34E-05,,1.10E-09,3.73E-07,3.45E-08,3.35E-07,3.35E-07,3.58E-07,5.85E-07,3.81E-07,2.73E-05,,0.021049847,0.019537132,0.020107265,0.01589027,0.01214548,0.012616687,0.016506287,,,0.001369938,5.83E-08,6.08E-06,2.80E-06,2.60E-08,3.95E-07,1.35E-08,4.92E-08,2.12E-05,7.56E-08,,,0.000126508,0.023283622,0.021362159,0.027149117,0.03045854,0.016948958,0.016180016,1.41E-06,,0.000193061,,,,,7.94E-08,1.46E-09,,7.70E-06,0.018151699,0.004201199,0.002592998,0.012914958,0.004931811,0.00259241
19,9,2.213021542,1.73514004,1.889266307,1.500942347,1.884969008,1.875488556,1.980574277,1.781653432,0.350496815,0.411307727,0.335316803,0.513223869,0.532826684,0.571800962,0.435982902,0.594815679,0.458371775,0.536816423,0.527953182,0.125166429,0.370967194,0.376379063,0.436143722,0.459206594,0.45000667,0.425995146,0.513484394,0.107115536,0.071188453,0.054502468,0.086411599,0.075467761,0.088083965,0.055574305,0.056722544,0.07102792,0.071885282,0.096219978,0.048983066,0.111165631,0.126532055,0.140668861,0.282722682,0.110530291,0.144625635,0.133377078,0.10277678,0.080151138,0.080169666,0.082575861,0.153127153,0.222555088,0.065172711,0.168149903,0.090072162,0.063913085,0.040760818,0.072454915,0.070440855,0.04510551,0.046284725
19,10,5.15E-06,1.53E-06,7.81E-06,1.65E-05,4.37E-06,0.00068075,2.29E-08,3.34E-09,7.87E-06,1.73E-06,2.16E-05,0.004269166,2.38E-06,1.96E-05,1.61E-05,0.000535877,7.58E-05,0.000274046,4.10E-05,0.000359857,4.41E-07,1.42E-06,,3.89E-06,4.80E-06,3.13E-05,0.000598073,0.000141273,2.43E-06,1.40E-09,1.02E-07,0.000114446,0.022512273,2.45E-05,2.01E-07,1.46E-05,2.28E-07,5.41E-05,0.001588904,3.54E-06,4.40E-07,1.03E-07,2.78E-08,1.40E-07,0.005845047,7.54E-08,3.53E-05,6.57E-08,6.88E-08,7.65E-06,8.46E-06,5.73E-08,,,9.73E-09,1.18E-05,,1.46E-08,,,4.71E-08
19,11,0.009931202,0.008824512,0.005378721,0.005292724,0.004369162,0.005201699,0.00606524,0.004096337,0.004026265,0.002915004,0.002082502,0.007145468,0.00275306,0.002102249,0.001966415,0.001128881,0.002058956,0.002568731,0.001698997,0.001462386,0.001289969,0.024147544,0.018264789,0.002093384,0.003315354,0.001136275,0.002141507,0.001664021,0.000443818,0.001343075,0.007596588,0.001891235,0.026309834,0.003167927,0.002828659,0.003246855,0.004465978,0.009399453,0.015687673,0.018870779,0.017784872,0.0251888,0.019721071,0.018163835,0.00992763,0.032070849,0.019491039,0.027814541,0.020954445,0.049657194,0.134041185,0.303199874,0.005362547,0.179146512,0.093735605,0.057473325,0.029266929,0.032931264,0.03229027,0.023237478,0.028765324
19,12,0.132323668,0.106107327,0.092699902,0.106551776,0.113839706,0.109295515,0.119013,0.108501696,0.022475307,0.045716645,0.037008128,0.039679643,0.042380189,0.042362106,0.027990199,0.022053968,0.023635635,0.025292474,0.02024546,0.00684366,0.017438143,0.018464376,0.023704553,0.022418298,0.017262872,0.014268144,0.019045197,0.003210321,0.002850776,0.003320005,0.006667179,0.003668547,0.014635979,0.002424094,0.002853971,0.003305682,0.006099153,0.007892002,0.0058626,0.006649119,0.00655177,0.008212665,0.01305547,0.006977995,0.015134041,0.009226481,0.013906985,0.014195731,0.018690077,0.020822105,0.023853254,0.026633818,0.019290725,0.018763026,0.005993522,0.009261722,0.004273579,0.005107028,0.008886824,0.009284571,0.004708198
19,13,0.420941888,0.286417421,0.203424936,0.081380957,0.117137178,0.122007185,0.13086689,0.107571841,0.040363553,0.041436302,0.023409532,0.023166226,0.021975368,0.019819369,0.014765055,0.004797102,0.013969338,0.015591648,0.049330335,0.037872283,0.032792333,0.031503839,0.043144299,0.041684298,0.004090244,0.004190824,0.005722556,0.001922486,0.001772576,0.032708595,0.009224664,0.032930782,0.037899774,0.023675772,0.003290306,0.007860263,0.002611902,0.052871421,0.027823373,0.025418452,0.031371584,0.034009351,0.065596301,0.038751183,0.038896196,0.003588774,0.076792743,0.074583083,0.075623683,0.063877384,0.053428085,0.007759083,0.005920566,0.010256112,0.001278659,0.003997174,0.002776364,0.020749751,0.005332911,0.00384585,0.003779493
19,14,0.373620776,0.245225914,0.457574462,0.375502421,0.39311158,0.389220716,0.35232374,0.366605276,0.015785583,0.050774493,0.080167643,0.138219952,0.009811693,0.008988343,0.011342841,0.007418897,0.012881266,0.01045323,0.009074943,0.01967462,0.007998882,0.026740995,0.057315345,0.04169009,0.063085312,0.056327775,0.059033799,0.057227813,0.046152346,0.015962856,0.047311115,0.070015785,0.040437055,0.047507638,0.033158323,0.053383581,0.146025515,0.19004038,0.121023894,0.06670757,0.049758554,0.030670055,0.059184296,0.05946625,0.077984467,0.06475017,0.097169176,0.106187017,0.082228699,0.073188671,0.061240575,0.12691418,0.041447815,0.104715754,0.040212711,0.11296469,0.052300022,0.026401708,0.029544631,0.025426706,0.025365668
19,15,2.329004578,1.553995893,1.671986784,1.434491671,1.686116025,1.546818333,2.124052342,1.683721481,0.279625268,0.465614271,0.392584553,0.404479872,0.448023374,0.692357289,0.279579293,0.352933887,0.257176162,0.394275619,0.352989138,0.262007593,0.311432782,0.396660552,0.316134424,0.276826859,0.292768087,0.274465793,0.334710697,0.200395082,0.137792449,0.1102467,0.156334477,0.112007972,0.11407244,0.087641755,0.054986527,0.067089003,0.065607495,0.069265604,0.041682103,0.061147132,0.061750283,0.072226285,0.113720803,0.051926131,0.060039207,0.058839004,0.056958893,0.04468854,0.044236753,0.050413214,0.091538425,0.137818914,0.036571421,0.107491399,0.060469947,0.042934338,0.034829299,0.061053287,0.047623576,0.038323567,0.035827856
19,16,1.917632529,1.938727199,6.086028488,6.30480624,5.806250697,5.620097072,5.347500983,5.187145163,1.482799351,1.312910859,1.760423144,1.523879413,1.240834831,1.582766671,1.233919067,1.115897515,1.46165797,1.329429045,2.435648338,2.867165781,3.206862896,3.134287511,1.626393592,2.739889183,2.286807367,2.911950018,4.286980019,2.237761429,2.227507256,1.862400525,1.995994386,1.448105753,1.592738265,1.607706215,0.620388086,0.944852712,0.428984083,0.50533344,0.730782355,0.483159409,0.462434911,0.733324379,0.723293356,0.811403084,0.696592332,0.383297191,0.528176402,0.46346693,0.258087119,0.241771316,0.271715811,0.360366586,0.397100035,0.359022518,0.145539298,0.196582182,0.261821503,0.184577769,0.301594329,0.152270835,0.142693331
20,1,1.687787879,1.931359362,2.916151538,1.342298603,0.822581429,2.345853832,1.876240552,1.673506885,3.164828431,1.698049925,1.981416236,1.923055267,1.834031103,1.19775455,1.443967182,1.453741392,1.218790413,1.688668663,1.3193637,2.016215485,1.033475768,1.064412564,0.887573507,0.849133797,0.864549273,0.99713827,1.154676982,0.991625714,1.322095508,1.578385097,0.808682639,0.616735322,0.447546736,0.489794025,0.470145826,0.364037175,0.476800752,0.650479557,1.193234056,1.104242467,0.358062617,0.355453615,0.263373234,0.230693816,0.590437505,0.799322572,0.800007656,0.765441517,0.874546597,0.875441439,0.71599986,0.696374784,0.94838621,0.709061198,1.431642102,1.266397464,1.230244318,1.193088391,1.247105435,1.201702774,0.83188652
20,2,,,,,,,,,,,,,,,,,,,,,,,,,,,,9.39E-06,1.78E-05,0.000218186,,,2.14E-05,,1.75E-06,9.37E-09,5.19E-06,2.38E-08,5.35E-06,,3.84E-07,3.86E-07,0.00012808,3.58E-07,7.11E-06,1.25E-06,3.66E-06,4.44E-06,5.07E-06,5.29E-05,,,4.00E-05,1.55E-05,1.45E-08,6.30E-05,5.56E-06,5.84E-05,0.000155475,2.60E-05,
20,3,1.734598695,1.741727845,1.723568455,1.684312164,1.326128935,1.602493787,1.443149988,1.404399098,1.457654774,1.345226862,1.555606588,1.171599082,1.293353119,1.030208897,0.861770617,0.681896116,0.655056996,0.61206905,0.716571597,0.791107692,0.703546817,0.599199657,0.462385412,0.444463276,0.472895167,0.449432582,0.384999371,0.308067372,0.280313825,0.258664477,0.294642632,0.186568036,0.14173104,0.106806774,0.097790801,0.086475121,0.091081813,0.100278108,0.077797243,0.070218501,0.041131652,0.054612966,0.053219565,0.052945815,0.074581847,0.058776023,0.064243985,0.0612841,0.055391187,0.063138954,0.055766776,0.063402629,0.06719936,0.059378167,0.051363839,0.0468331,0.066642948,0.06337977,0.052660977,0.048845881,0.047818929
20,4,,,,,3.64E-07,0.000315187,0.000246521,0.000141073,0.00024403,0.000345024,,3.61E-05,1.74E-09,4.37E-06,1.74E-07,1.89E-07,5.21E-07,3.55E-08,9.08E-07,8.41E-06,8.30E-05,4.13E-05,8.37E-05,0.000156764,6.10E-05,8.59E-05,0.000579889,0.00015003,0.000110435,0.0002179,0.000273175,0.000378731,0.000399145,0.000352525,0.000421594,0.000883949,0.000845722,0.000182117,0.000295392,0.001962389,0.00174532,0.006028423,0.000227997,0.000290072,2.66E-05,0.000927263,0.000546153,0.000367159,0.000321128,0.001528712,0.00404029,0.000623433,0.000178955,0.000430213,0.000120787,0.002470425,0.002651778,0.004383746,0.00398115,0.002123702,0.009028005
20,5,0.069158928,0.061585493,0.059100018,0.054593823,0.052483912,0.0506183,0.048079269,0.048226741,0.039047677,0.03619429,0.037140155,0.030623121,0.031274089,0.021217503,0.019585744,0.017244429,0.014348703,0.014477819,0.010815415,0.010565155,0.008224826,0.007500751,0.005813677,0.004761721,0.003439719,0.00336128,0.010329739,0.002470011,0.00183879,0.001768242,0.000932909,0.004948158,0.000797142,0.003475238,0.00155117,0.000980713,0.000619058,0.000141502,0.003059949,0.000337492,0.00183504,0.000344863,0.078685688,0.015996266,0.019703045,0.048156844,0.020265644,0.001017553,0.000473917,0.060758931,0.003939806,0.002510523,0.011083873,0.008408262,0.01623265,0.009600588,0.062492594,0.087619288,0.06587001,0.065163862,0.071928269
20,6,0.161466977,0.148913199,0.151843661,0.13656057,0.127132584,0.379381238,0.350809375,0.270341244,0.584468205,0.409891984,0.440856404,0.315667783,0.407989382,0.285126876,0.231090395,0.17654451,0.21366987,0.211238918,0.26269542,0.354352256,0.300262565,0.354405096,0.338788014,0.335273049,0.388823744,0.293177355,0.291561431,0.189972886,0.155455789,0.169628903,0.195297926,0.083464893,0.054626508,0.060513067,0.062844538,0.065126914,0.08995297,0.091596544,0.074341862,0.083663132,0.046136438,0.050343613,0.085585055,0.054655272,0.090763774,0.078907288,0.056423537,0.059920106,0.051318137,0.073594583,0.054500966,0.06412912,0.062128776,0.067074775,0.059353936,0.048045823,0.084797403,0.091609328,0.072531996,0.08507504,0.080821667
20,7,1.317030258,2.54407562,2.866803749,3.228751865,2.229389321,1.130857821,3.684444998,3.217642076,3.441380014,2.847639384,3.608022821,3.213935337,2.601801892,3.10994355,0.392566987,0.592642063,0.593247311,0.964237962,0.925965934,0.970685547,0.436630295,0.613224355,1.005477197,1.306891234,1.241044935,2.14776465,1.405093525,2.129112985,2.992445741,2.587480611,2.232210103,3.234172646,2.288288729,3.253824871,2.689123108,2.755020903,1.907295174,1.224173288,2.013670006,2.221866826,1.948087363,2.375758312,1.997127822,1.752990463,1.536073243,1.381273893,1.799114882,1.5021044,1.39006122,1.530880201,0.028837917,1.715003203,2.449854385,2.059643131,2.061242247,1.701355562,1.290441601,1.11627869,1.447257768,1.037304943,0.821019142
20,8,6.12E-05,1.70E-05,4.44E-05,0.000440568,0.000118966,1.26E-06,2.30E-05,0.003595187,4.64E-06,3.81E-06,0.001051107,1.00E-06,1.35E-07,1.19E-06,1.88E-06,0.000518006,0.000571669,0.000666124,0.000710479,0.000366487,8.18E-05,3.21E-05,1.18E-05,8.06E-07,4.95E-06,3.39E-05,0.048940292,0.00013789,0.001175267,0.001930032,0.000177432,0.000144602,8.65E-05,0.012816049,4.61E-05,0.00498901,0.004471783,6.59E-05,0.004737832,0.000730515,0.000939888,0.001649832,0.027428147,0.008010631,0.001084796,0.003899524,2.18E-05,0.000296118,0.000972534,0.001329976,0.001738828,0.002173324,0.000148187,4.62E-07,0.023934751,0.005345971,0.022192999,0.028907118,0.02048462,0.019130236,0.018601361
20,9,2.56168604,2.880857212,2.972075956,3.00390878,1.922433151,2.403569799,2.19886162,2.124057465,3.180939415,2.460140239,3.053808938,2.848812453,3.487432596,3.324338445,2.897592552,2.134207943,2.367851866,1.912939324,1.935586518,2.295210694,2.065966426,2.57511076,2.239960574,2.465616931,2.689039102,2.649653582,2.872979469,2.645989652,2.701090617,2.564671606,2.182057251,1.653910439,1.478489248,1.234225155,1.29953102,1.378491505,1.426715097,1.543039046,1.315045363,1.410738786,0.796746567,0.595917663,0.567329749,0.49086764,0.912388003,0.843672084,0.806677752,0.832597843,0.801819436,0.626966246,0.573595637,0.596789356,0.622588414,0.492380921,0.611371022,0.484295142,0.6881757,0.65668603,0.644724948,0.577426903,0.539970846
20,10,0.001817481,0.002088232,0.00254169,0.003116415,0.002861354,0.001376282,0.007621774,0.010432316,0.000582433,0.00106162,0.000827372,0.005181227,0.042371241,0.001623414,0.002083875,0.001973992,0.002417688,0.005220705,0.000461982,0.002090182,0.001393803,0.006557105,7.86E-05,4.30E-05,7.67E-06,0.017518217,0.023725426,0.003885733,0.004763482,0.00035081,3.31E-05,0.03188015,0.001694563,0.007212694,0.0425302,0.024033405,0.001054203,0.002431949,0.000968467,0.001169317,0.001952289,0.003854444,0.00024342,0.000173997,0.000133786,0.000353684,0.000298295,0.000269008,0.000178582,9.66E-06,0.002987142,0.000191306,0.000111894,0.001065873,0.00079257,8.16E-05,2.16E-05,2.00E-05,6.79E-06,1.59E-05,0.000116281
20,11,0.40681811,0.319610315,0.307928773,0.273011766,0.271636413,0.248381417,0.242478316,0.248992379,0.18558397,0.164432391,0.170927851,0.141855436,0.163022184,0.103558749,0.088726864,0.076264431,0.06540255,0.055386952,0.048343552,0.042579004,0.035069506,0.070389562,0.099449427,0.094314489,0.104112698,0.06450899,0.058248775,0.046117805,0.024406543,0.044136332,0.06693845,0.039422123,0.0139552,0.024754513,0.047811705,0.03518922,0.038818058,0.064493828,0.09126853,0.106545527,0.041385562,0.06815061,0.156491324,0.048290214,0.148991308,0.134247541,0.055985043,0.122652956,0.114834452,0.123122757,0.089924542,0.185850037,0.088065955,0.154050788,0.10491884,0.12151178,0.136503983,0.201960434,0.189212342,0.213174548,0.17553538
20,12,0.739518977,0.680734477,0.68297673,0.609308483,0.581272369,0.678999406,0.637707565,0.612111121,0.631748027,0.555331025,0.619211663,0.489733869,0.52898927,0.431475973,0.398753694,0.313858611,0.30980193,0.293804458,0.297894804,0.311779476,0.289390928,0.27851496,0.242865391,0.216076159,0.26340348,0.239037971,0.235143172,0.175192286,0.178206872,0.172616116,0.180727522,0.095454682,0.06264416,0.069781094,0.072886102,0.067823509,0.08611162,0.098709284,0.080801685,0.095951398,0.058811423,0.060491235,0.05015732,0.06376372,0.09461585,0.068211033,0.090829983,0.077104802,0.068721392,0.083801921,0.077465712,0.08690716,0.093396969,0.073179158,0.080109069,0.047966774,0.087851079,0.079729402,0.05862911,0.066555156,0.063806042
20,13,2.105482899,2.366631101,2.367817633,2.303032832,1.46430781,1.300429079,1.236922026,1.180446783,0.986287285,0.881804133,0.901781967,0.705281371,0.693029477,0.547961802,0.433905811,0.365799524,0.309918242,0.255139993,0.239104888,0.19330116,0.182768945,0.167931519,0.129821701,0.117043335,0.082391772,0.075447186,0.077110711,0.055399248,0.048994411,0.039999125,0.048391031,0.044696834,0.054302915,0.017954537,0.021031601,0.009679333,0.011624972,0.026755171,0.008802358,0.010417101,0.010464801,0.014540127,0.007479343,0.008733232,0.014761697,0.011090679,0.022779315,0.018475472,0.019424048,0.020424832,0.019303846,0.017892652,0.017666884,0.011896013,0.012234932,0.012970787,0.023949251,0.026593184,0.022754741,0.017057592,0.014384967
20,14,0.150188054,0.150151089,0.193706497,0.211358092,0.217745425,0.162347902,0.377912612,0.320018659,0.470877399,0.230216541,0.274351295,0.350131186,0.25191385,0.292849015,0.06572708,0.088293405,0.069759402,0.085010317,0.082069992,0.083580096,0.039025454,0.127153884,0.220149778,0.21165847,0.256245493,0.244633876,0.206112507,0.22168278,0.257949852,0.246887289,0.238025968,0.259514144,0.176005201,0.261524399,0.230080446,0.292947831,0.228266439,0.172059477,0.23314469,0.261917532,0.215619501,0.259252787,0.274926767,0.198972943,0.225275472,0.206003271,0.227092791,0.227049099,0.200454657,0.231947747,0.043623906,0.251464583,0.318309324,0.259088587,0.224975649,0.178550396,0.1839258,0.208874608,0.228922116,0.1927615,0.157173128
20,15,1.62029823,2.050353416,2.34315741,2.354930616,0.869050701,3.937441771,3.079912953,2.429605487,3.914097586,3.219508402,3.525466885,3.252969614,3.505197392,2.324500337,1.708666267,1.370165254,1.63450963,1.597018758,1.811036364,1.958733346,1.665295111,1.890963284,1.905312696,1.698170885,2.044025519,2.025543891,1.625783082,1.559877867,1.362922673,1.363734197,1.393957681,0.905298281,0.676800822,0.633424006,0.666839733,0.633968954,0.700155781,0.694557389,0.634934228,0.577416729,0.292900553,0.32540197,0.332480441,0.232094334,0.437889549,0.405649208,0.397007602,0.432774602,0.418564279,0.408151139,0.324976439,0.337218083,0.340911626,0.319409363,0.344946752,0.305260093,0.397848444,0.358544298,0.32452227,0.316664928,0.286920034
20,16,18.90665089,20.36995764,14.69866831,15.85591746,13.3862762,13.81903497,13.50935444,12.58554153,14.41424278,13.84097803,13.92799453,15.13488324,13.08406717,11.92932737,10.78444247,9.937337363,10.30005282,9.912920947,9.67823571,9.138706809,10.93644497,9.414401832,8.587676113,10.63732839,8.939103377,9.927734981,9.426223173,10.12265918,9.606588751,9.408862049,9.286491382,8.575647457,7.61066933,7.587418609,6.160648717,3.856661206,2.637847823,3.237505562,2.572675342,2.628458328,3.080192663,2.90968962,3.066234871,3.676850044,4.35581823,4.122892343,4.035463173,3.942968598,4.085028616,2.992458243,2.572926985,3.412718348,2.707381697,2.622757259,5.296240792,2.902308671,2.071480515,2.765813812,2.44752837,2.141356897,2.319972116
21,1,0.243104857,0.345104187,2.661572911,0.421626611,0.413501314,0.376658506,0.453097774,0.619987376,2.509575788,0.466880139,0.557786863,0.454415945,0.360508767,0.317499753,0.430253029,0.667479082,0.398759732,1.143464267,0.254734425,0.532692007,0.203489088,0.149831839,0.13843503,0.132230917,0.155034137,0.191278399,0.538546648,0.213722643,0.336874681,0.4244412,0.137717675,0.191918937,0.104984539,0.118259632,0.105477372,0.078388098,0.105583866,0.153463614,0.156271197,0.159503162,0.204539148,0.137199257,0.113476942,0.134103105,0.27444124,0.612714903,0.726766788,0.659664858,0.724344786,0.813380529,0.706966871,0.744863656,0.652598588,0.76128272,0.846469804,0.657699777,1.176709378,1.152199379,1.105641684,1.097805978,0.655132044
21,2,,,,,,,,,,,,,,,,,,,,,,,,,,,,,,,,,1.01E-06,,,0.000111596,0.000114601,1.58E-07,5.46E-05,,,,,,1.33E-10,,,,,,,,2.29E-05,2.98E-06,2.57E-08,0.001727265,0.001106665,0.001377097,0.001914625,0.002384582,
21,3,0.592139724,0.550718254,0.569988058,0.491055528,0.449511094,0.548668354,0.506324334,0.434117488,0.492719455,0.461930413,0.428917122,0.314542693,0.408793499,0.259667878,0.272438452,0.217501416,0.232263658,0.18441125,0.166671497,0.210324463,0.212921309,0.19334561,0.087323752,0.156137772,0.15195386,0.201412041,0.123683382,0.061465613,0.058239601,0.046839859,0.042984591,0.040388707,0.039784196,0.018061627,0.01826938,0.015059799,0.015988864,0.025347509,0.025637222,0.017972384,0.009878104,0.013467008,0.010480606,0.014578842,0.021244025,0.015578714,0.022500799,0.023664163,0.022531378,0.02484281,0.01991596,0.016384921,0.022140998,0.014717542,0.018009077,0.017931656,0.024522068,0.019037262,0.018517847,0.013115659,0.010577677
21,4,,,,,6.27E-05,1.44E-06,1.82E-11,2.79E-12,1.62E-10,1.47E-10,,,,,3.45E-09,,0.003140064,,,,2.00E-08,1.54E-07,1.96E-08,2.50E-08,,1.43E-05,2.87E-05,4.37E-05,8.06E-05,0.000110621,6.21E-05,0.000183477,0.000251133,0.000247683,0.000264038,5.96E-08,4.27E-06,1.82E-07,3.79E-06,1.64E-07,6.30E-05,5.09E-06,6.37E-05,6.57E-05,5.36E-05,1.91E-08,6.50E-09,1.13E-05,2.55E-05,2.51E-06,9.92E-05,0.000134272,0.00012227,0.000160439,0.000141492,8.82E-05,0.001786313,0.003215984,0.002896768,0.002193919,0.000699111
21,5,0.025207136,0.023306533,0.023061088,0.019684895,0.017853967,0.021246952,0.019262358,0.015497052,0.014867864,0.016078093,0.014663727,0.010114142,0.011478347,0.007421305,0.008652882,0.006773955,0.007760539,0.005280993,0.004551249,0.00213874,0.002869236,0.00223497,0.002057312,0.001618074,0.001435819,0.001304895,0.002078655,0.000480185,0.000493247,0.001250399,0.000285099,0.000220864,0.000176386,8.43E-05,9.03E-05,9.55E-05,1.95E-05,4.93E-05,6.02E-05,1.91E-05,0.000188865,8.86E-06,0.021004415,0.006035661,0.004376598,0.046337395,0.006459452,0.000115992,0.000431667,0.007449016,0.00065015,0.000865602,0.004175864,0.005021894,0.014991005,0.008793743,0.020728586,0.028520415,0.01654007,0.016761594,0.034242052
21,6,0.057293138,0.05229307,0.069062914,0.053643429,0.049587906,0.068763266,0.074560265,0.073473658,0.147607383,0.096251836,0.069770945,0.053051642,0.096285538,0.050340399,0.042944913,0.048350849,0.058500434,0.055200879,0.045429588,0.153433294,0.135251587,0.170957773,0.050661975,0.118818341,0.115820176,0.105925379,0.099275361,0.06276392,0.071337839,0.046310199,0.055001816,0.046805201,0.022186031,0.02611091,0.029431059,0.037589274,0.01973387,0.022679366,0.050211502,0.02202371,0.023216044,0.014962119,0.029981074,0.034431361,0.030712458,0.030190254,0.0498484,0.032831056,0.035631377,0.034206455,0.013601325,0.027100131,0.037413999,0.036357671,0.028912518,0.04529245,0.052161507,0.050640994,0.033983483,0.041680857,0.041444877
21,7,0.54226416,0.518965604,1.034664887,1.754260515,2.67789437,1.275329697,1.486858951,1.069993254,1.258637865,1.037197913,0.71699612,0.829775065,0.344796173,0.557621833,0.666331161,1.019682554,1.061852319,1.301815985,1.312389255,0.5076204,0.60248817,0.889557338,0.419485626,0.193314164,0.251450912,0.319577668,0.367377996,1.056372344,0.910916229,1.018737746,1.049864914,1.425244156,1.241100026,1.280667031,0.618738553,0.809735755,0.548281938,0.290144581,1.467121358,1.313114634,0.802961661,0.622095773,1.051989408,0.751003654,0.446385342,0.523599277,1.122231631,0.485820362,0.752683939,0.664672746,0.019573359,0.807428556,0.665419955,0.616424276,0.455771875,0.613216883,0.900255424,1.032765172,1.066999848,0.79383712,0.835094044
21,8,,,0.056176173,0.052992969,0.03479563,0.031560814,0.047186167,0.03191183,0.026023687,0.022320367,0.027394227,0.018987456,0.013177345,0.015647677,0.026020378,0.068820327,0.05253592,0.052303247,0.053224979,0.022554564,0.031210885,0.029321287,0.030072517,0.022592907,0.031158657,0.03688751,0.040969821,0.201085857,0.29738771,0.129977151,0.222177702,0.327399688,0.123868065,0.236560806,0.248783415,0.355243304,0.059202706,0.052816637,0.063909493,0.056979436,0.182740849,0.074911531,0.203563848,0.2445375,0.081644813,0.075274735,0.409625487,0.191571301,0.247608577,0.191120392,0.000836125,0.17277746,0.23467479,0.238433337,0.126560289,0.303918234,0.282964717,0.324724574,0.142996621,0.194621754,0.161148819
21,9,0.35719168,0.203626076,0.5799745,0.226332645,0.342580317,0.223815871,0.246544811,0.32486145,0.545140908,0.349096726,0.389797622,0.312797818,0.307037658,0.295564685,0.271108761,0.665472367,0.626813189,0.766200687,0.329153749,0.764616591,0.540165463,0.601914707,0.31488361,0.428671052,0.57385979,0.65326674,0.721372066,0.625428484,0.593860624,0.446638364,0.468542059,0.593850694,0.438818076,0.48577954,0.494393476,0.512168481,0.516437659,0.537729353,0.662132107,0.339946344,0.352881504,0.242484075,0.280615525,0.327101618,0.461395174,0.484777688,0.471566378,0.471885248,0.444976254,0.340168602,0.380531962,0.34735857,0.283758506,0.338764222,0.40662931,0.286577748,0.394031472,0.365413274,0.385363969,0.311093719,0.272225693
21,10,,1.06E-09,3.62E-10,,,2.13E-06,0.000209279,3.52E-05,,1.19E-05,0.001092165,0.000899638,0.000151767,1.82E-05,2.91E-05,2.25E-05,,0.00031799,0.000770335,5.05E-06,6.45E-07,3.35E-05,4.62E-06,4.33E-06,4.03E-06,0.003258484,0.00286861,1.31E-05,2.11E-05,1.02E-05,3.41E-06,0.000261599,0.00020258,0.000198465,0.00141986,3.01E-07,5.02E-06,0.000614446,6.90E-06,1.38E-06,3.51E-05,4.32E-06,8.04E-05,3.05E-05,4.93E-05,7.36E-09,4.92E-09,6.29E-06,0.000315009,1.95E-06,7.37E-05,7.73E-05,7.64E-05,0.000102296,8.03E-05,1.59E-05,2.73E-06,0.000578772,0.000509093,8.47E-06,2.99E-07
21,11,0.14781757,0.121903952,0.120391542,0.097913972,0.091798296,0.110181523,0.097171713,0.082374706,0.069716208,0.072192326,0.0632118,0.051301954,0.057719297,0.036184253,0.040003475,0.030089353,0.031993062,0.023284832,0.020248548,0.008816259,0.012152712,0.019040161,0.020307396,0.012551021,0.019201691,0.015120761,0.010700902,0.004023787,0.003070568,0.005677045,0.005763308,0.001565596,0.000760615,0.000247841,0.001603667,4.50E-05,0.000116267,0.000397284,0.087064149,4.27E-05,0.000166732,0.000112902,0.008659996,0.001704778,0.041369901,0.00584387,0.019250061,0.040049812,0.024630775,0.035234558,0.033315538,0.030069812,0.029994646,0.033302705,0.01251875,0.040574442,0.029154623,0.026974446,0.034582096,0.018565147,0.023703762
21,12,0.267505718,0.25745814,0.304581789,0.223026676,0.203421424,0.233085557,0.214315981,0.176482897,0.214440265,0.182734428,0.161036952,0.117670356,0.141559097,0.096387074,0.108928221,0.0883715,0.094400089,0.086075015,0.060687415,0.05931576,0.059147567,0.056968002,0.039328795,0.045559387,0.051030505,0.067619307,0.051077731,0.022631969,0.022161906,0.018986323,0.014111034,0.012563892,0.005805315,0.005917332,0.010286791,0.010192067,0.020686994,0.025758593,0.024532344,0.030822128,0.016568809,0.014953518,0.011141453,0.019580433,0.02750741,0.019908302,0.044464489,0.040484862,0.042609003,0.051429945,0.042120655,0.032873705,0.02698753,0.018548373,0.016131995,0.015034546,0.021531092,0.020713168,0.022704918,0.018662339,0.016073334
21,13,0.679622212,0.633871341,0.637844697,0.545694801,0.473120481,0.577746812,0.512976175,0.410895416,0.388400641,0.399000234,0.34120097,0.238298976,0.278194687,0.183302916,0.202852872,0.150533538,0.166186579,0.1217592,0.10794885,0.057869365,0.071368895,0.05554117,0.050759159,0.044156083,0.040044932,0.045813862,0.026916369,0.014945655,0.01485995,0.010155983,0.017985203,0.029572978,0.037744697,0.005114149,0.00827779,0.003538518,0.003825403,0.015571133,0.003900804,0.005740322,0.003667951,0.006898577,0.003545688,0.004083235,0.00877333,0.009213572,0.021842097,0.015695228,0.016794603,0.01559734,0.010753021,0.010566404,0.009323734,0.007750764,0.008114623,0.006404652,0.014986044,0.016265701,0.0145236,0.011414172,0.008206502
21,14,0.062797708,0.058179841,0.105712081,0.15152502,0.187810123,0.119757236,0.117596427,0.100935354,0.109645048,0.079425314,0.054572739,0.091141704,0.036693818,0.053290113,0.06735105,0.110233589,0.089968552,0.0975509,0.101764647,0.039576401,0.043776396,0.077231116,0.051106895,0.022909033,0.035820051,0.03705757,0.041407564,0.077588066,0.063959201,0.077959487,0.076519738,0.103865715,0.085016913,0.092032167,0.048909079,0.064988338,0.053316201,0.034875997,0.172373674,0.123117569,0.077250907,0.061747083,0.113019767,0.078691068,0.065788257,0.062307448,0.132689792,0.077018815,0.099026902,0.093247355,0.023181621,0.106935446,0.09098952,0.077831429,0.057105744,0.068074328,0.102448815,0.127393509,0.135919844,0.104948646,0.103797944
21,15,0.190411884,0.151602974,0.407665652,0.362594433,0.372146444,0.468195251,0.585181842,0.768879117,1.029417086,0.756203157,0.808282675,0.662370116,0.557527364,0.490652996,0.422484656,0.456173851,0.42256805,0.399286231,0.382222921,0.28064476,0.3204449,0.315490557,0.292427904,0.244023728,0.316039949,0.714928802,0.345116042,0.326588422,0.289879115,0.24699453,0.22726807,0.249518314,0.1896065,0.141745808,0.148950719,0.119933769,0.125159111,0.148931381,0.258557167,0.124276169,0.110494251,0.084415965,0.082394333,0.090496858,0.160586773,0.144529461,0.218494055,0.232981253,0.218675958,0.216854,0.185527469,0.148480934,0.168828454,0.148306067,0.186678448,0.155395811,0.22344018,0.178552722,0.167844783,0.148443926,0.129641327
21,16,6.218562804,6.136756619,5.327660384,5.800546767,4.974885117,4.847185485,4.636923192,4.589853207,5.564597015,5.81149462,5.327790098,5.44813791,4.343923091,4.021778887,4.156633783,4.753993334,5.393721253,5.113859064,4.496562636,3.403050157,5.249332092,4.124144537,3.597262255,1.73513202,3.91695664,5.44713988,5.450984579,5.517206603,4.265531432,4.344139502,3.906052886,3.29472591,3.453937572,3.258429796,1.969488973,1.664410859,0.877728019,1.777437051,1.199087428,1.553016067,1.316969102,1.807125044,1.953291596,1.539929582,1.509803701,0.643228319,1.407774725,1.121946211,1.524079336,1.605114115,0.772092412,2.217010097,1.907140475,1.792700752,0.894649349,1.28138003,1.126302392,1.45916407,1.608755958,1.126645287,0.882155963
22,1,9.676691685,12.12627168,8.378987153,13.57169075,13.00823799,13.78952608,13.73716525,12.32537792,9.085910666,10.6282373,10.82469249,10.40759228,8.649443312,8.987961101,7.893175173,9.464934712,7.72181888,7.147110755,8.556624475,10.11827724,6.14329414,5.754576184,5.737518837,5.720087446,5.491016607,4.693546378,4.460150859,5.012813031,3.950670915,5.314010675,4.801525321,5.134584981,3.909455716,5.029004765,3.909717745,3.304120942,3.978955998,6.859615698,5.295317675,4.931505909,5.667051439,7.009929112,5.640252734,6.118105401,6.390465181,7.366483025,4.749989946,4.684971011,4.886336471,5.386337829,5.134035961,4.599519434,5.234234189,4.614576199,5.233165444,5.283835458,4.061964441,3.675229363,3.847150134,4.139341435,3.812464029
22,2,,,,,,,,,,,,,,,,,,0.000630649,0.000646797,0.007739197,3.30E-06,,,,2.25E-06,,,,,,,,,,,,,,,,0.001663007,,,,,,,,,0.006182216,1.73E-05,0.003390783,0.000545519,0.000879303,0.000495164,0.00132189,0.002946772,0.001831684,0.000403332,0.000226216,0.000135615
22,3,3.66967435,4.167480827,3.464817783,3.556415672,3.794695102,3.670405134,3.803069,3.690941762,3.652403474,3.428949998,3.558221128,3.41421198,3.526573433,3.368239653,3.302821826,3.052532812,3.074581841,2.82815212,2.633065499,2.493456649,2.146863877,1.720299393,1.905636641,1.835724816,1.844270885,1.371733938,1.551051619,1.475040006,1.255712732,1.154012435,1.115228029,1.045205415,0.91711189,1.012402702,0.947758326,0.922086528,0.90901119,0.833121008,0.854180994,0.645241113,0.73310941,0.789741894,0.617251382,0.640884318,0.566126879,0.566530771,0.510248486,0.493510151,0.41779497,0.438676287,0.417748115,0.363832517,0.359822737,0.323810512,0.303799831,0.323786015,0.309249217,0.264583713,0.259975144,0.226592958,0.241873571
22,4,,,,,2.75E-05,2.02E-05,2.31E-06,,,7.90E-06,,5.74E-05,6.86E-05,0.000295276,0.000109586,8.37E-05,1.76E-05,8.55E-05,0.000145075,5.19E-05,0.000138788,0.000258867,0.000138092,0.00042552,0.000356582,0.000115069,6.21E-05,6.44E-05,0.000999033,5.80E-05,0.000456213,0.000647211,0.000951897,0.000682439,0.000744242,0.000434244,0.003860118,0.000151689,0.000123537,0.002053185,0.000687424,0.000776864,0.000964153,0.0005522,0.001689149,0.005459085,0.009178274,0.000499771,0.02313038,4.85E-05,0.000611498,0.002166138,0.00170273,0.000518771,0.002427286,0.007036355,0.005894205,0.003504246,0.00535474,0.004070071,0.004907018
22,5,0.024211869,0.02257443,0.018600246,0.017671078,0.019969226,0.017376177,0.019122783,0.016053484,0.014782595,0.013101617,0.035492265,0.038886836,0.024054585,0.146073193,0.0645955,0.022968709,0.00461159,0.0051492,0.036707979,0.006931043,0.002601563,0.002150542,0.005043228,0.001553003,0.002325861,0.00397184,0.017091851,0.006797121,0.009672118,0.00078509,0.002198834,0.000346313,0.006705345,0.002096118,0.002297922,0.001126459,0.010244015,0.001152354,0.008159321,0.001653776,0.001962286,0.001706288,0.00306773,0.001385189,0.006611324,0.003113573,0.004703584,0.00380435,0.003309584,0.001881413,0.007662318,0.006128063,0.002418687,0.011982119,0.002096916,0.009928753,0.008705042,0.031261774,0.016374916,0.002499411,0.018232552
22,6,0.665480891,0.786417426,0.787928041,0.812450379,0.858588328,0.848450112,0.823754463,0.724626389,0.682118661,0.674388058,0.647972095,0.652080868,0.524571631,0.590453606,0.482717464,0.454914214,0.45553316,0.421186654,0.43297661,0.352265598,0.333323085,0.419640462,0.527874548,0.43388393,0.426955968,0.341614551,0.317838041,0.205028806,0.188840804,0.173549016,0.176108645,0.142743427,0.146627141,0.142180947,0.146086374,0.128415775,0.138797814,0.121099056,0.114845463,0.100251354,0.102077438,0.119755771,0.10986792,0.097103341,0.095122561,0.107956396,0.102351327,0.123902392,0.104260407,0.093952437,0.08719413,0.080981155,0.07814425,0.095722289,0.070436534,0.092083921,0.091563128,0.10032268,0.077328959,0.116205655,0.085487592
22,7,8.644857693,8.520216485,6.593125852,7.625917858,7.41755588,6.936265641,7.08540227,7.39156307,7.665601379,6.639924488,6.928279262,5.581393859,5.866070088,5.727648887,5.95791113,5.609522361,5.704691835,6.124709399,6.545048007,8.27144144,8.814930617,9.676083975,11.77785565,10.8073152,10.50137827,8.613949319,9.273061029,7.707365416,7.620572284,7.38654857,6.504775708,5.506829114,4.982860105,5.394720855,3.445854453,5.565395179,5.078759314,6.254642651,4.187595141,4.403415817,4.575679024,4.719249104,3.415068895,3.781554408,3.659730182,3.459887464,2.43846666,2.54841563,2.317809535,2.418346839,0.720278826,1.811065148,2.305902279,2.974742651,2.910265047,1.651655406,1.891651009,2.085185125,1.707851952,1.670234514,1.427284976
22,8,,,0.00993226,0.012095985,0.01175551,0.012320003,0.041742898,0.017038183,0.010400169,0.009259504,0.007122117,0.031558456,0.00488383,0.246222388,0.004366923,0.104120993,0.017819429,0.013464891,0.214665957,0.056906899,0.067471022,0.048336009,0.100929494,0.075350603,0.213239908,0.136373802,0.110625174,0.093971994,0.118048303,0.06167268,0.055785074,0.076589822,0.066994178,0.12126638,0.077448372,0.065200126,0.218982147,0.091310334,0.025654668,0.082457799,0.050938343,0.081824174,0.096860969,0.07763514,0.105765346,0.21764334,0.045491907,0.05726906,0.060453662,0.034185489,0.012241709,0.046128897,0.049680257,0.069629993,0.037557793,0.056232985,0.100595359,0.310487121,0.087041174,0.312123323,0.071060656
22,9,8.841302209,10.22309407,7.902555031,8.471312307,8.801405632,8.623644868,9.029803287,8.803520623,9.082526116,9.19810912,7.815077127,8.604428599,8.59323923,8.462622942,8.445969332,8.204367369,8.551219828,8.252898639,8.741166016,8.290195462,8.020680319,6.772616689,7.683315594,7.875259802,7.903496278,6.752795062,7.151100328,7.279604976,6.546931572,6.428196825,6.314905591,5.996568961,6.291803628,6.724941622,6.650401302,6.740922358,6.230893744,6.816428452,6.819252187,5.682399245,6.052710906,5.729024187,5.360837757,5.130266175,4.753808745,4.797129017,4.225091232,3.874781174,3.674096659,3.090498432,3.684047185,3.298212962,3.281420422,3.119704502,3.086137403,2.816058046,2.884549571,2.758553646,2.744299935,2.498237517,2.241867404
22,10,0.000470105,0.000666114,0.000363354,0.000757559,0.000621439,0.001050059,0.006978491,0.003717252,0.000185965,0.000832715,0.002950784,0.036596893,0.002540549,0.087889423,0.001755242,0.029803765,0.000388103,0.001160812,0.079138199,0.017569249,0.004344293,0.000980856,1.42E-05,1.71E-05,2.74E-05,0.002577216,0.012942805,0.008642414,0.020454865,1.35E-05,0.000134549,0.002128093,0.004927971,0.008317824,0.043879601,0.001095675,0.029833744,0.013392772,0.050963763,0.002532267,0.000710427,0.000552894,0.00094916,0.000185022,0.000555645,0.004086128,0.008232111,0.000312852,0.016156309,0.000756971,0.0003795,0.001651582,0.001706882,0.005271992,0.002260279,0.000339873,0.005768612,0.000545132,1.28E-05,2.21E-05,0.000916283
22,11,0.142371237,0.118642786,0.094934937,0.088507215,0.102896833,0.089508842,0.080160442,0.078194292,0.09706677,0.081101607,0.081767575,0.08972973,0.066475687,0.055788607,0.046246274,0.043375796,0.032931877,0.033762949,0.032004831,0.038952847,0.019389412,0.05424307,0.097870545,0.075776011,0.100281396,0.079932476,0.066725821,0.017260079,0.025733801,0.017252919,0.008787527,0.02697326,0.023813418,0.042732063,0.044078426,0.016053544,0.01409396,0.023852706,0.055060871,0.044334689,0.026598682,0.015185839,0.030716416,0.017305116,0.042126374,0.019839686,0.017289694,0.024302248,0.027360492,0.021786242,0.039279382,0.04596991,0.025941479,0.03202397,0.0257761,0.019959485,0.017685211,0.015731666,0.014745955,0.014371931,0.064670388
22,12,2.043924137,2.737912519,2.123591826,2.159384866,2.219098547,1.955122183,2.111317382,1.938265162,1.785609208,1.643789478,1.435300524,1.367726038,1.357680944,1.407716645,1.235455025,1.248128524,1.244136903,1.202942227,1.058638939,0.98897291,0.849150538,0.870177177,0.86147621,0.862024075,0.866289252,0.665159493,0.733823422,0.776791151,0.798604704,0.734006516,0.792900886,0.663338227,0.536484809,0.687199029,0.635035554,0.747876715,0.735430097,0.705307327,0.830099667,0.638127457,0.682785903,0.960440546,0.773473746,0.784465893,0.774985584,0.774864495,0.780515022,0.744643947,0.722671841,0.871828753,0.836108189,0.829245664,0.823068154,0.79313138,0.771666543,0.699237764,0.687809652,0.660730448,0.664441115,0.70295281,0.581648887
22,13,1.901111393,1.623811755,1.396149998,1.489327773,1.83060912,1.771376633,1.908989364,1.871974136,1.898568324,1.877901552,2.126499076,1.777041337,1.909790425,1.792254894,1.766847407,1.466211435,1.547666636,1.486446555,1.554175349,1.404261597,1.223575401,0.735924695,0.953508015,0.844881879,0.923389602,0.548914441,0.75154332,0.76791284,0.685823493,0.64589288,0.59699883,0.646143178,0.4629538,0.529878201,0.52740075,0.529990963,0.525478166,0.448222974,0.455919445,0.321829193,0.389694132,0.397516615,0.325063677,0.297974182,0.246576095,0.238435313,0.192275451,0.157598892,0.130151838,0.127656953,0.126400891,0.103823342,0.112955158,0.100341264,0.080620461,0.074780069,0.083684594,0.072305728,0.066304705,0.0639388,0.066498335
22,14,0.213301289,0.253503228,0.190198173,0.252908576,0.20489347,0.194182299,0.188391948,0.225353925,0.212248558,0.160158632,0.243249502,0.299669192,0.215941324,0.455780651,0.409573913,0.217686955,0.144669422,0.169635104,0.247822669,0.358035644,0.403031952,0.53937661,0.728144544,0.58326076,0.612048649,0.513592749,0.554309968,0.386478348,0.377120077,0.382074944,0.331710028,0.296565354,0.274371809,0.274717477,0.156867511,0.333244318,0.302222132,0.434205028,0.282142479,0.328427445,0.338599907,0.379879142,0.318887876,0.317480485,0.325487734,0.339344118,0.232217732,0.278318823,0.254735451,0.307985174,0.087728908,0.22256498,0.287516096,0.341121715,0.301771532,0.232771301,0.276394227,0.401459161,0.380152533,0.303877184,0.261788786
22,15,10.73506034,10.4298992,9.182163185,9.779174809,10.27117332,10.88342482,10.6857753,10.50587818,10.05910946,9.482701299,9.031606902,9.736451466,9.782094959,9.551372307,9.508220807,9.752451069,10.02493321,8.826731079,8.32185428,7.52884925,6.477879783,6.115490429,6.897822626,6.394100358,6.594388048,5.153302223,5.28852453,5.025567818,3.341988932,3.261862915,3.267733272,3.156364621,3.016452469,3.28399581,3.260421693,3.073968696,2.970866174,2.931925156,2.905708706,2.265172036,2.508011243,2.42504078,2.00206054,2.029141193,1.654759113,1.70760825,1.498731016,1.471297624,1.304713479,1.387952492,1.288658728,1.144827776,1.166339664,1.164558742,1.119782432,1.200758972,1.034407398,0.959919281,0.970381074,0.961337471,0.898235041
22,16,16.15847632,15.41597897,11.6770964,8.328572991,11.5433857,12.14190997,10.84454991,11.01047862,12.12851292,13.19825236,12.15860627,8.673146703,10.4890803,10.7515822,8.234422852,11.64281572,11.23406812,11.54956485,10.25982468,11.17581737,5.847275204,5.334236581,4.664314887,4.718759466,6.982229018,6.291306985,4.415647411,3.822440977,4.590356588,5.17345813,5.19449307,3.822514717,4.285925996,3.360395165,5.944130638,7.395330816,9.434312641,8.019476939,8.206252241,6.802871069,5.640567409,5.936825119,5.993626458,6.232677132,5.749279829,6.730438899,4.98983894,5.656304245,5.151434813,4.442210846,4.28022197,3.337682643,3.294997915,2.618921982,2.304561385,3.12404614,2.689311917,2.607241505,2.047801032,2.282787513,1.906639344
23,1,1.020984587,0.947950776,1.212086604,1.092673567,1.136714749,1.738020279,1.491219841,1.328157142,1.363437847,1.385161527,1.088813517,1.025932117,0.932339373,0.724515116,0.70517623,1.054801001,0.607648257,0.51100067,0.463362534,0.642906416,0.351579017,0.562024184,0.28559764,0.313347252,0.244161744,0.406888833,0.233356339,0.195030157,0.188951688,0.178724484,0.153381321,0.14583784,0.130896407,0.148290899,0.13061015,0.09261263,0.111899011,0.14301933,0.114354456,0.166949276,0.074408892,0.131275993,0.140112184,0.097708236,0.078211819,0.054968268,0.048654489,0.070380602,0.087312302,0.099210873,0.106200947,0.19446639,0.12284046,0.146758498,0.169657699,0.146915615,0.076195739,0.102377891,0.123796821,0.132011463,0.094391583
23,2,,,,,,,,,,,,,,,,,,,,,,,,,,,,6.15E-05,5.34E-05,0.000533633,,,,,,,,,,,,,,,,,,,,,,0.001886269,,,,,,,,,
23,3,5.887638511,5.257164671,5.663300693,5.944687893,5.7500162,5.854829363,5.705274557,5.611151271,5.648185262,5.440476599,4.800918802,4.526723351,4.381668353,4.152907781,4.306436296,4.123657327,3.714344532,3.121840592,3.081441088,2.627210986,2.229047642,2.539541319,2.190845341,1.982053973,1.794515734,1.974509368,1.719759156,1.760911856,1.833945173,1.764610636,1.60611504,1.635940462,1.542699606,1.376826794,1.311105111,1.190831902,1.149928176,1.164124048,1.083349498,1.107252584,0.974482151,0.940190116,0.973302257,0.838557648,0.849480561,0.780586359,0.785611482,0.757619937,0.730602354,0.65088649,0.666944198,0.628177337,0.545696188,0.539050058,0.512517037,0.504589068,0.439821801,0.433554984,0.416199016,0.397257861,0.372984788
23,4,,,,,1.89E-05,1.42E-06,,,,,,,0.00032071,2.66E-07,,,,,,,1.36E-05,2.37E-05,0.000207552,0.00036846,9.93E-06,2.75E-05,3.91E-06,,0.000623457,0.002333599,0.000794067,0.001433069,0.000813319,0.002223759,0.002192093,0.002354587,0.002298216,0.001824826,0.002167417,0.001138536,0.000319716,0.000945834,0.000744055,5.13E-05,2.46E-05,4.32E-05,0.000168636,1.29E-07,0.000118593,9.12E-06,0.359284143,0.000622177,0.000400065,0.033642462,0.008130017,0.000722744,0.000631927,0.000624441,0.000631979,0.000609656,0.000615624
23,5,0.000203415,0.000291855,0.000854018,0.000475608,0.000641259,0.000466894,6.68E-05,2.68E-05,8.15E-05,0.000695782,1.63E-05,6.07E-05,0.004321869,6.77E-06,2.27E-05,0.000558743,0.000330713,1.42E-06,1.42E-05,8.62E-07,0.001399507,2.04E-05,2.04E-05,0.00432707,5.59E-06,0.012837787,8.96E-05,0.000548378,0.001483919,1.11E-05,9.27E-06,0.00023976,2.49E-07,0.001009678,1.90E-05,2.01E-06,3.94E-07,0.000109909,5.09E-06,4.71E-05,5.16E-05,0.000281898,0.000168681,0.001412397,1.03E-05,6.47E-06,4.42E-05,0.000296523,8.99E-05,2.70E-05,0.049437333,7.88E-05,5.10E-05,0.006706884,0.00149767,4.13E-06,3.44E-05,7.00E-06,2.20E-07,0.000231577,0.000208207
23,6,1.463889138,1.410160984,1.395779346,1.2726307,1.259706027,1.51264757,1.463531359,1.331071927,1.338674506,1.34195388,1.111906013,0.998354921,0.979206711,0.942888228,0.931134276,0.834292066,0.851747249,0.78156191,0.859658417,0.667453464,0.604878744,0.607117722,0.691066277,0.491801036,0.440978413,0.45596939,0.404407356,0.477838792,0.454852948,0.418806808,0.380427559,0.325903118,0.320201937,0.292910087,0.292921989,0.270459064,0.256887119,0.259141067,0.24550691,0.205909709,0.198636568,0.223781172,0.224612481,0.21172418,0.212893517,0.214173571,0.217488515,0.208389523,0.205396579,0.190599391,0.188146099,0.183581964,0.159173007,0.196164436,0.168426367,0.141504898,0.128910768,0.127959641,0.117674436,0.122557158,0.113717384
23,7,8.430630792,7.389074089,8.02225482,9.076633831,8.523444717,7.521352328,6.88343069,6.809844778,6.212851916,6.160020242,4.222542777,4.023857359,3.594909102,3.436418131,3.696535338,3.708492361,3.110227427,2.714141004,2.620268211,2.452396675,1.975587599,3.382082008,1.976429958,2.038536272,1.629414743,2.42277124,1.512076501,1.404158431,1.322716902,1.435181267,1.329114365,1.426543955,1.519856255,1.237722328,1.094803161,0.956433766,0.895572244,0.886412214,0.75723175,1.132568964,0.652914849,0.628285443,0.673498834,0.458063148,0.817924231,0.376438726,0.446636988,0.349459499,0.327727731,0.23259896,0.238577805,0.31048315,0.228690545,0.245256441,0.252753126,0.204851573,0.192795727,0.23081231,0.236044496,0.230489499,0.188803728
23,8,,0.001372757,0.001364269,6.90E-05,,,,,,,,,,5.27E-07,,0.002949043,9.56E-06,,8.29E-05,,0.000408824,1.37E-05,0.000463654,0.025411038,,0.088714655,0.000277078,8.37E-07,,,,,,1.16E-07,4.55E-06,2.18E-05,7.73E-05,0.001594358,5.11E-05,0.00029502,0.000241412,0.000362994,2.38E-05,0.000119772,5.71E-05,1.55E-05,0.000709703,0.004433983,4.25E-05,0.000267266,5.75E-05,8.31E-07,4.21E-05,1.91E-06,2.45E-05,4.44E-08,4.19E-05,0.000125592,8.28E-06,0.000681655,3.10E-05
23,9,2.835503834,2.686154953,2.892372537,3.157261987,3.167729629,3.283462053,3.033136971,2.917389301,3.261663943,3.11601302,2.747307105,2.81895695,2.591340098,2.533945713,2.536614496,2.732692868,2.385970196,2.139240676,2.200069998,1.79651627,1.517602729,2.131944242,1.566237082,1.303888114,1.140442904,1.557731708,1.057697374,1.06596147,1.149842461,1.06199255,1.002625293,1.009618709,0.904645035,0.835561655,0.777263187,0.726835406,0.696186395,0.72343127,0.657300535,0.971586432,0.601058005,0.623077243,0.80006245,0.576530417,0.629979758,0.547919069,0.613761055,0.661153801,0.63370903,0.62074364,0.700774,0.764658242,0.598393997,0.719995014,0.586310182,0.527762707,0.414115678,0.422147286,0.43710112,0.414720503,0.358425065
23,10,,0.000175202,0.000189991,,,0.002381226,0.000375704,2.13E-07,,0.00504598,0.000137695,0.000216854,0.00013247,4.22E-05,7.43E-05,0.00101243,0.003524023,3.23E-05,0.00024793,5.35E-06,0.016650962,3.70E-05,8.15E-06,0.009071495,1.27E-07,0.025368576,5.65E-07,5.08E-06,6.92E-05,4.45E-05,,0.001929084,3.72E-05,0.004201258,2.66E-05,2.05E-05,4.27E-05,0.005732386,4.35E-05,0.00025232,0.000354549,0.001435766,0.000242664,8.07E-06,1.12E-05,1.67E-05,4.82E-05,5.76E-07,5.13E-05,1.06E-06,0.373980871,0.000351402,0.00024727,0.046816435,0.008666585,,,0.000139817,,,
23,11,0.000466642,0.000189006,5.05E-05,1.88E-05,2.60E-06,0.001766769,0.00063072,3.49E-06,,0.003039699,0.000127464,0.000175501,0.000112422,4.78E-05,0.000293671,0.000712413,0.002243118,1.30E-05,3.00E-05,4.19E-06,0.009480559,0.006569553,0.000123593,0.000895208,1.36E-07,0.003218697,,0.000556489,9.89E-05,0.000239842,1.92E-06,0.001225142,2.17E-05,0.003093391,0.000706882,2.08E-05,2.22E-05,0.003411158,3.65E-05,0.000283786,0.000165507,7.01E-05,0.001993447,0.001312596,0.002644129,1.45E-05,7.11E-05,7.31E-05,8.66E-05,6.26E-05,0.037097003,0.000149205,0.000137594,0.155805036,0.001224306,3.15E-07,7.92E-07,0.000766006,0.000104757,0.000391541,0.00063385
23,12,5.382647869,4.755051971,5.210641911,5.216814831,4.853957104,5.121743525,5.468942316,5.176107466,5.227300404,5.097113189,4.643450908,4.134929679,4.161496689,4.003720925,4.189020644,4.002237066,3.749497812,3.61931657,3.286342757,2.889536457,2.470138924,2.559242597,2.433668289,2.302968605,2.131605371,2.258757873,2.226909042,2.195025831,2.349652415,2.489761283,2.410524145,2.090431563,2.032679531,2.137057285,1.905954721,2.006548508,1.856649273,2.074582849,1.963532634,1.712744596,1.668520412,1.735061484,1.651390572,1.505936328,1.505350692,1.434082895,1.464878082,1.374121795,1.351538235,1.323373829,1.595120372,1.28662705,1.218914641,1.13836359,1.151163329,1.175494343,1.072771169,1.022719847,0.949230214,0.993133104,0.972159641
23,13,0.795309565,0.77164575,0.91508103,1.157334503,1.232518847,1.145070918,1.005447186,1.015250558,1.104095295,1.081383133,0.808352038,0.787056811,0.605604999,0.614748928,0.616588196,0.699842438,0.572669556,0.460276314,0.416466409,0.43874045,0.359095523,0.646751587,0.285052718,0.310797884,0.223739452,0.429818179,0.211494514,0.154277198,0.188267916,0.170231991,0.142860507,0.178001582,0.130391157,0.11952332,0.104919838,0.107089249,0.092973272,0.091960404,0.076884491,0.192587222,0.065172591,0.073157029,0.131594839,0.063991051,0.061852098,0.04749517,0.060146988,0.057765024,0.0556069,0.052572413,0.383916892,0.076787357,0.042426887,0.082571776,0.046490798,0.034005016,0.027888099,0.02845291,0.025539444,0.027332715,0.021329958
23,14,0.064865218,0.062845855,0.067012858,0.070349241,0.068448239,0.06948656,0.060134913,0.059078971,0.053780771,0.048242615,0.039995248,0.058485464,0.048576502,0.044868009,0.091797285,0.093202993,0.070525834,0.061256939,0.057311554,0.048115778,0.040807222,0.071272844,0.036291021,0.043518229,0.031869721,0.060177332,0.038244602,0.033476848,0.044034618,0.041922722,0.046157691,0.045414352,0.041111903,0.04067568,0.035383625,0.038822275,0.039174704,0.043405276,0.03962135,0.041175925,0.028281175,0.045436469,0.040129725,0.031971555,0.07214588,0.033573499,0.036574014,0.03588044,0.024258481,0.023508059,0.150885276,0.033178323,0.029051528,0.085477764,0.028544385,0.022134005,0.042771872,0.0560885,0.043304322,0.037141059,0.02700691
23,15,5.693300091,5.220466799,5.625760494,5.894362534,5.892221441,6.635394556,5.841941148,5.610336426,6.439657763,5.696605203,5.133239853,4.874602313,4.708604471,4.466465202,4.80563545,4.999125657,4.367709251,3.387479493,3.367933172,2.818306646,2.266747362,3.142762079,1.94505806,1.910789531,1.70797323,1.933398408,1.460638261,1.265562591,2.083063653,1.80102301,1.490066059,1.534986831,0.922068595,0.895355915,0.886636177,0.699685869,0.737632285,0.700182488,0.602288729,0.775651798,0.513561593,0.523324997,0.633379294,0.443945218,0.555275205,0.452022717,0.471719994,0.52675986,0.400019433,0.390710815,0.532034478,0.500553365,0.390165298,0.543103526,0.484687799,0.441563454,0.322485482,0.341393288,0.293693263,0.280402148,0.237053192
23,16,1.414372596,1.230454156,1.186620331,0.952880347,0.916897983,1.255328624,1.175177882,1.086501569,1.236699837,1.177147634,1.253874218,1.515866313,1.567466906,1.474630204,1.580244085,1.407079283,1.420079091,1.3927673,1.721945024,1.156215369,0.955817565,0.968264006,1.165777723,0.792109973,0.71779829,0.656983253,0.634622004,0.781752844,1.112395582,0.981897094,0.7851312,0.860264003,0.603562494,0.538685507,0.520630622,0.43740074,0.45415886,0.449591651,0.402787059,0.436426444,0.423816782,0.441264052,0.456221731,0.38437378,0.487388663,0.539431284,0.571392596,0.667038623,0.482833991,0.431435301,0.571312199,0.500447974,0.456440011,0.469021842,0.45889227,0.369242092,0.291872919,0.295409935,0.255312509,0.210882191,0.174730529
24,1,6.005682141,5.948905399,5.796853993,5.536982199,5.055998352,5.114129517,4.599097051,4.877517886,4.990317933,6.7721658,6.56778016,6.620603177,7.207845569,5.817449868,6.39155879,8.336991471,5.109034058,5.358891605,6.244030266,8.289284695,5.965554648,5.80095348,6.717559832,6.321413346,6.331924306,5.53391752,4.722311771,5.268194997,5.359630719,6.815098532,4.977754675,5.03934346,5.813903765,6.685377175,5.605879161,4.525588095,5.534790921,6.279470972,5.259522038,4.76277457,5.248681128,5.630778411,5.077463316,5.03280639,5.555416442,5.379455323,4.667550167,5.277736914,5.420317474,5.74452193,5.890189811,5.662720315,6.022932271,6.076426826,5.64827708,6.059123027,4.741461815,4.63844457,4.29134565,4.911667778,5.462096158
24,2,,,,,,,,,,,,,,,,,,0.000739026,0.000657941,0.024401167,,,5.01E-09,3.80E-05,5.58E-06,,,,,,,,,,,,,,,,0.001108412,,0.00235262,1.65E-06,,,,,,0.001312899,0.067544275,,0.002662067,0.002436836,0.003368105,0.000328516,0.000196948,0.001728951,0.00254993,0.002296811,0.000468396
24,3,0.479342673,0.416835362,0.430016522,0.439613437,0.428748476,0.421141582,0.430007123,0.439094383,0.521858223,0.495722539,0.509715914,0.51438583,0.543984907,0.52366729,0.478501125,0.428872634,0.429987425,0.464576208,0.476431892,0.474843204,0.491965244,0.513144862,0.697460874,0.619689401,0.604960949,0.648776207,0.649090871,0.563155018,0.514677423,0.477712583,0.510328649,0.479482202,0.473207235,0.448885236,0.429351486,0.402637021,0.369443276,0.413484098,0.412656383,0.362156475,0.328074466,0.328282698,0.336999503,0.342378072,0.306361073,0.268476136,0.263627245,0.295818303,0.285863739,0.194817397,0.253650198,0.245172154,0.261358556,0.246557273,0.258628929,0.27638821,0.266379387,0.271874532,0.27212757,0.249300066,0.274224876
24,4,,,,,,4.54E-07,0.001409505,,,,0.010635872,0.01040602,0.014386039,0.010720385,0.009479294,0.008685352,0.007932991,0.0075721,0.006934902,0.006992128,0.006472377,0.00720194,0.006706711,0.006180452,0.005664329,0.006801021,0.00732256,0.005966653,0.005054462,0.004898605,0.010088713,0.009040007,0.007782547,0.008233176,0.010628719,0.014857211,0.007723818,0.006586921,0.025845971,0.024589173,0.019487548,0.018224167,0.018177062,0.017406726,0.015204901,0.012171968,0.012895639,0.012374453,0.010374632,0.010845105,0.008167794,0.008580082,0.009249296,0.008919478,0.007998166,0.024837446,0.022102287,0.024040693,0.024741837,0.02545068,0.027721815
24,5,4.19E-05,2.82E-05,1.56E-05,0.000113497,9.05E-07,0.005002389,0.004609201,0.00140718,3.24E-06,7.17E-05,0.012446178,0.000351888,0.008447748,0.017153212,0.000143525,6.89E-05,0.013695442,0.006485008,0.043628541,0.003133674,0.002314959,0.006990915,0.003618077,0.010782658,0.000867679,0.001661361,0.002660447,0.001631404,0.000548993,0.003054456,0.001714339,0.005459175,0.001339992,0.00194578,0.0022074,0.002905196,0.007178927,0.00610936,0.00716745,0.00575248,0.00442604,0.005034924,0.005274547,0.005000608,0.003538098,0.002658686,0.000280006,0.00079177,0.001227719,0.00038411,0.002698329,0.005211281,0.004547748,0.001668593,0.015008014,0.004751523,0.001431091,0.001347247,0.001630997,0.001691216,0.003527359
24,6,0.595968526,0.509153094,0.51644309,0.479213283,0.459631601,0.461980981,0.503814738,0.457193998,0.470384849,0.511695492,0.44340145,0.525785235,0.620549149,0.565498744,0.606251831,0.441498607,0.421389509,0.442566428,0.482356895,0.435336048,0.557712696,0.488912613,0.717719135,0.679520922,0.592445005,0.625449144,0.52368064,0.54406464,0.540607722,0.451204376,0.477332452,0.447425852,0.453269721,0.408258309,0.398111978,0.400818468,0.311842524,0.294155665,0.304120623,0.22532424,0.186066018,0.230704523,0.232134388,0.239889968,0.226447871,0.205094474,0.196839965,0.232927545,0.229032171,0.159902734,0.236359093,0.179497016,0.235483681,0.21055896,0.248969086,0.205468194,0.203945969,0.167072639,0.217804309,0.191064725,0.232297755
24,7,4.20803544,3.573655918,3.140045504,3.067345786,2.984197772,2.774704303,2.634725442,2.590141157,2.227550137,2.186916779,2.053693466,1.949715602,1.899835343,1.814118685,1.790249048,1.579792669,1.537176143,1.557935098,1.67480025,1.483083485,1.472289027,1.880477537,2.636260827,3.684255981,3.678881616,3.425134166,3.790741045,2.885544473,2.63125806,2.782851056,3.337783441,1.768387585,3.242891309,2.335986373,3.682674561,2.249622637,2.312351249,2.032212721,2.484802487,2.145799385,2.42542475,1.750359276,1.643152232,1.694693832,1.360564629,1.531820373,1.159131684,1.351456364,1.280798627,0.783814236,0.80151679,1.745236834,1.256503402,1.354428069,1.460644463,1.371030863,1.399763473,1.579788812,1.503566336,1.460411329,1.47912665
24,8,0.000202527,,,0.001631283,,0.039031164,0.037354546,0.005699502,3.90E-05,2.27E-05,1.91E-05,0.000949456,0.038842369,0.105818823,4.73E-06,0.000657794,0.027504904,0.035324312,0.271056507,0.022609652,0.016017127,0.057901219,0.030253001,0.068753793,0.00678941,0.005577312,0.007130403,0.00315142,0.001617969,0.018486456,0.006524757,0.026803012,0.004811721,0.01248104,0.008548607,0.000231746,0.004481229,0.000148655,0.000681935,0.003332773,0.003904017,0.002734209,0.00061725,0.002934118,0.002270414,0.004368407,0.001886149,0.008830309,0.008243017,0.006329045,0.020664409,0.004634361,0.002101305,0.009457728,0.002176897,0.002133246,0.002478916,0.002104713,0.001697315,0.011544841,0.008039302
24,9,15.22333555,13.1076853,13.48543753,14.08602154,13.70275513,13.35760816,13.22852378,13.32923899,12.93952252,12.71915247,15.86045247,14.75823472,12.67468191,12.78567301,11.70779903,11.5479085,12.07737967,11.54470182,11.20276838,11.66797757,11.31042998,12.75353906,13.95045742,13.22502497,12.56523166,12.89176562,12.30645046,12.28441639,12.84281298,12.82122741,13.16041702,13.0849172,13.16557207,12.29610858,11.41460838,10.89716369,9.517391103,10.26715301,10.28866616,9.390671645,8.26402611,8.073617489,7.320252786,7.826862148,7.427432696,6.993002119,7.122483168,7.034282637,6.305497393,2.512630814,6.312004147,6.460228501,5.840376752,5.689480498,5.366404434,5.277047309,4.544885619,4.402931001,4.395020456,3.765378856,3.937364827
24,10,0.000130279,8.58E-06,2.36E-05,0.000389948,6.30E-05,0.010335941,0.010626513,0.004219518,5.68E-05,0.00074229,8.45E-05,0.000395547,0.015621121,0.03481664,0.000132005,0.000158848,0.051387411,0.020993552,0.09981351,0.005781589,0.004759044,0.010079997,0.004115609,0.015008253,0.001130222,0.003387468,0.003819788,0.000762319,0.001674933,0.003950068,0.00048095,0.00431637,0.001525946,0.030104894,0.000929549,0.001749938,0.002500456,0.002303823,0.000792446,0.00208539,0.002153801,0.000883434,0.000417749,0.000160915,0.001162362,0.00079213,0.001756487,0.001011921,0.001036417,3.95E-05,0.000627615,3.46E-05,0.000743637,0.000448154,0.00170961,0.001271906,0.000713231,8.78E-06,0.000190621,0.001394531,0.009358145
24,11,0.000223502,0.000400505,0.000305131,0.001193316,0.000150024,0.001587626,0.001651256,0.002149429,0.026659012,0.019631919,0.023275644,0.027376542,0.021402645,0.026165025,0.053330726,0.030151478,0.051717098,0.033067882,0.048319862,0.086549255,0.127431487,0.091651237,0.179684461,0.196413658,0.212776199,0.227191178,0.167763602,0.215530256,0.213671646,0.251783628,0.276921926,0.309756475,0.321506815,0.285830642,0.307206547,0.296415197,0.266618098,0.412615713,0.525292852,0.346249666,0.323653712,0.457285949,0.524898569,0.538787163,0.434522775,0.441268877,0.364569245,0.524861896,0.729102944,0.651348952,0.891856344,0.673207218,0.687935127,0.623367435,0.704476319,0.432706087,0.414662416,0.295831474,0.621647476,0.384782519,0.636873114
24,12,3.785112178,3.543421299,3.548195973,3.486399942,3.459100982,3.273536169,3.129969246,3.15374687,3.01717991,3.027838023,3.05246516,2.966491346,2.806040993,2.690613184,2.514653615,2.417630737,2.44821773,2.368960714,2.400671724,2.34769522,2.181907451,2.296607408,2.460685934,2.346301766,2.276327679,2.1454356,2.156829606,2.267546878,2.495434277,2.545828077,2.588144528,2.26281046,2.207122214,2.40118393,2.186608671,2.325983059,2.120737647,2.396190888,2.413547639,2.227618375,2.07098002,2.205022342,2.077131616,2.126920622,2.223214729,2.228140858,2.381531374,2.369982456,2.29255496,1.538120554,2.31133172,2.294321747,2.183519015,1.901070689,1.965908703,2.13024472,1.943499745,2.000220388,1.897325424,1.94487368,2.013588524
24,13,0.229185349,0.22369209,0.221910315,0.217224208,0.191620544,0.218130261,0.241044486,0.235691152,0.245839499,0.266981488,0.278488339,0.258611329,0.273961375,0.257284248,0.267307493,0.253782594,0.27454233,0.275790984,0.321220062,0.260228563,0.233189887,0.284792136,0.33488305,0.330014329,0.239263656,0.260924728,0.243305623,0.23968294,0.295784219,0.326119598,0.388860749,0.287872142,0.296707444,0.313553181,0.288137657,0.268549228,0.239115014,0.278515595,0.253628706,0.223277183,0.208378771,0.152419138,0.17498675,0.180599375,0.149575559,0.132412758,0.114222066,0.096686223,0.110215022,0.088593518,0.069978801,0.073405729,0.06014217,0.054622658,0.053094379,0.045604573,0.060707875,0.0620352,0.056600732,0.049463251,0.056943334
24,14,0.579817813,0.474317254,0.474778105,0.447300835,0.427584925,0.462590898,0.421687196,0.425495179,0.31340027,0.307974998,0.312348707,0.423591305,0.526342239,0.494072299,0.555452881,0.409485077,0.260005818,0.275254158,0.310657457,0.314335171,0.420763603,0.363468561,0.569938848,0.603266036,0.56261645,0.575949921,0.540640328,0.549123642,0.539787935,0.480423165,0.53497796,0.482034896,0.607695645,0.534648687,0.658221094,0.563952861,0.530374682,0.456761136,0.514015001,0.382192844,0.394690158,0.376145932,0.361375117,0.366040075,0.281168917,0.316683573,0.231503533,0.293793332,0.337744312,0.301243337,0.392680631,0.388655189,0.370615173,0.311201432,0.440617201,0.214962304,0.253271694,0.262620366,0.380534559,0.303853038,0.441244359
24,15,2.960236995,2.520567979,2.532146205,2.402716328,2.29399811,2.230261571,2.266650205,2.389519095,2.529282636,2.496768846,2.364151111,2.672580697,3.207189646,3.044347005,3.138563365,2.721237453,2.307815163,2.61463157,2.670779807,2.843673347,3.46865625,3.332807405,4.604512217,4.15578089,4.113354486,4.347621158,3.789232152,3.938897799,3.497618437,3.056177904,3.195394046,3.170492324,3.225760063,3.252243394,3.314759727,3.042298154,2.797273048,2.551295692,2.37074001,1.840222847,1.669761179,1.742530846,1.66692361,1.661511086,1.441139024,1.350760699,1.22232565,1.356407606,1.326017607,1.190880489,1.263090466,1.091521116,1.063156941,1.014739949,1.017614197,0.932534351,0.831957364,0.714207434,0.78071303,0.716962181,0.802280969
24,16,0.069384713,0.102553845,0.094504029,0.092152986,0.087382183,0.101356898,0.102993565,0.192448691,0.247759054,0.225017966,0.228006443,0.207216575,0.230640141,0.262596093,0.44396966,0.174957076,0.184447921,0.226859906,0.644060079,0.462677459,0.567229084,0.770265969,0.622924036,1.123543278,1.482932475,1.213301446,1.501228236,1.325784629,1.198679734,1.376727263,1.059857097,0.762083526,0.821522513,1.056943725,1.414311619,1.629154039,2.026710928,1.741365585,1.763291535,1.863330827,2.242802475,1.124659658,0.901116547,1.230410962,1.469507944,1.903465595,1.773051928,1.209064276,1.00090746,1.382907956,0.892318858,1.227442738,1.887583839,2.039061834,0.890496387,0.929380615,0.878694993,0.777816763,0.649479664,0.810580959,0.655872521
25,1,2.070227512,1.767548989,1.434286926,1.925913478,1.668333535,1.298319551,1.293351587,1.411408638,1.238686994,1.190306238,1.090693576,1.461878937,1.761572081,1.551966444,1.621405125,1.710720793,1.157614854,1.005334365,0.897410883,1.121909113,0.665164932,0.295177331,0.532715747,0.38777424,0.32351119,0.326770549,0.33399067,0.337301573,0.268689196,0.359998885,0.284327721,0.293328715,0.307329677,0.377334647,0.262351066,0.187725177,0.232061297,0.277079023,0.174496731,0.204777227,0.216186563,0.222699922,0.209586447,0.194298385,0.224887595,0.245881631,0.182611034,0.188216242,0.162508982,0.125206509,0.157620764,0.136219597,0.095353292,0.106315249,0.107824433,0.107127362,0.112538904,0.159597416,0.08431551,0.14053231,0.09338759
25,2,,,,,,,,,,,,,,,,,,,,,,,,,,,,,,,,,,,,,,,,,,,,,,,,,,,,,,,,0.000480608,,,0.000880037,0.000890196,
25,3,1.45957999,1.29371605,1.137546343,1.442411632,1.405465028,1.247836963,1.28268712,1.315573426,1.304087113,1.232070294,1.243174108,1.595505781,1.873354897,1.819011688,2.070871346,1.570372714,1.530351105,1.425434303,1.430111792,1.544010226,1.349390661,0.747867863,1.351303029,1.063321026,0.915913581,0.927581755,1.004359335,1.027487365,0.828359844,0.839205691,0.932556562,0.884112198,0.875497414,1.004947248,0.858445903,0.744639697,0.654483735,0.65111459,0.621423021,0.649416811,0.657199309,0.55638247,0.547914561,0.517536444,0.492386214,0.448257205,0.40451897,0.443059922,0.39036874,0.399582491,0.315455368,0.353083815,0.311188975,0.261596107,0.264527219,0.297252732,0.362360109,0.350068315,0.285747151,0.331891746,0.283810507
25,4,0.007104033,0.007769803,0.006934085,0.008702183,0.012528211,0.013509626,0.00881605,0.011389198,0.009633112,0.009428701,0.01526849,0.015226484,0.015190152,0.015618608,0.00816521,0.009917336,0.008330864,0.007892636,0.008114434,0.00823884,0.009163002,0.011795346,0.009108145,0.010734796,0.009580788,0.012262764,0.012807184,0.018052403,0.014531626,0.018142085,0.019379703,0.016473951,0.017027717,0.02000182,0.016906838,0.020587621,0.017638155,0.01719051,0.017668383,0.017829113,0.017180805,0.01324033,0.011777875,0.010403253,0.01004862,0.007812321,0.006571913,0.0061202,0.005817726,0.006411992,0.005819994,0.006350575,0.005547126,0.005526969,0.006447058,0.007375908,0.009096849,0.008498208,0.010642508,0.009567915,0.010397648
25,5,1.61E-07,1.05E-06,4.38E-06,4.80E-08,2.81E-07,2.24E-05,,,,9.75E-05,0.000201435,0.000223861,2.92E-05,0.000211509,0.000192585,2.94E-06,6.05E-05,0.00890444,0.008957415,0.00638666,0.000144365,0.000385019,0.000781983,0.000427244,0.002022476,0.00010221,0.000333269,0.004464769,0.000381016,0.000122617,0.000276174,0.000370172,5.18E-05,2.11E-05,0.000133904,0.000755811,0.00042252,0.001278795,0.001317747,0.000951053,0.001167691,0.000979227,0.000665757,0.001055053,0.002324955,0.007447363,0.012835836,0.000516567,0.00281661,0.008757997,0.000301744,0.000330863,0.000181798,0.004133896,0.001195801,0.001450374,0.002053092,0.003174012,0.004082019,0.002399252,0.002058326
25,6,0.911252564,0.824305945,0.716863906,0.849016256,0.828257896,0.708095134,0.812151287,0.748529287,0.804050007,0.839441851,0.824634179,0.983618427,1.207820425,1.244980867,1.359409939,0.943475842,1.030237561,0.913581062,0.953328737,1.003980007,1.115031308,0.603053319,0.981300625,0.790208507,0.71792957,0.738187245,0.779517298,0.825103839,0.718338371,0.752604172,0.810893792,0.713447147,0.76748019,0.832495476,0.709756756,0.639416042,0.506843702,0.51725225,0.493658307,0.497365224,0.512877345,0.466368266,0.464568006,0.441033461,0.415780265,0.400098296,0.397030091,0.39556685,0.357778065,0.339037601,0.306595218,0.311291649,0.274666815,0.22722727,0.236724995,0.234801445,0.334221139,0.286650187,0.28854973,0.304459732,0.260469384
25,7,6.750112246,5.784568966,4.471850448,5.486312119,5.014515499,4.17877349,4.137142803,4.16247308,3.781957672,3.381765406,2.998155996,3.607879433,4.204633424,3.892719178,4.478050351,3.203311259,3.070117402,2.977232414,2.992364602,3.108365331,2.733810373,1.793645035,2.871092599,2.301497866,1.951636612,1.838525663,1.935952827,1.934874379,1.510344123,1.608210426,1.784402713,1.595771773,1.602707169,1.786319973,1.515123848,1.340101119,1.228280055,1.173643406,1.103110075,1.157713354,1.11407273,0.984155474,0.948924829,0.934984646,0.84587868,0.761337186,0.695345618,0.673333459,0.617280459,0.578742961,0.603016006,0.591411266,0.482857075,0.468214678,0.429385836,0.393310697,0.456096014,0.401346138,0.402843414,0.411692875,0.390995422
25,8,4.04E-06,2.80E-05,9.15E-05,1.10E-06,5.60E-06,0.000189428,,,,0.000577985,1.23E-05,0.001312798,0.000259424,0.001241729,0.001160512,1.70E-05,9.31E-05,0.060437629,0.055184141,0.041162643,0.000518805,0.002175789,0.002122112,0.000883929,0.012542794,0.00396745,0.000125485,0.028751161,0.000263448,4.59E-05,,0.000200481,4.84E-05,6.53E-05,1.16E-05,0.005839313,0.002365475,0.006511286,0.007744983,0.001209797,0.00132311,0.005679254,0.003420649,0.005457927,0.002038677,0.001887229,0.007637453,0.003135984,0.001517797,0.003185075,0.001935004,0.002026431,0.001425881,0.00674184,0.00249209,0.003866638,0.004661711,0.003268887,0.006864226,0.00167217,0.001232931
25,9,2.17144444,2.074471826,1.895804095,2.111503932,2.170684734,1.839588072,2.067293445,1.818071389,2.005804553,2.020080455,2.145007776,2.36227703,2.928576926,3.03942281,3.096461751,2.35483618,3.05510898,1.991500895,2.153159834,2.22506231,2.808896898,1.821978721,2.86087835,2.334288869,2.246843913,2.627101802,2.047306194,1.947212883,1.792723545,1.924179127,2.134734073,2.759108838,2.839148464,2.461869457,2.174763208,1.948223385,1.533061503,1.484634393,1.459197606,1.534230666,1.622676708,1.475507402,1.507064538,1.436479159,1.304739717,1.360756886,1.333363967,1.249364467,1.15649059,0.939912545,1.109461978,1.146000777,0.890193133,0.761430986,0.802168541,0.716718363,0.945360866,0.779000246,0.803424023,0.761611847,0.677360348
25,10,1.73E-05,1.27E-05,4.48E-06,0.000118998,8.20E-05,4.16E-05,5.67E-05,0.000300051,1.70E-05,0.000287408,0.000172286,0.000311792,0.000319153,0.000530127,0.000627404,0.000550757,0.000152658,0.021455667,0.020920038,0.016002409,0.000226532,0.000482661,0.00046982,0.000276557,0.004456299,3.75E-05,1.86E-05,0.008638373,1.33E-05,8.73E-06,4.70E-06,8.86E-05,6.25E-05,0.00010287,0.000399072,0.000836403,0.000533741,0.001094682,0.000481733,0.000168227,0.000148075,0.000816149,0.000104096,0.001078399,0.000232915,0.000732972,0.000112384,0.000233183,6.40E-05,5.05E-05,6.20E-05,9.18E-05,2.55E-05,8.04E-05,4.53E-05,0.001739255,0.000489493,0.000317814,0.001539694,2.99E-06,6.06E-06
25,11,0.10061672,0.080677321,0.064079294,0.082959284,0.078840904,0.080461613,0.073197946,0.079228668,0.064771088,0.063111999,0.068311009,0.106449214,0.121594582,0.113216045,0.192002625,0.112876592,0.113442807,0.097530388,0.12513359,0.192131383,0.239984468,0.087722134,0.196802152,0.18608955,0.191445674,0.195507137,0.201153704,0.223637618,0.181948017,0.274044273,0.30442828,0.315880116,0.372565738,0.378313118,0.361692559,0.299533893,0.203235274,0.307916137,0.429884429,0.513106361,0.519895783,0.53707544,0.545700524,0.567344291,0.589820671,0.505571685,0.616818843,0.741094089,0.721763632,0.735163786,0.495792327,0.628708807,0.520160722,0.351632858,0.569599928,0.426917182,0.729701826,0.552223268,0.684830009,0.618898665,0.618899594
25,12,1.395345294,1.300467362,1.180599542,1.396431342,1.345901289,1.210294053,1.285463592,1.306823974,1.375873944,1.278824013,1.29997493,1.589278781,1.825136109,1.721110089,1.807299982,1.444495725,1.396682219,1.297098474,1.323878747,1.411305566,1.213130721,0.797727135,1.252752064,0.985963712,0.86585766,0.883730383,0.926856051,0.918239501,0.787722503,0.847084271,0.974504778,0.814101383,0.796742749,1.01199061,0.789608095,0.796154343,0.706977553,0.78810892,0.76229793,0.749752102,0.792588369,0.746517626,0.71221384,0.664602051,0.641710614,0.646081571,0.588457231,0.578836659,0.5640685,0.558605078,0.599604233,0.623216008,0.526559935,0.452514855,0.437880305,0.453919629,0.524705106,0.493074442,0.428451922,0.473093092,0.402448232
25,13,0.006206837,0.006453795,0.006928295,0.007202358,0.006383161,0.006564989,0.007431668,0.006472622,0.007050898,0.006181788,0.006767324,0.006325008,0.006177782,0.006198187,0.003893994,0.004571497,0.005526358,0.01254802,0.011456551,0.010424239,0.004210937,0.005068268,0.005274302,0.004831231,0.010573379,0.008243887,0.007657379,0.017605138,0.009114691,0.023408863,0.012595354,0.013319175,0.011765102,0.016886082,0.009533022,0.008834267,0.010414139,0.017098526,0.011420179,0.009622533,0.012633554,0.011588702,0.011260668,0.011369912,0.00913682,0.018643294,0.012571362,0.01076364,0.010911863,0.011743966,0.012811889,0.011515121,0.009484329,0.0102281,0.008721116,0.009359166,0.012390382,0.010785419,0.009897606,0.009166685,0.009268498
25,14,0.659573074,0.596998329,0.461087839,0.565139319,0.567224332,0.435798818,0.486238226,0.495802591,0.404898923,0.383671614,0.401634438,0.608584799,0.733138489,0.746845922,0.842697043,0.572708768,0.454521568,0.38653071,0.409606844,0.444683759,0.616182524,0.280016997,0.479879297,0.406081249,0.383991486,0.40706979,0.445211915,0.473702134,0.411681906,0.439496765,0.477716612,0.498666524,0.569582416,0.618038865,0.539796155,0.47125399,0.363131763,0.331931809,0.329274018,0.344627849,0.375433899,0.343550955,0.322153943,0.321923398,0.295614593,0.2752672,0.353354662,0.345757391,0.320746305,0.337685185,0.230983041,0.252957837,0.223248965,0.166974893,0.19421701,0.151722146,0.269527418,0.219249533,0.249215009,0.220674672,0.229958521
25,15,1.999807123,1.701974758,1.34106148,1.670104998,1.64217259,1.169479518,1.422496855,1.318988297,1.3116761,1.348403494,1.267556047,1.522793718,2.075811753,2.296521212,2.457563259,1.591560024,1.694524162,1.270989274,1.367059877,1.457951625,2.393764532,0.986656039,1.803515254,1.543166831,1.478461052,1.672269012,1.678254416,1.837399613,1.519214815,1.543868143,1.628960334,1.646930243,1.800808355,2.011806375,1.732968622,1.397968727,1.001167587,0.89609152,0.853269618,0.881099116,0.890483388,0.792644972,0.772837709,0.694605303,0.618539602,0.581818814,0.585349557,0.575541435,0.496063323,0.431984209,0.346133647,0.338917299,0.295418063,0.244723843,0.299593529,0.275318938,0.389923215,0.305859827,0.30993456,0.301358542,0.276062824
25,16,0.021763033,0.019061656,0.015137942,0.019175278,0.02122744,0.015582089,0.019092926,0.015993181,0.014385307,0.01590514,0.016913702,0.020080975,0.029744491,0.029010419,0.038806137,0.02069973,0.024411499,0.040481971,0.046578924,0.038524828,0.032348481,0.011970074,0.033996502,0.024294943,0.039853539,0.062951847,0.068066567,0.064914662,0.03784042,0.033361361,0.031615936,0.042370293,0.040206736,0.04513686,0.034510422,0.029016357,0.028015077,0.027741467,0.022567307,0.027732665,0.025280414,0.02730359,0.024093117,0.027796563,0.025073359,0.046645507,0.018472125,0.020893096,0.012644037,0.016075311,0.014072921,0.013464899,0.011219427,0.017406842,0.013612038,0.022574716,0.018690989,0.029135136,0.018223826,0.01813988,0.03263694
26,1,3.929414266,6.538132213,6.933510587,6.310903143,6.363665651,6.37298874,7.094307687,6.558766661,6.702608339,6.652565226,6.350705601,5.818920297,5.252812751,4.461164843,4.730388423,5.772184107,3.794729566,3.825892208,3.929110848,4.729459932,3.312666252,3.588322729,3.779347097,3.667065356,4.044589089,4.614366791,4.741494211,4.558073563,4.33569476,6.331156991,5.280646797,5.404901462,5.619790143,6.589902979,4.416195323,4.148762514,5.494553882,7.189379599,6.003549153,5.918526596,6.424634677,7.43439934,6.509575794,6.713264235,7.756274082,7.672471632,6.758506496,7.354369317,8.024955897,8.502129256,8.06718632,7.575719483,7.811712671,7.267944185,7.01861975,7.208621936,6.22943631,5.77226567,6.235905717,7.046516204,6.957781097
26,2,,,,,,,,,,,,,,,,,,,7.20E-05,0.000448927,,,3.39E-05,,,,,,,,,,,,,,,,,,,,,,,1.27E-08,4.77E-08,3.96E-08,3.56E-09,0.000944537,1.09E-05,0.00038605,3.65E-05,3.00E-05,3.52E-05,0.000132929,0.001920047,0.001504153,0.000485956,0.004004843,0.000978435
26,3,4.935972854,6.339081104,6.215304152,5.989105121,5.766161983,6.159138306,6.253719936,5.863900137,6.208054231,5.967574523,6.200940284,5.916780065,5.735237964,5.721554081,6.22831922,5.987141242,5.993109319,6.026135279,6.175793702,6.496626917,6.474661472,6.928830967,6.488697222,6.49524716,6.601640616,6.601995366,7.070137411,7.144278564,7.235839967,6.925054124,6.843583246,6.650450903,7.137656857,6.773449547,6.365291158,6.7996538,6.557565077,7.054608071,7.027591265,6.648084957,6.508473969,6.478453176,6.198194462,6.007401366,5.904898903,5.724218342,5.427810633,5.161501357,4.965072569,4.851089953,4.512390098,4.08443709,3.943914364,3.680408099,2.985916947,3.784492233,3.550805316,3.190305378,3.1009171,3.08490794,2.969789689
26,4,0.000320316,0.00054356,8.45E-05,0.000487808,0.00019989,0.000560624,9.67E-05,0.000447346,0.000952192,0.000434247,0.00080891,0.000924098,0.002125753,0.001621352,0.002647715,0.001499584,0.001019904,0.001407455,0.001276129,0.002409281,0.001089382,0.000711942,0.00051652,0.000487776,0.001751659,0.000794376,0.000929818,0.001232812,0.002379769,0.000827535,0.000215166,0.000303149,0.001234498,0.000649218,0.002332515,0.001374234,2.57E-05,0.000278379,0.001231163,0.000232627,0.003948567,0.001498886,0.005211905,0.002654036,0.002975197,0.015473843,0.041009768,3.79E-05,4.71E-05,7.55E-05,0.000667057,0.000331067,0.001250719,0.001429519,0.000890942,0.002600242,0.000326957,0.001268925,0.011727108,0.005720285,0.01914265
26,5,0.027815783,0.01835216,0.021039188,0.024454646,0.021659906,0.021986319,0.030685034,0.027106685,0.047549742,0.071734506,0.055770644,0.259708581,0.073236905,0.039182728,0.033454926,0.105158835,0.055239435,0.050495607,0.094040528,0.044336078,0.041649163,0.065910695,0.064304791,0.048717192,0.063181268,0.0149636,0.032025153,0.048179088,0.023644034,0.031783629,0.03585411,0.035500719,0.029991467,0.026803565,0.03962322,0.058922105,0.03322377,0.032627773,0.021087873,0.044628806,0.074758162,0.052454319,0.058266897,0.051789552,0.073853579,0.063123518,0.074880992,0.057773062,0.059215129,0.073760644,0.060636495,0.069421556,0.073380924,0.084119962,0.083397364,0.093231867,0.092831735,0.115733583,0.130810478,0.105670452,0.11532743
26,6,4.955319955,6.573910169,6.608305382,6.495303233,6.530467654,6.754956451,7.301866724,7.080959735,7.594101801,8.107583852,7.856210537,7.688147587,7.292691508,7.190708848,7.418306271,6.826220723,7.411329092,7.581998017,7.712349302,8.414801656,8.289609681,8.484670987,8.20407283,7.728844876,7.502171771,7.363085096,7.518344005,7.488505249,7.743406202,7.642213267,7.48493862,6.600682049,6.764419538,6.415930638,5.993322234,6.502869762,6.454047437,6.945957539,6.954984954,6.699239177,6.459564524,6.44707674,6.270716181,6.162331528,6.421748048,6.349204925,5.86296668,5.677696349,5.66009529,5.78573115,5.66024676,5.249637972,4.704473956,4.867720066,4.661087625,4.794829865,4.698908095,4.503609505,4.688677613,4.843253025,4.305233642
26,7,9.574197533,12.0082312,10.50271329,9.432952241,9.608026158,9.771855738,10.24914043,10.02526225,9.946314784,8.978201185,8.143751706,7.738169948,6.765546782,6.51285256,8.194194738,7.26858222,6.633331252,7.064317986,7.297140703,7.689224671,8.126930298,9.791927267,8.599206545,8.246641233,8.058124069,7.498553961,8.243553806,8.09113073,7.726526743,7.467906475,7.538835052,7.389232734,7.213609201,7.202698865,7.080196237,7.137780365,7.377769426,7.243064205,6.561950509,6.527682058,6.052915453,5.969770038,5.918602819,5.774422241,5.445071936,5.181519152,4.978404943,4.720586852,4.630999999,5.005758167,4.750786828,4.372185812,3.861809682,4.301645359,4.24936636,3.928164888,3.750718256,3.273519311,3.379342316,3.408449047,3.180588821
26,8,0.82460602,0.86573622,0.85136183,0.849971534,0.616492034,0.823088188,0.759809269,0.554535719,0.835974374,0.878076719,0.778819465,1.860325323,1.016797544,0.800221298,0.738202202,1.194728271,1.256131274,1.518681471,1.806762649,1.07544764,0.980013765,1.234978069,1.137314404,0.789548936,0.750425277,0.854105617,1.059177029,1.260210424,1.074939209,1.09962006,1.152522549,1.296258188,1.5419777,1.486202572,1.657433608,1.755185256,1.708527517,1.868697735,1.367693347,2.942502705,2.937302906,2.438442749,2.380623985,2.537665599,2.494293881,2.283445291,2.364436142,2.424610777,2.401410568,2.424927805,2.295551052,2.233834309,2.847056236,2.740135847,2.937715851,3.237625768,2.707260333,2.954075107,2.894463492,2.172503854,1.800132926
26,9,7.647032657,10.13541202,9.810602024,9.732983388,9.528980561,9.487574626,10.80455929,10.50487634,10.78198721,10.31509762,10.13807921,9.744668073,9.509171246,9.490115306,10.0026478,8.891513243,8.506802505,8.794993285,9.245731573,9.611505863,9.603634941,9.099733639,8.145648995,7.731661252,7.850345185,7.635795974,7.443366024,7.37003296,6.935119421,6.881054225,7.030347752,6.690720946,6.69736667,6.684173083,6.073780474,6.589889472,7.215420278,6.872385144,6.234746538,6.326083457,6.117866563,6.119269158,5.656642995,5.238490476,5.295383707,5.28154183,5.177877982,4.792624044,4.836154599,6.848870596,4.499467497,4.285138747,3.778467552,3.846196132,3.599754263,3.770605232,3.376404399,3.508909036,3.13782732,3.608708296,3.292503002
26,10,0.002088803,0.0006585,0.001233444,0.001557415,0.002130992,0.00407478,0.021717945,0.013641224,0.053922616,0.120362538,0.077959929,0.423852179,0.088027058,0.034313528,0.021310559,0.139114961,0.057846043,0.053053274,0.125881934,0.007003027,0.043489695,0.056470378,0.08054883,0.029885765,0.02379902,0.00864047,0.039529016,0.064718707,0.008897231,0.011512781,0.026448238,0.065533788,0.027018168,0.011223506,0.062970836,0.044698651,0.060664659,0.014876555,0.012834794,0.007005991,0.020131776,0.017522167,0.018648572,0.012619491,0.014504088,0.048762927,0.055919549,0.017674593,0.033402579,0.030280486,0.002335686,0.119659562,0.004900063,0.007060955,0.043211478,0.006125741,0.002795036,0.001942968,0.021699723,0.013319646,0.043528372
26,11,0.063031966,0.081691947,0.082995119,0.060421618,0.069756366,0.089087684,0.093565989,0.082477304,0.082772171,0.097190069,0.141027841,0.182617213,0.086997535,0.084351062,0.201901652,0.137784208,0.102085721,0.109460369,0.222151606,0.386334524,0.203271731,0.234444564,0.163728394,0.17545857,0.247100284,0.187323955,0.241472338,0.267100866,0.301724763,0.364782149,0.381977286,0.323024884,0.312816662,0.290092535,0.339188094,0.307324646,0.334498332,0.587747037,0.698305044,0.762990133,0.758011773,0.85613492,0.67311304,0.738648813,0.815567132,0.784843244,0.799378868,0.852149673,0.939585621,0.926256585,0.805704848,1.048333041,0.971516345,0.607128507,0.833304947,1.215622841,0.765159937,1.495926205,0.795116772,1.324745545,0.931727246
26,12,1.150258517,1.50998307,1.599976404,1.336550155,1.356033224,1.409854,1.661493309,1.799917562,1.542603382,1.495559635,1.441101504,1.459315753,1.012898946,0.921614868,1.05022199,1.064008087,0.919147694,0.974772002,1.061953239,0.923058715,1.246908325,1.382045948,1.031150211,0.952906807,0.950232175,0.864683067,1.102217691,1.093585627,1.116642058,0.990683486,0.997029109,0.863126398,0.804591842,0.899076038,0.848509964,1.084752685,1.240327517,1.30207001,1.216836831,1.479953239,1.288900443,1.722332861,1.568367441,1.186103855,1.185203824,1.271760176,1.232472007,1.149013341,1.327311332,1.84489013,1.315015474,1.305174096,1.530855552,1.489023794,1.135221121,1.254307713,1.348082237,1.323507217,1.342536329,1.229339437,1.286857384
26,13,0.873562045,1.105532397,1.131932565,1.161943764,1.190903231,1.242629411,1.253717765,1.206491588,1.186487086,1.183073762,1.138189466,1.182934573,1.018993177,0.974063116,0.937323276,0.900167067,0.854167231,0.925645405,0.93212033,1.025538576,1.176079984,1.209756911,1.198708883,1.168366253,1.12631059,1.066307441,1.060077556,1.058720493,1.082773142,1.110734477,1.171355884,1.145551402,1.079492425,1.068250464,1.049759171,1.144009094,0.993085479,1.028827856,0.986591122,0.975244345,0.944058072,0.809895244,0.839087186,0.790943957,0.788913516,0.797187986,0.846679877,0.793198458,0.761148976,0.730972153,0.57612885,0.561711922,0.435326931,0.420449814,1.441994128,0.391269109,0.468199159,0.494704085,0.582364011,0.522798793,0.514975087
26,14,6.754675027,8.178320424,8.059571636,7.806815261,7.721871038,7.947607751,7.776143293,8.270648892,6.718533314,6.18178689,6.513260571,7.955029166,7.335234108,6.081825661,6.340573716,5.94178698,4.756946168,4.866588356,4.983766038,5.218928215,5.406657718,5.432419992,5.361176629,5.377952633,5.425526454,5.4527387,5.588251115,5.536142366,5.63037634,5.599310296,5.498987408,5.608420295,5.73703713,5.437727512,5.211458826,5.235633154,5.327471981,5.378621341,5.54152979,5.42272546,5.361771664,5.496081886,5.421071452,5.472777401,5.507063109,5.473876727,5.47525267,5.470707183,5.46071474,5.394191614,5.177660492,5.224086108,4.732498749,4.339122341,4.549899662,4.413833478,4.739213472,5.568805784,5.768732528,6.19357316,6.422726702
26,15,11.5381794,14.81441285,14.60074563,14.25563284,14.40561885,13.86165782,15.21306633,15.15337539,15.582631,15.1565061,15.02324081,14.40596937,13.26906884,12.81721127,13.06070908,11.79669684,11.38317214,11.24703931,11.37239642,11.75918936,11.34567732,11.50526304,10.71151618,9.946106203,10.46315921,10.2724192,9.673250875,9.613576792,9.070133238,8.828657644,8.736889367,8.176878876,7.843434781,7.793387511,6.533217651,6.27172554,6.332324902,6.450803211,6.215527461,5.884506673,5.553565456,5.567929019,5.212755798,5.105101184,5.130200489,4.894189983,4.175814065,4.055249962,3.867844166,3.899518222,3.558865927,3.287845369,2.95488209,3.059559564,3.124994713,3.491236797,3.065225907,3.308858878,2.923100569,3.288035441,3.238658477
26,16,1.830255683,2.133941611,2.287609819,2.028263127,2.178867409,2.044115727,2.163197289,2.134011242,2.207911147,2.145514273,2.01466264,2.525052847,2.195134333,1.893339832,2.297485473,2.349654581,2.35674416,2.20894491,2.237530968,2.197994415,2.086342156,2.244174917,2.610867832,2.458825116,2.037500001,2.190602218,1.963219161,2.234337075,2.68583369,2.62790424,2.529172127,2.792615617,2.749128267,2.923261806,2.844924919,2.947825914,3.321440015,3.653722689,3.406054574,3.390555968,3.564721472,3.812720095,3.662124,3.44281166,3.536941837,3.467172604,3.472969225,3.408961981,3.518040464,3.277061672,3.419780549,3.469009127,3.355305577,3.231161303,3.746981606,3.486115971,3.700172497,3.606174519,3.865458636,3.199108565,3.136498551
27,1,0.691971944,0.612239611,0.656823348,0.502933454,0.550377907,0.74418185,0.715057852,0.81185984,0.563820034,0.590914795,0.613570005,0.600254737,0.535256948,0.475421942,0.502570221,0.660117303,0.683397518,0.509726571,0.659431109,0.787472554,0.908636759,0.641952388,0.790048047,0.760718754,0.864931228,0.671965527,0.831892818,0.912544837,0.732534745,1.241062738,0.590523834,0.466712692,0.562181573,0.649368503,0.539997836,0.362947697,0.555427815,0.699472029,0.539989901,0.528648727,0.533338006,0.497733421,0.483894363,0.440596943,0.589912154,0.567158472,1.01694651,1.771051258,1.758290707,1.927793595,2.086560677,3.164959641,2.939357643,2.320037562,1.7122069,1.846807265,0.977205489,0.846838953,0.945098057,0.929821256,1.470962113
27,2,,,,,,,,,,,,,,,,,,,,,,,,,2.77E-05,,,,,,,,,,,,,,,8.32E-07,,,,,,,,,,0.000293655,,0.001540744,,,,2.32E-07,1.62E-07,,0.001390172,,
27,3,0.482256781,0.439693557,0.41121583,0.353284895,0.390878227,0.472042456,0.510018564,0.547163212,0.439628633,0.439679047,0.486450442,0.379455437,0.434025671,0.448356588,0.446431695,0.435544587,0.55834563,0.45411578,0.515715769,0.516603926,0.519453985,0.54690715,0.521604037,0.701503043,0.745082814,0.873554189,0.531446882,0.660243994,0.528614426,0.682165054,0.613169556,0.554262077,0.577864568,0.454748087,0.471686427,0.458613363,0.400822443,0.502583036,0.4977436,0.368499457,0.383320347,0.315957547,0.39283251,0.340882312,0.339059589,0.373486202,0.358944134,0.285813887,0.301586606,0.277787068,0.346829729,0.302834626,0.254965806,0.268617734,0.281075124,0.297254532,0.241828802,0.178786888,0.209324489,0.174547359,0.188860021
27,4,2.94E-06,3.35E-06,2.58E-06,6.04E-06,4.90E-06,5.93E-06,6.88E-05,3.23E-05,0.000190825,3.38E-06,3.09E-05,0.000297649,2.72E-05,4.37E-05,3.65E-06,8.68E-06,4.59E-05,1.14E-05,0.000126579,7.76E-06,6.79E-05,0.000406349,8.26E-06,0.000626154,8.44E-06,1.04E-05,1.84E-05,0.002540402,0.000238501,1.67E-05,1.56E-05,5.37E-05,8.64E-05,2.44E-05,0.000378894,0.000366916,0.000169579,0.002067474,4.48E-05,0.000974294,0.00020175,0.000135974,0.000247708,0.00019297,0.000326972,5.49E-05,0.000138823,7.25E-05,0.000251615,2.73E-05,1.99E-05,4.14E-05,0.000111323,0.000155912,0.043714874,0.00280125,1.77E-05,3.68E-05,0.000231505,0.002322302,0.002441047
27,5,0.0107009,0.010594308,0.010617676,0.011497682,0.01055508,0.011910376,0.011030459,0.013772349,0.022133742,0.021061566,0.023844477,0.127974316,0.025102025,0.007275126,0.012260561,0.067380477,0.101060026,0.064717225,0.100312602,0.082972032,0.220414743,0.149477472,0.141626515,0.143628827,0.157081319,0.090840438,0.130901335,0.184926466,0.222731315,0.270452829,0.27457759,0.128233362,0.129575863,0.105151691,0.115791038,0.029644297,0.292976596,0.325843414,0.282545508,0.144585772,0.277853523,0.094290913,0.191271722,0.099283134,0.055657057,0.149529495,0.0528708,0.047417275,0.047155079,0.051401288,0.047993827,0.036310917,0.014578078,0.023429466,0.032988198,0.031867702,0.035377078,0.031247754,0.04741706,0.012892562,0.04987326
27,6,0.443074024,0.467157879,0.453713366,0.395708471,0.437224921,0.470651259,0.548048811,0.547341927,0.600513645,0.619193801,0.647365216,0.731788303,0.678652216,0.68619996,0.829036575,0.75550788,0.930390487,0.844677854,1.029025826,1.040235224,1.481215891,1.353667375,1.469151587,1.55840186,1.737128357,1.678217306,1.609860865,1.837830306,1.768918821,2.175421321,1.840361321,1.586859902,1.766016595,1.701186148,1.531035076,1.674596896,1.643316117,1.510935905,1.340144479,1.371329785,1.628642389,1.634684035,1.864797597,1.771824203,1.613197873,1.942901394,2.293649061,2.311852053,2.430576309,2.57429223,2.481671951,2.471162443,2.605990433,2.323064098,2.471952115,2.530427862,2.542974707,2.375407548,2.512419749,2.436011967,2.515021647
27,7,1.4953156,1.239369419,0.96340881,0.674200538,0.787148383,1.020313565,1.122518624,1.194660764,0.865919877,0.778590325,0.769786386,0.737877479,0.609740652,0.564173391,0.792926592,0.910245598,1.315329252,1.03258894,1.243853956,0.847281259,1.271707722,0.930213937,1.078488067,1.393272024,1.473200786,1.635464899,1.059552429,1.315477185,1.185744342,1.128167374,1.29087062,0.925211646,1.002958798,0.806344048,0.972157822,0.834722157,0.840376316,0.752544444,0.626137063,0.534795047,0.585069402,0.770905057,0.669909089,0.609025657,0.415286911,0.580310121,0.255185642,0.222531861,0.202202549,0.15527532,0.210448776,0.154439575,0.239844765,0.13983069,0.174495109,0.135812116,0.044279148,0.040785197,0.060221548,0.062011977,0.093663718
27,8,,,,,,0.014678495,0.004420616,0.01935591,0.074361219,0.057944819,0.071067316,0.610763758,0.084640198,0.006401976,0.040555457,0.042190182,0.219217155,0.064997048,0.311117269,0.065355931,0.843121706,0.068862575,0.320321145,0.170725474,0.066989368,0.081051205,0.09014453,0.068721888,0.038570461,0.056601031,0.021386778,0.010361589,0.003460121,0.012151886,0.122241423,0.038210518,0.01987048,0.033447616,0.021781513,0.071455958,0.016576206,0.025020245,0.036716878,0.081530748,0.022248417,0.032640679,0.003139415,0.073461069,0.003866322,0.003621158,0.052580616,0.020820059,0.024171564,0.001090297,0.014681864,0.004904025,0.003306405,0.009045022,0.009085806,0.046977566,0.036348885
27,9,0.777366522,0.836678398,0.732713398,0.627074795,0.741859846,0.85577875,1.095150351,0.943529215,1.111106694,1.007030068,1.034394933,0.966807827,1.02228301,1.065675804,1.302478129,1.072792315,1.267277665,1.130281748,1.295128633,1.428024443,2.001180051,1.973907872,2.232779701,2.338973691,2.568950765,2.352011174,2.215696596,2.33896242,2.007051923,2.57105298,2.304681654,1.91975252,2.16346971,1.903435481,2.091938525,1.758310741,1.435683382,1.564866309,1.473617628,1.411160777,1.605844448,1.439036794,1.505823317,1.477371549,1.585432184,1.510758812,1.504529606,1.258435479,1.32666016,1.522806519,1.050606778,0.971632852,0.960506351,0.721103141,0.70625207,0.659328716,0.696492373,0.461336452,0.657118819,0.445742556,0.560686139
27,10,0.015447516,0.015444016,0.018801382,0.01882834,0.023861197,0.024413216,0.025996243,0.075621491,0.042953551,0.051805555,0.067780828,0.270889003,0.100239384,0.079852375,0.233313565,0.252208038,0.117530543,0.065029769,0.145780574,0.038124406,0.305662515,0.04035869,0.112975862,0.067398903,0.039739661,0.032840031,0.038371601,0.039866688,0.016916635,0.023906634,0.007559962,0.067713799,0.043037179,0.026500064,0.01589176,0.035099435,0.039330424,0.044908988,0.038508619,0.059873341,0.03496216,0.05253762,0.060737566,0.070736883,0.043884878,0.002370826,0.001089864,0.009274644,0.000463375,8.82E-05,0.037469917,0.001534333,0.005067936,0.00058784,0.060485183,0.014608666,0.000714541,0.000671018,0.000122195,0.004322424,9.48E-05
27,11,0.072316312,0.059104831,0.056919804,0.052074205,0.06151051,0.066964086,0.074310232,0.110017399,0.118098557,0.12880061,0.144854524,0.12149099,0.113569429,0.116274533,0.23629244,0.237147013,0.199090546,0.24224399,0.230623258,0.228780723,0.339197481,0.29253634,0.317607613,0.361455432,0.450031236,0.433799654,0.353008386,0.387684843,0.323871873,0.54798867,0.470561177,0.450553457,0.49045029,0.378322286,0.468338775,0.436364157,1.16006614,1.431345864,1.593414905,0.998145,1.336535502,0.952607919,1.061092392,0.943302263,0.987123765,1.100862924,0.895856692,0.788706674,0.801511209,0.788648493,0.614478799,0.684046491,0.473580841,0.465011787,0.615879849,0.569482733,0.653961758,0.389516238,0.637526082,0.383168119,0.624346505
27,12,0.264206262,0.229357453,0.205786462,0.150514401,0.172065517,0.235123774,0.269565143,0.303779765,0.229020879,0.221496899,0.25075038,0.313618997,0.216140028,0.190156146,0.185269332,0.161811832,0.234842215,0.170373739,0.260852815,0.201306625,0.36567404,0.234379896,0.248752901,0.343619676,0.383986261,0.439740036,0.202270891,0.224991829,0.219641351,0.359054727,0.302044918,0.279152105,0.304258943,0.264994921,0.324386917,0.340517172,0.423515195,0.783390147,0.688210868,0.734939183,0.621465005,0.638501925,0.507436557,0.500425718,0.291036397,0.540680626,0.233668152,0.17813729,0.158305463,0.158676558,0.169222579,0.189161124,0.135891213,0.100991875,0.134200649,0.097697209,0.074213303,0.081975177,0.107592788,0.08566727,0.077651487
27,13,0.00327658,0.003871715,0.007027973,0.007497656,0.006235718,0.008989887,0.006186588,0.021989659,0.052970924,0.06444678,0.068301492,0.12211564,0.072775576,0.064789343,0.081643753,0.087760338,0.141280672,0.116374608,0.146179949,0.147187863,0.43450797,0.317689574,0.360023446,0.355814121,0.326860955,0.276596143,0.29079124,0.307495267,0.245603433,0.279666198,0.10325344,0.071077684,0.050031995,0.040731576,0.06125795,0.072806111,0.131923464,0.105299609,0.081630277,0.096865828,0.122624138,0.147325344,0.158215869,0.14543567,0.113245777,0.127433594,0.048980759,0.076019348,0.063903059,0.033244104,0.098170481,0.100306562,0.153961256,0.099678783,0.140527514,0.10770219,0.062851136,0.018150879,0.021920254,0.026754063,0.027048551
27,14,1.328075991,1.417909058,1.401549573,1.341586714,1.373397184,1.384035414,1.300832431,1.576780815,1.231886409,1.125115518,1.179311848,1.674370502,1.110125824,1.183291834,1.447751024,1.449690384,1.31498972,1.352545664,1.344825534,1.298240956,1.846293486,1.629345437,1.662787004,1.721306115,1.762077619,1.68163244,1.595784964,1.811795562,1.494630015,1.601552823,1.122551945,1.223257482,1.207652217,1.103095032,1.195513973,1.147191983,1.200756721,1.083074507,1.002898305,0.966578089,1.129352879,1.111757036,1.093291095,1.068471992,0.988060263,1.01724876,1.132345524,1.138744749,1.102355201,1.101065298,1.139547506,1.185396863,1.273396991,1.081027571,1.061692123,1.041127833,1.147165332,1.087868312,1.197709265,1.08560066,1.212033424
27,15,1.503144313,1.539108939,1.438575992,1.270395524,1.481649247,1.451080496,1.676384386,1.596373635,1.809995448,1.747405451,1.747475327,1.717439208,1.666922794,1.677755439,1.941726725,1.794074459,2.201527468,1.871926519,2.208668824,2.55161152,3.390948145,3.644322934,4.079980948,3.544561183,4.145622375,4.230011679,3.695489011,4.536061404,3.776532714,4.538273926,4.281628624,3.85356658,4.195500501,4.124838095,4.45622297,3.926889084,4.099717791,3.909582944,3.633447571,3.287886836,3.59353169,3.401833847,4.075482218,3.42147382,3.256503638,4.628848193,4.257076235,4.415044874,3.977564263,4.258881327,4.153504764,4.518466113,4.236379522,4.13282871,4.27102523,4.612145439,4.513048772,4.311209865,4.272614236,4.219223132,4.386113849
27,16,0.141331716,0.153182653,0.157838717,0.432846109,0.299426577,0.258187244,0.40480613,0.380832254,0.235158402,0.245928962,0.247198551,0.551385789,0.375043684,0.301202295,0.337214656,0.367596093,0.539420573,0.516803524,0.765395184,0.561087686,1.727142784,1.830965538,1.825469056,1.825669747,1.489353437,1.183880108,1.522716865,1.74929523,0.6512041,0.614912321,0.718273178,0.654622081,0.600401647,0.569173712,0.628394164,0.576221639,0.701394001,0.736089378,0.695152551,0.594002533,0.642965629,0.711173418,1.186469438,1.059244806,0.957146583,1.020618061,1.094148145,1.228864758,1.191610419,1.19113928,1.371639773,1.274019885,1.265685584,1.179759587,1.271200981,1.245584781,1.193792152,1.048416661,1.035303413,1.047100155,0.998684163
28,1,0.257814388,0.38591716,0.337927087,0.348545789,0.31564888,0.279885709,0.447607164,0.439891978,0.369736797,0.409070549,0.403652875,0.383358142,0.436357303,0.341786858,0.556429136,0.804601246,0.776243969,0.665014606,0.702977421,0.644234698,0.43041991,0.448085093,0.29465504,0.341949084,0.143516498,0.065616787,0.11037564,0.337176396,0.266639505,0.622574207,0.415218052,0.30456769,0.157480725,0.23193474,0.206186003,0.19000046,0.367601118,0.350666206,0.298026356,0.307406764,0.270599701,0.230744675,0.210456306,0.179760269,0.248686251,0.172970173,0.100201709,0.170443824,0.180436124,0.175321364,0.183206274,0.22399136,0.298052332,0.198501516,0.17086727,0.250444267,0.132903956,0.18823616,0.1789808,0.168705599,0.085768954
28,2,2.880376072,2.873054436,2.855930467,2.857164786,2.836278847,2.827051559,2.814622154,2.784084114,2.777927894,2.732527668,2.686565265,2.653209134,2.626493758,2.608495236,2.589414302,2.555916499,2.533588005,9.165038576,11.45349439,9.223318413,10.80477557,10.59367726,29.76184571,25.18283165,29.91568971,11.18008739,11.20574627,20.53754689,17.1841262,14.28551482,9.710960974,7.269607926,10.27918575,6.442831866,11.35309625,11.4112524,10.7244947,10.83519528,9.971522431,5.636264231,6.317113502,6.874876243,7.12026189,6.506361111,7.327895324,9.163537917,8.263362147,7.719072897,7.342674319,7.537781804,8.966914381,11.08711693,7.584432403,8.029648235,8.850093798,10.30719301,12.92018274,10.90912356,10.29301852,9.17219679,8.308330503
28,3,1.878269292,1.847412774,1.801914465,1.825625005,1.778002095,1.709958148,1.747423526,1.69790932,1.662973999,1.603068169,1.573741183,1.471910037,1.489646944,1.434393492,1.477042492,1.486005839,1.578796633,1.593843446,1.62916373,1.682268699,1.612248839,1.624986822,1.709756184,1.665317502,1.745727479,1.699489829,2.199081206,2.244957819,1.96846547,1.965548366,1.957260213,2.10111946,1.909451891,1.997240639,1.763820022,1.517813026,1.341281988,1.329665805,1.295417676,1.170489111,1.115125028,1.094022522,1.043485311,0.997756123,0.98259269,0.937657232,0.89833932,0.862564975,0.840048756,0.822253772,0.849226837,0.821258652,0.746605578,0.728053703,0.760808986,0.810724106,0.752140486,0.702603641,0.725925524,0.700876954,0.698652713
28,4,6.56E-09,,,2.78E-10,,2.31E-05,3.24E-08,,3.45E-07,2.12E-06,9.16E-07,2.47E-05,1.44E-05,1.40E-08,2.81E-06,1.81E-06,0.000948223,6.90E-06,4.90E-05,1.55E-05,2.75E-06,4.24E-06,9.17E-06,3.91E-07,1.35E-05,3.09E-07,4.37E-05,6.70E-06,1.79E-05,,,4.08E-05,,5.72E-07,,5.09E-05,3.12E-05,0.000886122,1.01E-05,0.004917779,,,0.000218675,0.000122956,,2.12E-05,1.40E-05,,1.65E-05,0.00011638,2.46E-05,1.34E-06,0.009202592,5.93E-05,1.09E-05,7.59E-06,1.65E-05,9.62E-08,0.002972381,1.29E-05,1.02E-05
28,5,3.036262932,2.977753853,2.923922962,2.915862896,2.814278943,2.700863042,2.731742095,2.610916816,2.609875101,2.618291567,2.586961207,2.461582414,2.413164765,2.323799795,2.364708118,2.338609827,2.445013276,2.40407713,2.454864909,2.44904902,2.523746684,2.457325975,2.415933265,2.345451871,2.355764831,2.3709687,3.050170333,2.913931337,2.861672477,2.966742516,2.966176233,2.297344315,2.178527112,2.394651608,2.34079809,1.97423906,1.814798271,1.876609807,1.80043009,1.686766646,1.618924041,1.564861456,1.516834027,1.511506387,1.549295379,1.479126124,1.437510282,1.434449296,1.410374628,1.482594894,1.47026995,1.477289371,1.381946072,1.3536062,1.237576068,1.397076294,1.423066879,1.449796096,1.490574356,1.47299377,1.517562506
28,6,0.863888319,0.924405783,0.91300653,0.892426416,0.851802621,0.80811054,1.537652328,1.59240951,1.824050322,2.123936383,2.178394738,2.380870319,2.433261574,2.437549095,2.656979742,2.641062662,3.042646726,3.067754147,3.149926139,3.036922026,3.139549512,3.268678188,2.990564721,2.993480674,2.930299862,2.848983165,3.318213786,3.484792518,3.208980121,3.380258439,3.306301653,3.142749013,3.014583642,3.048999513,2.935467324,2.856647005,2.550848431,2.572142531,2.498978541,2.367549597,2.337074074,2.462627412,2.421959385,2.407154716,2.458630891,2.444020369,2.457623617,2.383707103,2.53869333,2.501321399,2.529070804,2.557052829,2.471865115,2.449279806,2.646744298,2.845537204,2.574076837,2.511510854,2.729988636,2.772497488,2.761532499
28,7,0.890645678,0.827967359,0.68691518,0.668315354,0.662565056,0.556849738,0.642858064,0.590473808,0.775538012,0.634836606,0.524260317,0.470793574,0.535203102,0.516148153,0.823574555,1.000131662,1.740507054,1.343131595,1.452991581,1.00677608,1.239826351,1.274855591,0.937544543,0.98221231,1.065415247,0.990965051,1.323526484,1.484487707,1.198107582,1.421801861,1.24572809,1.470300394,1.207540266,1.256079119,1.115334285,1.072651441,0.950140393,0.869718822,0.880799927,0.830279067,0.916497902,0.862399866,0.797325524,0.807558366,0.815898004,0.822616614,0.798888596,0.811511501,0.868773546,0.899961341,1.043997859,1.205389096,1.121964603,1.084955692,1.205535023,1.768858536,1.283163342,1.282152478,1.357322325,1.312716511,1.318067697
28,8,3.961113957,4.145512955,4.199358188,4.302200839,3.968703563,4.06975818,4.082132939,3.936154168,3.912508906,3.983143824,3.644259776,3.437358944,3.27942887,3.390360307,3.469102241,3.395325235,4.1541674,3.747455337,3.941726085,3.728983082,4.058779882,3.862658979,3.542253942,3.376697224,3.319797013,3.629293265,4.649394926,4.687534233,4.341230994,4.26327177,3.951739886,3.83757305,3.139319954,3.718342583,3.452764375,2.552586895,2.338087027,2.280168945,2.056246745,2.108418618,2.032029615,2.005961161,2.014326712,1.946540469,1.92188421,1.842254,1.929978886,1.91144851,1.83772154,1.833107856,1.781347194,1.801470661,1.768542162,1.768495812,1.840453271,1.979574375,1.855756144,1.831089386,1.794988914,1.684025626,1.615153943
28,9,0.719330801,0.838916073,0.773769219,0.72993545,0.659510783,0.68225789,0.935286281,0.882300511,0.949312519,1.013127048,1.031846773,0.938924718,1.095268184,0.905699188,1.264008246,1.3517442,1.301013702,1.409168702,1.452976281,1.322524651,1.133271458,1.403442201,0.614593772,0.666769316,0.4250575,0.352988431,0.503270222,0.858843904,0.726554702,0.895341236,1.065592929,0.659580021,0.53268683,0.72334539,0.547075659,0.553336333,0.579048541,0.45206447,0.479086475,0.407753674,0.512197629,0.474552959,0.420744992,0.416903512,0.458133858,0.37117964,0.409016174,0.377697066,0.35137213,0.534239257,0.417190663,0.393148443,0.480103874,0.3869757,0.385726971,0.378181209,0.357497999,0.255825131,0.340515582,0.220354008,0.215908265
28,10,0.014156749,0.028238893,0.017121435,0.033434419,0.057579515,0.022007798,0.028859605,0.077857518,0.066006956,0.031453038,0.054386461,0.094579347,0.125325929,0.142012355,0.387750707,0.300515987,0.293879815,0.128651974,0.188135692,0.071530732,0.196917949,0.098474554,0.024473044,0.01975278,0.037682061,0.028652782,0.061534327,0.080592394,0.04588773,0.102107337,0.003885649,0.061142733,0.01261584,0.024771911,0.051537587,0.023531249,0.011017083,0.007529334,0.006518086,0.019301627,0.009240074,0.008886224,0.02000539,0.031566916,0.008703524,0.00385207,0.002188881,0.005892372,0.000295128,0.004222009,0.084400059,0.000341613,0.013021103,0.000440999,0.000668824,0.006555015,0.000292864,0.003134221,0.006412625,1.24E-05,2.59E-06
28,11,2.706904735,2.242807928,2.072735695,1.89362848,1.876138767,1.679473029,1.575271814,1.567555784,1.316215719,1.212152972,1.186372779,1.151494681,1.062585534,0.951507542,0.981159349,0.888768047,0.850897485,0.818922196,0.753999123,0.717552696,0.590596247,0.557701826,0.417823072,0.400647749,0.377031021,0.402525228,0.394747124,0.405721246,0.340107384,0.390625396,0.356565855,0.33012087,0.304670392,0.379502288,0.295324031,0.29106385,0.732585537,0.766073673,0.805306124,0.548276895,0.506218786,0.331357885,0.289104511,0.31329203,0.327160244,0.29567533,0.312868631,0.365460532,0.348852474,0.340616263,0.483832986,0.462678786,0.469077635,0.429527924,0.513625965,0.462399654,0.49361272,0.395340835,0.503819217,0.395992378,0.377890679
28,12,0.843606594,0.862566485,0.871275545,0.877275364,0.864573392,0.833189917,0.861253826,0.847774437,0.882172205,0.841221189,0.822934826,0.797536861,0.83410687,0.82207165,0.884557538,0.811621064,0.942979129,0.859592921,0.913465367,0.86497829,0.943284129,0.901457036,0.848036384,0.85834458,0.88901616,0.903410847,1.160820475,1.22082998,1.20219251,1.226244175,1.224088336,1.068231533,0.949646309,1.171363774,0.9528804,0.910442394,0.937347892,0.941241637,1.034111983,0.986157276,0.93245156,1.019189251,0.921722941,0.900697433,0.833543819,0.890761407,0.858152779,0.815402823,0.808544106,0.852844545,0.884193826,0.884732013,0.846663328,0.823365843,0.844352726,0.877930538,0.73023823,0.786005284,0.75213959,0.742272842,0.723340046
28,13,3.99022859,3.926243442,3.897530606,3.893682001,3.723639519,3.677592297,6.168351596,6.597170292,6.9318122,7.559035618,8.29006309,9.248935999,9.023964915,9.119570674,9.232865639,9.017703528,9.469359358,9.432461989,9.725924548,9.383303747,9.290096166,9.270402819,9.253789952,9.091225834,9.062800271,8.683742845,9.693097145,9.762629463,9.6908692,10.05764987,10.23469489,10.74424826,9.332506971,9.814138799,9.420163728,9.308644754,8.594361277,9.016613106,8.768055606,8.867336118,9.081443896,8.963146706,9.032355,9.021015343,9.114060087,8.951594855,8.880116784,8.524775252,8.627082356,8.672400877,8.644232809,8.688293604,8.275143726,8.309600686,8.815915611,8.458176923,8.731138613,8.483013754,9.062964422,8.880964205,9.180295085
28,14,1.585032426,1.601196194,1.594204116,1.581906794,1.489443004,1.379859332,1.384450064,1.543695102,1.289824523,1.260816336,1.372543381,1.440743275,1.446024685,1.343793834,1.680783853,1.781801817,1.841097429,1.991475842,1.948678611,2.09700195,1.955195392,2.06539596,1.684459393,1.815576056,1.781884032,1.787133216,2.229718083,2.301386396,1.9474518,2.089197458,1.92877384,2.169847102,2.017101015,2.160670709,1.997751256,1.83773332,1.671272711,1.618547117,1.683903763,1.566706149,1.506455679,1.492810956,1.446720131,1.442434156,1.331141361,1.330004576,1.361155647,1.306199844,1.301958375,1.303889764,1.344401488,1.378851957,1.336594643,1.187758573,1.149429261,1.093689437,1.108218999,1.16595025,1.372542929,1.251637754,1.270897969
28,15,3.019502941,3.096740399,3.091558397,3.086458154,2.926393854,2.653247589,3.119456271,3.070230732,3.09085794,3.258750386,3.146550387,2.92503765,3.128835761,2.782148636,3.185914379,3.011468227,3.586886783,3.738907432,3.770351615,3.954657917,3.654147261,4.36650602,3.227542735,3.119648593,2.933729594,2.606184977,2.609569037,3.26832503,2.969292233,3.248868868,3.268695651,3.030276708,2.436881069,2.798263785,2.703429588,2.486507121,2.797026442,2.664037288,2.654402343,2.382520918,2.344816122,2.266638341,2.177934889,2.271314236,2.328238476,2.143592134,2.137431974,1.985034387,2.085730422,2.002567683,2.0314318,2.002641829,2.000803289,2.211321229,2.111700358,2.340552625,2.186174695,2.20360088,2.170957542,2.135361006,2.113546627
28,16,1.792296015,1.838853969,1.833375563,2.097906143,2.066566618,2.033429293,2.466967295,2.505766349,2.53211096,2.586151172,2.760632332,2.766054553,2.919349934,3.032466495,3.189901043,3.58061621,4.43887907,4.680526874,5.106340585,4.890117131,5.169538471,5.088939394,4.927158903,4.499586268,3.803881127,3.314468222,3.487970362,3.590897068,3.463522165,3.543447759,3.312686151,3.725254684,3.639915673,3.627715392,3.645413438,3.516722136,3.682598228,3.835462046,3.698014988,3.878547919,3.964693147,4.041775754,4.101605097,4.099757203,4.111702479,4.048054951,3.922698438,3.992662877,4.033965406,4.049356358,4.294197969,4.454911483,4.485127639,4.562328123,4.770023476,4.794336491,5.061039171,5.184326934,5.420618185,5.338936775,6.042834091
29,1,0.002120631,0.002443417,0.001634455,0.00099926,0.001424566,0.002604601,0.001703311,0.002747831,0.001347396,0.002078182,0.000703855,0.135919448,0.054255816,0.055519692,0.251508446,0.549263997,0.372339645,0.373838235,0.4058052,0.381554083,0.312266447,0.244205596,0.279912921,0.222722335,0.159608301,0.384650944,0.385022502,0.432961145,0.323643335,0.335938632,0.320154666,0.170777705,0.434263591,0.434217064,0.290433136,0.215393762,0.287168937,0.31622795,0.311634795,0.343781895,0.134609605,0.112510547,0.085826406,0.098261883,0.176647196,0.198155313,0.120570415,0.081471378,0.080537334,0.097563367,0.126377022,0.057543505,0.0374296,0.047350601,0.042087263,0.045229576,0.103553919,0.109833243,0.10922543,0.099179191,0.115199033
29,2,,,,,,,,,,,,,,,,,,,,,,,4.24E-09,2.51E-05,,,,,,,,,,,,,,,,,,,,,,,,,,,,0.000142056,,,,,,,,,2.38E-08
29,3,0.108346003,0.119404213,0.092091364,0.119068845,0.101547054,0.098207093,0.09352692,0.104166259,0.101014171,0.087268805,0.110390256,0.128286345,0.125821747,0.11873553,0.223733298,0.280127933,0.302736907,0.27474155,0.323107309,0.286883597,0.412304026,0.3703166,0.355171967,0.344720729,0.286534084,0.447855577,0.44819325,0.53240858,0.589454944,0.454559378,0.375082246,0.404128839,0.407149575,0.390445546,0.337807512,0.384187763,0.369414793,0.389893108,0.374988961,0.40681524,0.26437754,0.254581002,0.269174159,0.263856409,0.253345727,0.24238762,0.202035975,0.186529228,0.203191532,0.17927684,0.177068945,0.152018491,0.133405179,0.107214408,0.10227315,0.09601168,0.087183868,0.089575336,0.111462013,0.084325777,0.096738671
29,4,,,,,,,,,,,1.18E-05,,,,0.000336905,0.000345784,,,,8.20E-05,,,,,1.91E-08,,0.000631564,0.000151341,,0.000417611,0.00161996,,0.002104268,0.000784531,,0.000295661,0.000372488,,0.000391633,0.000373837,0.001065879,,,3.54E-11,,,,8.30E-08,5.18E-05,0.003478149,2.86E-05,8.23E-06,2.60E-05,0.00023954,1.72E-05,6.99E-06,1.32E-05,2.58E-05,2.12E-05,3.06E-06,5.77E-05
29,5,0.413717854,0.463820829,0.450612979,0.509875662,0.45768744,0.527290277,0.45717837,0.634027664,0.648701432,0.602789356,0.730710409,0.744083491,0.713688889,0.615801244,0.740330035,0.615474782,0.680787532,0.824273962,0.998233084,1.143229852,1.167613545,1.241327017,1.327661701,1.172420026,1.132715379,1.302573903,1.222214172,1.235041752,1.26878047,0.898951992,0.911073494,0.7006216,0.734570734,0.800669884,0.842432158,0.961334098,0.841908672,1.033805802,1.04178694,1.001008262,1.10760992,1.023254315,1.108132817,1.179080815,1.436169157,1.520038269,1.303693506,1.251746349,1.449578128,1.62657291,1.575421274,1.647824454,1.466327001,1.183644983,1.184736963,1.210041177,0.998048454,1.049152272,1.269964536,0.963751376,1.032530346
29,6,1.001233807,0.975155762,0.917626313,0.885389638,0.826984914,0.768973641,0.738139392,0.694462001,0.711228556,0.733401595,0.657753985,0.751812573,0.633023861,0.573700577,0.602863558,0.710363453,0.795548441,0.896437128,0.909573797,0.893351875,1.064982835,0.906222027,0.936057013,0.853047711,0.714001347,0.980760559,0.907728464,0.967384755,0.980954217,0.799145944,0.749221979,0.592564258,0.687086435,0.680667246,0.592857314,0.718302317,0.669721695,0.691289311,0.670472835,0.675469597,0.408504166,0.452993593,0.475123516,0.45491643,0.491533332,0.545105414,0.502460791,0.555505109,0.711254511,0.596719856,0.833833648,0.569585606,0.476793467,0.454400159,0.474663116,0.464144674,0.461523509,0.738996867,0.634280956,0.61769784,0.58492576
29,7,0.000948917,0.000456947,0.000741774,0.013296184,0.000746766,0.006973138,0.000494854,0.000527435,0.000779043,0.001206345,0.000183466,0.258319855,0.001187952,0.039558395,0.117817345,0.181602575,0.213190733,0.287340492,0.232883241,0.186155753,0.72909267,0.571067001,0.801902237,0.53035083,0.387332271,0.993798182,0.702960564,0.756999159,0.784389267,0.717398044,0.386379805,0.602716087,0.644932846,0.700782118,0.700520132,0.63732765,0.58123551,0.538201713,0.432621388,0.501786757,0.181892413,0.085935177,0.097614463,0.115046887,0.14205434,0.091711103,0.090465725,0.100389877,0.086828281,0.117197395,0.103234903,0.034481004,0.066183641,0.043299688,0.06663472,0.043600285,0.069361377,0.072451462,0.069327034,0.056976006,0.066020134
29,8,0.072095222,0.101128509,0.084152382,0.105458957,0.091458106,0.100700221,0.090726801,0.097072396,0.096560159,0.086799405,0.205194525,0.66266772,0.162843164,0.121372603,0.192112412,0.158266842,0.188149292,0.203270607,0.172501206,0.211074776,0.446292259,0.455224975,0.770773827,0.419529102,0.357100931,1.003269146,0.423014752,0.541470088,0.643290735,0.593392703,0.336996747,0.37782908,0.355231817,0.606235523,0.590756067,0.687995415,0.456570954,0.578864575,0.506043579,0.562341031,0.376555653,0.383140871,0.487154881,0.485967591,0.4696631,0.522752105,0.447657953,0.410355726,0.475485942,0.474925827,0.410425252,0.372267354,0.315361289,0.230572285,0.198355598,0.223307182,0.163516887,0.177897918,0.269158955,0.162420139,0.201779624
29,9,0.017934056,0.007609846,0.006859508,0.00765438,0.011366967,0.008853302,0.010726584,0.008646466,0.008117128,0.010285346,0.008553695,0.040266899,0.031454254,0.148759275,0.387991327,0.741365882,0.838529583,0.888573202,0.883151865,0.70620715,1.033742953,1.038392736,0.93433623,0.945689618,0.625927543,1.071349705,1.315647825,1.40279751,1.307210297,1.031698856,1.014318528,0.757118975,1.124736231,1.230345107,0.862236342,1.259988129,1.269363548,1.239313059,1.141342545,1.247055675,0.604760219,0.384894849,0.398967027,0.358311169,0.333504268,0.273241889,0.200752225,0.1990486,0.165749924,0.197335398,0.200251411,0.133208033,0.122052589,0.129883305,0.116177346,0.086985452,0.084503642,0.067197199,0.08929803,0.084217855,0.087019948
29,10,0.000433858,2.62E-05,2.91E-05,0.001952286,0.00010323,0.002117267,9.90E-05,0.000151092,8.64E-06,0.000150692,0.000659045,0.173602774,0.034856415,0.042818328,0.151025423,0.137004526,0.054024354,0.057970318,0.044029476,0.02303012,0.077548889,0.052206643,0.132359029,0.054352963,0.054541316,0.120649028,0.028056427,0.036111956,0.019033045,0.011405489,0.023557518,0.128906974,0.145957204,0.130065277,0.074911373,0.093955711,0.101833001,0.07274928,0.093402427,0.070085391,0.042492574,0.023731962,0.025423627,0.023626989,0.022107532,,6.05E-06,5.33E-05,9.06E-06,0.002836647,0.003469488,0.000322838,0.000634791,3.73E-05,0.000648641,0.006143598,8.00E-05,4.60E-06,0.000168314,6.05E-07,1.08E-05
29,11,5.52E-05,2.23E-05,2.14E-05,1.81E-05,7.08E-05,7.87E-05,7.12E-05,6.83E-05,0.000300946,0.000249396,0.000543579,0.022773264,0.030000505,0.040665117,0.116489282,0.122267048,0.200277892,0.167246852,0.172837352,0.165030504,0.198515104,0.302435719,0.284849354,0.278773696,0.274807721,0.247643508,0.265635738,0.304113469,0.251668961,0.258276591,0.305694937,0.225567903,0.272949854,0.281428658,0.206115285,0.290204635,0.326664733,0.513550325,0.647549861,0.645361654,0.342238525,0.202712954,0.276659514,0.237500773,0.202733323,0.139357083,0.087406882,0.139841804,0.120835274,0.168375924,0.182535598,0.140946213,0.129887898,0.131471282,0.160308935,0.093474287,0.082634951,0.046110099,0.056736263,0.084865064,0.067535799
29,12,0.148450507,0.17072236,0.166151223,0.189949112,0.165404795,0.202805401,0.171750278,0.246055421,0.261440437,0.220639213,0.289144973,0.416052367,0.301646492,0.251860202,0.316574085,0.246173128,0.271233185,0.44360929,0.670105161,0.743779342,0.923467626,1.083636219,1.274925195,1.140748631,1.01717738,1.191877433,1.0795267,1.125848499,1.278433813,1.087314702,0.887735307,0.733262066,0.722700918,1.102407305,0.917503417,1.165910106,0.821773193,1.004965707,1.012850967,1.230494167,0.88478813,1.106930544,1.130356667,1.136156026,1.255547678,1.367971533,1.311408599,1.241186696,1.429723193,1.601628953,1.352984448,1.451984142,1.302950163,1.132872816,1.09699377,1.120746728,0.934476089,0.940172933,1.036718956,0.797843129,0.820698869
29,13,0.062876723,0.089403315,0.077025868,0.095014144,0.081860034,0.079245194,0.083343674,0.086307872,0.088956059,0.072768748,0.051214446,0.09440195,0.042844478,0.065031074,0.089091412,0.076362848,0.082476104,0.099604049,0.114336542,0.111071748,0.130810978,0.113605095,0.180426994,0.128129275,0.132856316,0.302106105,0.179051595,0.229356373,0.327640125,0.289328937,0.307330151,0.360416034,0.315734119,0.183409893,0.179512042,0.218972969,0.29622455,0.322249647,0.34649262,0.238482564,0.183610249,0.198286483,0.218461699,0.218883069,0.218431078,0.251690023,0.219465481,0.22836813,0.286721616,0.250013637,0.317340348,0.229365897,0.179251324,0.15344238,0.148642004,0.144374271,0.174063515,0.264224982,0.261088059,0.203822242,0.235998086
29,14,2.433809924,2.30987745,2.135824356,2.044830624,1.93687554,1.767336238,1.576269107,1.621580851,1.271863189,1.169230392,1.075200111,1.461593718,1.185423423,0.970666848,0.929280296,1.116536957,1.248802757,1.311097529,1.303614235,1.260731624,1.41382486,1.563381635,1.612184742,1.618910441,1.4972564,1.361635035,1.257169477,1.287704212,1.059380964,0.914652464,1.080464782,0.824119536,0.930603936,0.838819997,0.586999024,0.720858696,0.804680904,0.745813747,0.770999326,0.668279813,0.438527717,0.366317631,0.394250371,0.368693347,0.379853032,0.346069774,0.311542287,0.318626813,0.332169513,0.370252761,0.364750491,0.380536882,0.381248655,0.345688404,0.319802618,0.324202166,0.391478804,0.378098232,0.42609106,0.398897805,0.41125342
29,15,0.981894158,0.858119794,0.8285528,0.811326161,0.760922905,0.653317561,0.620805248,0.6009487,0.590358408,0.590565982,0.503231646,0.580996103,0.5851161,0.629783769,1.052629037,1.803574365,1.866486529,1.882188401,2.00141417,1.677178631,2.034995021,1.950021368,1.73606742,1.832709126,1.348061071,1.984491252,2.348454616,2.614928628,2.420264897,1.821920023,1.686117039,1.292807319,1.6664518,1.744001317,1.266132515,1.57589815,1.64396815,1.50585895,1.355323275,1.459277185,0.741518072,0.556820901,0.453873393,0.495047477,0.419327805,0.433740734,0.236985117,0.212182084,0.167093274,0.200507565,0.213593039,0.168932446,0.155777034,0.184968043,0.171092468,0.155406369,0.166563519,0.141508276,0.14444811,0.162977763,0.158081289
29,16,0.160917163,0.173201409,0.162832264,0.187541784,0.173111633,0.226399299,0.186058068,0.126645058,0.127672671,0.117776883,0.139362215,0.341341644,0.196922572,0.163310129,0.33642552,0.538041158,0.528090526,0.528906853,0.533512522,0.541913319,0.643789574,0.683822393,0.748611913,0.674100313,0.549559477,0.970021999,0.75246913,0.861915505,1.040818468,1.065331112,0.906915427,1.01729347,1.021298224,1.028725938,0.999479308,1.070279103,1.026414221,1.121707208,1.123159877,1.151388954,0.73806407,0.710297684,0.682638158,0.696334905,0.582776899,0.551909295,0.495300349,0.488948092,0.546944657,0.534108623,0.78776535,0.782927436,0.726913031,0.578167747,0.581820673,0.567314002,0.494186926,0.554826461,0.597219047,0.437170061,0.449537921
30,1,7.52E-05,0.000162304,0.000267916,0.000760078,0.003099998,0.001539575,0.000922975,0.00063933,0.000550045,0.003565666,0.029905587,0.046012182,0.627100133,0.070217186,0.181266712,0.287208601,0.18770805,0.192245912,0.208955099,0.214438163,0.151845365,0.146637405,0.121372511,0.122611262,0.119085179,0.036132016,0.043989989,0.05023639,0.037335209,0.023150855,0.060255075,0.043513799,0.053995092,0.013151377,0.07508309,0.02748085,0.022132848,0.429459351,0.372135911,0.396895878,0.345275232,0.308153571,0.248901216,0.205706374,0.083501874,0.104981675,0.018443102,0.022366436,0.030611255,0.046733937,0.019964367,0.027686741,0.039529839,0.080652071,0.096138869,0.111071698,0.097199734,0.081858411,0.154690827,0.130112108,0.029403662
30,2,,,,,,,,,,,,,,,,,,,0.000121631,,0.001763998,,0.000121206,3.46E-05,9.64E-05,,,,,,,,,,,,,,,,,,,,,,1.33E-05,,,,,0.001094205,0.000110385,5.53E-07,2.02E-06,0.000640231,0.000626621,0.000217478,0.000243896,0.000287734,0.000117118
30,3,0.210652829,0.18356872,0.20276824,0.195900485,0.204325442,0.207778155,0.200500374,0.26403965,0.193045751,0.208273523,0.184138707,0.199808178,0.274325188,0.214751747,0.240118436,0.266860424,0.251495696,0.257558054,0.281787968,0.261922155,0.309633003,0.315646852,0.271898718,0.286452714,0.262479248,0.11092725,0.158307753,0.117292043,0.087025494,0.102316489,0.108446165,0.093430065,0.087325631,0.087996057,0.110243448,0.085329741,0.120557521,0.12841994,0.129716062,0.131929064,0.146022982,0.153786942,0.109227064,0.107921575,0.104634503,0.084037931,0.099751572,0.098124283,0.070792723,0.079086845,0.072031752,0.070053019,0.082534355,0.104190914,0.110746421,0.119759486,0.135996246,0.115148358,0.09474824,0.107574453,0.092450663
30,4,,,,,,2.62E-10,1.76E-10,2.56E-10,2.99E-05,5.87E-10,,0.000220766,7.02E-05,2.30E-05,1.20E-05,0.001785258,0.000886931,0.00152707,0.00080209,0.003106148,0.000628682,0.001872345,4.05E-05,0.002943361,0.000200286,0.000273743,0.00027434,1.26E-05,0.001847925,0.000135105,0.000166592,4.13E-05,6.61E-05,0.000222845,0.000338846,0.000563704,0.007146163,0.000326544,0.000344703,0.000348506,0.00133177,0.001634076,0.000673427,0.001059132,0.002191523,0.003246985,0.002978195,0.003058272,0.003067486,0.002493319,0.0031936,0.004560456,0.005060078,0.005217074,0.005558402,0.0057802,0.007457149,0.000829878,0.000987239,0.001000993,0.002342298
30,5,0.620695778,0.544969288,0.632686819,0.61472737,0.623013395,0.714904726,0.645758093,0.73291744,0.756258111,0.788026911,0.822049335,0.908268568,1.396347929,0.878379917,0.822029291,0.659119567,0.649909647,0.629503384,0.729940667,0.684329163,0.719668475,0.71677839,0.678696001,0.710621508,0.61990137,0.311655512,0.460537927,0.333127486,0.304049087,0.304074978,0.330205666,0.225575634,0.253825562,0.267407455,0.344368306,0.316123681,0.346324622,0.365605786,0.349216932,0.346390369,0.58038637,0.600201242,0.464439298,0.49070553,0.632731304,0.562070967,0.692109696,0.727644949,0.623997095,0.671778829,0.678783827,0.709690798,0.812883044,0.974262285,1.074910772,1.03997919,1.100809712,1.088281601,0.947157788,1.073193763,1.005598089
30,6,0.238616822,0.207407978,0.222616822,0.208135466,0.249005151,0.234199772,0.247848807,0.267601686,0.245060308,0.242213765,0.26774004,0.309258565,0.931558426,0.329663349,0.419987591,0.370010063,0.387822664,0.435085639,0.452998727,0.445964934,0.494680256,0.539265869,0.486453216,0.474576912,0.435738794,0.245509105,0.246194866,0.221471078,0.21621813,0.219129182,0.234139185,0.219279754,0.214367157,0.188862469,0.249553848,0.277828418,0.27739548,0.382572119,0.387899147,0.447930987,0.424497975,0.504967772,0.572085731,0.3246653,0.334708107,0.299901161,0.315105077,0.327057847,0.312809543,0.342965532,0.326562924,0.728072436,0.791890101,0.754595078,0.952630039,0.913761517,0.582248122,0.569962133,0.594805445,0.686571349,0.692222837
30,7,0.034299131,0.049644217,0.022665669,0.018437729,0.016097787,0.020943961,0.014709249,0.263303207,0.013789076,0.012323823,0.054178321,0.136371557,1.543478544,0.076966821,0.153994371,0.093833398,0.114459872,0.148438444,0.146522559,0.149774623,0.300676853,0.358282457,0.365597451,0.310578419,0.343651145,0.078330404,0.074288652,0.074718439,0.051774545,0.012962612,0.025515772,0.045967616,0.030278922,0.04127496,0.066740474,0.076178048,0.056729943,0.11180802,0.136803222,0.099042489,0.076637342,0.073817073,0.064113321,0.075081688,0.076965909,0.075259591,0.044125513,0.044130917,0.042035902,0.119640427,0.040439624,0.043774958,0.055892708,0.064131977,0.064162284,0.069050344,0.059037387,0.046680424,0.057642389,0.055651142,0.056503741
30,8,0.162056338,0.154533407,0.172875092,0.169530916,0.173194545,0.190199781,0.186376016,0.179999995,0.17871535,0.213809595,0.448805913,0.510299192,3.009243222,0.397362347,0.539158333,0.260058929,0.281790253,0.208094381,0.254674603,0.253260688,0.342482918,0.381168907,0.368293588,0.369630966,0.353803069,0.1259155,0.191865733,0.14253932,0.118552735,0.163947867,0.177251561,0.148610137,0.160302557,0.196382121,0.270025843,0.198750767,0.280120404,0.228658784,0.207717622,0.264855501,0.269581222,0.326670856,0.245393166,0.244344797,0.264677265,0.1802413,0.298530261,0.322339253,0.238497882,0.230894982,0.196242738,0.200402353,0.244951687,0.304647999,0.369065562,0.385211696,0.413428813,0.38110822,0.29237122,0.337538549,0.26853489
30,9,0.106012769,0.178725616,0.110033039,0.083010507,0.049460875,0.082004235,0.087467162,0.077339221,0.085437967,0.061387885,0.085011734,0.052038455,0.227593559,0.139701563,0.222443148,0.380110975,0.418069024,0.464859503,0.435019678,0.385759711,0.525530856,0.548801738,0.539883444,0.555261563,0.469653237,0.178935656,0.162797918,0.276449505,0.160589154,0.085951284,0.111539786,0.221138992,0.185154006,0.318458421,0.442754098,0.631120859,0.784962954,1.144023142,1.173125097,1.147017432,0.932937218,0.912790229,0.91911713,0.961039666,0.826705092,0.704612377,0.375785504,0.349526166,0.305569063,0.880261741,0.374431072,0.354088488,0.3882367,0.504433775,0.539260345,0.523134392,0.466741528,0.323932725,0.37710626,0.32452981,0.274079011
30,10,,3.59E-07,4.52E-10,0.000208831,0.069032387,0.084856503,0.06361815,0.080962407,0.014786279,0.043433274,0.118212715,0.183073765,1.108284257,0.151682849,0.247155303,0.148376079,0.041082364,0.037263482,0.039882912,0.027215869,0.035239858,0.029391861,0.028382471,0.025104602,0.032057723,0.021731961,0.016172314,0.006572747,0.00606134,0.003968331,0.004627826,0.020423538,0.019017404,0.015675165,0.016115525,0.022395234,0.029031786,0.01809046,0.050281988,0.022248666,0.017811279,0.01640857,0.022805625,0.021373467,0.012582583,0.001716207,0.000796235,0.00058149,0.000797747,0.000698601,0.000480245,0.000647355,0.001755407,0.001720367,0.000922668,0.017548771,0.001360857,0.000732988,0.000204912,0.00014044,0.000418604
30,11,6.44E-05,0.000302822,8.63E-05,3.52E-05,0.049606563,0.053435496,0.048105988,0.056259942,0.088520229,0.122748588,0.141532217,0.100965893,0.20693677,0.108026554,0.127021947,0.123193628,0.156214878,0.163519224,0.130783777,0.138119196,0.13509353,0.140449993,0.161188262,0.130828597,0.156376268,0.094635411,0.068720878,0.055339294,0.033321437,0.009062629,0.012887469,0.029557618,0.020253074,0.014984604,0.020021578,0.026836989,0.047961812,0.118588332,0.205885978,0.219461255,0.210760001,0.196427851,0.199764538,0.227792874,0.204376906,0.164509662,0.054355287,0.064495438,0.046197894,0.075586148,0.08072011,0.077365334,0.097640064,0.124215951,0.193748528,0.179549893,0.102198407,0.026111897,0.026254469,0.030546784,0.025335417
30,12,0.235165487,0.218443936,0.236417497,0.223111697,0.2303093,0.278068812,0.244351283,0.287599554,0.301688629,0.300393949,0.338385938,0.388394187,1.197081817,0.358852897,0.377955398,0.230460754,0.238118373,0.248993701,0.314768732,0.315759366,0.377272515,0.437033077,0.431949102,0.430418295,0.387363457,0.118001065,0.193311692,0.130603511,0.123434544,0.15164324,0.160592012,0.108618347,0.120038743,0.217609089,0.315076471,0.238889644,0.217412549,0.168193791,0.170724053,0.27728566,0.253154684,0.428829207,0.314872358,0.310661374,0.385735439,0.290456453,0.422212959,0.446871798,0.357408084,0.469959892,0.273391024,0.273789484,0.316498698,0.397715602,0.397685569,0.455323978,0.396512913,0.423031652,0.328598687,0.399965044,0.34128244
30,13,0.193939745,0.247426086,0.298470026,0.305096899,0.301285955,0.242909302,0.213875647,0.224048431,0.210691429,0.226978788,0.136812923,0.199189488,0.475893144,0.240146273,0.238242083,0.169534944,0.173746638,0.191639954,0.226131973,0.220879844,0.230637993,0.246413648,0.241826941,0.259543072,0.213750888,0.117691979,0.155800421,0.112289344,0.117805825,0.172233025,0.183010684,0.150784251,0.150446293,0.100408001,0.124758279,0.117654917,0.246626379,0.198974925,0.182426353,0.162802943,0.169671977,0.197693116,0.202710917,0.124172433,0.135229488,0.111779173,0.147927144,0.158356326,0.134587905,0.137719064,0.13719144,0.26477246,0.281642897,0.291367618,0.355916221,0.339203851,0.343057989,0.304334259,0.267383113,0.30399492,0.29617059
30,14,0.13142932,0.105936618,0.123704341,0.113070787,0.223090648,0.233527401,0.230725373,0.309702192,0.244044491,0.292530854,0.309298361,0.302640121,1.015121301,0.379248761,0.71121207,0.460805268,0.56721438,0.713563976,0.698407819,0.811296437,0.826477327,0.98836107,1.019088595,0.854660248,0.877706266,0.680866432,0.646436949,0.51667865,0.48791814,0.431507002,0.447262584,0.482005225,0.487796554,0.496259149,0.509377451,0.529194954,0.487670782,0.733155639,0.80729153,0.75406409,0.800292801,0.788209356,0.86699474,0.955340474,1.064897313,0.881812824,0.932531097,0.932540753,0.924364827,1.021330716,1.026582857,1.054127454,1.04115736,0.949056219,0.895182976,0.884208262,0.976763906,0.994230987,1.001722515,0.863000666,0.954492913
30,15,2.361960765,2.203723247,2.274652978,2.331442485,2.268344045,1.993308408,2.005376497,1.999464344,1.966160371,1.955492682,1.896070596,1.783906092,1.911906225,1.862456791,2.058943142,2.491591538,2.477412648,2.482564677,2.545242534,2.415283845,2.572091939,2.720129417,2.639397535,2.479557808,2.439666715,2.038520604,1.969125591,2.224170977,1.966539897,1.827151664,1.910995199,1.890337323,1.757947305,1.832415353,1.891304618,1.873340412,1.957949956,2.348489247,2.400173726,2.312917873,2.300981799,2.132087306,2.115844276,2.139712493,2.129159991,2.014125628,1.930231723,1.906241101,1.87448948,2.002965522,1.926980925,1.935662806,2.085024147,2.224534271,2.322884662,2.56892185,2.449596905,2.494074009,2.372582434,2.383688118,2.305944065
30,16,0.521974001,0.479180461,0.5102188,0.499198393,0.511291118,0.5506184,0.516092878,0.520603906,0.459385717,0.444512796,0.624343622,0.631851364,1.659470599,0.682846264,0.835840223,0.756039758,0.773386893,0.714869883,0.715702489,0.726093021,0.829927799,0.837369645,0.821473418,0.727515221,0.846817132,0.533286026,0.508149604,0.435160472,0.421653353,0.435872569,0.470119935,0.514594428,0.497946336,0.498030297,0.54702786,0.508828809,0.57942679,0.585443266,0.619440236,0.605212844,0.725291097,0.810641942,0.742693203,0.734259444,0.717359037,0.712143957,0.778229839,0.798115589,0.798708879,0.824566765,1.061161913,1.14993605,1.257615111,1.351508901,1.48052704,1.4858158,1.581432653,1.595239884,1.472983376,1.515824043,1.419351994
31,1,,,2.33E-10,,9.37E-09,,0.01532212,,,,3.12E-06,0.042321813,1.35E-05,0.003511094,0.004718898,0.011053403,0.0096007,0.010148939,0.011339103,0.016375735,0.005332283,0.002451377,0.006585552,0.00906255,0.005316942,0.023236107,0.007540026,0.014676377,0.051247933,0.064522045,0.164096624,0.182755708,0.064531703,0.01768943,0.065963872,0.066165959,0.085149335,0.08763141,0.062845462,0.001141209,0.015657463,0.010365712,0.008478275,0.013975959,0.017671654,0.010079325,0.000104351,0.000177672,0.000408806,0.000898822,7.75E-05,0.000398022,0.00063862,0.000864288,0.000566198,0.000822123,0.000829445,0.00024396,0.063903211,0.000444902,0.000434303
31,2,,,,,,,,,,,,,,,,,,,,,,,,0.000161636,,,,,,,,,,,,,,,,,,,,,,,,,,,,0.000561813,5.32E-05,0.000218367,0.000346037,0.008212557,0.015771765,3.54E-05,3.50E-05,4.32E-05,1.73E-05
31,3,0.401914585,0.3780555,0.366046445,0.373085558,0.348251236,0.330170432,0.318063586,0.305156996,0.271172476,0.284767387,0.214006795,0.2015859,0.192309226,0.271531178,0.251366355,0.250551354,0.244310977,0.202875074,0.194422706,0.191260511,0.183690224,0.17205571,0.164803776,0.158057145,0.149897306,0.149506086,0.144836241,0.147778143,0.133556918,0.120776323,0.133435783,0.136306554,0.107597889,0.069229567,0.077659743,0.079080401,0.096333445,0.099097927,0.109579841,0.051899568,0.054498951,0.054320158,0.048479673,0.050073652,0.046582801,0.057094751,0.046868844,0.046737704,0.036070631,0.035226465,0.034870595,0.034052601,0.035143585,0.035959428,0.040140228,0.044523461,0.058065113,0.067969563,0.070467414,0.107794467,0.114659504
31,4,,,,,,,,,,,,,,,,,7.46E-05,8.90E-09,,9.01E-05,0.000430565,,,0.000384245,2.38E-06,1.74E-06,3.47E-06,1.67E-06,0.000145422,0.00013342,5.64E-06,3.20E-06,6.47E-06,1.04E-05,0.001270382,7.90E-05,0.000208165,4.38E-05,6.96E-05,0.000105172,0.000252108,5.94E-05,9.69E-05,0.004038001,0.000235256,0.000329065,0.000493867,0.000502236,0.000389473,0.00046089,0.000629609,0.00084087,0.000777001,0.000859767,0.000902476,0.001083501,0.001052744,0.000126296,0.000153573,0.000145198,0.000245837
31,5,0.210316478,0.197119452,0.187087036,0.18510267,0.167560276,0.15592438,0.151402337,0.140300165,0.126188273,0.139661817,0.093605143,0.122696902,0.085294135,0.108211686,0.114617474,0.085661413,0.080638978,0.080295269,0.0892764,0.088177119,0.087622189,0.082888691,0.084142474,0.077079313,0.060719995,0.071770196,0.059226432,0.056286369,0.110649375,0.100333055,0.095836246,0.107303548,0.070385737,0.051675101,0.076026246,0.08355436,0.097316379,0.047807205,0.042203209,0.047407751,0.030737823,0.046519197,0.042371339,0.038255459,0.038426329,0.03757804,0.036140646,0.035232462,0.035552064,0.035708591,0.033972151,0.033435116,0.033018896,0.032021966,0.028680435,0.032839224,0.038505522,0.041249852,0.052122245,0.058602535,0.061233486
31,6,0.146360499,0.152148319,0.142946974,0.141075767,0.141892063,0.129430465,0.129776789,0.105439343,0.116838778,0.120372595,0.159978512,0.188366145,0.116639503,0.095792886,0.108721023,0.152702891,0.121485462,0.100572568,0.122659557,0.146065054,0.117336852,0.101932657,0.092828498,0.100686751,0.09398823,0.118481454,0.10745532,0.188012254,0.125984132,0.120996625,0.16026836,0.268647739,0.135627859,0.090179428,0.154186246,0.157561529,0.178156972,0.125248495,0.111980424,0.053568199,0.094038362,0.115030118,0.096488155,0.139336555,0.138850943,0.119241455,0.04641818,0.051458326,0.057091624,0.062599027,0.074882311,0.186505113,0.230034635,0.232022273,0.260141026,0.273926291,0.163544215,0.189287856,0.256931348,0.296159449,0.312682738
31,7,0.021699251,0.020531877,0.01874184,0.018210872,0.016924989,0.01528785,0.012094392,0.01157443,0.010902826,0.009837302,0.006500243,0.105520065,0.005990468,0.009140942,0.009086693,0.014172097,0.018271788,0.023091134,0.019390805,0.027268932,0.007065282,0.021951981,0.034600789,0.06467198,0.019756445,0.10152457,0.02466896,0.045373517,0.057278082,0.049109764,0.083141103,0.32808402,0.0318561,0.044389746,0.139506164,0.181972708,0.305205113,0.077309126,0.041426652,0.003390024,0.021012662,0.031725118,0.029641183,0.050078399,0.051440964,0.024084383,0.001647877,0.001447866,0.001692643,0.001694091,0.00316972,0.001672798,0.002302144,0.002776815,0.010633149,0.002364306,0.002538164,0.002216329,0.033717619,0.002760998,0.003781465
31,8,0.740401449,0.727742128,0.709639106,0.713909659,0.60921696,0.609388908,0.579519487,0.532686677,0.450933297,0.516416479,0.408140784,0.56404994,0.342078505,0.436969544,0.409335761,0.448951876,0.461374246,0.399692499,0.368708677,0.378255961,0.362764551,0.357251457,0.318778933,0.318464517,0.277470061,0.382465921,0.297636377,0.289707236,0.223151741,0.222163714,0.210691878,0.481038575,0.19783756,0.148385829,0.310084326,0.374745964,0.431526305,0.251991057,0.209885395,0.126233111,0.180660886,0.124671538,0.116207041,0.110546979,0.100133532,0.101495561,0.099179039,0.099070425,0.099814693,0.096941435,0.098877323,0.098775257,0.106625572,0.113179327,0.128090046,0.140150802,0.180857335,0.199702903,0.286925768,0.279653618,0.264016754
31,9,0.00012199,0.000124223,0.000187845,0.000214076,0.000167192,0.000146798,0.001218996,0.000213426,0.000201297,0.000252029,0.020001734,0.027278966,0.018583773,0.001817385,0.002799362,0.003630685,0.006127404,0.006542821,0.008481519,0.008397854,0.006384276,0.002683062,0.008850613,0.010021888,0.009687492,0.02485878,0.03452168,0.047728232,0.087853991,0.037641724,0.120455916,0.166561321,0.067103057,0.082144052,0.148827017,0.237164134,0.106400212,0.105423264,0.096783132,0.010064112,0.013898277,0.029320456,0.026634807,0.03502722,0.038647547,0.036553335,0.01114328,0.009835125,0.009697324,0.013015464,0.01010435,0.012954743,0.013771673,0.013344255,0.014090788,0.017245043,0.024959352,0.028534171,0.037942686,0.050407739,0.060999572
31,10,,,,,0.022286817,0.023802606,0.023536076,0.028005834,0.004704324,0.011793328,0.013658278,0.100315005,0.026417676,0.022490777,0.036494062,0.028601805,0.008210522,0.005885083,0.004576654,0.005053116,0.003658072,0.001164867,0.001775257,0.006738482,0.002191198,0.021955951,0.002261225,0.002647073,0.002456663,0.00389307,0.003878333,0.156230015,0.005930823,0.011204254,0.076733517,0.088834635,0.114135955,0.021201999,0.009949823,0.001277237,0.008845629,0.006678805,0.016125208,0.01258176,0.006622888,8.49E-05,9.74E-05,9.23E-05,0.000949764,0.000102134,9.12E-05,0.00053921,0.000142314,0.000198584,0.000141858,0.000409926,0.000188182,2.11E-05,0.005890908,3.57E-05,4.58E-05
31,11,,,,,0.016025512,0.014960444,0.017775439,0.019447204,0.027994461,0.03329933,0.030745442,0.033404892,0.022680228,0.019187568,0.026901167,0.022370974,0.02905352,0.026873891,0.020032566,0.018643151,0.014633746,0.004834426,0.007428946,0.010158235,0.009025151,0.011559192,0.013987313,0.017543504,0.020755545,0.006185161,0.016816405,0.044077746,0.003915269,0.00507584,0.017933441,0.02738272,0.025489214,0.012236537,0.016664222,0.000346875,0.002158161,0.014149444,0.017248167,0.02126681,0.022522038,0.021381713,0.000558306,0.000566553,0.000377833,0.00062717,0.001271797,0.000836638,0.000814273,0.000545809,0.00062823,0.000783653,0.000599564,0.000521881,0.000491187,0.002061184,0.00035349
31,12,0.05176236,0.049608914,0.048696124,0.048324047,0.045240039,0.042538307,0.041360053,0.03888941,0.035044856,0.040070703,0.03283611,0.089696349,0.032618384,0.039822438,0.037799337,0.042554518,0.042760741,0.034764276,0.030346361,0.032387658,0.026495948,0.028332208,0.029423164,0.029440787,0.023852896,0.035452321,0.024421366,0.027774938,0.026002045,0.022981837,0.02841357,0.081045929,0.016100855,0.018730316,0.036613847,0.054560562,0.062795481,0.029433528,0.024050375,0.009354237,0.017544894,0.017193757,0.014914132,0.019166967,0.019860468,0.014358619,0.007177531,0.006676638,0.007220107,0.007218133,0.008561087,0.008902782,0.008836696,0.008762503,0.014720024,0.010183773,0.011968473,0.01346197,0.032955331,0.018012413,0.018950236
31,13,0.384435617,0.365336208,0.354503464,0.354153389,0.323258604,0.31609167,0.289317304,0.274289411,0.24111746,0.259043955,0.255511454,0.253282227,0.225845102,0.074119819,0.070466339,0.07002279,0.069332436,0.182978309,0.179747008,0.174357354,0.16276193,0.156840626,0.14664775,0.144266493,0.13078826,0.140263376,0.120259732,0.137818456,0.101695574,0.106307474,0.107817,0.204777483,0.09379732,0.132209595,0.172047925,0.188368358,0.150391445,0.110404501,0.097406852,0.105975334,0.130156406,0.114661996,0.102596965,0.11538121,0.108638837,0.101033458,0.075313837,0.069940583,0.071352134,0.068191012,0.069690157,0.100052424,0.109662704,0.111398779,0.124900273,0.122172322,0.124316284,0.139036564,0.17500698,0.236946186,0.25177532
31,14,0.20504591,0.241731519,0.229227725,0.235605121,0.292964103,0.266375203,0.24853665,0.21750869,0.244836698,0.236202004,0.298598137,0.399069639,0.223032541,0.142756175,0.193988635,0.298047873,0.226708197,0.232142284,0.192667619,0.228437949,0.190859873,0.138619667,0.158389844,0.165845509,0.146730345,0.158427628,0.166693274,0.163489472,0.18934681,0.14957977,0.228502064,0.238886569,0.148024617,0.147536581,0.18709393,0.201838172,0.157339765,0.135224798,0.134689047,0.114784154,0.131496915,0.159994556,0.153506949,0.152503677,0.145928145,0.137445782,0.128165648,0.139860762,0.168094259,0.168025818,0.181434661,0.198199307,0.200273117,0.23539459,0.214769875,0.248075881,0.347022512,0.405144963,0.452376128,0.529415836,0.575370712
31,15,,,1.43E-09,,0.000121098,0.000107913,0.002824869,0.000132397,0.000135124,0.0001326,0.000132861,0.009561958,0.000189914,0.009030307,0.010522891,0.018281079,0.022040633,0.019458472,0.024402931,0.021968197,0.019394162,0.002065085,0.016154381,0.01562992,0.021967587,0.037515122,0.05014249,0.072654452,0.139229661,0.075642254,0.206720999,0.205586566,0.076743363,0.016837346,0.070712137,0.084131182,0.03843053,0.062263669,0.061163153,0.000333888,0.0011088,0.016580116,0.011456846,0.019875798,0.017089498,0.018344697,0.000844893,0.000835609,0.002387647,0.00084039,0.001421627,0.001682712,0.001287186,0.002240827,0.001302319,0.001643699,0.004495823,0.000587438,0.006587508,0.014095522,0.000608262
31,16,0.075078781,0.085320598,0.086195105,0.085739898,0.09781498,0.095450123,0.096303058,0.080374805,0.092429467,0.090497358,0.136970357,0.192378239,0.102276034,0.118627661,0.114813116,0.169399632,0.158941943,0.185060165,0.137565649,0.166252574,0.154639868,0.120539133,0.147633272,0.161740232,0.145074649,0.168166468,0.168543762,0.200311722,0.36702288,0.400536435,0.414101626,0.458808926,0.319171658,0.269186726,0.329562903,0.599379124,0.42670531,0.378709531,0.267516999,0.145398853,0.17171864,0.171382731,0.176374432,0.185377615,0.186429968,0.176637797,0.180284584,0.196721086,0.257907703,0.235494218,0.240046362,0.272580033,0.325349474,0.344437975,0.392258272,0.409164069,0.584910573,0.654378243,0.683194813,0.921494661,0.968054469
32,1,3.02E-05,0.00209784,5.47E-06,0.000111128,0.00021684,0.013100289,0.001025311,0.011454336,0.017764862,0.02439598,0.12138182,0.171917042,0.039713727,0.543317462,0.322837204,0.083240663,0.142438502,0.13257165,0.074261046,0.093450691,0.046291761,0.102488611,0.071473177,0.079354563,0.087829704,0.067699875,0.129714809,0.090968217,0.096769488,0.23012525,0.17509131,0.128091572,0.058130844,0.051825526,0.180277364,0.074302692,0.038709234,0.15733267,0.174939522,0.172496301,0.237648029,0.228847404,0.209666668,0.21465936,0.307497311,0.169199239,0.236399792,0.215179499,0.12695814,0.302689117,0.175421078,0.201607779,0.471224938,0.283795051,0.306705071,0.403134442,0.231561484,0.244058589,0.099015412,0.114559845,0.110563955
32,2,,,,,,,,,,,,,,,,,,,,,7.80E-05,,0.0004566,0.000818645,0.001072189,0.008131129,0.020510673,0.009399023,0.008432911,0.012181379,0.010395632,0.010561921,0.015572453,0.011914507,0.040736649,0.021311566,0.011758255,0.035036754,0.009346059,0.02712932,0.039548242,0.048072857,0.064454038,0.018460949,0.057679432,0.026723041,0.027228737,0.037616464,0.09408995,1.07E-05,,0.000506585,5.73E-05,0.000226946,0.000423531,0.011235869,0.019359692,0.003364233,0.540261798,0.004411506,0.00377144
32,3,8.752533259,8.605337027,8.05898987,8.102040906,8.946304499,8.248477794,7.392523458,7.337498729,7.360659761,8.036212333,8.06462032,8.693562,8.619769208,8.146927453,8.679513067,8.829738733,8.148961558,9.295233094,7.916437745,9.25144434,8.976329585,9.411080474,8.589491117,9.222984445,8.099911595,7.987170499,10.09482571,9.168290604,8.732310869,8.875952515,10.95398811,10.73403793,10.82545327,10.41861115,8.991836377,11.70234357,10.98343332,12.03485143,11.37132326,11.88599469,11.41594101,11.76091109,11.94987216,11.1572005,12.26793494,12.21643588,11.52771648,11.76113877,11.66305319,12.31069753,13.48689484,13.47282835,12.42461206,13.39079957,12.31970094,10.9958824,12.66444335,12.00950516,12.82667475,12.35200953,12.57758136
32,4,,5.32E-10,3.36E-05,2.38E-05,0.011293701,0.012584344,0.009382032,0.007186133,0.008270385,0.022286315,0.039882876,0.038955897,0.050210269,0.064795524,0.053775853,0.073091215,0.067506432,0.103643178,0.129977976,0.188497031,0.223356339,0.272012908,0.261441956,0.345398468,0.360124072,0.499233437,0.53607523,0.535751044,0.733570135,0.768008608,1.14747616,1.132532149,1.663481759,2.425467582,2.735439026,5.664124458,4.808333204,5.254233924,6.495284154,7.935242048,8.512200248,9.084523316,10.20918629,9.908346049,10.59827434,10.4315638,10.26116382,10.22518716,10.49950532,11.21167442,11.19832289,11.70079436,10.01849965,10.91898306,10.22487737,10.52329734,9.770996265,10.1397101,11.19556374,10.34911219,10.43824036
32,5,0.040997899,0.043896778,0.049004235,0.03841392,0.042058858,0.053212158,0.038882035,0.054535944,0.050715891,0.049029965,0.137018607,0.207997031,0.081914944,0.253294872,0.276317565,0.048228037,0.079162415,0.091880471,0.062198939,0.054440234,0.048970359,0.042826722,0.03300024,0.052767704,0.06005817,0.060159533,0.059931786,0.079174126,0.039140692,0.072537155,0.072192061,0.037703239,0.109699241,0.065360608,0.128307137,0.090476834,0.08493281,0.089883802,0.107264213,0.058605829,0.088147538,0.070982977,0.102024014,0.118378914,0.13088962,0.132020834,0.11721752,0.157936386,0.143751822,0.206683142,0.47683885,0.222484398,0.175439005,0.179833343,0.321922897,0.281970116,0.321117236,0.304033607,0.364011647,0.382649091,0.300211787
32,6,0.236365631,0.331992224,0.352048278,0.360115642,0.39444164,0.411206109,0.415891226,0.426570507,0.434117939,0.438343518,0.535322376,0.578994223,0.466552082,0.6957422,0.749248199,0.475906792,0.475138407,0.557219115,0.522326765,0.542583519,0.491982755,0.594958122,0.581534039,0.583847855,0.636296328,0.607944279,0.639783863,0.65408958,0.600816387,0.639954117,0.541534921,0.493119994,0.661404768,0.714116378,0.929085153,0.572027416,0.581225215,0.649707455,0.782340924,0.73252967,0.814121033,1.044840119,1.042523414,1.160439426,1.114739424,1.173020452,1.289840254,1.362258796,1.475389511,1.953469299,1.959910679,2.173023419,2.070996437,2.3994381,2.582723061,3.634023791,2.887749726,2.947460299,3.10735703,3.066156516,3.281814811
32,7,4.905789021,4.966970893,4.585686277,4.65541669,4.635661234,4.344618782,4.370933553,4.402281458,4.305090752,4.203197646,3.927427181,4.094612563,3.945397918,4.461684411,4.305178635,3.950344836,4.227627528,4.630066748,5.059482009,5.599285009,5.354717413,6.592298101,6.562422598,7.417311171,7.579508746,7.253882242,7.665507904,7.58784722,7.93809125,8.068896863,7.154181037,8.532587097,8.356972201,8.465501926,9.169576359,9.231807715,9.138713514,9.473911523,9.067673052,9.352232706,9.271194871,10.19385448,10.34993684,11.02147628,10.64249678,9.681656316,10.21390071,9.707480118,10.12976174,10.4138903,10.48938228,10.93920849,10.39104357,11.5756664,12.1802844,12.68437795,12.0988179,12.2549697,11.91978166,11.93777028,11.26504298
32,8,0.377073304,0.727540233,0.755084897,0.789075756,0.738215508,0.876757203,0.81934945,0.956006515,0.915097269,1.079764979,1.413698928,1.659263049,1.028241314,2.115860272,2.186916105,1.203595991,1.424705183,1.526078504,1.506293109,1.550152693,1.511584736,1.610758522,1.594172442,1.694759535,1.715835939,1.937779075,2.017914232,2.103561222,2.095415592,2.298374052,2.24823345,2.54602074,2.574587894,2.494906094,3.156495984,2.748191079,3.127516228,3.042511228,3.206375964,3.038340318,3.32319898,3.945617674,3.779396917,3.898159691,4.264189633,4.169078808,4.830868898,4.786587183,5.762353217,5.536048243,5.325724931,5.960521991,5.357312436,5.387834064,4.136910135,4.776792525,4.942486573,5.153297335,4.878635633,4.282959,6.553557643
32,9,0.012832109,0.022057895,0.020389435,0.005252018,0.003083377,0.009252498,0.014244619,0.007906729,0.007219005,0.012777279,0.031728596,0.048512383,0.025252082,0.083252383,0.108714857,0.062454486,0.055877343,0.075352855,0.079656781,0.091766647,0.088514941,0.149015279,0.158729384,0.201019388,0.182682328,0.267776594,0.508456377,0.352484557,0.289359605,0.255888337,0.175981397,0.360643766,0.262706114,0.288130486,0.40873223,0.487515276,0.365636841,0.472399075,0.519075267,0.504746968,0.567708716,0.605477713,0.617385149,0.63632812,0.713750374,0.696928713,0.762613231,0.748670099,0.662371761,0.803236329,0.735916948,0.787703698,0.822505115,0.785338881,0.806780733,1.466798584,0.879564448,0.899179705,0.975429284,0.933597707,0.657338512
32,10,,0.000695148,0.001687953,0.001434633,0.097001499,0.141085821,0.116977114,0.139921499,0.05607354,0.102418383,0.28880836,0.412093824,0.20187703,0.53314104,0.647085511,0.175253016,0.120623793,0.11863821,0.058321236,0.063874224,0.073187915,0.067858465,0.069773656,0.07764229,0.111409309,0.09396295,0.135924964,0.092000597,0.091939535,0.109328368,0.050934621,0.716424179,1.090650813,1.270230141,1.424338837,2.235237825,1.733826785,1.518088689,2.173210163,2.249178839,2.532001548,1.992034652,2.419677423,2.271516092,2.309788182,2.00834304,1.527698796,1.338529378,1.324604328,1.478234861,1.087762369,1.139540414,1.147255199,1.149913574,1.208078026,1.608945913,1.359772701,1.429021341,1.348701782,1.320901774,1.625853812
32,11,0.014508352,3.15E-07,0.000868258,0.000797103,0.068222608,0.076857161,0.087005102,0.081387195,0.136962469,0.144712439,0.179314467,0.137003534,0.122585352,0.162945309,0.205035493,0.128676673,0.163220581,0.202965349,0.186845313,0.128329817,0.089314743,0.058802145,0.099834071,0.093806243,0.124582796,0.100278151,0.149267846,0.157263276,0.060590952,0.041872865,0.032552186,0.043187946,0.013323393,0.01283737,0.040440478,0.02396271,0.016713512,0.029022227,0.049542683,0.022339786,0.031625259,0.038084117,0.033609783,0.027749881,0.034892352,0.025673864,0.055733445,0.049680973,0.036427197,0.100722945,0.941040626,0.26183312,0.112774394,0.065989814,0.398389222,0.17301648,0.284486945,0.179347731,0.354584618,0.38474249,0.233410733
32,12,10.12776343,10.33014265,9.909549738,11.50670806,10.03820584,9.852442048,10.15407081,10.10175462,9.856128112,9.311126152,9.242562799,9.637294481,9.391227328,9.099295781,9.773049376,9.141328349,8.839864987,9.413150277,8.510759823,9.324682257,8.867696512,9.448233633,9.004246959,8.839116983,8.923263612,9.152919329,8.661348689,9.141017816,9.491874852,9.308133991,10.04695772,8.385599893,7.772148611,8.473143069,7.565878549,8.148810192,7.774525812,7.982383947,8.345379562,7.839285567,8.061373291,8.323896508,7.705124438,6.873963262,7.3740836,7.584524207,7.043262442,6.816595626,6.697965149,7.359921921,7.592086904,6.440697127,7.250109571,6.304212202,7.574336889,8.448310641,8.870166733,8.343267135,8.55229441,8.648909092,6.785399742
32,13,7.832503903,9.287197848,7.34054418,8.80579287,8.161578889,5.634482464,7.266780942,6.680988629,6.329391069,6.476561008,6.958404287,6.367353948,6.053307418,6.308384339,5.518018294,5.303685456,4.887365714,4.738294574,4.996288604,4.900259123,5.057754188,4.940476784,4.891710821,4.804415605,4.651576113,4.097933355,4.18070295,4.310376591,4.233787272,4.325240339,4.320621157,3.848232456,3.650885529,3.91368466,3.973607992,3.738229186,3.371886087,3.737391213,3.686181102,3.471890912,3.662545923,3.57317019,3.521324447,3.525444057,3.098062148,3.2154746,3.08211128,2.933191223,2.813216047,2.851327322,2.310192094,2.380010138,2.290809318,2.085099877,2.20491604,2.314573321,2.234510119,2.080651276,1.999054243,1.724172317,1.52419545
32,14,0.010987966,0.009818383,0.025308061,0.046051606,0.224576619,0.278011376,0.326018152,0.288158345,0.339151522,0.342812783,0.527480603,0.559055556,0.434677057,0.650957648,0.792562322,0.459915524,0.51532515,0.675486832,0.643066342,0.680374008,0.58551015,0.511904822,0.652637849,0.650406482,0.724573561,0.644073464,0.803020712,0.615975469,0.635012015,0.660027949,0.53216227,0.641561269,0.645234685,0.651518123,0.772421768,1.032010195,0.817858494,0.885087969,0.963663336,1.00322366,1.126882362,1.231147916,1.237891841,1.260096596,1.365253461,1.374570073,1.498707808,1.368941053,1.475558651,1.521230088,1.616197191,1.631088531,1.723495336,1.506207848,1.407863049,1.447259231,1.632037648,1.760740941,1.893720303,1.706400783,1.810872521
32,15,0.187999187,0.217740617,0.297367753,0.262270475,0.517176327,0.617690039,0.681191238,0.508977699,0.632554649,0.851283003,1.913132455,1.779504616,2.254058287,2.592055803,2.555938094,3.043863352,3.103499667,3.703004894,3.481903199,4.06541784,4.264110177,4.609767819,4.606083044,6.998109939,4.83152343,5.19136669,5.628653869,5.297212792,5.683995352,5.721492357,5.895390672,6.161226957,6.104413271,3.998491315,7.316262926,9.144231148,8.070828071,8.550466428,9.002372293,8.875043125,9.398660232,10.29922656,10.41815615,10.28110313,11.06567671,10.72487562,10.64985312,9.974990153,10.08522073,10.61873847,10.34322642,10.38375195,10.32025916,10.80509522,11.04460199,12.70543851,12.34917484,12.65056201,12.91064287,13.19155887,13.04746541
32,16,0.114455856,0.187103356,0.209426864,0.304835689,0.484583474,0.621669253,0.653903964,0.570963187,0.68468509,0.695823393,1.660830917,1.703962601,1.64321779,2.252908712,2.283518548,1.85843201,1.876083107,2.422227827,2.659320063,3.333655472,3.551674071,3.752101883,3.615017209,3.781069884,3.64559387,3.87897639,3.794927137,3.378998318,4.129480276,4.334929771,3.944006703,4.363095148,4.96977631,4.872805604,4.903122095,6.167627924,5.41256855,5.623469646,6.04742393,5.887714799,6.385676823,6.770738842,6.830299746,7.047628771,7.459490096,7.584428533,7.774884577,7.52816769,7.446501304,7.637065666,7.516864162,7.569316333,8.325920448,7.695125964,7.619642263,9.472712643,8.03435714,8.196813554,7.966447454,7.725677955,7.732023072
33,1,3.97E-05,4.14E-05,4.66E-05,0.000404063,0.000423871,0.002711043,0.013708472,0.007110849,0.012739592,0.079568427,0.000144751,1.34E-05,0.00010735,0.196477697,0.011021402,0.019737242,0.019358543,0.022686511,0.01792844,0.04445047,0.014812319,0.025055889,0.020139764,0.022455603,0.026041835,0.016996278,0.047289951,0.079572347,0.250266553,0.186452161,0.281573948,0.310412448,0.233469931,0.074209549,0.270306034,0.176821459,0.035789708,0.360835554,0.295901259,0.334250846,0.36447379,0.384968065,0.287798808,0.270957941,0.42227108,0.294798853,0.284685363,0.146387047,0.150387398,0.122902441,0.173372533,0.212412536,0.325247205,0.217465044,0.234083144,0.303693571,0.262774868,0.305750227,0.277998839,0.268646659,0.311323822
33,2,,,,,,,,,,,,,,,,,,1.25E-05,,,,,2.67E-05,6.98E-06,0.000127538,,,,,,,,,,,,,,,,,,,,,,,7.66E-05,0.000101022,0.000398955,3.40E-06,0.000677868,9.61E-05,0.000183562,0.000456727,0.005124789,0.00542698,0.005440275,2.173255555,0.006288441,0.009536218
33,3,0.234398493,0.265801217,0.274258962,0.279042833,0.289351756,0.285437987,0.291935565,0.312075404,0.290820218,0.297170204,0.291450988,0.277215106,0.285228869,0.307395335,0.28672351,0.287015166,0.286152761,0.257529832,0.266254079,0.261618296,0.260293572,0.262005747,0.253958945,0.246203146,0.248679595,0.239480591,0.253267545,0.274345734,0.3005164,0.203580225,0.357408451,0.297179981,0.248864189,0.246431555,0.255491143,0.317622769,0.262671578,0.359624531,0.26472189,0.26846858,0.255787283,0.286567385,0.271284209,0.323128421,0.29081405,0.270885219,1.18582007,1.053745084,1.101889127,1.087749667,1.159144404,1.32112527,1.288797978,1.147631951,1.446771879,1.253058982,1.286575221,1.26724226,1.485628427,1.495892778,1.681398013
33,4,,,,,,,,,,,,0.000351777,,6.51E-05,0.000121007,,2.24E-07,,0.000111822,,0.001404725,0.000211798,,,0.001107218,0.000299935,0.00059437,0.001272312,0.001129432,0.001835937,0.000421453,0.000142906,3.31E-05,0.00040777,6.24E-05,9.68E-05,0.000185782,0.00017298,3.01E-05,0.00378486,0.004644945,0.000145422,2.86E-06,0.588786058,8.43E-05,0.00012203,2.879882291,2.589314748,2.780928573,2.785877498,2.515377086,2.727746234,2.271752091,2.437789601,3.093421357,2.728445568,2.450549822,2.611596506,3.020121584,3.146119677,3.913125992
33,5,0.263588,0.252443614,0.240092182,0.226949927,0.209831592,0.197542068,0.196819051,0.186489934,0.175265525,0.22954485,0.159364004,0.144437653,0.133678606,0.196750026,0.120646212,0.113224996,0.108170975,0.10375294,0.092810944,0.100391597,0.088954941,0.077147477,0.075134719,0.068709369,0.08197631,0.063980846,0.061422809,0.060916247,0.079571188,0.06494686,0.089376902,0.064431235,0.053512179,0.052292994,0.06204581,0.06618942,0.090639219,0.062296883,0.065896272,0.07235681,0.078936481,0.082527705,0.075405592,0.142064213,0.091313272,0.08478877,0.086947794,0.163348119,0.190932984,0.232352197,0.302527581,0.574711068,0.110727415,0.179611864,0.432314523,0.414715913,0.430434283,0.446347548,0.47473214,0.597278828,0.496109423
33,6,0.026680581,0.032656964,0.036840786,0.056983401,0.075136371,0.071250792,0.08701351,0.098220299,0.090971155,0.160751753,0.080960835,0.080696036,0.076932434,0.186613391,0.097977719,0.099996513,0.111301856,0.114241995,0.11593272,0.118147762,0.142428286,0.16227803,0.175571212,0.114944353,0.155949381,0.146434426,0.191161702,0.240733002,0.381634636,0.241648034,0.311566856,0.34759802,0.259422677,0.232256107,0.303233365,0.325682542,0.23686296,0.34081439,0.527313543,0.329795842,0.408258203,0.624941157,0.636175836,0.762073123,0.735316585,0.676855269,0.672862472,0.810056935,1.158921621,1.010257939,0.935620225,1.041780401,0.963510239,1.122025152,0.893863722,0.996471834,0.905874976,0.690625861,0.932109528,0.983605588,0.749385715
33,7,0.000706891,0.000212402,0.001066278,0.003446638,0.015084202,0.011362515,0.042546421,0.036892814,0.033404083,0.241558093,0.000258239,0.000286307,0.00053677,0.234774602,0.008328371,0.006877551,0.011389387,0.028756861,0.019374974,0.052971245,0.002172263,0.078175774,0.070097446,0.080081778,0.121136599,0.039401098,0.111727678,0.238829272,0.247782943,0.196282971,0.322842241,0.317870259,0.180714419,0.302849182,0.20805335,0.17727701,0.115835059,0.233114546,0.190147388,0.294110257,0.230882363,0.362430925,0.278640025,0.269652495,0.38866765,0.245092626,1.243935318,1.137828344,1.186661616,1.103964346,1.249847049,1.327540034,1.501218114,1.294307957,1.503295998,1.337214237,1.207965398,1.215589305,1.253087976,1.358860158,1.684960567
33,8,0.00297783,0.119999413,0.118922765,0.135412502,0.149972005,0.180492175,0.249981659,0.217417575,0.240642418,0.576338741,0.18911452,0.177564886,0.196195718,0.639287312,0.243023261,0.230105598,0.237184322,0.335455546,0.400096341,0.463757766,0.360736478,0.386544731,0.402759845,0.52475786,0.564097142,0.692295815,0.694886469,0.750410019,0.866482437,0.805309978,1.041159801,0.888058754,0.93863128,0.688944919,0.694257373,0.824671754,0.813301726,0.894862908,1.105232674,1.153987673,1.166723004,1.282279709,1.165116598,1.210876115,1.229930708,0.972575226,1.053911499,1.080178316,1.098996569,1.184426211,1.210119322,1.275306624,1.261840637,1.34759983,1.884965841,1.9437232,1.780444782,1.679975178,1.645196576,1.44004044,1.280880085
33,9,0.021196665,0.021488755,0.016562657,0.007368417,0.010915123,0.007269405,0.012235282,0.030019362,0.010363503,0.030420057,0.011772774,0.010700464,0.023271272,0.03984546,0.016900137,0.012891566,0.022438574,0.027004231,0.028959033,0.024656168,0.024754559,0.030011895,0.035257191,0.054313161,0.046228364,0.080391236,0.225136163,0.239933671,0.478727702,0.119561728,0.202360621,0.742779073,0.260910844,0.198176839,0.416790758,0.333760011,0.185756038,0.306319426,0.307048443,0.275997519,0.262591176,0.249867007,0.241380782,0.316433938,0.274886473,0.234995288,0.426872613,0.382603136,0.349512912,0.460168306,0.408468004,0.418374637,0.391023057,0.364268851,0.444970088,0.594245311,0.365561239,0.33323533,0.385665018,0.376446266,0.326211672
33,10,,,0.000209915,0.000235549,0.040300457,0.037761554,0.048396853,0.050720591,0.029621369,0.169939248,0.016909058,0.027455028,0.031800771,0.176985809,0.034960082,0.045820868,0.007254961,0.01352291,0.006565066,0.022743262,0.00441711,0.003438972,0.006268167,0.004995085,0.006840021,0.004179965,0.007742894,0.014292885,0.016695397,0.006281562,0.061341285,0.100319047,0.021293186,0.047447077,0.100229198,0.080811402,0.034745136,0.018027147,0.011243602,0.024279547,0.026957206,0.037126103,0.022490429,1.029306632,0.020267055,0.003873657,0.535418321,0.465690147,0.46372117,0.488598263,0.373863836,0.470403336,0.347712631,0.383359758,0.486699369,0.544147863,0.431785274,0.435548036,0.44273253,0.484005245,0.737465424
33,11,2.37E-05,,0.000135553,,0.043069891,0.03730896,0.036091379,0.100576359,0.095974591,0.104741577,0.098763183,0.097951871,0.074417728,0.095763384,0.072394044,0.082253,0.140572652,0.14269823,0.124400576,0.128846895,0.107633294,0.09676102,0.105722761,0.094811522,0.096290518,0.0923463,0.128865602,0.142505338,0.150748401,0.02975019,0.118323841,0.251969186,0.091606521,0.092158013,0.127615406,0.119795048,0.165508604,0.098853419,0.097539918,0.10044558,0.10914538,0.104855562,0.102965318,0.143064872,0.100143969,0.099492941,0.079690927,0.10592668,0.09565196,0.166357389,0.533458568,1.298124583,0.18559044,0.131194393,0.857505029,0.701908916,0.615568022,0.648330585,0.728893681,1.053952831,0.794298442
33,12,0.003896144,0.040837831,0.040878983,0.047392136,0.055198147,0.055298028,0.071210156,0.068293819,0.084450884,0.162074555,0.072755318,0.065829842,0.082546834,0.219252251,0.106612873,0.119029984,0.095149572,0.114236304,0.125832893,0.142170382,0.120134331,0.1385357,0.1474263,0.166289561,0.203374207,0.1876149,0.197903249,0.243711886,0.297119669,0.266746827,0.306212126,0.277637606,0.255711436,0.22730779,0.217797293,0.269324934,0.252000315,0.322569237,0.396543926,0.391422744,0.40345267,0.484647842,0.431949427,0.61338982,0.438941164,0.422594894,0.467814055,0.520468893,0.554993572,0.579478049,0.63287889,0.639252146,0.594747499,0.673072941,0.873961816,0.92469663,0.853965846,0.844915297,0.82080083,0.747724897,0.721335429
33,13,0.000156472,0.000157319,0.000162844,0.000258629,0.00150309,0.0013931,0.005714384,0.004440529,0.007052895,0.044055186,9.22E-05,0.000551506,0.000106838,0.04818225,0.002274587,0.001207807,0.001942733,0.008492089,0.008759091,0.012892572,0.008721515,0.01219535,0.014567445,0.019137288,0.030602965,0.022380508,0.018771295,0.03629716,0.054212002,0.055098403,0.098492437,0.042687553,0.047026554,0.051090061,0.066483327,0.077086969,0.050989735,0.07727216,0.13147477,0.080243321,0.106882782,0.181475946,0.169626189,0.35498065,0.196957928,0.142276347,0.143525685,0.162457654,0.300062815,0.305304174,0.267376478,0.386240318,0.226045964,0.252474664,0.231547795,0.276595239,0.333769486,0.234083416,0.332710048,0.325010389,0.25036496
33,14,0.009615982,0.007425984,0.010380222,0.022265447,0.082123491,0.072162382,0.087724378,0.101457137,0.100574744,0.163059007,0.064223494,0.044518385,0.058118661,0.153443589,0.056441321,0.205798049,0.163954874,0.11339566,0.098973518,0.146343086,0.075215894,0.094549415,0.167108111,0.080068112,0.106274182,0.085184586,0.175176379,0.216955731,0.304277897,0.167453365,0.290260695,0.481508054,0.160619291,0.117871863,0.290141076,0.234171794,0.128536817,0.142436025,0.134508009,0.165124124,0.18043754,0.190724683,0.179004563,0.308333904,0.18344346,0.156706749,0.528133789,0.469760898,0.508572618,0.516325468,0.596152845,0.780029862,0.538666512,0.515140828,0.637679098,0.58339235,0.618988258,0.609443438,0.904995371,0.721763071,0.800182606
33,15,0.000372381,0.000416969,0.000404637,0.000123437,0.0003934,0.001178473,0.004489868,0.01589223,0.009361149,0.026933184,0.003353775,0.005560966,0.002401955,0.036970119,0.016587428,0.033860318,0.060366108,0.039325348,0.039932474,0.045054199,0.050636377,0.059534967,0.055041208,0.075188082,0.06492821,0.107044202,0.314016138,0.36075108,0.732689239,0.201725731,0.360845765,0.940487187,0.296871554,0.096286923,0.315158249,0.255230398,0.105405743,0.251090115,0.228556549,0.213909991,0.200129643,0.147895514,0.135892182,0.221604508,0.14438282,0.128913536,2.416674672,2.06096481,2.070854056,2.19369528,2.160407791,2.459666541,2.145642771,2.309318459,2.921632039,2.863604637,2.709443739,2.668334743,3.456991044,3.436166238,3.909748579
33,16,0.139068386,0.164602051,0.256380254,0.40754434,0.42679633,0.454796318,0.551599855,0.534829201,0.615644465,0.815901231,0.135361803,0.120922074,0.112030848,0.322031441,0.151259227,0.166492432,0.163531144,0.178721763,0.167635427,0.171269806,0.21793682,0.297919697,0.237484574,0.253742942,0.254098311,0.392801241,0.304812401,0.447733913,0.663444392,0.711755813,0.89708631,1.336236194,1.253287161,1.471954529,1.65425828,1.583956109,1.64854329,1.295890406,1.337076347,1.879528218,1.882011098,1.706266201,1.726599689,1.72705534,1.61862184,1.720058916,2.631248292,2.374005055,2.701016525,2.594348324,3.247598757,3.025525415,2.566503221,2.790885327,2.980894658,2.743426631,2.757262315,2.566116447,2.602993374,2.622394653,2.746950393
34,1,0.014139187,0.015338014,0.0171051,0.01945796,0.020686357,0.022823237,0.031045036,0.056520506,0.028941206,0.088950382,0.030480451,0.036649772,0.11387873,0.075577815,0.28107467,0.151624866,0.464453543,0.170222724,0.527551916,0.088059211,0.059847102,0.081641512,0.092368237,0.059267202,0.064053644,0.09533588,0.11369839,0.095014923,0.099281104,0.137802693,0.093480905,0.1043307,0.091414915,0.116029044,0.10039327,0.087237905,0.122464529,0.166573424,0.150187228,0.176218197,0.181891581,0.227781641,0.22849775,0.218419677,0.266565074,0.174816001,0.228272465,0.350986744,0.268953417,0.339323803,0.263648503,0.287543844,0.315820259,0.333589631,0.319760476,0.393877869,0.301954549,0.277128301,0.283538376,0.323882403,0.027534587
34,2,0.010755279,0.009116472,0.010336203,0.013112983,0.016420463,0.013930123,0.0193532,0.023083434,0.022032629,0.026049554,0.036899619,0.035808619,0.050592226,0.058122426,0.079152965,0.082196591,0.080189059,0.332035575,0.480302765,0.512461961,0.768099608,0.534846147,5.094668538,6.007934613,6.683162288,0.942733499,1.455013709,3.10318157,2.330937911,2.986752144,1.981369082,2.363433512,3.391066016,2.214523057,4.277271364,4.790282148,3.324957956,4.601456122,4.758996734,4.586547882,3.82080152,4.004864992,4.825788184,4.90931411,4.534492649,5.217202944,5.294419319,6.955739998,6.054472188,10.50898684,11.44121722,12.90174951,12.17473391,14.51468562,9.610653574,15.24636147,13.15062543,13.63872725,12.04145817,17.1685973,17.59327708
34,3,7.398011971,7.153460613,7.636103485,7.047575411,6.01612402,6.366819137,7.401644637,7.457958792,7.237153766,6.787490712,7.278788079,6.81169717,6.900849022,7.531516975,6.882720381,6.989969825,7.381276536,6.968839397,8.053937013,7.016221604,7.295145025,6.977831205,8.392253188,7.904976263,8.829350551,9.103153312,6.885495321,8.065698295,8.684542838,8.691307871,6.782969168,7.574362402,7.318903175,7.183236298,8.748118962,7.35378554,7.250168169,7.521437669,8.469002893,7.723915513,8.49628205,8.471557426,8.42298083,9.209369249,8.784423765,8.532511829,8.548939661,7.976966586,8.525135082,8.026478923,6.50720455,6.377111198,7.089042719,5.956866392,6.860260494,8.31009019,7.38138832,8.478285935,8.225460444,8.572859197,7.588043545
34,4,1.179717609,1.002650704,1.01302802,1.617513794,1.598143619,1.86761811,1.356786877,1.568780862,1.574232987,1.43940404,1.640494132,2.109593332,1.908047737,2.19080543,2.377970572,2.451228828,2.063493043,2.336584041,2.35822101,2.306950682,2.283149879,2.574059044,2.488360933,2.693588648,2.881765178,2.890429555,2.499728921,2.327655085,3.088653345,3.497090962,3.453087756,3.036092949,4.150870295,4.831044423,5.670562706,6.690938254,6.423637769,6.122981779,8.247700716,8.615624546,9.752093424,9.982351053,10.6127252,11.25020358,11.1790316,10.38331536,10.37664005,10.04328079,10.83029759,10.76123302,8.788849632,9.085500788,8.803760023,7.839025817,9.745394089,10.31411462,9.039425902,10.49003029,10.30129599,9.887136001,9.744060187
34,5,0.348262159,0.319600173,0.32701264,0.323444651,0.321777117,0.321547702,0.329911566,0.38365727,0.368166297,0.408552792,0.376383017,0.375404504,0.459353021,0.405801279,0.58992436,0.433890355,0.552146208,0.491816527,0.679455966,0.465520313,0.434278978,0.442979962,0.451940027,0.451283501,0.401220924,0.419125099,0.343189866,0.234549652,0.280216655,0.312413894,0.315552358,0.220613284,0.255679526,0.230604693,0.254813515,0.249641151,0.271071459,0.273070846,0.270178142,0.2560168,0.268395072,0.266176807,0.265253104,0.253062468,0.27708692,0.271906352,0.274851417,0.280635512,0.354611849,0.336724095,0.316615174,0.315188061,0.302739329,0.309962497,0.295842941,0.319193035,0.340990485,0.35027858,0.352614569,0.362194819,0.395497854
34,6,0.192275752,0.153629036,0.182005325,0.219962855,0.208735062,0.183040139,0.214203347,0.247512294,0.212676751,0.254813478,0.244336131,0.260754776,0.410693907,0.377121588,0.721714411,0.519083007,0.657087184,0.600498546,0.828978461,0.569660244,0.65975449,0.78439042,0.750821286,0.923455598,1.012274998,1.158670398,0.944724335,0.511826383,0.784827152,0.948969488,0.596134258,0.567955929,0.817904177,0.762635534,0.72960073,0.622646471,0.600803196,0.598076862,0.574368902,0.598010345,0.594869471,0.639795912,0.665188454,0.59131413,0.654338498,0.680024326,0.64204557,0.671663016,0.629555518,0.703209273,0.691262594,1.130520937,1.350852689,1.244404196,1.443352197,1.130981552,0.898241736,0.917893015,1.003684879,1.132557095,1.206623403
34,7,8.734939869,8.49284302,7.620848227,8.113966835,7.773693737,7.567568808,7.709514911,7.719879829,7.180780403,7.276701218,6.435095077,6.139414086,6.655546608,6.223732472,7.02656124,6.742170774,7.07641413,7.616010537,8.284211194,7.38383703,7.943820978,9.581073982,9.629179321,9.473016161,9.649967968,10.00265284,10.35517374,10.32813038,10.33872794,10.8714447,11.08790641,10.82430422,11.12806925,11.71817411,11.19801715,11.37513605,11.55800383,11.1948366,11.4690787,12.12081835,11.70859975,12.2026109,12.25889303,12.33324799,12.22904398,11.83227327,11.49895728,10.86649682,11.3721945,12.13247686,11.71080107,12.03582711,11.47789919,12.99729919,12.97814996,13.94387205,13.09839853,12.61991253,13.39348893,14.347417,12.20240579
34,8,1.036682364,1.094623515,1.108744081,1.136962784,1.041637913,1.070013412,1.121904586,1.243719005,1.09883899,1.611754017,1.439943137,1.613470621,2.244557312,2.418571891,3.66574687,3.181458182,4.335102467,4.443381406,5.741097438,4.976305381,5.283737881,5.967792473,5.741610046,7.676245951,7.624516918,9.025278645,6.09496383,3.060111852,5.667711672,7.108892475,5.57848713,5.624981891,8.003358636,6.842871527,7.156085367,7.162695282,7.311411267,6.900989449,6.011207587,5.938875402,5.501657309,5.486440572,5.269981501,5.501499357,5.756001611,6.167278506,5.297133265,5.539343615,4.590163757,4.58462681,4.426532051,4.536435549,4.502534313,4.217892274,4.494307053,4.041519515,6.529461283,6.525850983,7.280386681,7.243363662,7.981649397
34,9,0.313626761,0.28854265,0.3048131,0.312480941,0.320297936,0.315482419,0.335411795,0.359822225,0.361370532,0.359534693,0.382642418,0.375596575,0.445796081,0.466783869,0.545441006,0.531698244,0.548727454,0.583638847,0.57717753,0.504820811,0.421798151,0.465933745,0.664646747,0.516952568,0.538080967,0.519768221,0.564325051,0.676359983,0.630479735,0.770387969,0.606533745,0.863288909,0.745497542,0.770657475,0.913508411,1.087370487,0.913154074,1.148184519,1.196369232,1.107068762,1.033339882,1.031035275,1.156409866,1.291417267,1.343238705,1.286755406,1.379335032,1.5134583,1.663177141,1.934369325,1.915454537,1.868332806,2.469413447,2.847710975,2.551009754,3.404335985,2.885716867,3.393834873,2.874442217,3.732849733,3.060144084
34,10,0.001213907,0.003519667,0.118760057,0.128154882,0.125697393,0.133321619,0.12493369,0.203337037,0.048878484,0.211036644,0.167499715,0.251776771,0.327540826,0.234555348,0.734696844,0.463058998,0.603531451,0.35850962,0.716035245,0.280847808,0.299811173,0.323748233,0.304371477,0.29714082,0.264173247,0.310809449,0.317066481,0.26753531,0.309738876,0.285556689,0.206682193,2.305031261,3.129521404,5.242447156,5.360039578,6.155634818,5.920424193,2.98036635,4.078130789,4.077033442,4.156702038,3.423597455,4.129145806,3.467669187,3.591177531,3.209663792,2.679098401,2.714464232,2.685615824,3.408217381,2.260125848,2.225932302,2.263932152,2.380834278,2.352606092,2.720119722,2.942701748,3.649999839,2.691763174,3.008527797,3.142912048
34,11,0.065028298,0.117904764,0.21850817,0.446686477,0.251325929,0.246476351,0.349678594,0.192414325,0.260226763,0.287054882,0.346965764,0.383264364,0.533045708,0.634386662,0.936556027,0.762120378,0.789252776,1.018159673,0.841097669,0.8814911,0.789108182,0.972860466,0.855888205,1.131883798,1.241275217,1.244220616,1.023141691,0.550912663,1.000840531,1.122572143,0.810618865,0.97285141,0.943721273,0.972940673,1.042204263,1.020069742,1.041337607,1.028872962,1.068108935,1.089336292,1.07973292,1.240134989,1.36973909,1.48255363,1.893594477,1.712056716,1.886619276,2.063850691,2.309913777,2.451303003,2.63503121,2.585856807,2.431278246,2.479795374,2.402875376,2.317989155,2.040680666,2.300768241,2.607553579,2.667404608,2.737149976
34,12,11.74794234,11.89762187,12.36171553,10.88570637,11.88066021,11.12332573,11.09054427,10.88647464,11.11662961,11.13919158,10.58989789,9.660176939,10.56561023,9.830529325,9.144443825,9.13289561,9.426477228,9.402239088,10.15160289,9.321304964,9.536884662,8.957005271,9.531441229,9.487435812,8.905403549,9.17413527,9.263750211,8.730251597,9.126243669,9.331707468,8.47986712,7.594857994,7.489101599,7.60947973,6.405947924,6.723174853,6.299909048,7.079678376,6.565744021,6.291151797,5.677083367,5.487932688,5.185074378,5.221211009,4.369112027,3.973812696,4.028220962,3.423634591,3.437419439,3.344426141,2.928749149,3.038615585,2.571339472,2.624257615,2.348492249,2.308914555,2.040592518,2.37763667,2.380102937,3.193502075,2.401296515
34,13,13.42566264,11.71761274,13.58383327,12.14552287,11.87555931,14.34164389,12.22915887,12.26797568,11.8067625,11.18181896,10.55957294,10.19990686,10.52177258,9.753857838,10.29050295,9.526265106,10.06582225,10.19760952,10.35268284,9.930613139,9.535891904,9.691261154,9.514163953,9.579019618,9.20765479,9.402200081,9.072707057,8.532258973,9.37318671,9.390242632,9.40290041,9.706302604,8.651700625,8.554831998,8.310712641,8.622956251,8.558978344,8.632071226,8.376677569,8.60052239,8.493542809,8.233312528,8.169192296,8.197814259,8.515642281,8.123525038,7.934464629,7.483095127,7.588943134,7.732777178,7.669452929,7.539248517,6.981545677,7.54540114,7.111352752,7.114351072,6.577229108,6.28387534,6.266386699,6.257723381,5.794068693
34,14,0.052198836,0.057566601,0.269493727,0.316458683,0.346358001,0.352996073,0.418698751,0.499823913,0.45420622,0.525461679,0.541491138,0.573717656,0.695190661,0.605972155,1.167929632,1.009042591,1.167932773,1.063538354,1.169479289,1.068343333,0.91563374,0.874783347,1.048933286,1.104446252,1.036988008,1.074357053,1.057328619,0.792454206,0.989449764,1.219963135,0.984125637,1.017145417,1.184881517,1.138670703,1.362250669,1.396111838,1.308622671,1.390721463,1.46990476,1.464981855,1.595297082,1.615281895,1.827128072,1.830828258,1.915338118,1.873188385,1.865148551,1.895442121,2.202672257,2.699985082,2.11917154,2.096265243,2.299010324,5.566786988,4.969619951,7.455995161,5.429726075,5.175579622,3.655022012,4.816318107,4.635120432
34,15,0.273562638,0.21706867,0.271233036,0.446124628,0.70124962,0.691249193,0.795145735,1.003316733,0.813659737,0.87836166,1.616158352,1.417062494,1.77683043,1.799620777,2.068379651,2.216020735,2.179708249,2.489163056,3.04650254,3.588210907,4.936749233,3.939047671,5.011430827,5.660433792,5.50999845,4.215755806,4.029339446,3.635159912,4.079946127,4.427538569,4.293853972,4.831864926,4.799046166,5.778258981,5.978683596,7.455307152,5.725155833,6.577826671,6.977507532,7.869506249,7.26604211,7.397560613,7.842721007,7.774925976,7.971590174,7.516202943,7.352586025,7.660583464,7.578418552,10.34867808,10.14331596,9.615950958,11.28591284,11.35230846,9.71048675,8.57193052,9.379924724,10.20542442,10.05063683,11.11219948,10.61495897
34,16,0.114323024,0.122829257,0.163401899,0.264533907,0.410038381,0.51301061,0.574589334,0.792735774,0.633856931,0.722319378,1.156918639,1.052968469,1.410743345,1.268539788,1.722880139,1.507996028,1.737581827,1.853639992,2.655765444,2.648626297,2.66235012,2.776973683,2.938437837,2.56642969,2.65054724,2.553969033,2.685474793,2.258647953,2.702078543,2.962571807,2.883553971,3.374606776,3.061936821,3.31616883,3.751906898,4.939881901,3.674154824,3.740916776,3.771755646,3.880701152,4.491906343,4.051597942,4.575712478,4.372378154,4.485091472,4.313937845,4.122787987,3.816365844,4.20111386,4.485205525,4.12653933,3.833742944,4.343917371,4.634435308,4.543164829,4.217165754,5.022086695,4.543566134,4.899110066,5.71500809,4.858047148
35,1,7.00E-05,0.000108444,8.27E-05,0.000122144,0.000343287,0.010686982,0.001305414,0.007536319,3.26E-07,0.030582629,0.002952774,0.003535567,0.003814892,0.018342228,0.005878497,1.15E-05,0.00352177,0.064264554,0.000597234,0.326805518,0.002587949,0.034450505,0.038885483,0.015060416,0.002407013,0.058222428,0.005198856,0.005795893,0.032030826,0.032906633,0.005825389,0.005103775,0.001311418,0.005263108,0.006021656,0.000183517,0.00080476,0.001910594,0.097608227,0.084934429,0.020152515,0.024259986,0.023710695,0.001059578,0.015054705,0.001349213,0.001045178,0.000985064,0.00499954,0.00946616,0.004165178,0.010920219,0.002758545,0.03917809,0.0028603,0.009903524,0.00160064,0.008703448,0.001584297,0.000794501,0.000248417
35,2,0.108868649,0.117829092,0.133733331,0.129722231,0.14730069,0.159018318,0.166024645,0.192832452,0.200039476,0.241422777,0.276535116,0.310982247,0.322914016,0.333382338,0.331432733,0.36188691,0.386222937,1.501237501,2.059038267,2.217414474,3.105336687,2.334985835,6.237288521,8.354783089,8.311349101,2.821849211,3.27891701,4.007855072,5.622819717,5.324644124,4.927689202,2.704226684,5.840193503,3.080566634,5.276349208,5.694153526,6.59968077,5.241916279,5.047034722,4.347421555,4.681973422,5.68731379,5.615253407,4.97282124,6.037878332,7.754923158,8.815948589,9.19439372,8.703760042,11.51758715,15.06162652,18.36330101,16.06657842,15.59510823,16.85494884,18.8984196,20.47410101,17.04413518,16.82098889,15.51499054,16.57214953
35,3,2.93991455,2.966444673,3.038131096,2.928576318,2.735167872,2.907214631,3.151474685,3.068041711,2.882305284,3.345892138,3.543388301,3.550655171,3.626128389,4.00499589,2.997750344,2.998270226,2.998163628,3.121320823,2.883661114,2.894671223,2.547717599,2.357824157,2.008645065,2.240039384,1.830248856,2.196645748,2.120564502,1.682381189,2.03745155,1.881824924,2.315889023,1.668735155,1.96575488,1.946158109,1.758519665,2.10697442,2.07744492,1.858715516,1.969200564,2.311562647,1.828773878,2.051433057,2.004946022,1.807744819,2.300178423,2.446468015,2.683463525,2.787102912,2.715427835,2.563568459,2.673465137,2.870482277,4.142804278,4.092725101,4.932054654,4.823829048,4.717266835,5.137814899,4.524233909,3.865210779,4.077191917
35,4,1.546826871,1.702084359,1.517917897,2.048164569,2.366653731,2.846755106,2.26935808,2.2342304,2.074675782,2.344599272,2.583063793,2.377600988,2.355475328,2.374957363,2.096506349,2.168255542,1.930101218,1.998675851,1.749063696,1.738012503,1.743563354,1.648685759,1.496475985,1.481705566,1.493871744,1.694206975,1.29391349,1.03362462,2.505866241,3.074216529,3.321513884,2.36868596,2.749531227,2.590033702,2.594649058,2.894417599,2.519810316,2.113837356,2.228785403,3.208475274,2.610405997,2.120541306,2.749215267,2.901839409,3.9076732,5.373781577,5.016971086,6.143310082,6.052191735,6.052418449,4.786642558,5.030842928,5.222552808,3.054505264,5.424627932,6.174837721,4.749507951,6.175246092,5.931753974,5.450743158,5.333063287
35,5,0.375349019,0.369358035,0.398354607,0.305333814,0.246948889,0.312055785,0.339970545,0.242881945,0.215943384,0.327012954,0.295961169,0.252075197,0.278856224,0.416322043,0.260891953,0.23084736,0.281912002,0.353949266,0.384280736,0.48052957,0.28493989,0.350024667,0.365310471,0.337131585,0.276878533,0.499248168,0.343217904,0.330193854,0.370532016,0.353983001,0.253991016,0.204633937,0.226978716,0.196061091,0.238986752,0.243364565,0.209158425,0.244297934,0.226691152,0.291932361,0.21454401,0.234706433,0.341109085,0.258133382,0.37164978,0.697934596,0.636125831,0.673548826,0.591647355,0.552273399,0.705285754,0.971450305,0.685576483,0.370502124,0.811988599,1.01279195,0.862302691,0.954807247,0.667154918,0.686041914,0.576109582
35,6,0.132055247,0.119106669,0.12255739,0.118493971,0.109252079,0.111613428,0.103420443,0.092421393,0.096629965,0.119665875,0.085637093,0.081993369,0.082908185,0.092519222,0.079170524,0.07551911,0.087052426,0.136982595,0.076642265,0.253699218,0.085846577,0.107785767,0.113339126,0.101323014,0.094582153,0.092556405,0.082785967,0.098995366,0.143337096,0.142747176,0.085217978,0.066490869,0.053456259,0.054401406,0.07035581,0.062986535,0.056414508,0.100361134,0.155896475,0.214267759,0.148879731,0.207348086,0.179228486,0.196083232,0.22576782,0.096426151,0.098654357,0.09714304,0.1029113,0.113912439,0.120634887,0.130687965,0.182643986,0.188577301,0.215763537,0.18603685,0.201522424,0.22545097,0.175375454,0.182460703,0.155379122
35,7,1.720465864,1.414374556,1.353252391,1.727567722,1.573770116,1.762739964,1.589125778,1.995965819,1.675420254,1.61799436,1.422114885,1.469252253,1.395377797,1.366098278,1.415784291,1.248158343,1.211377533,1.404495397,1.38400657,1.777177977,1.293302952,1.728339976,1.722470232,1.650794259,1.637181694,1.708306658,1.64366015,1.703849114,1.793796914,1.987512392,2.104154838,1.929677236,1.895330581,2.008068214,1.939024114,1.839780933,1.939996308,2.040827745,2.346314643,2.070389443,2.180871617,1.746645903,1.428640746,1.391246443,1.990276632,1.574709906,1.74463351,1.678067977,1.453797453,1.620180309,1.237159629,1.815984255,1.297012566,2.294065343,2.18975883,1.960151838,1.920141222,2.332217995,2.237177821,2.755311979,2.827161647
35,8,0.003722412,0.002245911,0.001339369,0.002218727,0.007873137,0.034587281,0.002833329,0.004418462,0.022554398,0.156100502,0.002066734,0.002740386,0.001227368,0.037376729,0.02056444,0.001297095,0.002146723,0.202856567,0.006305809,0.683256444,0.009437296,0.133509714,0.132214666,0.045271578,0.023004535,0.002685052,0.007741897,0.004865644,0.090451871,0.051973821,0.008235451,0.001494091,0.005607824,0.027885853,0.037096035,0.002630322,0.00973037,0.002346158,0.238694716,0.230387722,0.052222527,0.051579983,0.058884947,0.011731662,0.020169066,0.004973523,0.005165793,0.006037663,0.007611903,0.021182628,0.013249707,0.02518972,0.004162711,0.045776927,0.010952442,0.014702848,0.003707712,0.015954376,0.003418151,0.001252132,0.000103043
35,9,1.205723033,1.210514324,1.265254705,1.182913339,1.081211401,1.137768963,1.181532365,1.092258305,1.057310785,1.188622997,1.193599578,1.161198042,1.186972702,1.369609417,1.070038944,1.058988755,1.100617588,1.224574516,1.139141272,1.190776556,1.125011632,1.075476555,0.860846449,1.008525483,0.816137841,1.13108074,1.025439819,0.876642852,1.033630954,1.039660274,1.253005398,0.888672571,1.214891855,1.055440913,0.983575088,1.110608755,1.136196986,1.108258111,0.999686539,1.135557667,1.178425611,1.410513798,1.425153834,1.3182977,1.591776284,1.944996432,2.212466545,2.516253659,2.481258503,2.440013264,2.715761969,3.249593487,4.609130308,4.499064377,5.865114511,5.480696133,5.65291364,6.195108685,5.948630501,5.147322574,4.842615074
35,10,0.026000457,0.033859688,0.03402826,0.041032971,0.060627175,0.083295476,0.077890483,0.090029205,0.134355893,0.14595881,0.099122184,0.099239193,0.110722826,0.09649081,0.100417597,0.094211026,0.2033426,0.280015235,0.277748575,0.589785994,0.282312546,0.371656452,0.394125816,0.393748869,0.31675961,0.564934277,0.389176838,0.303376629,0.241867137,0.174456573,0.138105624,1.319096964,1.814008504,1.272577505,1.253365011,1.649462513,2.262185219,2.001590579,2.502006585,2.635592056,2.718434977,2.641639354,4.759336448,3.835108058,3.681960043,4.583940263,4.523228718,5.396955284,4.612243383,5.397895435,3.379026279,4.077944532,4.066619278,2.343070141,4.811446625,6.170699171,6.736510076,8.184241887,7.32036655,8.901098029,9.052170782
35,11,0.775236198,0.624930805,0.655325116,0.542857304,0.54859678,0.580781996,0.589465538,0.589889803,0.202629441,0.438868496,0.538333846,0.559664138,0.500771536,0.586034802,0.379638973,0.352851806,0.332946703,0.274558695,0.147137891,0.175400017,0.132127507,0.148768818,0.128534687,0.13288562,0.107028025,0.228824719,0.224534833,0.233579046,0.188370842,0.182852903,0.161730942,0.142975454,0.21492152,0.178866439,0.123376738,0.326762732,0.091435202,0.2543878,0.099136425,0.123648142,0.084362173,0.094779217,0.176641272,0.146101532,0.286990921,0.329962004,0.450138225,1.529800274,0.439041835,0.436753783,0.594003704,0.451947491,1.511611519,0.211371228,0.512497601,1.384975369,2.323750776,2.446509439,2.611160044,2.055090215,1.971685171
35,12,1.244774238,1.035552482,1.204224024,1.171528201,0.873003725,1.156879143,1.245504999,0.926967266,1.095531021,1.131132754,1.005508739,0.778555519,0.696657875,0.956000686,0.734325012,0.712061181,0.699979433,0.744387467,0.757704673,1.009405195,0.837612171,0.90528631,1.04678016,0.89008641,0.898258205,1.065649238,0.983710274,0.852242709,0.98847862,0.961647382,0.796632788,0.934102247,0.816793913,1.071048436,1.155988084,1.149997253,0.841990781,0.973270318,0.973103544,1.078790049,0.950677072,1.045683368,1.039843972,1.007709643,1.761310644,1.991090496,2.045018599,2.099565304,2.242756881,2.439799697,2.17276109,3.22681142,3.515418655,1.909442247,3.591106274,4.539642639,3.41100989,3.881294369,3.763209169,3.677003241,3.947982848
35,13,2.670717356,2.506827242,2.750327051,2.164390573,1.730359937,2.211342126,2.427496479,1.726497047,1.342614152,2.036431129,1.958857264,1.39604672,1.535587674,2.837291096,1.538647837,1.216173045,1.20731618,1.92790389,1.930732044,2.141434774,1.447881188,1.887184338,1.53149933,1.809752663,1.239965448,2.098204182,1.826213411,1.888836985,1.368893499,1.300574811,1.222616618,1.049851351,1.145861778,1.106025871,1.373846938,1.218563582,0.916615888,1.191041797,0.955924275,1.334495779,1.012657423,1.023173711,1.315546263,1.007876067,1.384331021,2.307548179,2.089974338,2.256072477,2.296599379,3.180524085,3.203367196,3.484432479,3.304675926,1.899664464,3.446128355,3.262694059,3.361048955,3.644022718,3.639405327,3.472762934,3.609335733
35,14,0.354434707,0.358051685,0.366494333,0.378966974,0.407239986,0.437871668,0.41871782,0.47003791,0.402228997,0.466486739,0.501345639,0.646442638,0.660690154,0.617777666,0.606409774,0.687467173,0.616462025,0.654915166,0.68220239,0.71187569,0.617293739,0.627282298,0.711471998,0.758372752,0.698344506,0.784076567,0.785327438,0.694681021,0.693701528,0.772301282,0.957640277,0.890757229,0.7355269,0.753397192,0.993069112,0.913891359,0.945487886,1.036179205,0.989514907,1.02440471,0.975733769,0.922110356,0.885041593,0.995437066,1.53213869,1.708453818,1.869197844,2.102323768,2.169885952,2.32528435,1.862072973,2.112494274,2.386111317,3.306267335,4.708321124,6.455600882,4.456914337,4.525722519,3.64527306,3.776066443,3.564533049
35,15,3.149064403,2.993413362,3.145932205,3.117310096,3.085404367,2.763626747,2.830777913,3.018027691,2.95741803,3.266787079,3.377557302,3.565155385,3.567045337,3.58973865,3.524262023,4.202169743,4.538731267,4.673637512,4.803725498,4.859407875,2.572734699,3.290787265,3.103073383,4.000760606,3.379785132,2.218184928,2.808526535,1.974469388,2.676450026,2.73594997,3.145460006,2.671711805,2.98151068,2.403179067,2.675017547,2.646554516,2.92602127,2.437265935,2.368927877,3.208485156,3.162925725,3.337459129,3.372721198,3.1364519,3.550221567,3.952865635,4.322417265,4.208680043,4.464844517,6.187588526,7.16152664,7.793767,8.933430986,7.694795499,9.493372644,7.117809612,8.134888464,8.695769638,8.341990212,7.246842267,7.264919247
35,16,0.239167136,0.227701676,0.258603716,0.213422672,0.225035299,0.277274673,0.31684379,0.268107874,0.276435402,0.385173145,0.330157721,0.32186033,0.320890673,0.442226593,0.370903518,0.370790335,0.45313102,0.578834672,0.555924889,0.819658439,0.638427453,0.749717363,0.851716907,0.810189543,0.75356513,0.982138008,0.724763511,1.032879719,1.004391572,0.979638128,1.075983616,1.102147776,1.146170714,1.564439207,1.128012783,1.229130306,1.799192787,1.707062138,1.865213585,1.481640562,1.224907721,1.930767032,1.436747497,1.369754168,2.061821144,2.164093606,2.127246407,2.145462747,2.055018364,2.217345469,1.928342789,2.173738377,2.309860725,2.377839222,2.76233454,2.724910958,2.713394632,3.100903372,3.263494177,3.935152619,2.960461408
36,1,0.22918999,0.202773608,0.225296005,0.233453873,0.273148323,0.410844621,0.514908646,0.565255913,0.994706579,1.617360639,2.635291635,2.509560821,1.987483791,6.22331598,3.324596856,8.251819519,4.592369512,3.06465427,2.310871608,3.278910808,1.747625688,1.779665183,1.651873592,1.582587936,1.320544674,1.118429152,1.437939226,1.231341305,1.236767644,1.516681,1.352622862,1.186877097,0.877839187,0.760969891,0.633647357,0.525311819,0.898589161,1.350288337,1.13886146,1.254839307,1.516518071,1.693853229,1.345564763,1.554388529,1.923776845,2.039415442,1.569415961,2.166553653,2.328823888,2.020762534,2.455675394,2.481349207,2.31711251,2.550275933,2.142220357,4.343213628,5.977217245,6.257882738,5.045455154,8.801644608,7.37968462
36,2,,,,,,,,,,,,,,,,,,1.40E-05,0.000913688,0.000487483,1.21895123,0.420592715,1.878565763,1.958113282,2.582567205,0.590074717,0.79269656,1.71101707,1.853332699,2.577390533,2.48274169,1.334347592,3.2128964,1.533129432,2.764621052,2.299798337,2.272863162,2.515116391,2.423827286,4.11582572,3.996708624,4.214254228,4.25415693,4.263440419,4.907021211,5.424931684,5.088164504,5.330439059,4.713893022,5.662819452,6.301783779,6.193765458,5.294897586,4.764947865,4.813671307,6.862884462,5.89806654,6.251162628,5.551668441,5.27662522,6.190841508
36,3,3.438139472,3.791175713,3.810953678,4.045021791,4.174224555,4.204116651,4.116909648,4.309181448,4.513263924,4.328964728,4.583121498,4.816079193,4.015443621,5.005192733,5.107245339,4.784090412,5.586717038,4.700414805,4.841277664,5.950050878,5.903033706,5.697272973,5.959413511,5.78457657,5.354697771,4.97524327,4.943635905,4.443724001,4.312109445,4.41946672,4.171916672,4.15076611,4.076088331,4.189903173,4.44972307,3.813590498,4.185719112,4.28716779,4.977988773,4.387850444,4.904329132,4.711115082,4.576725405,4.770765764,5.333914879,5.331848062,5.706424781,5.833955019,5.646282298,6.105059212,5.460063111,5.273200911,5.258921989,6.412720831,6.585129463,6.526357424,6.852366963,6.985420317,6.806222355,7.80500694,8.05557148
36,4,2.140703629,2.500879862,1.970181015,1.960234893,2.759381311,4.516884501,2.556298344,2.908580428,3.207184513,3.639586499,3.393820588,3.947465511,3.546738867,4.680346692,3.648935157,4.173208915,4.060457606,3.662311274,4.571980409,4.75547592,4.989574004,5.027006379,5.302270566,5.197205551,5.410404958,6.047388264,6.24810708,7.128023827,9.304617063,10.82692574,10.28196912,9.664915575,9.527839797,8.855589796,7.929984596,8.000979942,8.101223963,5.610267332,7.4685748,7.492351784,8.23719376,7.880853733,7.885615959,9.22510597,8.654594134,7.804378159,7.761783769,7.963933053,10.83814957,8.521275076,12.83899967,8.632231582,13.46143291,11.84351666,13.32613855,12.75421953,13.54697762,13.40440794,14.8184183,15.03750149,17.32776694
36,5,3.199946764,4.296335604,4.74832566,4.309319238,4.41029107,4.642804109,4.229332844,3.936796377,4.875772088,6.308075668,5.619730309,6.164251416,5.488913157,5.999573694,7.957905793,6.852440146,4.952966777,4.734892613,4.449061957,6.003969159,5.305399361,4.698706519,5.69335388,6.09490576,5.564749346,5.407366501,4.19342697,4.413758215,5.239098466,5.255296415,4.669520948,3.846643781,4.118497973,3.852555993,4.710581195,5.220077494,5.073525691,6.429886684,5.39582511,6.219768723,5.497477472,5.85557564,5.68916378,5.087176836,5.940031113,5.552972027,6.690197782,7.330206934,8.015101283,6.814413647,6.538125356,6.511437651,5.777191042,6.177517952,6.301905639,6.395304413,7.774538025,7.993763829,8.085810936,8.351291987,8.619692096
36,6,1.471806225,1.672475334,1.675996438,2.075421556,1.726382342,2.068868772,2.411457026,2.691113012,2.896332754,2.982801623,4.465149344,4.309846769,4.012501563,5.321245454,5.162715404,4.921265453,3.971769992,3.816011557,3.051041183,3.378896945,3.102987151,3.316412452,3.432673113,3.559506516,3.698546702,3.297072769,3.164262975,3.495978646,3.786632422,3.865811996,3.928391957,3.44181801,3.533437817,3.741997521,3.656422681,3.689168479,3.724427367,4.345504575,4.421756801,4.918956251,4.905379933,5.517658006,5.11965027,5.290875221,6.180040464,5.737825252,6.751037836,6.141468096,5.500434807,5.113431761,5.182313886,5.004910503,4.551510028,4.859892969,4.955672351,5.076596949,5.288563734,4.912657648,3.600059553,4.993885556,4.761863293
36,7,3.402397748,3.449410851,3.310637049,3.474349516,3.705398778,4.412231871,4.752330846,5.113548186,5.784705117,7.237782937,6.800133135,8.506889067,7.320762135,10.19445544,7.653019472,11.2616229,10.45747396,10.13821916,7.23857286,7.401314486,6.988998409,8.317841733,8.222820735,7.958352583,7.974625555,8.644903218,7.480607493,7.755197265,7.832395026,8.184170166,8.381300534,8.003591928,8.060830043,7.237665155,7.279558029,7.063213188,7.741540035,7.411318262,7.697056725,7.423638989,7.987670829,6.843598328,6.555689227,7.069260067,7.450452207,7.689116624,7.78487759,8.033374319,8.000982986,7.775915963,8.626759804,8.238567153,8.275261587,7.614290651,8.214095587,8.64274762,9.126717851,9.498287711,8.463629002,11.16770862,12.03452332
36,8,0.018224128,0.05889181,0.050405231,0.057658383,0.180006826,1.343284818,2.002545795,2.54337448,3.596948079,7.217295452,11.67699459,10.71653459,7.904039982,13.80570146,12.82314968,13.56411963,10.92955158,8.964437311,6.235780277,6.431870887,5.005687677,5.791446041,5.14657872,4.411768025,4.399856139,3.91249453,3.870345103,3.833057676,3.477841829,3.313723334,3.616208347,2.810257012,2.586233679,2.987623039,2.715184084,2.330230824,2.255258195,2.701224418,1.933696349,2.449232575,3.371205992,2.891035426,3.004909636,3.05536729,2.342007151,2.879940714,2.211728015,2.735743636,1.908909979,2.0709314,2.209436495,2.309236626,0.861686547,1.162391324,1.055855964,2.081799992,1.805825015,1.831164268,0.819505665,1.845489302,1.511144485
36,9,0.848143547,0.85592857,0.86573825,0.974204873,0.9791732,0.913602096,0.885067679,0.958536775,1.140218905,1.179648278,1.340254827,1.437649659,1.369197058,1.714005194,1.803310471,1.95963671,1.826703573,1.840898241,1.772822356,1.970143845,2.092897092,2.020248688,2.170888977,2.132720116,2.349311828,2.054745519,1.990766704,1.868861463,1.956252146,1.853552429,1.729460862,1.646498436,1.67267461,1.410158884,1.295334537,1.3890347,1.650489409,1.883109718,2.001589734,1.946585627,2.244416694,2.379068252,2.294211443,2.781948868,3.09469563,2.976485758,3.470916235,3.483180787,3.871452946,4.419362845,3.796187244,3.948847336,3.865275128,4.304965606,5.073221958,5.824658113,7.27821617,7.357359286,8.215066855,9.304398065,11.63227143
36,10,2.109322477,2.25214005,2.219665893,2.24306342,2.455823092,2.862264357,2.602045532,3.324139136,2.015669767,3.917826749,6.111890478,6.075844038,5.166203484,6.920011898,6.736245593,6.547862971,5.048593325,4.388897486,3.541072922,3.722272684,3.113957704,3.554750793,3.083006371,3.122388546,3.093506839,2.597109536,2.739029941,1.898547413,1.682325264,1.407448419,1.474927416,5.164097168,5.556870241,5.192654832,4.664431762,4.302915323,5.368975374,5.444777227,6.662538984,7.380158434,8.215756076,9.561524642,12.18182264,10.79528627,11.00842785,9.827326636,11.25649837,11.10410757,9.220981947,11.37205554,6.442299916,6.657305296,7.336180669,7.791261952,10.05020883,10.41507328,12.9598941,14.06006943,13.8646853,14.080504,16.69679505
36,11,12.17589268,15.42000598,17.2811846,16.09286129,15.65140316,16.39054595,15.60205521,14.29859556,14.51368557,12.3900728,13.19523467,12.81179572,12.3704535,11.58213113,10.4243532,11.25038286,10.89961087,10.20766119,8.745645656,8.899959,8.481927358,8.391260903,7.964921898,7.941112515,7.774494028,7.584132224,8.719600827,8.524069016,7.934681519,8.633932286,8.519582299,8.564586014,9.073791266,8.964588913,10.19827415,9.898996866,9.708931995,10.78875727,11.02809633,9.998256393,10.52079598,9.772537333,10.00589208,10.8223247,10.79420981,9.723979309,11.74358452,15.07024202,14.31103846,14.19307703,12.45080415,11.49403311,11.57206416,11.59699362,13.31290543,12.6729941,16.09870054,15.93806569,17.53255411,17.61884852,17.73194882
36,12,1.613072844,1.598743659,1.582920223,1.764080745,1.947697084,1.975858463,2.100906513,2.43012876,2.722948505,3.807760981,5.110184671,5.549508441,4.796213968,6.077509877,6.526417955,6.342481993,5.05726522,4.475495186,4.101851253,4.573763682,4.034303196,4.450528028,4.266009695,3.666364509,3.731740428,3.062641751,2.799119764,2.966836,2.866525001,3.034921417,2.929798541,2.580957581,2.583431625,2.552300907,2.032324573,2.683493583,2.588611579,2.819031085,2.972845198,2.826906152,3.195070943,3.054461667,2.904403208,3.18301971,3.336372832,3.413170352,3.669449466,3.737005502,3.699668863,4.454850642,3.693435167,3.676859082,3.399129271,3.669801966,4.164650598,4.488077864,5.605521792,5.613562841,6.060815125,6.244266544,7.056732829
36,13,5.936737066,6.320375804,5.973044686,6.262828132,6.303665006,6.620692403,6.003565618,6.714393382,7.611501051,7.144249727,7.802530444,7.863178886,7.592371693,8.065002738,9.092633653,9.313177914,9.642890018,9.028730613,9.239661827,9.956349942,10.44898088,10.30513945,10.67902241,10.52171064,10.52627798,9.036806037,8.503585444,8.235661507,7.835702267,7.363281571,6.956998991,6.860915905,6.053572488,5.899547162,5.509627312,5.357078382,5.509194518,5.118563465,5.352521786,5.682220108,6.444649615,6.028334466,5.807205011,6.687062188,6.691651656,5.950340608,7.288474333,6.635073081,5.949067696,6.324912116,8.669125054,6.842646803,8.343803051,8.186629661,8.517726631,9.211942739,9.843747615,9.525296912,9.843876136,10.22163069,10.63147013
36,14,5.60014207,5.975293272,5.826934216,5.552698226,5.810314756,5.996498377,6.819868435,7.328204157,6.595113519,7.703159786,8.789522503,8.105861882,8.036862936,8.617222124,8.38424981,8.289061941,8.579120872,7.717800603,5.814878021,6.092765481,6.044187104,5.92207367,5.959224427,5.820799311,6.141962079,5.988028512,5.781404835,6.274252013,6.034281992,5.738592004,5.99548078,5.722130908,6.19159415,5.734299662,6.306565749,6.063324804,6.122819209,6.26137382,6.515866736,6.964283137,7.12846839,7.194039399,7.147783711,7.063188168,7.352101673,6.824145809,6.952823239,7.46349881,6.505098135,6.69661592,7.962411785,6.722748619,7.668696925,8.61840348,8.709748286,9.780066596,9.867251452,9.752020816,9.272379566,9.791031073,10.47602568
36,15,1.489842137,1.975422837,2.389622755,2.014253432,2.16343959,2.216715706,2.094506843,2.381440154,2.236394815,2.689741991,2.639691421,2.346171556,2.733639417,3.446899334,2.924052776,3.413027595,3.530412635,4.330249231,4.009988149,4.137500197,6.483453043,5.31570719,5.766410514,5.681592068,6.259826592,5.609343879,6.035420976,5.78412593,5.478922899,5.454968231,5.585434731,4.859352104,5.937323516,5.819880821,6.249380838,5.245620347,5.069355237,5.477564423,5.621613454,7.075085392,7.297335378,7.165566201,7.222656683,7.829816826,7.894823663,6.995429724,7.554999462,7.874821167,8.523011741,7.632122266,8.863428071,8.768189852,8.061680038,7.087176841,6.947940597,5.890702233,7.683249275,7.572057774,8.017656488,7.750942109,7.802120074
36,16,0.700556394,0.768143999,0.821740115,0.900272451,1.170631833,1.379259536,1.528497837,2.367576365,2.667402103,3.836529288,5.604135959,5.383898192,4.565983515,7.062255025,7.196163316,7.228332547,5.611045445,5.128960352,4.514052786,4.856616764,4.447194879,4.94844931,4.968252375,5.144914244,5.168094431,4.781134584,4.698107023,4.621564123,4.51851279,4.393936044,4.304400855,4.864139065,4.858086255,4.92119344,5.04452262,4.174026557,5.51595169,5.555743548,5.454609054,5.986704362,6.934458721,5.980838829,6.403040142,6.803391428,7.022710563,7.500361661,7.74206054,7.993260004,7.083992685,10.198227,9.33355993,8.864563836,8.886256743,9.006504413,9.494087547,9.433998153,10.3999313,11.15423217,11.51990657,12.24170202,13.94026887
37,1,0.001599812,7.04E-06,4.71E-06,1.16E-05,4.92E-05,0.004394773,0.008003405,0.017411507,0.000473915,4.58E-05,0.009646208,0.036242162,0.062460111,0.256501416,0.004380819,1.011451774,0.020526982,0.031245622,0.073940896,0.001734323,0.148548603,0.003068127,0.000567255,0.001221584,0.006996664,0.037480125,0.141800827,0.016884013,0.028377938,0.009760561,0.0115155,0.017287028,0.024255226,0.007300074,0.003068844,0.000629241,0.002229235,0.008307216,0.028258999,0.001246006,0.01574877,0.00175971,0.2100208,0.001746562,0.005215083,0.007072491,0.004300098,0.01804414,0.003074297,0.003882823,0.009125916,0.006303324,0.015351647,0.004852047,0.004045133,0.003736755,0.043311526,0.063844,0.006161886,0.03052406,0.032068906
37,2,,,,,,,,,,,,,,,,,,,,,0.098231485,0.114341323,1.015960258,0.477991784,0.466966505,0.04694482,0.08857833,0.311740459,0.237436829,0.846391019,0.486460263,0.209597458,0.598634276,0.235754343,0.456787217,0.408688632,0.416778447,0.482915052,0.35832172,0.584400389,0.755343193,0.702991258,0.579795183,0.614403111,0.685840365,0.985417236,0.769054102,0.717641968,0.659852166,1.705757072,2.100382271,1.27762812,0.83131403,0.990586895,0.799827613,1.475850737,1.267690845,1.040485602,1.442642216,1.731667387,2.173177972
37,3,0.274158445,0.282232469,0.437484316,0.318658764,0.369677809,0.385696432,0.385504238,0.405089657,0.372330742,0.407158421,0.38765514,0.371773124,0.495929372,0.377706435,0.380639891,0.366117207,0.456878276,0.460134082,0.432305111,0.472849769,0.489676241,0.45798932,0.440053854,0.481944189,0.557239732,0.663282005,0.434071778,0.389899025,0.371010573,0.458275566,0.477694068,0.419214029,0.621477399,0.442518707,0.742643237,0.405276741,0.681566228,0.797433942,0.656474813,0.439218417,0.722638511,0.465163338,0.453603086,0.407355373,0.360316196,0.469721356,0.478833209,0.524366767,0.53161876,0.615249165,0.488290586,0.623379595,0.472671267,0.470775022,0.551770831,0.670866098,0.559239993,0.652611051,0.725339266,0.735294333,0.812916794
37,4,5.398713515,5.963658067,6.030056585,6.870844792,11.34207434,11.85784979,8.749531967,9.543833445,9.756661632,9.133124017,11.54803209,10.97406462,11.86095488,13.03691579,12.03363133,13.43937044,12.99414702,13.43617624,13.23563999,14.73918352,17.11246179,15.77536306,14.94752639,16.38737918,16.2465376,19.16794523,19.30233537,18.58879405,17.98725815,16.05053327,14.81332532,15.80320533,15.07240479,15.80951512,15.85133914,12.05134224,14.94891448,10.7282871,12.05377813,12.05351901,11.70991368,11.05710588,11.20822217,11.01427179,10.2956811,9.609425169,9.495134267,9.641738962,9.534946371,9.875554826,8.625812108,8.87043353,7.784680909,7.846060977,8.214551877,8.773914622,7.677699262,8.414315421,8.467710756,8.04734069,8.477612647
37,5,0.024859522,0.034754948,0.042499589,0.035431371,0.043441313,0.049149752,0.051104843,0.077921572,0.063602403,0.075650475,0.067518889,0.108122849,0.133082111,0.172657325,0.085358313,0.404925104,0.090219499,0.096715562,0.116226998,0.076444655,0.168158813,0.074742571,0.069677699,0.067006437,0.060902181,0.077579099,0.109413685,0.04939853,0.065616759,0.063978075,0.070313528,0.049415267,0.075992434,0.072063264,0.050364253,0.057167502,0.067605892,0.066949429,0.078128254,0.068180237,0.069149194,0.068438601,0.112232934,0.077889125,0.078242681,0.065642447,0.216801973,0.230870162,0.295134271,0.316493248,0.308781932,0.142014951,0.111303409,0.126666833,0.100637192,0.136517332,0.137703052,0.14646527,0.151637565,0.129156066,0.140401619
37,6,0.12527251,0.061294528,0.054487913,0.063978377,0.090756048,0.071476628,0.09070943,0.090329482,0.068961235,0.080804407,0.075112829,0.093510137,0.129468888,0.206400623,0.053375247,0.456516451,0.066481858,0.075858806,0.113569192,0.052938297,0.18051767,0.054888263,0.056438365,0.071430097,0.069013619,0.106919671,0.193243517,0.111217917,0.140144,0.0566201,0.030309553,0.032194502,0.043404152,0.0316509,0.020563309,0.020367496,0.024637088,0.026629474,0.042389608,0.055257474,0.081791333,0.094197438,0.239795206,0.038914409,0.042184082,0.039977481,0.047419216,0.051245274,0.049042545,0.08065162,0.076693851,0.083173978,0.095552257,0.107395937,0.086943931,0.074657472,0.100027681,0.118838708,0.094155504,0.11202113,0.10130424
37,7,1.997067412,1.843068587,2.041758766,2.079988642,2.112266287,2.103070916,2.053333939,1.96044331,2.051378654,1.802781833,1.781190312,1.649330603,1.719966776,2.116162676,1.616867374,2.589067934,1.798073322,1.787224765,1.91670672,1.752884878,2.190677434,2.371741859,2.022486302,2.233578929,2.374346156,2.43860055,3.154511513,2.639603461,2.982468069,2.547492778,2.607050863,3.303116104,2.883934066,3.264377264,3.194842487,4.520118256,3.981491679,3.804658924,4.760272429,4.738870662,4.471208744,4.299504394,4.590926476,4.305238908,4.123678886,4.27384394,4.292240943,4.266240815,4.220856526,4.337471821,4.133607078,4.506071655,4.222108461,4.585051038,5.408265317,4.854206314,5.080128587,5.045337091,5.400967976,5.488806305,5.592356436
37,8,,0.001375357,,,0.000183419,0.03083303,0.051362343,0.123000115,0.003974322,7.89E-05,0.04650685,0.168012337,0.275772987,0.580730874,0.018046833,1.711781029,0.050112741,0.104189791,0.214842304,0.003620701,0.455034814,0.008044473,0.00558156,0.005881745,0.027322948,0.133819309,0.406833819,0.029478103,0.063621199,0.004082738,0.036545033,0.05624823,0.069170186,0.029823248,0.002922121,0.003266398,0.01745757,0.00907132,0.052544505,0.00235004,0.045674598,0.011718381,0.502032297,0.032507154,0.012092958,0.010380889,0.014571478,0.016094851,0.003559626,0.001789898,0.000592136,0.001710488,0.016483352,0.003206252,0.005040852,0.000806328,0.00049119,0.000401318,0.000867285,0.001728987,0.006681801
37,9,0.204294682,0.199057285,0.209458097,0.214631619,0.22402584,0.222173851,0.201788241,0.208747875,0.233160432,0.215274009,0.226432662,0.242053292,0.238210093,0.249233398,0.223301194,0.333286675,0.263454479,0.240878269,0.285926178,0.266218366,0.333416359,0.268546704,0.283560505,0.300738425,0.310838929,0.338905845,0.388057991,0.345057786,0.373754471,0.387643156,0.358199135,0.340898596,0.377607138,0.354049149,0.364291955,0.456156239,0.469623213,0.472597815,0.447152046,0.438402588,0.429594897,0.46897001,0.51868608,0.494110193,0.539999038,0.533837364,0.607020855,0.633558682,0.654785332,0.919393648,0.778401824,0.900110673,0.838121493,0.983419623,0.953292333,1.090025072,1.059008423,1.093540509,1.187632586,1.320698067,1.34529107
37,10,0.045489369,0.053574385,0.054113837,0.057982114,0.074532057,0.089213791,0.091723973,0.119595246,0.072874108,0.071137853,0.105056752,0.137872299,0.189046694,0.303428432,0.093220549,0.652458445,0.122450924,0.140886319,0.180789779,0.118636842,0.274394524,0.091661631,0.114557662,0.113647654,0.110946442,0.148391543,0.25058955,0.115621015,0.116255423,0.095144301,0.111209078,0.587382662,0.930060653,0.689938152,0.676862465,0.748630163,0.797587874,1.11069503,1.228616865,1.084177988,1.13118632,0.933089958,1.277900411,0.952688564,0.896656739,0.843587292,0.771416426,0.837047579,0.909189462,1.487969123,0.736148481,0.807635513,0.784686288,0.87719247,0.759238527,0.938586326,0.928635802,0.989049603,0.912852445,1.120283458,1.069374675
37,11,0.207218436,0.260213164,0.240911024,0.361980657,0.273797818,0.261835477,0.349818456,0.222909173,0.236372822,0.225113963,0.220431256,0.253535314,0.236750367,0.259538666,0.226109849,0.328959939,0.268358137,0.252992655,0.258868483,0.235699465,0.277485901,0.212136118,0.24500429,0.249241617,0.243495717,0.283137569,0.352751022,0.320501122,0.412357666,0.323039274,0.272447246,0.429090983,0.321631727,0.311248498,0.325299061,0.44867697,0.313054514,0.401067123,0.305428632,0.291876972,0.287153577,0.302490312,0.372162889,0.306541385,0.690040128,0.611543418,0.943704934,1.050842139,1.166584745,1.19402238,1.311476511,0.854766615,0.756924333,0.643947006,0.707180617,0.717835836,0.684369129,0.738268857,0.769669567,0.766361444,0.771198632
37,12,0.054755891,0.062253246,0.069708612,0.069850548,0.087593334,0.09798668,0.102012792,0.133596813,0.116116183,0.139041161,0.2691373,0.428540574,0.420095555,0.760382795,0.258857159,0.79406075,0.411213095,0.417497928,0.377360943,0.272894754,0.447639588,0.398136546,0.394030321,0.427570957,0.361692769,0.325017784,0.474219369,0.370885295,0.394887069,0.412039015,0.560214551,0.238602241,0.357954081,0.36231534,0.328575363,0.346468549,0.367107475,0.319337874,0.424932331,0.411789658,0.430674199,0.392690928,0.433834783,0.319809925,0.295615998,0.387559454,0.377113334,0.408786565,0.412155532,0.425153129,0.424108615,0.534414932,0.504163943,0.528581431,0.604451497,0.412004193,0.666928219,0.775027327,0.570915318,1.001844742,0.578773041
37,13,2.299273806,2.370095033,2.688885047,2.701815122,3.512242642,2.904396203,2.914719762,2.794100038,3.208722299,3.077432248,3.322185814,3.210011372,3.386021171,3.667122676,3.552465974,3.970527346,3.929480873,3.966107012,3.949266138,4.020810646,4.219469065,3.821495888,4.122466097,4.179097742,4.085142959,3.620645315,3.679981102,3.124552906,3.571951438,3.161063717,3.083514681,3.53573368,3.300718811,3.135328839,3.54563364,4.141961176,3.144903733,2.317734519,2.878370365,2.910225572,2.906563678,2.858863576,3.027223791,2.922637374,2.925832099,2.935296809,3.613661415,3.612801826,3.688893373,4.114079286,4.058621541,4.479854982,4.079415247,4.270620731,4.317998648,4.718543864,5.545381493,5.423709562,5.544296775,5.423930849,5.745332634
37,14,0.512138959,0.571334776,0.562908237,0.538986375,0.788921997,0.699956681,0.656179502,0.733476396,0.682542574,0.648242765,0.758711412,0.893837686,0.984140624,1.007782049,0.893456266,1.425161306,0.869947947,0.923827648,1.014896629,0.994378257,1.384867824,1.180088931,1.329350805,1.372496292,1.494232387,1.607479366,1.827768516,1.83763256,2.093028502,2.127903289,1.990180103,2.33303551,2.36504222,2.014630795,1.771900199,2.718762447,2.825561133,4.018128294,3.61854998,3.517958536,3.574688501,3.636741932,3.8066433,3.73463208,3.828217862,3.958345291,3.881825329,4.055168886,4.244863777,4.318680192,4.173256539,4.375447498,4.255198983,4.208313546,4.139863391,4.231964441,4.503771143,4.59752657,4.787435126,4.788693376,4.778618169
37,15,0.669032824,0.638180554,0.686938029,0.681460567,0.872783719,0.665129667,0.648972666,0.666768206,0.753896725,0.702805631,0.764733147,0.724073342,0.79907856,0.821891912,0.76628624,1.015780624,0.94814156,0.971921505,0.989552733,1.0603823,1.380468317,1.211936868,1.74782558,1.470028704,1.514862203,1.448597405,1.6054218,1.673479327,1.788109822,2.069426785,1.749084868,1.726011591,1.791598891,2.055869146,2.399752131,2.18601513,1.676150468,2.321577631,1.876105007,2.012137045,2.070828909,1.938892864,1.935665243,1.938579093,1.95582614,1.976474448,1.969514849,1.964780737,1.950173472,2.599441463,2.627956936,2.077759613,2.018529821,2.073966408,1.978143185,1.953306065,2.204029505,2.151887188,2.321147127,2.317867415,2.411729025
37,16,0.025811156,0.029115463,0.034725186,0.041236574,0.069185465,0.091176282,0.088209849,0.138469884,0.094904208,0.111308181,0.168489598,0.216426632,0.269780295,0.378188545,0.162960606,0.925468793,0.214908111,0.256729719,0.343918662,0.232355584,0.448010022,0.333216952,0.331389915,0.387021347,0.406564307,0.462217962,0.595145413,0.399483579,0.444600883,0.458605623,0.532777204,0.540880337,0.61201409,0.459530216,0.562722595,0.780003049,0.562796094,0.696136967,0.853536004,1.528327955,0.684518869,0.608684423,1.035121969,0.686252799,0.675908975,0.917408163,0.883682398,1.032117199,1.141714582,0.989043455,0.793068323,1.099493868,1.049229579,0.896330283,1.357162355,1.024262809,1.120518554,1.071627225,1.517912044,1.209934094,1.362330093
38,1,0.011740109,0.008937494,0.008827311,0.1026271,0.095652989,0.008886251,0.094720406,0.009373296,0.248689599,0.058739676,0.00670183,0.004836437,0.006913427,0.255327812,0.006979039,0.012632282,0.045884224,0.143915916,0.019305626,0.025558696,0.016165644,0.028738774,0.002059383,0.004860677,0.005778925,0.029635503,0.012209236,0.020538187,0.038956572,0.104728,0.00362251,0.005825944,0.01087756,0.00805199,0.005879207,0.001733996,0.002105075,0.004221648,0.003513216,0.008017817,0.02212306,0.303669123,0.021715014,0.02392712,0.026523151,0.030720895,0.024121676,0.031196279,0.036094306,0.038766742,0.04997109,0.047640635,0.001886509,0.002189769,0.000566504,0.001363326,0.000809265,0.001066549,0.001521215,0.00068425,0.007415478
38,2,,,,,,,,,,,,,,,,,,3.27E-05,,,5.41E-05,5.45E-05,0.001045891,0.000849003,0.000741534,0.001993361,2.72E-06,2.854574111,3.077349976,3.96790357,4.05083993,2.01969181,4.641497169,2.276492008,3.650962926,3.884925307,4.180458869,4.281275397,4.495072307,5.674517779,5.734304763,6.357046925,6.708523906,6.33203825,6.767163993,7.946408221,7.412577262,7.564584912,7.564404239,0.013995463,0.009331501,1.248823131,0.002554639,0.006734804,0.007764884,0.005752772,0.012790426,0.006581419,0.004801145,0.006311569,0.014800011
38,3,0.670439957,0.816487182,0.869188809,0.91118945,1.067180526,1.088503481,1.276505889,1.29320365,1.347194422,1.641309518,1.370817626,1.669600507,1.783709888,1.804183524,1.866456471,1.937605693,1.971554476,2.066581828,2.102578082,2.065361639,2.114392897,2.06242663,1.8505689,1.874255396,1.779030554,1.549010115,1.52610344,1.59559368,1.493054874,1.50744389,1.372631301,1.493658636,1.481140745,1.475245726,1.441909012,1.368484613,1.646724287,1.894253301,1.957062807,1.471031079,1.359053141,1.502023913,1.507956695,1.604809993,1.652311969,1.59535526,1.847128132,1.874285333,2.154473964,2.984733325,2.621017569,2.838038708,2.64012135,2.632659088,2.317763218,3.027637881,2.808381524,2.761743111,2.661262703,2.926724905,3.16013121
38,4,0.054257158,0.0650702,0.063113098,0.090090191,0.174801771,0.245991064,0.119224298,0.134531086,0.126131768,0.162530465,0.125235487,0.455038513,0.389461408,0.555803863,0.53599708,0.55482577,0.573525789,0.518963102,0.504895313,0.593771925,0.670312761,0.753972422,0.62705958,0.72361612,0.62807268,0.617919744,0.565708961,0.709068134,2.616904011,3.771317494,3.791022963,3.734446049,4.008453326,4.011561654,3.694920442,3.819328656,4.152305846,3.747510943,4.958803075,3.787497668,3.901511434,4.260524197,4.255504468,4.502549359,4.434201622,3.979744957,3.81030156,3.899298695,4.757235959,7.530947837,6.03377581,8.37569319,8.436185009,8.942614825,9.200133412,11.1260091,10.86729354,9.993888327,8.155906027,9.291065786,10.37647715
38,5,0.288825693,0.348580987,0.357836959,0.370588106,0.43629028,0.438749522,0.497036459,0.536344655,0.77950385,0.733530953,0.622905214,0.752349741,0.770905569,0.855121762,0.817552922,0.81924922,0.860072553,0.938249338,0.874249766,0.846520617,0.813740637,0.801648112,0.772866426,0.725041287,0.583813896,0.580194644,0.583707172,0.55179235,0.622653485,0.632580022,0.633135149,0.506114916,0.556301514,0.537236237,0.58795164,0.61947268,0.718305558,0.704827991,0.758815263,0.667292121,0.705928093,0.835780283,0.807047794,0.846630673,0.916287593,0.852510783,1.478123294,1.455258962,1.523171516,1.848052,1.468543904,1.767066493,1.346680236,1.343778921,1.228182043,1.463950942,1.530569176,1.568909416,1.511731809,1.612559161,1.613337096
38,6,1.232785188,0.853952373,0.893830891,1.232838967,1.035275747,0.845951574,1.214045577,0.830197398,1.155226642,0.966812627,0.766863506,0.630853399,0.695133233,0.686510823,0.518459415,0.489272911,0.482207,0.508466296,0.407329148,0.381378123,0.382247339,0.374045005,0.339192554,0.36111991,0.296925836,0.330679446,0.328342314,0.424867154,0.53852537,0.629318429,0.219990015,0.201989144,0.211556197,0.203249555,0.208403134,0.208112628,0.259125815,0.270363511,0.271122514,0.702377516,0.852644753,1.139860325,1.181383712,0.473832036,0.50561058,0.52329788,0.539862226,0.504300256,0.660929077,0.912743584,0.934532189,1.391069693,1.074868907,1.279157285,1.052400346,0.882949168,1.139355783,1.183927794,1.041790283,1.23659363,1.213349954
38,7,0.007610375,0.018452196,0.012733812,0.002972715,0.06602634,0.002883371,0.256361935,0.019401335,0.622912096,0.153367176,0.004147095,0.002809338,0.006649808,0.307198026,0.006730984,0.010824276,0.079747822,0.353537642,0.03021162,0.036824757,0.041732271,0.083682731,0.003378954,0.006998236,0.018132349,0.097555628,0.081602866,0.140053837,0.233503526,0.277948267,0.017580293,0.033024454,0.020271173,0.007548984,0.019798557,0.01133523,0.011049497,0.016140252,0.018965814,0.034211909,0.041004914,0.293940793,0.01310939,0.006289128,0.012595662,0.022557763,0.024623274,0.035534126,0.016032772,0.058630851,0.07575451,0.066050611,0.058283212,0.077504438,0.090803312,0.085614971,0.00888701,0.009210502,0.010932299,0.005033601,0.014704095
38,8,0.009892419,0.012612948,0.007178961,0.012374947,0.04651873,0.015479682,0.562558601,0.03670417,1.131233444,0.290514306,0.00136719,0.001099176,0.002218393,0.560700039,0.01049287,0.021613168,0.110581167,0.463025873,0.045489649,0.049631462,0.051183243,0.108749372,0.008643232,0.008566377,0.021966062,0.02554459,0.004420205,0.002363642,0.020897955,0.002025402,0.019801794,0.022993789,0.02564934,0.022263671,0.029916105,0.00026916,0.003200259,0.001488923,0.002074579,0.017867723,0.194373219,0.742147217,0.243883295,0.280685314,0.249154214,0.238355411,0.213070765,0.216178299,0.284228294,0.217401354,0.171288907,0.194077695,0.014145113,0.004707918,0.016839372,0.010969788,0.009442833,0.006045146,0.003707154,0.004917007,0.004919284
38,9,0.265562677,0.324011126,0.332266002,0.373494949,0.383546501,0.396245241,0.459508551,0.44611925,0.551665724,0.528647008,0.436004636,0.625086156,0.684975077,0.72663776,0.664707201,0.715859236,0.77981078,0.728125865,0.740488779,0.769851249,0.777064604,0.741523385,0.689676085,0.736563959,0.661928754,0.716336283,0.689781042,0.676702326,0.714111865,0.793052428,0.787979025,0.711236289,0.791338107,0.739900027,0.725306285,0.892249395,0.995635761,0.949671295,1.265526519,1.245220614,1.323949826,1.700493569,1.693804206,1.865689183,2.021064643,2.056747518,2.238800897,2.346384936,2.723915254,3.907065354,3.854517192,4.696353902,4.478351812,5.229895114,4.946394333,6.628038129,6.138484324,6.422888586,6.997356201,7.236007413,7.337431584
38,10,0.040565151,0.075187808,0.078249655,0.082949095,0.132613013,0.146423518,0.234318983,0.107596594,0.494582773,0.16430909,0.209027723,0.189462924,0.213571797,0.438011828,0.227666229,0.29201499,0.32874595,0.459692294,0.322771328,0.329465661,0.371095933,0.398102672,0.364643227,0.572506481,0.281955873,0.290690445,0.309215966,0.281623679,0.274539869,0.147236246,0.138560658,1.295905075,1.866285672,2.081450593,2.100740462,2.400106249,3.57864566,2.645249118,2.899620078,3.230085804,3.583761407,5.075982881,6.486509228,5.040459405,5.330982386,5.435093151,6.083380127,6.617363841,7.282284849,9.337411898,6.940208035,7.563660955,7.781335986,7.917038694,7.291914824,8.935711507,9.332724191,10.68629176,9.810800375,9.565647436,10.0748568
38,11,0.312121263,1.091043883,1.177902845,4.135446411,1.488063498,1.307016115,2.648434143,0.444120068,0.494735415,0.458533977,0.382126466,0.497664796,0.516731507,0.483478835,0.441035462,0.570221386,0.552147749,0.541763451,0.52508092,0.556486474,0.643664227,0.574307439,0.532434756,0.693926444,0.462606227,0.455261562,0.436825825,0.478234732,0.543915445,0.525191529,0.474018072,0.470962256,0.498923635,0.484565836,0.461454172,0.44401477,0.519639814,0.451265596,0.467577201,0.501290896,0.43878357,0.549730796,0.529319479,0.62891116,0.631368122,0.534008681,2.012240102,2.102864419,1.985255333,2.089943191,1.678191463,2.353620732,1.682610326,1.348933415,1.334740752,1.636990158,1.745257279,1.964222812,1.925684587,2.058202317,2.147778766
38,12,0.392313223,0.48151091,0.500110468,0.542113658,0.643089436,0.617847778,0.755153723,0.669842916,0.945526748,1.056021253,0.776623083,0.909731441,1.119582361,1.287816462,1.19997016,1.173335941,1.264115806,1.447129833,1.372195203,1.241132353,1.439642135,1.332866704,1.244707073,1.226563343,1.168177377,0.980948931,0.987053699,0.969520914,1.061043957,1.094021602,1.010523756,0.928872124,0.992931442,1.046332281,0.951934849,1.022510116,0.798737787,0.981455685,0.948414602,0.827923917,1.104076284,1.454383006,1.256706368,1.313772982,1.345718217,1.339681404,1.484009325,1.527153347,1.839287539,3.230206187,2.859634497,3.459614519,3.429605262,3.743152912,3.42879574,2.212466034,4.529524419,4.448611024,4.071734583,4.406426323,5.196980569
38,13,2.115788759,2.152239291,2.244674601,2.559062227,2.73021074,2.762948175,3.046698021,3.062222062,3.369240592,3.908420466,3.0943142,3.941173451,4.272710412,4.154451584,4.272183006,3.949262179,4.082535227,4.391538621,4.281682399,4.031600782,3.870271143,3.760438641,3.529315452,3.431216552,3.26317348,2.853369259,2.82056436,2.912544782,2.783214903,2.821765371,2.726144445,2.824146176,2.740784573,2.715044722,2.738281513,2.796965827,2.727808927,3.373397755,3.309819197,2.907708306,2.95676392,3.158001127,3.061825764,2.959640175,2.895224689,2.585019873,2.68559213,2.512455082,2.850369813,3.995732118,3.278696963,3.842375578,4.183653199,4.522915583,4.043925961,5.630583301,5.430909299,5.099539889,4.918666826,5.100541446,5.073541246
38,14,0.087199372,0.166584177,0.174776331,0.143078876,0.27098388,0.238567607,0.407540374,0.460547303,0.541861918,0.366295588,0.309576719,0.319615953,0.325911585,0.430480048,0.291408411,0.328060981,0.322077295,0.433303543,0.29443538,0.272224877,0.510477957,0.44184087,0.528070553,0.580103383,0.504600799,0.478279974,0.462645029,0.7757157,0.695321524,0.668848191,1.074956233,0.493213869,0.518611504,0.462202362,0.721943458,0.321434084,0.421730727,0.534603063,0.650055859,0.484536571,0.51403531,0.688065476,0.682841352,0.659800792,0.837488357,0.681903451,1.04306493,1.288571002,1.283875218,1.801049776,1.510990626,1.848531413,2.018399227,1.867399608,1.471762807,1.766085672,1.998624503,2.106822872,2.060830608,2.166626083,2.242870571
38,15,0.009497141,0.049548716,0.0726139,0.054572132,0.15270448,0.105843978,0.03353441,0.146628113,0.218876803,0.317698559,0.299784875,0.254522638,0.317302918,0.373299879,0.383675552,0.459719565,0.499164514,0.516455061,0.572684144,0.579496424,0.595593118,0.649836962,0.680787543,0.749223527,0.689839458,0.541926554,0.699890773,2.132626509,2.824766563,3.299616266,3.642047595,3.134976078,3.5568102,3.426518814,3.011320184,3.073886444,3.52832612,3.826761295,4.23941957,5.6016181,5.310794437,5.442451861,5.211893656,5.271922508,5.202590078,4.788222094,5.225769617,5.147694749,5.703728957,2.520663837,2.027541774,2.669784601,2.316136239,2.404651931,2.036244087,3.024009029,2.690544413,2.780616045,2.468342808,2.410963236,2.312629272
38,16,0.150526391,0.168846442,0.174976351,0.178285404,0.258093528,0.233666658,0.360746771,0.282796109,0.771637997,0.457873204,0.307552382,0.396541969,0.427903468,0.662867271,0.47318675,0.485894445,0.569733011,0.678598056,0.549578634,0.568928802,0.561713431,0.613958793,0.574420901,0.606405983,0.53467301,0.481886556,0.435270433,0.509938745,0.505894099,0.546329209,0.400434149,0.419165251,0.409101295,0.449761431,0.481443578,0.5027524,0.684060954,0.793480908,0.817595789,0.809225847,0.86107556,1.134279466,1.046156788,0.912405655,1.100518443,0.928522242,1.049124724,1.214946495,1.457849501,2.210590695,1.826806454,2.245536459,2.529046961,2.739660258,2.281366709,2.893468078,2.847278945,3.392855353,3.526373101,3.996319645,3.858335121
39,1,8.66E-05,0.000830582,0.000786051,0.001072083,0.001159811,0.00097462,0.001178063,0.000914574,0.000950543,0.000493128,0.000703101,0.000478964,0.000460023,0.000416459,0.000379822,0.000411591,0.000785458,0.000373979,0.000715349,0.000791776,0.001064704,0.000747163,0.000587746,0.000621351,0.000762308,0.000496036,0.000697249,0.000548043,0.001097406,0.001536967,0.000704256,0.000557098,0.000894886,0.001216476,0.000534645,0.000735954,0.000558797,0.000814485,0.000946492,0.001014783,0.000675922,0.000982908,0.001022949,0.000679686,0.001327334,0.001640967,0.001512462,0.001332775,0.001161863,0.001904581,0.002232518,0.001830335,0.001887312,0.001900455,0.00113065,0.001662011,0.001059076,0.00118918,0.001860807,0.002387574,0.00134731
39,2,,,,,,,,,,,,,,,,,,,,,,,,,,0.001208584,0.003146122,0.003246663,0.002480324,0.00263299,0.003095687,0.002756071,0.003819723,0.002749995,0.003580245,0.011171906,0.007464773,0.003017923,0.006440192,0.003650403,0.012961591,0.00433657,0.012774166,0.005069419,0.010266891,0.007588429,0.007113041,0.005610992,0.009266504,,,,,,,,,,,,
39,3,1.03E-05,0.000188286,0.000357717,0.000131403,0.000357433,0.000381612,0.000496856,0.000450876,0.000378381,9.07E-05,0.001786289,0.000340249,0.000185316,0.000152917,0.000190012,0.000902701,0.000648935,0.000196938,0.000232212,0.000832834,0.003188335,0.000696817,0.000750168,0.000470076,0.000485758,0.00129736,0.001330157,0.001039886,0.001661617,0.001461888,0.000933319,0.001418461,0.00130575,0.001398556,0.001207896,0.002038215,0.001575113,0.000402096,0.000831631,0.001655604,0.001303584,0.001227294,0.001371782,0.001800673,0.001720193,0.002202528,0.002515998,0.002171917,0.002540566,0.001268504,0.004091891,0.003431363,0.003373828,0.00285688,0.002641281,0.001894588,0.00590566,0.001576402,0.000849076,0.001377448,0.001836258
39,4,,,,,0.000102643,0.000248773,,,,,,0.000241626,8.87E-05,8.52E-05,0.000123407,0.000685724,0.00045693,8.90E-05,6.54E-05,0.000510029,0.002166636,0.000495453,0.000529836,0.000290039,0.000290983,0.00134936,0.00110108,0.001108969,0.003600356,0.003949304,0.002750398,0.004295791,0.003357695,0.00369902,0.003359839,0.006693371,0.004331428,0.000642882,0.002154084,0.005283546,0.004818682,0.004401263,0.004775371,0.006643201,0.005606766,0.007080726,0.005093679,0.005095966,0.006907726,0.002691509,0.009626247,0.010880481,0.011424281,0.010177981,0.011140993,0.006596653,0.025886565,0.004953362,0.001245637,0.002572509,0.004290559
39,5,0.000188732,0.001848377,0.001820555,0.002220863,0.00233192,0.002304602,0.002571025,0.002262965,0.002508855,0.001302653,0.002063341,0.001560576,0.001547244,0.00149386,0.001396403,0.001172367,0.00245258,0.001546942,0.002651704,0.002115746,0.004000637,0.002427023,0.001901775,0.002186977,0.00240067,0.001961265,0.002408749,0.001799704,0.00345301,0.003662738,0.002207992,0.002223629,0.002975319,0.003249306,0.001821422,0.00290752,0.001964908,0.001863415,0.002791086,0.003190942,0.002373652,0.002701695,0.002925723,0.002269566,0.002927418,0.003585871,0.005179949,0.00354862,0.002623183,0.003469199,0.004063624,0.003691367,0.003558072,0.003021371,0.002674319,0.002365313,0.002689778,0.002005814,0.002013995,0.003398758,0.002308908
39,6,0.001258401,0.002051147,0.003759171,0.003138049,0.001940533,0.002568606,0.003341936,0.002387223,0.002793214,0.001495889,0.001093844,0.001121529,0.001068163,0.000877676,0.000876202,0.000722608,0.001137243,0.000841944,0.001109918,0.000962399,0.001518462,0.001181621,0.000914096,0.001157937,0.00116605,0.001106671,0.001234369,0.001358237,0.001770276,0.001822949,0.001315659,0.001462043,0.001872676,0.002023897,0.00154474,0.002655775,0.002161703,0.00182545,0.002051681,0.002497574,0.003016631,0.002141334,0.002069143,0.001419782,0.001775501,0.002353041,0.002158815,0.001816244,0.001808243,0.001906185,0.003071624,0.002749436,0.00296468,0.002622203,0.002595466,0.001745407,0.002529251,0.002440864,0.00238739,0.003192406,0.002332323
39,7,1.93E-07,2.61E-08,7.22E-08,5.10E-08,0.000140808,2.55E-07,1.88E-10,2.92E-08,,,0.003845987,0.00269077,0.002690058,0.00252839,0.002358968,0.001900935,0.004517281,0.002618899,0.005240717,0.004159723,0.008441274,,,,,9.30E-05,0.000301132,0.000116607,0.000220141,0.00021725,1.79E-08,1.59E-05,,8.89E-07,2.79E-06,3.63E-06,2.23E-05,4.59E-05,6.35E-05,3.87E-06,,5.43E-08,,1.94E-05,9.98E-05,,3.99E-06,4.32E-07,,,,4.58E-09,9.38E-05,5.35E-05,0.000241988,9.42E-05,,,,,9.02E-07
39,8,0.001123459,0.011275941,0.010831972,0.014477909,0.01383418,0.013597833,0.015693147,0.012402037,0.012814692,0.006708971,0.011320685,0.00778587,0.007187359,0.00707898,0.006252332,0.005420924,0.013842595,0.007705321,0.01550068,0.012618908,0.025191303,0.01474366,0.011207223,0.012147579,0.014713328,0.010611862,0.013418533,0.011036969,0.019999891,0.021909747,0.012453604,0.010012435,0.015041394,0.017804788,0.008416324,0.011812746,0.008144408,0.009703486,0.014372744,0.015033205,0.010542324,0.013017178,0.014588013,0.009068158,0.013230318,0.016440006,0.017386285,0.013876887,0.010575726,0.016140627,0.015642802,0.01450617,0.01447222,0.012283725,0.010562977,0.010067123,0.010949039,0.009448928,0.012295235,0.019417152,0.009761098
39,9,9.00E-06,9.45E-05,0.000109403,0.00011346,0.000430662,0.00013517,0.000126624,0.00010089,0.000189674,8.62E-05,0.000134533,0.00012549,0.000117193,0.000129377,0.000108598,0.000244028,0.000268477,0.000118382,0.00043552,0.000198674,0.000360343,0.000276025,0.000161227,0.000232808,0.000239136,0.000342753,0.00041889,0.000293047,0.000594654,0.000669989,0.00035673,0.000434536,0.000453263,0.000521286,0.000364518,0.000915335,0.000733164,0.000414062,0.000855042,0.001748161,0.001641185,0.001747075,0.002024443,0.002401786,0.002486116,0.003430215,0.00305457,0.003063233,0.003591056,0.003797664,0.006448971,0.006199445,0.0059451,0.005887428,0.005769102,0.001382718,0.002925867,0.001451925,0.00272766,0.004954897,0.004692266
39,10,0.000168347,0.00154291,0.001574993,0.0020403,0.002208815,0.002418872,0.003089822,0.00234102,0.003180677,0.001553325,0.002175512,0.001413592,0.001293902,0.001244968,0.001133789,0.001281513,0.002980146,0.001552107,0.003511751,0.002427522,0.004466876,0.003482237,0.002400147,0.002691624,0.003283087,0.002404002,0.003069484,0.002409551,0.004891033,0.004637695,0.00258173,0.003616538,0.004733442,0.003491073,0.003197888,0.006828362,0.005506594,0.002097097,0.001393202,0.003940151,0.003462996,0.004691309,0.005760641,0.003808082,0.003613103,0.003976909,0.005185039,0.005207211,0.006159779,0.005248084,0.008236492,0.007258202,0.007849529,0.007014394,0.006887892,0.000936981,0.002465193,0.000916877,0.002161336,0.003827464,0.003923317
39,11,6.88E-05,0.0018094,0.003575512,0.008213508,0.000795215,0.002612803,0.005824707,0.000354348,0.000570133,0.000204541,0.000250176,0.000312171,0.000212169,0.000172347,0.000179011,0.000457832,0.000395383,0.000189114,0.00065915,0.000371913,0.000549432,0.000630306,0.000343367,0.000408747,0.000455577,0.000591528,0.000666242,0.000502048,0.001166677,0.001079694,0.000703123,0.00084667,0.000902197,0.000935939,0.000716115,0.001458489,0.000881312,0.00052122,0.000491507,0.001099402,0.000975765,0.000846266,0.000926268,0.001244325,0.001171948,0.001314676,0.005649783,0.003012629,0.001294985,0.001456443,0.002152474,0.001963499,0.002665424,0.001985592,0.001773994,0.000346535,0.000986911,0.000429616,0.00069537,0.001327302,0.001403691
39,12,3.38E-05,0.000393115,0.000420177,0.00043868,0.000470084,0.000551986,0.000499648,0.000403764,0.000438632,0.000278707,0.001060023,0.000733507,0.000769016,0.000774387,0.000641573,0.000509789,0.00134803,0.000662608,0.001294805,0.00105274,0.002127739,0.000544631,0.00057116,0.000674475,0.00093483,0.001279881,0.001441113,0.000991249,0.001890809,0.001840267,0.001150674,0.001608158,0.001634003,0.001860966,0.001346687,0.002409057,0.000873858,0.000776401,0.000840239,0.001341324,0.001774772,0.001979321,0.001992516,0.002102028,0.002181013,0.002984616,0.002713246,0.00257313,0.003025046,0.001483853,0.005817802,0.005574316,0.005614897,0.005248758,0.004972664,0.001264305,0.001640789,0.00154515,0.002874709,0.003175703,0.00226578
39,13,3.18E-05,0.000354094,0.000386575,0.000393187,0.000518884,0.000504238,0.000448861,0.000385001,0.000680293,0.000303537,0.000431537,0.000272655,0.000324117,0.000310386,0.000276111,0.000252271,0.000483758,0.000331602,0.000530512,0.000449274,0.000735522,0.000546111,0.000480752,0.000595009,0.000628452,0.000955761,0.001043116,0.000848241,0.001603395,0.001571348,0.001072198,0.001449926,0.001591712,0.001753872,0.001376797,0.00221095,0.001710021,0.001126395,0.001696708,0.002777688,0.002559169,0.002337363,0.002497234,0.002564152,0.002818752,0.003590308,0.003288935,0.00310557,0.003686828,0.002051633,0.005729089,0.005309825,0.006113333,0.005492672,0.006339037,0.003081585,0.002063446,0.001653448,0.003499643,0.00604292,0.003985201
39,14,0.000102865,0.000543535,0.000551647,0.00052099,0.000698541,0.000647371,0.000951246,0.001151077,0.001012816,0.000342268,0.00047117,0.000619259,0.000396642,0.00030609,0.000365499,0.00032295,0.000397608,0.000313006,0.000415884,0.000367817,0.000685658,0.000796587,0.000623717,0.000695988,0.000719065,0.001080117,0.001045216,0.001029988,0.001606132,0.001403596,0.001334957,0.00110093,0.001164516,0.001043017,0.001124636,0.001756682,0.000988064,0.000705764,0.001092007,0.001494942,0.001713488,0.001187646,0.00162423,0.001673784,0.002025128,0.001956686,0.002600852,0.002103655,0.001983617,0.001047952,0.00308902,0.002831973,0.003389322,0.002652294,0.002178932,0.00083302,0.00077927,0.000666972,0.001374012,0.002344312,0.00175746
39,15,5.41E-06,0.000111198,0.000301433,5.67E-05,0.000732201,0.000272202,6.64E-05,0.000349453,0.000431877,0.000265563,0.000413056,0.00018488,0.00075884,0.000240925,0.000525762,0.000578315,0.001198968,0.000583386,0.000512911,0.000552717,0.000774873,0.000798997,0.000792784,0.001453349,0.000589259,0.002104292,0.002127901,0.002679358,0.00382482,0.00351826,0.003438185,0.004757987,0.003924404,0.003272936,0.003866393,0.009479045,0.006433969,0.003033952,0.00562179,0.005346139,0.011980693,0.004945903,0.009651479,0.005687545,0.008396437,0.006458024,0.006867345,0.005216675,0.007596498,0.002249569,0.003936523,0.003226402,0.003568256,0.003121236,0.002934954,0.001823564,0.002556442,0.002090583,0.002319743,0.00216088,0.004456014
39,16,0.000115622,0.001102945,0.001097311,0.001296656,0.001442223,0.001445274,0.001601751,0.001393522,0.001680173,0.000762657,0.00124838,0.000869475,0.001139219,0.000873512,0.000962606,0.000835364,0.00195624,0.001053068,0.001833592,0.001549694,0.003016328,0.002112146,0.001746903,0.002205545,0.002118676,0.001774737,0.002245929,0.001747518,0.003233152,0.003470744,0.001969853,0.002015051,0.00260512,0.003059076,0.001699673,0.002652721,0.00202086,0.001870412,0.002711836,0.003235395,0.002625767,0.002745884,0.003081425,0.002475122,0.00324355,0.003870371,0.003847549,0.003434301,0.003470114,0.003967249,0.005383355,0.005027749,0.005743199,0.005072716,0.004285035,0.002952046,0.003917627,0.003791859,0.005082521,0.005874182,0.008854234
40,1,0.327573892,0.473903215,0.499735601,0.598192262,0.64436182,0.61300099,0.707406301,0.590040619,0.544285597,0.448065889,0.339752479,0.337395065,0.346579495,0.318142485,0.387224202,0.505409653,0.402032727,0.344022723,0.313896715,0.506622601,0.36049668,0.488616227,0.466227959,0.425153275,0.399093381,0.348595516,0.439952523,0.510481193,0.510272173,0.613064863,0.510675469,0.503700601,0.515276235,0.574580471,0.563460217,0.479768627,0.469190051,0.531195654,0.67007424,0.550330717,0.416127834,0.558487074,0.506128002,0.739167756,0.71221851,0.705979504,0.641493114,0.839452222,0.779774567,0.871185537,0.962168263,0.881365316,0.846976984,0.869924906,0.593642104,1.109957041,0.616102386,0.653272802,0.834901742,0.719142147,0.688202871
40,2,,,,,,,,,,,,,,,,,,,4.31E-07,0.000770117,7.16E-06,,8.43E-06,3.96E-05,1.67E-05,1.456936451,1.80351331,2.018528525,2.551517967,3.576954991,3.04711374,1.636425543,3.670332634,1.722435304,3.174997515,3.432014032,3.280985675,2.979221765,2.970570582,0.089109512,0.10753317,0.091258892,0.149781204,0.0880207,0.214815442,0.183036804,0.14869854,0.138273391,0.139439515,0.002248714,0.001009976,0.171423379,0.000374465,0.005890053,0.002284715,0.002521629,0.009034891,0.002468186,0.001764619,0.000832517,0.000605287
40,3,0.086938674,0.100810367,0.092593607,0.123835137,0.116257205,0.110466268,0.12221451,0.108265965,0.097014145,0.08329821,0.083306955,0.084537311,0.087270879,0.078921895,0.097544133,0.095304612,0.089356768,0.085550638,0.081362794,0.086999844,0.099872214,0.112657078,0.113860691,0.102589911,0.257052008,0.373679983,0.372426872,0.500799051,0.392110687,0.407537545,0.415870232,0.378885645,0.472705452,0.521209751,0.4951786,0.456647112,0.56839528,0.271862081,0.350366081,0.618510391,0.618960053,0.437941329,0.49018689,0.561229516,0.581585553,0.541341731,0.586131141,0.644578051,0.759950953,0.1916293,0.225832845,0.217978554,0.20330154,0.176454266,0.188883268,0.187723358,0.181377498,0.182520117,0.195829741,0.161636457,0.151205631
40,4,,0.000545183,0.000285998,,0.000894899,0.004328053,7.47E-06,2.15E-07,6.14E-09,0.000322706,2.30E-07,0.005044573,0.004734755,0.004086396,0.00866266,0.005375376,0.003276284,0.004739452,0.007906434,0.007343702,0.00927888,0.012171738,0.016346851,0.012553897,0.144086257,0.290285531,0.260692845,0.431167107,0.727540164,0.941520472,1.079606132,0.983894726,1.117109692,1.305720197,1.132383065,1.187741033,1.378390766,0.431449919,0.730771522,1.384389784,1.272054291,1.448930202,1.640946682,1.769059764,1.749189137,1.548289762,1.488796227,1.552743428,1.832134107,0.07986359,0.163407033,0.176071657,0.214514333,0.203536308,0.220380916,0.103855004,0.107702161,0.083940792,0.07896112,0.074518845,0.058017292
40,5,0.70824985,1.020561805,1.072711024,1.232907507,1.365917441,1.363747128,1.537122238,1.303473292,1.22457022,0.982517259,0.924502811,0.941485142,0.977805438,0.924867842,1.148915724,1.124033786,1.110403176,1.07639699,1.00065653,1.041050055,1.180602639,1.361006236,1.306155908,1.227513886,1.25643885,1.101100371,1.37938724,1.48676763,1.368065328,1.390266452,1.437492535,1.588681154,1.569620638,1.462564563,1.487555447,1.385927092,1.273686661,1.136618084,1.471013337,1.854862608,1.784724125,1.391839575,1.33391062,1.432095861,1.473282465,1.34086206,1.34449427,1.347450671,1.355112077,1.185869921,1.10595157,1.10481075,1.004520201,0.876113305,0.853995986,1.016759063,1.014728718,0.584363028,0.572257628,0.747224374,0.774529388
40,6,0.233713522,0.351135974,0.369030743,0.415774671,0.434973624,0.439039228,0.496291736,0.409394121,0.408553262,0.324626902,0.280360961,0.285603581,0.308502761,0.294991253,0.344141105,0.348767879,0.376277921,0.387586533,0.373949895,0.440254834,0.450393459,0.559513246,0.541134628,0.541912487,0.625780737,0.554841032,0.659045915,0.804363555,0.724210218,0.543930713,0.94055646,0.978537687,1.057692403,1.083379901,1.08833581,1.215162849,1.185440864,1.246890435,1.509772766,1.358930007,1.409318124,0.720271799,0.726899277,0.858333857,0.786945896,0.790514141,0.83655071,0.902604298,0.866117048,0.606179042,0.625381722,0.633687645,0.603654483,0.548007206,0.568737662,0.672567495,0.690008875,0.607645327,0.673530277,0.643361635,0.604930351
40,7,0.023349207,0.016927873,0.016278177,0.020615341,0.018153661,0.015755201,0.017553297,0.01402241,0.015632693,0.019635992,1.849748033,1.884934632,2.016190166,1.903415938,2.403383377,2.317065858,2.298035141,2.393673863,2.285532899,2.459911746,2.763895428,0.041464718,0.007117772,0.008258704,0.013463756,0.058097969,0.08313468,0.098962605,0.148379545,0.019179667,0.009718065,0.006739913,0.010312308,0.008892024,0.029777008,0.00890793,0.024069987,0.033797025,0.511157166,0.013061993,0.022246046,0.023100851,0.03188045,0.180376622,0.004560183,0.033056539,0.008649783,0.122620826,0.011119096,0.020196736,0.031500046,0.024342912,0.006738942,0.005817287,0.002262102,0.002374668,0.035316466,0.033112754,0.016865977,0.016932993,0.019359166
40,8,4.175068791,6.361388597,6.804343269,7.990225096,8.285243826,8.476543912,9.342375134,7.932925005,7.283781693,6.017987704,5.422955073,5.434801501,5.368272758,5.307303753,6.35770796,6.587578688,7.021292478,7.026216256,6.742660491,7.196272299,8.207614582,9.493160146,8.888501761,8.282745811,7.673690659,7.456107032,9.161641036,10.26589696,9.109309076,9.028943463,8.992964487,9.027114441,8.525632065,8.32316436,8.624008529,7.691843564,6.878671902,6.192403311,7.993039859,8.112573384,6.412407516,7.317320124,7.112301101,7.949806179,7.562587759,6.980713423,7.362974236,7.48691075,7.078114847,7.334009288,6.672872795,6.927387293,6.49292345,5.623901957,5.545811924,6.722963891,6.369045298,5.189252864,5.510346184,5.845109889,4.984624205
40,9,0.032823977,0.048938237,0.05377507,0.062909727,0.070247004,0.06843717,0.075290143,0.064464853,0.064857624,0.049777841,0.057767761,0.062840215,0.067826075,0.067029162,0.077531652,0.081777712,0.084309704,0.082166677,0.07911201,0.089305876,0.095996476,0.09997634,0.094975512,0.093945354,0.132121315,0.124487633,0.173285081,0.181685444,0.193207288,0.183824231,0.192998737,0.188169485,0.196503131,0.212766169,0.201045058,0.255557881,0.300072451,0.291821208,0.664205201,0.59464706,0.545395457,0.679396182,0.740150298,0.872403848,0.900350619,0.906640814,0.970699756,1.07520368,1.154986986,0.493872574,0.531069871,0.548428164,0.523253919,0.504208895,0.50341596,0.567910587,0.554436373,0.473261321,0.498167836,0.479817697,0.523258105
40,10,0.52258647,0.856637426,0.999121001,1.129377248,1.347256147,1.510426828,1.840121545,1.529915259,1.79332905,1.407213136,1.014448276,0.873602,0.938751037,0.905709283,1.079625418,1.035467224,1.348574695,1.329264587,1.191664957,1.267733709,1.425419743,2.002229155,1.805496939,1.726641788,1.745070489,1.416995213,1.818997994,2.040287637,2.079573722,1.870127309,1.808105301,1.703908967,2.068820835,1.338356552,1.311662896,1.44403983,1.955767676,1.501040432,1.245789983,1.06201119,0.990510468,1.539877653,1.835269841,1.105065578,0.920671838,0.740178691,1.348201095,1.346813743,1.514966562,0.205157764,0.348245758,0.282136281,0.220520065,0.171443983,0.180585677,0.211543093,0.109737197,0.087318492,0.253066092,0.165166176,0.125937739
40,11,0.16352566,0.255240828,0.253929778,0.363659088,0.31895311,0.309957611,0.392605164,0.263708627,0.262904519,0.234097342,0.184848763,0.175778287,0.184974842,0.1678013,0.171606178,0.158578219,0.168975686,0.144038417,0.134753946,0.123495092,0.186047456,0.244759737,0.224479128,0.230353878,0.312683221,0.230688387,0.319165314,0.331165261,0.404690233,0.357984391,0.378914756,0.351201026,0.400217204,0.411987465,0.39545266,0.402583655,0.407794539,0.375818706,0.384511481,1.359680386,1.935138494,0.367965952,0.372408152,0.462011863,0.44283117,0.392141686,0.471072507,0.482090035,0.449893409,0.123951399,0.11562148,0.039718391,0.153200868,0.21469049,0.064859899,0.120543315,0.154244103,0.109094248,0.048165519,0.050217231,0.051897603
40,12,0.21599391,0.279556168,0.29365751,0.34155555,0.363972212,0.351002983,0.397081209,0.344202537,0.321963552,0.274069307,0.546590867,0.57423719,0.613217195,0.564121109,0.687501009,0.678812211,0.679852127,0.649736848,0.601344176,0.661985858,0.729862026,0.389365393,0.370828817,0.343732561,0.311906444,0.461288305,0.563036125,0.613652379,0.563285044,0.559244857,0.598709803,0.717277523,0.7202142,0.760359456,0.753990497,0.735431886,0.512747868,0.407668431,0.556036197,0.587223971,0.693163019,0.842016562,0.814368503,0.959582994,0.88763122,0.896608784,0.931022067,1.013879295,1.103020733,0.571870182,0.620157033,0.682233758,0.634482657,0.593984536,0.572801707,0.632251826,0.587149579,0.556483338,0.584407101,0.509648365,0.515260755
40,13,0.134153811,0.195701111,0.200972504,0.233158034,0.32269681,0.261156779,0.281288066,0.258410929,0.241167087,0.195195663,0.168950105,0.162845282,0.173793179,0.17096854,0.200962934,0.195302468,0.209427907,0.199042215,0.197008017,0.237667858,0.233464825,0.284713977,0.290067944,0.2748391,0.253107867,0.322476466,0.380726303,0.442641086,0.467179774,0.438368871,0.569299897,0.549511734,0.684856881,0.709657234,0.701172975,0.745918936,0.75120832,0.55813701,0.864436313,1.074689777,1.02460496,0.84617549,0.892897876,1.087321259,1.078551273,1.009115789,1.110035027,1.232844724,1.312066668,0.60025307,0.566254785,0.59156203,0.57672981,0.508736536,0.509682396,0.570553545,0.605193451,0.498470677,0.525093995,0.516086639,0.544808713
40,14,0.181040468,0.25963254,0.275786482,0.297862447,0.335893074,0.339827637,0.383276432,0.318150536,0.329470244,0.281321476,0.22118965,0.220201315,0.233138296,0.220659339,0.228551612,0.233013748,0.24137055,0.221916198,0.205160636,0.233928073,0.325923606,0.46384782,0.455757693,0.50352323,0.512279776,0.49832772,0.663621034,0.739266882,0.698934486,0.564101862,0.952782602,0.497582762,0.502179009,0.528498927,0.726200287,0.521428976,0.544514831,0.366096595,0.448066681,0.728017901,0.788719684,0.636173639,0.65542763,0.792631417,0.756292787,0.561671985,0.58068792,0.677141203,0.680284776,0.271943422,0.289124632,0.294678968,0.311971652,0.246826064,0.172718794,0.142175632,0.168738761,0.137461079,0.162967037,0.160980243,0.234837685
40,15,0.017544201,0.02541489,0.050178951,0.03040884,0.034776258,0.034874635,0.037846359,0.037302007,0.048025884,0.042745775,0.026386244,0.024510686,0.02221321,0.023461568,0.025802983,0.026862104,0.029866509,0.034119457,0.030758475,0.044188701,0.047836737,0.057306215,0.048022208,0.053589915,0.168835035,2.184881722,2.785484442,1.444526663,2.104674804,2.543551772,2.648081198,2.184924133,2.710316996,2.759055885,2.483005204,2.556945623,2.602412003,2.005405572,2.084586903,0.938769972,1.010617689,0.791541927,0.81606464,0.780568246,0.902059484,0.775340165,0.827511633,0.788898621,0.846757343,0.119925493,0.152457499,0.201786213,0.145631528,0.14082839,0.140744067,0.130252033,0.132658384,0.104172146,0.113558005,0.111101665,0.113979244
40,16,0.432899625,0.612366177,0.652868564,0.725244307,0.850782428,0.848954206,0.961149839,0.837534675,0.800585835,0.632058852,0.547773281,0.551870625,0.593573891,0.593751648,0.748865297,0.740703413,0.759802637,0.754029243,0.726270675,0.834535393,0.900556988,1.165776348,1.138301433,1.092208978,1.056881341,0.987033216,1.257944381,1.405663728,1.310984655,1.304690722,1.329486193,1.395105179,1.415935517,1.45620416,1.392514548,1.280845552,1.271038085,1.053223568,1.573061528,1.57764931,1.365007377,1.320764467,1.343175142,1.59024762,1.506697056,1.36781587,1.389182807,1.58890645,1.589981821,1.126865134,1.132494734,1.19868739,1.126548853,0.993240471,0.909744902,1.018312509,1.036874981,0.925273711,1.02424359,0.885993194,0.916792054
41,1,0.181002688,0.212100705,0.214308159,0.196799126,0.173982677,0.127901685,0.157135,0.132918219,0.120021263,0.088631358,0.07843783,0.076677972,0.073673097,0.066609304,0.060503215,0.106305979,0.068647788,0.069901212,0.07011575,0.095608441,0.057738669,0.079164405,0.095428832,0.081460517,0.083086292,0.065098375,0.073067756,0.100043519,0.076570667,0.085706116,0.083273217,0.084584337,0.09382392,0.107684916,0.102020057,0.095362968,0.11589441,0.169538669,0.168075038,0.094110817,0.117296571,0.117321208,0.114664297,0.104253295,0.132122934,0.117737806,0.12852344,0.132378171,0.144386306,0.150679988,0.149705976,0.128096587,0.123745057,0.165976506,0.088368095,0.153591193,0.089517247,0.089743087,0.127265784,0.106499955,0.094019986
41,2,,,,,,,,,,,,,,,,,,,,,,,,,1.74E-06,0.048933981,0.06867826,0.101924448,0.148298317,0.080967487,0.254174174,0.060026853,0.229637784,0.064269287,0.205716005,0.120161211,0.1953353,0.174040079,0.290567534,0.00015375,,,,,,1.67E-06,4.81E-06,4.75E-06,1.07E-05,,4.02E-06,,4.77E-06,,0.000185647,,0.001326255,,,,
41,3,0.053069677,0.065012905,0.05997452,0.058540502,0.046554646,0.034195236,0.036830002,0.032185204,0.030583504,0.021917825,0.023034285,0.024014444,0.02413048,0.022004668,0.018706282,0.02491777,0.019704554,0.022042941,0.021090509,0.019698145,0.017897513,0.020388526,0.024497854,0.022187908,0.032006104,0.031647659,0.032806301,0.046610058,0.03185917,0.022382095,0.029048659,0.034811913,0.03382559,0.041857772,0.048460366,0.043585768,0.047511211,0.043310197,0.043594644,0.058871038,0.051943645,0.042837487,0.038360316,0.039101649,0.040636291,0.037006958,0.046699503,0.051352382,0.052916907,0.028533914,0.023864798,0.024101178,0.021184944,0.02373179,0.02092624,0.022337708,0.022822622,0.021951205,0.025148231,0.019873449,0.017561155
41,4,,,,,,,,4.90E-07,,,,,,0.000217995,,,,,,,,,0.000320432,,0.006888026,0.016080371,0.013396207,0.018799632,0.033818908,0.03243958,0.048679894,0.06641107,0.045843211,0.047921502,0.066739453,0.057916239,0.052682969,0.01758382,0.018476391,0.085405898,0.05005147,0.060804809,0.052419405,0.063308926,0.058502764,0.055189552,0.058436742,0.076030242,0.075373991,1.15E-05,,,,,4.01E-05,2.96E-05,3.39E-08,,,,0.000372746
41,5,0.390802461,0.453311135,0.456880048,0.403235049,0.366237561,0.282688454,0.340064319,0.291799751,0.267482449,0.19395024,0.211963739,0.212145477,0.206088872,0.19396168,0.177699297,0.233038231,0.18643563,0.212955523,0.232598963,0.203599211,0.193158772,0.216122134,0.255623338,0.226378311,0.226026046,0.190222439,0.214982585,0.249798334,0.179502399,0.177514217,0.211834245,0.246334853,0.264212021,0.245774441,0.251937832,0.246831022,0.265300221,0.32565939,0.419667245,0.276634836,0.31162654,0.24575292,0.254388945,0.237723173,0.238577116,0.196868803,0.228845934,0.215291164,0.209508628,0.200679354,0.165199939,0.158459043,0.141318737,0.16195331,0.123224971,0.136701393,0.145007225,0.078231791,0.085264997,0.108238799,0.102775748
41,6,0.114646779,0.132237841,0.140462239,0.119213147,0.109441639,0.083643845,0.099416799,0.084917249,0.081102986,0.060512182,0.059736723,0.060468333,0.061160105,0.05811024,0.060442132,0.072174376,0.060020904,0.073646704,0.078282227,0.082048172,0.070630328,0.09830038,0.113620316,0.10322007,0.104361684,0.08439587,0.102911612,0.140353308,0.121266686,0.063650083,0.119705156,0.133936496,0.165170927,0.160532147,0.156287876,0.18767208,0.22467944,0.240227264,0.240671534,0.159736407,0.1859722,0.108207881,0.113445518,0.100787907,0.105510953,0.095455461,0.115057078,0.109044671,0.107070517,0.095816408,0.085725562,0.083816315,0.079292549,0.094925881,0.076003488,0.086433368,0.094235757,0.077741686,0.097376866,0.089608089,0.077427049
41,7,0.01196369,0.018003331,0.013610067,0.012655541,0.011859933,0.007238802,0.007290119,0.006070939,0.005468755,0.00399112,0.425457925,0.426042498,0.426348154,0.400452717,0.373340974,0.483418399,0.389412308,0.480231169,0.504770833,0.488376066,0.454509116,0.015094779,0.018308871,0.021487124,0.030066412,0.008961866,0.010001117,0.070530011,0.03988883,0.00112267,0.001191617,0.007206304,0.000667733,0.005129515,0.003276502,0.003689299,0.008443202,0.005176243,0.00920349,0.002348294,0.000551462,0.000269002,0.004065673,0.000780742,0.000327178,0.000682259,0.000147582,0.000328416,0.000187992,0.001088617,0.000834759,0.000803635,0.000268048,0.000216532,0.005695593,0.001874415,1.15E-05,0.00066156,1.96E-05,7.82E-06,0.000225954
41,8,2.299411135,2.808869164,2.884205192,2.595375464,2.208453311,1.749055635,2.057068514,1.773444958,1.589858881,1.185619852,1.244195267,1.224178575,1.13086918,1.113681032,0.9835914,1.367597582,1.180333013,1.392852698,1.470461623,1.427335101,1.349931084,1.512150214,1.741658908,1.532035062,1.522551526,1.391087744,1.527886456,1.84220407,1.297719463,1.266109399,1.465251224,1.479014665,1.570693612,1.556570664,1.597826202,1.527146097,1.693333528,2.029117546,2.560935862,1.39513694,1.811632683,1.477388775,1.580661181,1.359467715,1.401930295,1.171904304,1.471741365,1.368104743,1.304712491,1.262149156,1.046721337,1.01419458,0.942685561,1.072619312,0.822765112,0.918773748,0.925386913,0.712689831,0.840702333,0.865602974,0.68045869
41,9,0.018203192,0.021556281,0.023254839,0.020578884,0.018677704,0.014224999,0.016677213,0.014481317,0.014021578,0.009683619,0.013237438,0.013879698,0.013938173,0.013902295,0.011901702,0.016867869,0.014379955,0.016601788,0.017356234,0.017832472,0.015828988,0.016979136,0.021460853,0.019122818,0.022888641,0.017508076,0.020112641,0.030973135,0.023640369,0.016851962,0.021747618,0.024022726,0.031174793,0.026655674,0.029483279,0.031318832,0.038026361,0.046049241,0.106377462,0.070637002,0.090584914,0.094613083,0.082696112,0.08043223,0.085519136,0.080852277,0.097576376,0.104669513,0.104293385,0.076081942,0.066891702,0.067871987,0.06267036,0.077382027,0.060058275,0.067029963,0.073576068,0.060518401,0.061067366,0.059405758,0.062644676
41,10,0.277526803,0.360624688,0.405205223,0.353701796,0.348010283,0.302679022,0.400512699,0.338936005,0.390075637,0.275292456,0.228364414,0.190018124,0.193085172,0.184022734,0.194702345,0.22347657,0.228679095,0.263862945,0.259776045,0.246249211,0.229718853,0.317212415,0.353994732,0.319213232,0.326589599,0.253112805,0.288766875,0.351998834,0.287822237,0.258009586,0.288008045,0.234826955,0.277050781,0.12285401,0.139706642,0.124177554,0.153295548,0.149207119,0.137883274,0.113121453,0.11199217,0.117007447,0.113597532,0.080733367,0.076868542,0.044351214,0.087729768,0.078883069,0.078091529,0.019627008,0.034768923,0.025808408,0.011681525,0.007380656,0.007498598,0.016029097,0.007865172,0.006143699,0.023461093,0.012933311,0.00815135
41,11,0.080086029,0.086373856,0.082846885,0.071350839,0.070900655,0.05408554,0.067199502,0.059722229,0.052663579,0.042780758,0.034847574,0.035291493,0.035395148,0.03133994,0.048112736,0.041152533,0.040468442,0.03497981,0.036331479,0.028401402,0.033625063,0.039197154,0.044869701,0.046390716,0.047030754,0.045983722,0.045830095,0.063590379,0.061323481,0.044138623,0.046300127,0.04628219,0.055079247,0.054926185,0.055529677,0.05044534,0.059193081,0.059233101,0.060391583,0.15834093,0.102784188,0.043430674,0.044790323,0.044154662,0.045267285,0.029027857,0.041024971,0.032362686,0.028688843,0.016260514,0.001049433,0.001009296,0.015443173,0.032929162,0.003723086,0.012550615,0.019174998,0.012906322,0.002356425,0.003295595,0.002329581
41,12,0.125154721,0.166300031,0.161484726,0.148324044,0.129357437,0.099250718,0.109935177,0.095276442,0.090728888,0.06659561,0.135158466,0.142300011,0.14381217,0.130607774,0.116759243,0.154101751,0.124292271,0.142078736,0.149941208,0.13976164,0.125217361,0.071082957,0.082766315,0.07296884,0.069678897,0.062674456,0.070936909,0.092516972,0.061462397,0.051351992,0.064010751,0.094507981,0.087165628,0.087979764,0.100018261,0.099579561,0.102080897,0.128505938,0.146191899,0.089292638,0.120377678,0.107571017,0.110747917,0.103784424,0.104805651,0.099466948,0.115718522,0.117831177,0.122573863,0.097578852,0.08540767,0.089897421,0.079738085,0.097710992,0.072786278,0.085223748,0.081677709,0.073589843,0.086843562,0.073245499,0.068219727
41,13,0.074983876,0.09322042,0.091093061,0.082305926,0.091719318,0.058286059,0.065985564,0.061040269,0.055235639,0.040367567,0.04027778,0.038502327,0.038701838,0.037896906,0.032658273,0.04183079,0.035774058,0.0405057,0.042563161,0.044838892,0.038605431,0.048630185,0.060207311,0.052519168,0.048729145,0.043472204,0.049322251,0.065123726,0.05638868,0.04078375,0.061699278,0.06705055,0.093900662,0.092578553,0.096482005,0.106388501,0.119441318,0.138472481,0.18899228,0.131073526,0.155460769,0.114144784,0.116198971,0.107335829,0.116667152,0.104120606,0.129600495,0.130433449,0.128779494,0.09502064,0.072497657,0.075501458,0.069715429,0.07823835,0.061744465,0.070547104,0.081480568,0.063538291,0.074137287,0.069326169,0.070555088
41,14,0.085204865,0.084902892,0.107573946,0.076143284,0.073838146,0.057938977,0.074560259,0.065008027,0.056521452,0.048827116,0.036918295,0.041176655,0.042547018,0.036546625,0.074680222,0.062278887,0.069055822,0.058258569,0.063958521,0.059175715,0.070421018,0.076697199,0.091741316,0.106292678,0.097505212,0.116552577,0.10859476,0.161185677,0.146222789,0.091615244,0.114910123,0.074263712,0.095738949,0.103850041,0.105782767,0.08345878,0.108104252,0.103095939,0.109440103,0.109000496,0.114896349,0.095303392,0.108781375,0.098946775,0.10495504,0.047998743,0.057746278,0.060020171,0.061624261,0.042663572,0.035850502,0.037597616,0.035883579,0.037140042,0.01893325,0.016498821,0.021182412,0.016144354,0.021418854,0.019697353,0.028490191
41,15,0.009022863,0.010123565,0.019943845,0.011237376,0.008455307,0.009024332,0.008299089,0.007249097,0.009133712,0.006775181,0.005094641,0.004592294,0.00370518,0.003678077,0.003181584,0.004522685,0.003975116,0.005393314,0.0046069,0.005727657,0.004910162,0.007100289,0.01184786,0.007754377,0.018629487,0.103295131,0.079789814,0.079074172,0.124224646,0.067068343,0.20795861,0.190230578,0.168717196,0.182566393,0.16540508,0.105647787,0.150876399,0.125429241,0.206618721,0.068423089,0.058478221,0.067829809,0.039285079,0.039104761,0.034405574,0.033201516,0.038500431,0.044893196,0.042978199,0.019742062,0.011980293,0.014067892,0.012306594,0.014027988,0.012873179,0.013027946,0.013764307,0.009485969,0.011829921,0.011588852,0.00922008
41,16,0.238649014,0.272633004,0.280820874,0.237041458,0.22853706,0.176278315,0.213030171,0.188023236,0.175118688,0.124207836,0.125735552,0.124174205,0.125277228,0.124167884,0.118331759,0.154580754,0.127888576,0.149639738,0.158029472,0.166338369,0.147682453,0.185422913,0.228257152,0.202217972,0.206238715,0.169548164,0.196763472,0.237872648,0.179636127,0.16667447,0.193094465,0.211640665,0.226679099,0.229335988,0.224957866,0.221817471,0.2517333,0.294637936,0.377096864,0.229386627,0.30723366,0.258139804,0.247008578,0.217546726,0.222857693,0.190925466,0.226073175,0.220454985,0.221646574,0.190493812,0.16902333,0.166931043,0.154868501,0.17781831,0.12772063,0.134722858,0.145892972,0.122173846,0.148700962,0.123350378,0.116221177
42,1,0.443737201,0.413023047,0.43866112,0.494696296,0.470083006,0.397621233,0.44690681,0.441585381,0.528955036,0.482939613,0.349891162,0.362268991,0.354049408,0.319205055,0.35311223,0.405766181,0.328231349,0.30268993,0.289214316,0.385049154,0.272726608,0.347390067,0.353390047,0.331538646,0.288581614,0.252065294,0.266871153,0.297999309,0.322141913,0.349667028,0.311354407,0.316732961,0.30113663,0.345608434,0.35832844,0.316138534,0.366404396,0.431767649,0.36923688,0.372354432,0.438004427,0.440222878,0.395617766,0.406278712,0.447973386,0.477614969,0.404289333,0.415770431,0.465174693,0.475600214,0.570088187,0.471779643,0.573951692,0.620474482,0.395797402,0.551347747,0.390902701,0.506329839,0.469657644,0.509634337,0.399189028
42,2,,,,,,,,,,,,,,,,,,,,,,,7.30E-06,1.59E-05,1.58E-05,0.027038692,0.029974433,0.412812911,0.41759092,0.61000976,0.525742809,0.034547057,0.50700206,0.023675064,0.451896469,0.669893554,0.598909141,0.660641263,0.615802597,4.48E-05,4.74E-05,0.000111008,0.000121911,9.00E-05,0.000151995,0.000110632,6.78E-05,7.14E-05,9.52E-05,0.002157878,0.000604064,0.000611035,0.000493989,0.000875104,0.001537356,0.000917344,0.00157129,0.000734904,0.00109784,0.000650672,0.005270001
42,3,0.113080349,0.112006193,0.109701902,0.125506574,0.112042592,0.089258315,0.094618314,0.092551182,0.127245824,0.10632038,0.103484994,0.111024581,0.105893873,0.096194907,0.102683789,0.088114615,0.086271396,0.087836701,0.082473265,0.083047266,0.07985482,0.078538058,0.078936779,0.078138767,0.13319889,0.104760415,0.1054801,0.128556971,0.109034254,0.095179315,0.106028151,0.101968162,0.111972398,0.139542734,0.14195181,0.141694428,0.160076141,0.138708995,0.126758583,0.134736193,0.153128326,0.156780374,0.161255173,0.161952071,0.159794424,0.164268428,0.182136513,0.166998662,0.210879387,0.090927454,0.091638533,0.088886919,0.119217995,0.113006124,0.094211938,0.079907804,0.090928707,0.11480802,0.095182449,0.087389323,0.07783704
42,4,,8.89E-08,,1.44E-05,9.02E-08,4.66E-06,,0.001517935,5.08E-08,,6.93E-06,1.56E-05,6.81E-06,5.69E-05,0.003213646,1.27E-08,3.64E-08,6.07E-08,1.05E-08,5.17E-08,5.44E-06,6.69E-07,0.000116523,2.70E-08,0.051068051,0.048245727,0.034972113,0.047730495,0.096279562,0.139973407,0.177662756,0.169133717,0.151508828,0.16963226,0.14948134,0.182178772,0.197566255,0.123946429,0.145750831,0.193938664,0.21074168,0.278716354,0.294638506,0.29775796,0.265235318,0.273659437,0.303499033,0.254520011,0.347382603,0.000261388,0.000910151,0.001006001,0.001160794,0.000976012,0.001073896,0.000510907,0.000305297,0.000239758,0.000322414,0.000112653,0.000861505
42,5,0.957955163,0.884858831,0.936066951,1.016524439,0.990280024,0.880403274,0.967549775,0.971516326,1.179575336,1.058395591,0.945206424,1.002563669,0.991749669,0.930831365,1.029073608,0.893467118,0.898555661,0.936185384,0.912179389,0.950963844,0.91407945,0.923392084,0.983086595,0.948162885,0.829051437,0.724813769,0.768732566,0.796131538,0.76326985,0.726013909,0.791727845,0.933686413,0.849973799,0.79807726,0.873542139,0.817252624,0.851995735,0.825738993,0.942506866,0.911136157,1.11769671,0.973096593,0.918652433,0.883199998,0.799593293,0.801372555,0.739367232,0.682477122,0.659374878,0.640935082,0.633144878,0.583557983,0.582464074,0.530958977,0.553903572,0.494614089,0.496654932,0.372994625,0.322166889,0.424823164,0.444169835
42,6,0.272345807,0.255478823,0.291154777,0.31584088,0.306472005,0.26726821,0.288669055,0.293234358,0.360907267,0.329502224,0.273829629,0.294334048,0.2973298,0.286499613,0.313181769,0.278318068,0.276976192,0.299144603,0.295429308,0.313521753,0.326904276,0.38010313,0.389596226,0.365380769,0.380837244,0.372823176,0.450384729,0.417208543,0.356358233,0.254489458,0.59975218,0.608530139,0.482858009,0.539093931,0.652047819,0.58167482,0.597806371,0.648337766,0.686086247,0.683812168,0.745568443,0.427516749,0.409521144,0.394630725,0.363148679,0.387744768,0.381819965,0.344107371,0.366812613,0.305742764,0.327115561,0.312690129,0.3600517,0.345563737,0.34181059,0.311338265,0.338494033,0.386123695,0.359593432,0.367065108,0.330362991
42,7,0.029654176,0.025923916,0.02585836,0.024906917,0.027294397,0.015716293,0.017238045,0.016182458,0.023127416,0.016794192,1.897652514,2.013990307,2.053303088,1.92224026,2.165990602,1.850268321,1.867719896,2.099223992,2.092783671,2.192154198,2.148983348,0.071532971,0.008412342,0.010637432,0.047281359,0.053290316,0.062861731,0.072763938,0.131147321,0.004535982,0.003500807,0.001863769,0.001718087,0.004768782,0.005267225,0.006229261,0.005586046,0.025250335,0.001171974,0.000982937,0.000869193,0.008175679,0.004772736,0.000881651,0.004616922,0.000876861,0.000476239,0.00040318,0.065387676,0.000592569,0.000269623,0.319727096,0.145944795,0.109792967,0.00052525,0.000377167,0.05579395,0.052001919,0.000320951,0.050752083,0.000621671
42,8,5.646095523,5.497447132,5.915067395,6.563636688,5.983954963,5.46557911,5.862104261,5.908482861,7.019318418,6.484480117,5.547963712,5.788525623,5.453134489,5.35212053,5.69921679,5.249147886,5.69453325,6.128505332,6.163784276,6.620706158,6.391592074,6.463768611,6.704016397,6.425206632,5.521444596,5.343839125,5.520062467,5.918650675,5.602349219,5.173117188,5.489847143,5.681811172,5.059671718,5.047168988,5.635224747,5.074411787,5.408795499,5.130431456,5.688327967,5.534770954,6.907503762,5.821502701,5.618864601,5.426804682,4.648166314,4.738987783,4.65192917,4.32767437,4.008155455,4.036842535,3.993940578,3.738115372,3.887600386,3.517768133,3.699024545,3.326471598,3.17044888,3.383922201,3.104820957,3.399183259,2.900921234
42,9,0.044343034,0.041973,0.04673406,0.051781598,0.050637753,0.043938083,0.04745778,0.048197218,0.061715009,0.052818908,0.059073572,0.065678001,0.067163568,0.066729804,0.069477844,0.064272668,0.066906977,0.07095549,0.072482074,0.07498043,0.073271772,0.069240176,0.071086593,0.072740883,0.06424947,0.066631953,0.072339838,0.082422849,0.090113838,0.071572173,0.078617801,0.076632789,0.075082712,0.084593856,0.095480361,0.103998259,0.121936079,0.106132373,0.207146723,0.248458558,0.316544875,0.319838126,0.318900255,0.322965747,0.315918128,0.347052374,0.356376878,0.33726234,0.386924754,0.242525859,0.25541281,0.250246105,0.276454872,0.26748931,0.269964387,0.241570502,0.258257845,0.294203484,0.223908154,0.239379853,0.265414619
42,10,0.673624681,0.700552209,0.875680689,0.953739777,0.97989635,0.991540841,1.16169422,1.159527919,1.725344126,1.506760748,1.037728176,0.92882377,0.940339511,0.912728087,0.996658743,0.871616162,1.098094656,1.169189347,1.087537234,1.128167021,1.078751802,1.357147961,1.353962529,1.324996215,1.156339213,0.954672965,1.028509387,1.109675379,1.213863108,1.04483109,1.073121544,0.816168702,0.832720029,0.336398667,0.353836221,0.371905281,0.457434938,0.260051698,0.22237483,0.308593339,0.348633077,0.441342951,0.434373776,0.278131029,0.292813847,0.198573151,0.366752559,0.260263718,0.328144482,0.062642046,0.133145481,0.095507769,0.048683952,0.02464263,0.034512192,0.058989027,0.026984967,0.029213458,0.086632227,0.050769299,0.034510843
42,11,0.184785108,0.159519776,0.201974033,0.216006112,0.213955548,0.212753435,0.206543411,0.215577789,0.262498484,0.248560899,0.199959257,0.189317832,0.197801478,0.172612407,0.178452062,0.167544451,0.175535615,0.189163479,0.146614207,0.139073704,0.121074616,0.134770673,0.135384425,0.136822604,0.115689995,0.124076801,0.133795895,0.141052258,0.161214866,0.13296354,0.148906978,0.144515204,0.146084067,0.145196931,0.155057973,0.153531748,0.166326474,0.12020095,0.113419916,0.134493359,0.157657393,0.147750752,0.148430033,0.154051292,0.171089463,0.124596874,0.149543529,0.105303202,0.106913062,0.052177966,0.011269872,0.003982492,0.063564135,0.10806812,0.017061962,0.046341806,0.06786098,0.06598935,0.025643586,0.013127,0.028098547
42,12,0.287689021,0.295067202,0.318885789,0.330824082,0.322150726,0.263472843,0.292278675,0.288352512,0.387500248,0.334547406,0.604065489,0.666375989,0.668968067,0.607896369,0.667196059,0.576202021,0.583091415,0.606273442,0.580048963,0.60986232,0.582783252,0.296087753,0.296538503,0.278846372,0.226946632,0.234160675,0.248326934,0.259903087,0.238248647,0.211045055,0.237353576,0.335649685,0.28124693,0.285410936,0.326483219,0.328065991,0.325132311,0.327380291,0.322638181,0.343229338,0.463271673,0.432262255,0.416861373,0.423005805,0.365443418,0.411529864,0.396758278,0.365139973,0.418899664,0.306078097,0.325903173,0.330575857,0.328973894,0.320705979,0.327409815,0.308308181,0.279437976,0.349240006,0.320464082,0.287496391,0.289949004
42,13,0.180775544,0.177049332,0.184622,0.200166286,0.24373341,0.173533277,0.184126459,0.200007963,0.24072272,0.21484878,0.179836455,0.180906791,0.181532699,0.177447686,0.192399492,0.157207316,0.167174802,0.168838735,0.167770102,0.181123651,0.179244159,0.201394154,0.215976301,0.199492987,0.174668849,0.175956691,0.193206209,0.195524085,0.188722712,0.168730334,0.274428972,0.270512016,0.288717807,0.308985009,0.36179122,0.339367827,0.348126223,0.363280206,0.464088466,0.509141654,0.608717884,0.451827075,0.435995858,0.439799048,0.410107192,0.43698301,0.453163318,0.417754242,0.450252093,0.303360682,0.276833175,0.279499913,0.305685975,0.275638377,0.27728579,0.253834667,0.292832023,0.313713489,0.274288703,0.284091667,0.293982359
42,14,0.159687951,0.151419801,0.253527181,0.290911091,0.254803786,0.244519981,0.248892761,0.258849835,0.275754846,0.269941812,0.230340828,0.235353417,0.219024195,0.22225483,0.244938954,0.259733544,0.286836886,0.354004873,0.250710828,0.263415949,0.219337695,0.230481349,0.23416552,0.255042369,0.221765923,0.265384117,0.292851891,0.306533039,0.281648255,0.203730504,0.27766048,0.192611123,0.187496802,0.209799746,0.230929148,0.211781686,0.228319278,0.208135261,0.196405096,0.221762319,0.252465487,0.250883825,0.260936146,0.26329999,0.389476078,0.20152079,0.209247864,0.191723158,0.217632995,0.136031189,0.138488835,0.138775171,0.155777065,0.129420012,0.085655251,0.063621748,0.084014526,0.078821935,0.082533491,0.080746308,0.125077827
42,15,0.022137792,0.019796335,0.041173287,0.025041225,0.024609546,0.020294251,0.023999809,0.024912756,0.040605382,0.037105691,0.023094446,0.022041655,0.01775317,0.017948532,0.019139934,0.017419618,0.018567222,0.02385925,0.019217429,0.021114961,0.021244941,0.031886033,0.029806657,0.033215121,0.051711703,0.384154703,0.439032555,0.286410407,0.356909716,0.437443878,0.468996377,0.497528224,0.413606442,0.314547262,0.377848484,0.501091435,0.483416183,0.453196911,0.430015477,0.11884937,0.138875736,0.176936524,0.169642758,0.144479001,0.176437454,0.162124431,0.174441168,0.142787759,0.179818602,0.048489354,0.048093732,0.049397837,0.048177701,0.057123763,0.057007224,0.047996098,0.05935396,0.04580292,0.047208126,0.046065202,0.045883868
42,16,0.579650814,0.531113373,0.571808666,0.598549874,0.618211932,0.551037136,0.607009013,0.627006169,0.773520763,0.677867668,0.561758811,0.589869967,0.604029681,0.596968671,0.680447762,0.592597783,0.614454107,0.655078356,0.658885214,0.700110418,0.698869831,0.807446388,0.857462381,0.839165889,0.731405785,0.649315785,0.712699793,0.757256667,0.738671883,0.679815909,0.742265272,0.796008446,0.721044703,0.747610152,0.797429251,0.723461985,0.788625897,0.757314544,0.858137875,0.874984853,1.0765423,0.903532524,0.878812115,0.850839737,0.781498986,0.843611011,0.738912773,0.701327952,0.721825301,0.604204406,0.645768385,0.615256869,0.635418249,0.600087066,0.569640504,0.486987275,0.514060412,0.579001323,0.549867197,0.487367235,0.490555903
43,1,0.558224083,0.621278304,0.537972289,0.620877653,0.574531548,0.61293804,0.750834128,0.568574931,0.624320771,0.542071851,0.433852188,0.373403714,0.464137841,0.372405207,0.371605937,0.4755958,0.366457071,0.355177645,0.343759972,0.416367759,0.303839533,0.34318221,0.398610382,0.356375307,0.315340389,0.303185207,0.337197599,0.387432921,0.390276627,0.428597591,0.347483717,0.370508163,0.365936695,0.419111307,0.404000426,0.368658399,0.4073958,0.475931822,0.433492594,0.459760644,0.473729613,0.548463211,0.439162638,0.44013089,0.518808094,0.509966132,0.441923906,0.487049446,0.489119881,0.488236807,0.606593937,0.499991229,0.514042722,0.645034091,0.433462973,0.634958063,0.354749878,0.474263106,0.564780531,0.468319726,0.56742855
43,2,,,,,,,,,,,,,,,,,,,,,,,1.76E-05,3.49E-05,0.001260364,0.276808861,0.264633651,0.581426215,0.833539359,1.173359799,0.646711663,0.410171657,0.891866243,0.349945177,0.632256076,0.863876894,0.704526283,0.912755346,0.699793472,7.02E-05,9.93E-05,0.000127175,0.000199614,0.00011513,0.000224388,0.000101793,0.000134333,0.000154129,0.000128971,0.000641901,0.001096626,0.001277785,0.001238391,0.001979233,0.000353856,0.001305583,0.00052946,0.000907089,0.000405063,0.000285088,0.000540666
43,3,0.143084919,0.169541604,0.125857092,0.146681825,0.125838951,0.142422209,0.174977371,0.115845422,0.144563024,0.115997063,0.119504941,0.107917196,0.131724681,0.109000274,0.103175153,0.099569972,0.092747074,0.098788533,0.092173861,0.088533462,0.086405622,0.080635805,0.089466404,0.081432588,0.110488957,0.139138973,0.145039009,0.177573611,0.127909638,0.118306396,0.110846295,0.12012562,0.134649784,0.17348907,0.16842916,0.16429172,0.207500511,0.147131094,0.138523081,0.169893394,0.180751544,0.195131335,0.166961257,0.193687068,0.212822242,0.189177501,0.211519039,0.215779457,0.254782898,0.09411946,0.097015711,0.094414552,0.088858636,0.092408144,0.103061381,0.092585519,0.091107632,0.116307975,0.112055631,0.08783064,0.094968892
43,4,,,,,,5.19E-07,,,,,,1.13E-05,2.34E-06,1.59E-05,2.62E-05,1.04E-06,3.76E-05,,,1.44E-05,7.29E-05,4.02E-05,7.43E-05,,0.029898729,0.06360441,0.057643127,0.08045097,0.111098487,0.168598191,0.176104959,0.20620948,0.18891963,0.228110215,0.199694732,0.216474304,0.316315251,0.119727915,0.143882468,0.2555851,0.305388755,0.351609162,0.288923928,0.397307269,0.439978943,0.351252411,0.368257646,0.348651307,0.482907968,0.000352017,0.00119229,0.00132124,0.001405977,0.001413238,0.001593839,0.000498447,0.000596805,0.000294438,0.000427037,0.000200198,0.000756502
43,5,1.207034052,1.331052552,1.150289735,1.276999294,1.214802146,1.358602854,1.62511646,1.250703099,1.393979096,1.188645651,1.173264805,1.034606231,1.262425797,1.087551064,1.102169659,1.048205076,1.004413754,1.099793955,1.086614125,1.02997359,1.007108525,0.958578547,1.110100624,1.018067861,0.884892662,0.872595813,0.98848529,1.047398273,0.910616914,0.874156264,0.8808122,1.092439259,1.033852749,0.973008863,0.987249567,0.953420646,0.963533838,0.912350709,1.097581687,1.129852439,1.180383184,1.215352001,1.02069334,0.96231772,0.96544933,0.87123631,0.800226487,0.768072764,0.745495892,0.652208403,0.669904799,0.61825719,0.587783118,0.625896271,0.605086868,0.571929291,0.57405813,0.413571541,0.379056551,0.476093766,0.4614242
43,6,0.341762905,0.384826085,0.364212292,0.397606945,0.376619471,0.408796184,0.480182192,0.382737074,0.432064327,0.370994933,0.340683919,0.313721841,0.402025069,0.339197648,0.33991331,0.328180001,0.309291655,0.346787777,0.350364508,0.338904891,0.391997781,0.395934439,0.440421664,0.421178664,0.399642008,0.399598192,0.466044456,0.55863214,0.493505653,0.312555129,0.551209937,0.630512908,0.581622486,0.584159944,0.673455041,0.6895459,0.730546231,0.741724883,0.864937475,0.826179599,0.801535598,0.530778237,0.449774147,0.438501718,0.443549071,0.42586426,0.422034251,0.415118875,0.399536327,0.311375566,0.348829495,0.327824236,0.331109422,0.368072674,0.372873282,0.359296954,0.373828942,0.411133185,0.432283466,0.394790832,0.371953618
43,7,0.031390304,0.038181407,0.028125981,0.025452696,0.024018286,0.027262327,0.03420059,0.018743824,0.024208684,0.018667875,2.355406758,2.07810158,2.624603543,2.24372025,2.298906001,2.170912089,2.087594324,2.458615081,2.492756573,2.372236719,2.372758138,0.009191516,0.008527693,0.008113116,0.006611614,0.070103913,0.048746659,0.06099106,0.129960178,0.030117382,0.003947046,0.002206228,0.001636045,0.001342456,0.013129342,0.006578424,0.004109451,0.016528352,0.000628077,0.007827358,0.019499871,0.000449971,0.000599276,0.007592276,0.000571862,0.001020706,0.015301749,0.073034303,0.001755642,0.000380742,0.000512091,0.000785256,0.000939126,0.000869069,0.000526575,0.000696918,0.000747794,0.000365942,0.000499915,0.000547847,0.08294204
43,8,7.11275179,8.272970511,7.269303521,8.256776428,7.34456297,8.417819759,9.832163216,7.620255784,8.291649073,7.279294352,6.893479223,5.977317158,6.930521441,6.257472257,6.070683803,6.161316505,6.369171207,7.204260963,7.349067504,7.171886958,7.045334048,6.712274253,7.565449791,6.899461144,6.047068333,6.414656055,7.05604696,7.738131765,6.681643853,6.235062708,6.130486892,6.64214139,6.142815118,6.132670972,6.357202958,5.910802963,6.017544903,5.699178191,6.684011983,6.828736369,7.246536101,7.268575259,6.27062934,5.857626585,5.517581382,5.109938414,4.990877517,4.860983454,4.454776175,4.104239354,4.245140471,3.960775801,3.924314081,4.146482328,4.040555259,3.842869584,3.668256464,3.771636032,3.734722053,3.811619335,3.058820726
43,9,0.055489669,0.063293796,0.057369047,0.065142695,0.061691197,0.067854601,0.079778848,0.062052088,0.072715613,0.05951136,0.073276943,0.067705523,0.088381487,0.07799405,0.073298144,0.07540157,0.074853224,0.083351099,0.083715755,0.081081673,0.08171591,0.069428683,0.080913189,0.079177976,0.081186247,0.081551927,0.092402678,0.112016047,0.159071603,0.088111735,0.086478095,0.08959625,0.092836763,0.103393185,0.110581333,0.121744657,0.146981424,0.16072038,0.322714069,0.309244003,0.35276567,0.397222163,0.342476946,0.371379793,0.402256209,0.388954748,0.407802608,0.422056628,0.449398102,0.252055032,0.271884724,0.265121808,0.260565585,0.299952799,0.29515061,0.278868044,0.291722579,0.31992383,0.269267743,0.261096482,0.29193524
43,10,0.848565017,1.05353178,1.095885948,1.202017704,1.210526679,1.504837679,1.930217605,1.50147436,2.041139416,1.69852749,1.291783595,0.996400609,1.228725391,1.069062234,1.093039976,1.028795661,1.226522978,1.371517029,1.296384859,1.221627957,1.189343409,1.401269395,1.529411942,1.421873636,1.299344368,1.146354744,1.315039568,1.454380045,1.452717071,1.260440965,1.197526694,0.961317749,1.012203449,0.420491266,0.426858372,0.442363315,0.62924436,0.607617583,0.434134863,0.379993046,0.423760064,0.55288841,0.444109893,0.408218647,0.318913122,0.235849609,0.42584751,0.340699002,0.438948955,0.06370338,0.141686683,0.101257869,0.049425333,0.029221185,0.037504739,0.066802756,0.031221284,0.032545022,0.104198434,0.056916867,0.036510373
43,11,0.232844989,0.23999895,0.260812349,0.270245721,0.2653556,0.284270943,0.333067167,0.281224897,0.310502326,0.281135295,0.250696685,0.220778743,0.238391541,0.203594985,0.214928163,0.199545018,0.188355778,0.207170117,0.170206334,0.146331038,0.127244277,0.144716262,0.160724965,0.14255341,0.156841791,0.144168724,0.161147483,0.171108819,0.196151741,0.160609896,0.163985727,0.17115828,0.175032689,0.177975927,0.176730207,0.179066675,0.198713228,0.188890083,0.168362695,0.168879488,0.179587936,0.184005734,0.153689493,0.211755941,0.180078503,0.142666334,0.169126753,0.131120628,0.134728418,0.053091972,0.005958775,0.004621264,0.065366078,0.127551438,0.018882606,0.054022166,0.077340266,0.068408293,0.009430564,0.014731174,0.011425184
43,12,0.364180113,0.444882542,0.374798408,0.393252684,0.37273627,0.417958574,0.521566168,0.364340923,0.444993414,0.369885231,0.73257421,0.675348557,0.863313763,0.706925551,0.698653928,0.668313456,0.643015864,0.703586157,0.678341095,0.657992238,0.640235368,0.296940257,0.335728079,0.295105393,0.245260404,0.285995528,0.322368383,0.341009278,0.273918816,0.25687472,0.258443968,0.393991872,0.343072907,0.352357917,0.37605193,0.382396176,0.36773523,0.36114959,0.377004343,0.424037227,0.511955073,0.539710284,0.452974619,0.474246008,0.458891681,0.457805109,0.442197078,0.447673465,0.477446339,0.311568957,0.348575367,0.351079834,0.335522968,0.381312569,0.358400685,0.356229835,0.323109792,0.388981498,0.385436591,0.322125557,0.3064474
43,13,0.22781271,0.266784348,0.224137556,0.248059833,0.294928776,0.271445751,0.314697914,0.254864168,0.28382094,0.241113916,0.220370236,0.185028541,0.238889247,0.207528171,0.197297863,0.183157232,0.185466357,0.195915002,0.197358372,0.195728689,0.206228104,0.203086518,0.24399991,0.221183358,0.189285944,0.200464372,0.223556408,0.262717125,0.249020612,0.210113365,0.26842218,0.290369548,0.34968617,0.355222746,0.393283726,0.399968566,0.422240359,0.410634496,0.568817771,0.625291477,0.666135106,0.562839042,0.475497412,0.495661638,0.52388196,0.488652019,0.50456513,0.498114083,0.532429228,0.30917511,0.294593906,0.295485783,0.290666287,0.303173991,0.302885071,0.29257847,0.322957094,0.336087759,0.329426552,0.305634211,0.329638792
43,14,0.200821171,0.227744315,0.344439319,0.369182728,0.324270459,0.350527303,0.385802848,0.342546924,0.354851472,0.338208659,0.293170279,0.28739611,0.323472474,0.266797431,0.31027334,0.312880024,0.305283783,0.379612814,0.292498644,0.278740855,0.22572123,0.250230809,0.28452737,0.26038009,0.266382154,0.299133291,0.301121082,0.346140781,0.348625985,0.2556826,0.319201443,0.231428065,0.218194306,0.248041507,0.272465967,0.255885445,0.280547001,0.219140285,0.219446723,0.26104972,0.289873902,0.310811548,0.280833119,0.4645682,0.301964818,0.228354622,0.232950374,0.23151992,0.262102357,0.138666683,0.145804375,0.145507714,0.149794222,0.144678592,0.092992454,0.068401089,0.082987695,0.085394875,0.094905192,0.089047406,0.132508148
43,15,0.027885488,0.029812829,0.050766962,0.031714472,0.028440248,0.030661353,0.039794649,0.031310096,0.047694952,0.041856947,0.028471632,0.023022483,0.026328934,0.024155131,0.019568394,0.020475017,0.021343334,0.02796171,0.022904849,0.022898784,0.024362302,0.033406289,0.034362555,0.039279772,0.064222786,0.510783303,0.732200021,0.42229355,0.662859673,0.781099406,0.557271147,0.670025158,0.660515521,0.71063499,0.512054565,0.634507381,0.613490071,0.625664233,0.519216167,0.15567271,0.185501117,0.219110019,0.166873107,0.184296883,0.223771308,0.183919168,0.220127722,0.185999698,0.225597579,0.058333695,0.05143413,0.052535887,0.054326134,0.061876152,0.063459397,0.055960539,0.055103488,0.050856645,0.052355415,0.051349663,0.041821377
43,16,0.73036425,0.797755304,0.702535726,0.751364123,0.756946605,0.847196853,1.018997012,0.808656815,0.913627728,0.760325485,0.696564654,0.611235161,0.79738576,0.697105551,0.71907629,0.695085863,0.686936382,0.768803476,0.783794753,0.75780913,0.77596324,0.818890631,0.968383935,0.90660521,0.803028369,0.774976544,0.903874296,1.005270647,0.924361143,0.829123415,0.812157561,0.918446928,0.875627055,0.899664269,0.894490887,0.84626193,0.903435493,0.847198377,1.02758951,1.080967309,1.157665608,1.122692686,0.968275235,1.171932975,1.046462465,0.852326116,0.814744332,0.79779856,0.817070896,0.625202758,0.6854273,0.650761865,0.641465931,0.687881763,0.62222307,0.562738524,0.577851307,0.641352678,0.660545973,0.542757124,0.523893022
44,1,0.832058464,0.583602821,0.479582764,0.703831493,0.712416029,0.491247553,0.567639798,0.507932251,0.542147503,0.349466497,0.258301251,0.21433521,0.230053768,0.200985433,0.231888206,0.254765246,0.207342533,0.175292783,0.201385804,0.185037559,0.120129029,0.145466959,0.160915206,0.166907271,0.152376026,0.150512118,0.190086491,0.189679034,0.205684814,0.233056826,0.219325175,0.178195695,0.153810209,0.157640864,0.196732607,0.205399192,0.211722908,0.188524599,0.208436401,0.156563029,0.160893958,0.149141612,0.168306025,0.214003174,0.239484871,0.256430705,0.199613478,0.207324698,0.228418356,0.267221889,0.299029275,0.241819823,0.198027426,0.251151239,0.198943366,0.304950045,0.134984926,0.215444394,0.242518496,0.239571337,0.184493136
44,2,,,,,,,,,,,,,,,,,,,,,,5.77E-05,0.002379811,1.80E-06,1.88E-06,0.106182709,0.186207664,0.162980209,0.183419079,0.344481215,0.221000319,0.154657489,0.231548676,0.131265679,0.300618144,0.291301524,0.298493716,0.247167314,0.336088969,9.34E-06,2.45E-05,1.23E-05,9.68E-06,1.26E-05,3.31E-06,7.27E-05,0.00073265,4.84E-05,0.001754525,6.36E-05,3.21E-05,0.000477219,0.000480347,9.06E-05,0.00024577,0.003492547,0.000379257,0.000232475,0.000641482,0.000234041,5.85E-05
44,3,0.262348993,0.215961213,0.144318999,0.237776072,0.215625368,0.144704447,0.149083038,0.142487823,0.136661669,0.086761276,0.095952113,0.075859115,0.079941808,0.073285878,0.080210066,0.059871457,0.062330801,0.053314013,0.065427721,0.043719991,0.03729357,0.037134179,0.038783423,0.043812116,0.062064748,0.064678096,0.076790834,0.078707013,0.071705009,0.064572645,0.060474661,0.059595992,0.062149049,0.074924276,0.078047666,0.091432025,0.099565458,0.063585762,0.059085005,0.070508262,0.065627996,0.069586502,0.083183449,0.094624762,0.093493702,0.095748814,0.100637749,0.097364153,0.112245845,0.051102643,0.047740409,0.045891823,0.034421205,0.036400078,0.047485879,0.044614736,0.034925571,0.052806392,0.04815115,0.044981044,0.034832575
44,4,,,,,7.06E-06,,,,,,,,,,,,,1.18E-05,2.60E-05,,,,,5.00E-05,0.018981068,0.026054005,0.025163974,0.034302667,0.062567265,0.088075757,0.077829083,0.102631695,0.095210549,0.117907094,0.084022841,0.126939282,0.14240639,0.062552271,0.043637637,0.136957799,0.116818435,0.169784741,0.193905821,0.195446641,0.183101659,0.181649048,0.187142318,0.172589659,0.204838162,0.000221077,0.00094836,0.000749493,0.002187798,0.000892259,0.00081682,0.000300038,0.000533149,2.84E-05,5.38E-05,5.43E-05,6.27E-05
44,5,1.795646346,1.243447169,1.020150775,1.438976894,1.497268547,1.084081873,1.220339043,1.112806287,1.208278156,0.763864537,0.695524961,0.591642617,0.642946726,0.58424881,0.68112831,0.559734098,0.565168461,0.541381038,0.632420778,0.456593178,0.403145127,0.406374859,0.447827949,0.477279571,0.434952283,0.434436645,0.544320686,0.439295841,0.484687253,0.48277295,0.549215977,0.526065899,0.436025282,0.367829332,0.479014973,0.508911922,0.484382715,0.371825057,0.535650874,0.390744325,0.41558983,0.340366109,0.401343542,0.470322825,0.44145316,0.433494444,0.370502324,0.344651706,0.345143266,0.359676706,0.330684799,0.299382843,0.227643339,0.245292818,0.278311209,0.274789421,0.218448642,0.187284581,0.162448427,0.243424728,0.20187885
44,6,0.510233505,0.361382606,0.310859436,0.430845946,0.449634382,0.317747448,0.356792493,0.3224529,0.35989021,0.238173932,0.199159646,0.173307812,0.191264913,0.178274884,0.205963874,0.172284931,0.17413583,0.170896182,0.203048513,0.151096987,0.169955811,0.180458979,0.222044202,0.193835369,0.21785714,0.218576162,0.235468948,0.288565379,0.433487079,0.168245785,0.311445696,0.303767909,0.295348084,0.270109312,0.365410092,0.337992221,0.336206305,0.391920657,0.378142236,0.426450903,0.284293851,0.155326364,0.183645059,0.225197775,0.201187013,0.213036812,0.195565975,0.178552694,0.183586299,0.171481302,0.171453355,0.158897648,0.128315641,0.144303647,0.171796736,0.173314335,0.142773954,0.186228816,0.185719787,0.201923571,0.152521507
44,7,0.066819109,0.058830403,0.036591142,0.054358418,0.050754692,0.032212994,0.044295004,0.039578682,0.024770068,0.015893213,1.395066154,1.187820471,1.329820519,1.20579798,1.429102607,1.158959638,1.17455181,1.210026327,1.450208215,1.051455964,0.947730421,0.004944485,0.004812536,0.006650892,0.004873365,0.025016314,0.052977621,0.152684344,0.096057478,0.009872709,0.004024678,0.001289668,0.001377026,0.007069081,0.002744022,0.002332785,0.001808105,0.00611375,0.000686609,0.000596565,0.001154581,0.001816549,0.000692516,0.000254277,0.004301388,0.000172627,0.000175885,0.000220601,0.000126573,0.000135349,0.000322516,0.000131637,0.000852109,0.000357118,0.00018895,0.000198266,0.000309577,8.67E-05,0.000171902,0.000355305,0.001253743
44,8,10.51589288,7.667693206,6.421449065,9.233353761,9.006137021,6.695432529,7.376286495,6.746503554,7.181449312,4.669299994,4.066034879,3.407154843,3.524479617,3.349387462,3.763763869,3.284564763,3.575068167,3.542030662,4.266143459,3.175094486,2.817082484,2.842634471,3.051218103,3.230129601,2.915409286,3.209491996,3.911308258,3.230467171,3.557073378,3.443521286,3.863262338,3.193476988,2.574935311,2.290547675,3.087028574,3.140024217,3.045885463,2.256177694,3.196918372,2.322440808,2.538476744,1.977206956,2.401389567,2.861444768,2.564508656,2.5360295,2.297340313,2.144709854,2.081365674,2.265218644,2.095769119,1.920758276,1.521642548,1.628243985,1.86232559,1.851011783,1.401517431,1.707269336,1.604123864,1.950080622,1.337545253
44,9,0.082503628,0.059090703,0.050966964,0.073394788,0.076228032,0.05420962,0.060737624,0.055282921,0.0631064,0.038302675,0.043434861,0.038778995,0.043477772,0.041868992,0.045457427,0.040285114,0.043280278,0.041021954,0.048723999,0.035910966,0.032305172,0.029289999,0.032488474,0.036905527,0.039495653,0.038642652,0.051836832,0.052397939,0.057562569,0.046245296,0.051339709,0.043383056,0.039271551,0.040971545,0.052820027,0.065558765,0.071825082,0.055381404,0.146358206,0.115762363,0.124627015,0.126938552,0.152994614,0.181105771,0.178855809,0.195638914,0.191659789,0.187451167,0.201751631,0.137871246,0.133940079,0.128373989,0.10108977,0.117794203,0.135722772,0.134349719,0.111437019,0.145387977,0.115663691,0.133644176,0.122905851
44,10,1.253719386,0.976051575,0.92363019,1.273991591,1.423243424,1.162271913,1.422697427,1.283326823,1.758953408,1.078838285,0.75331396,0.546132615,0.602851517,0.564666929,0.659876334,0.538776394,0.685301035,0.673503628,0.751195893,0.546112458,0.478007522,0.595786827,0.61971144,0.668783843,0.630235467,0.572631684,0.727518371,0.621994277,0.773809482,0.69559807,0.752222669,0.46543709,0.438289318,0.192454416,0.199341657,0.242353363,0.293847737,0.184846108,0.190309479,0.160369566,0.153985005,0.220524681,0.253670106,0.162255596,0.137077994,0.119852637,0.209300651,0.165155003,0.188979515,0.035128123,0.069773439,0.049328249,0.01927033,0.011594105,0.017233297,0.03230676,0.011942855,0.014715506,0.044711437,0.029093239,0.015905347
44,11,0.362097524,0.241581699,0.207275152,0.274332408,0.300299383,0.213377679,0.234382138,0.22949256,0.219979,0.154172355,0.135784494,0.113633682,0.112610269,0.106137195,0.125265993,0.100522227,0.098010707,0.099816318,0.096426215,0.087407803,0.064523262,0.072219769,0.077645059,0.082300194,0.088399126,0.075471895,0.093614092,0.081570779,0.11823804,0.09732731,0.095168938,0.08366857,0.077008599,0.074929991,0.086155223,0.095422365,0.09622555,0.065818274,0.076959745,0.06493239,0.065868132,0.064640371,0.071059311,0.086544439,0.077499996,0.071823787,0.080233399,0.062027852,0.059703289,0.029711868,0.002098329,0.002029559,0.025098848,0.050479922,0.008659336,0.025647528,0.029113783,0.031019164,0.003637912,0.008028204,0.004622737
44,12,0.635975738,0.530697202,0.39830765,0.586240145,0.578414105,0.394869262,0.431140744,0.402088354,0.410539267,0.262967249,0.482831541,0.414277307,0.457889742,0.406993287,0.464272645,0.370259905,0.382731583,0.356120349,0.419092962,0.301067383,0.261382296,0.13205334,0.140785935,0.149486596,0.121646729,0.138712716,0.179544346,0.164473956,0.155229348,0.143170892,0.155598145,0.190942692,0.148356088,0.142467427,0.179282959,0.20730586,0.184752869,0.143115963,0.180465759,0.147999613,0.179222087,0.166526101,0.191827482,0.231549864,0.206720851,0.229076792,0.206844588,0.195549256,0.216060246,0.171832884,0.17085163,0.169617473,0.128554314,0.148170673,0.164555072,0.171320327,0.123072001,0.176168477,0.165489838,0.164786106,0.134125773
44,13,0.354261379,0.267906426,0.20964787,0.303154282,0.38278047,0.226814663,0.243402239,0.239328375,0.249626163,0.159161797,0.138978577,0.110310099,0.122278989,0.115713485,0.127902657,0.100073244,0.107846989,0.09820686,0.119067767,0.088252129,0.086273176,0.090168779,0.11061847,0.104781531,0.098610318,0.103792874,0.115985686,0.146288305,0.175996831,0.111315549,0.153598142,0.140686037,0.164417399,0.155127847,0.200655309,0.204826095,0.20082031,0.190022555,0.259011674,0.271379349,0.234294572,0.171693284,0.203737688,0.24230969,0.234399637,0.244836351,0.237634379,0.224886192,0.240060373,0.170258079,0.145288539,0.143113673,0.118311383,0.118945859,0.139424168,0.140914193,0.123170517,0.152163095,0.141397697,0.156775621,0.135641908
44,14,0.300039196,0.21481426,0.231859843,0.300032893,0.305129587,0.227888616,0.246479511,0.240039414,0.218270046,0.168080159,0.146370104,0.136630902,0.134235685,0.128954992,0.165420711,0.152645124,0.144827326,0.177815349,0.156342153,0.189752224,0.129342161,0.137068775,0.1591071,0.169579692,0.165001409,0.167550516,0.201733258,0.182329147,0.235095253,0.138612945,0.155060211,0.115935723,0.098514144,0.109888385,0.138853497,0.13047426,0.133787199,0.094926406,0.10570472,0.105204353,0.106127142,0.113284335,0.127826218,0.143773052,0.131940141,0.11466419,0.110786243,0.105464949,0.117201824,0.076426341,0.071845921,0.070554671,0.058512877,0.0566706,0.042902875,0.034814004,0.031635113,0.038285298,0.040667802,0.044732489,0.056460683
44,15,0.041146854,0.02757436,0.044512323,0.034790293,0.034511546,0.024203636,0.03069118,0.027533386,0.041041443,0.026926869,0.016707153,0.013311196,0.011420785,0.011031737,0.011819281,0.010886041,0.01221056,0.013730934,0.013291933,0.010290376,0.009369579,0.015202543,0.014849815,0.0173138,0.028720477,0.08370307,0.150502396,0.135535082,0.178306769,0.253566919,0.203994857,0.2400389,0.204952209,0.213034731,0.237849967,0.246850702,0.267194225,0.179601356,0.250062767,0.074591875,0.06964138,0.09441691,0.098609181,0.089242657,0.095234887,0.094576921,0.103818098,0.089467601,0.098386882,0.02699566,0.024734115,0.025201382,0.01952921,0.021965747,0.028891145,0.02662501,0.021215242,0.023134598,0.022402926,0.026694174,0.017921471
44,16,1.087230612,0.747934877,0.623261503,0.847175398,0.934060024,0.67656626,0.769541227,0.717807478,0.788337255,0.489008415,0.414716527,0.348431122,0.391229302,0.375100933,0.447519638,0.371257757,0.386958917,0.37879647,0.457143069,0.336577185,0.311410498,0.349244077,0.396722105,0.4247289,0.389894079,0.389587437,0.496239899,0.460347393,0.500389446,0.452953933,0.501973374,0.444306636,0.378595874,0.352617798,0.438741736,0.446808638,0.448269306,0.349009667,0.485309839,0.400349544,0.402618391,0.317360789,0.386054517,0.454452874,0.419900622,0.424624273,0.372439007,0.358558074,0.374999608,0.338745847,0.338440422,0.315109342,0.248358571,0.269763299,0.286104415,0.27057064,0.220350344,0.290864548,0.283434773,0.277695001,0.226821449
45,1,0.462954667,0.673336328,0.809961726,0.552628429,0.535482303,0.654557738,0.552406361,0.709430221,0.466523188,0.389378638,0.340659471,0.386405384,0.339133925,0.290010037,0.304539562,0.395487988,0.309815621,0.287300819,0.271712862,0.367200154,0.255264975,0.320356736,0.328719794,0.316493534,0.232268624,0.291163395,0.266064813,0.370513255,0.394616401,0.465953045,0.30100846,0.316749955,0.32886077,0.397450909,0.284341809,0.349840967,0.333427642,0.470308789,0.36972288,0.441654067,0.306086742,0.335747009,0.34255943,0.298660176,0.396229519,0.384388662,0.36723611,0.375314757,0.389409854,0.409302041,0.543162624,0.450908248,0.467556028,0.462178867,0.383577692,0.522965371,0.310944012,0.439715982,0.452837031,0.384704845,0.351402141
45,2,,,,,,,,,,,,,,,,,,,,,,,2.63E-05,2.25E-05,1.62E-05,0.380850964,0.643463188,0.7407362,0.738534509,1.107766174,1.001601908,0.555260631,0.91301386,0.620577872,1.207373976,1.235852748,1.025630087,0.845465116,0.992137267,0.036758354,0.032889497,0.183163782,0.092401597,0.025819239,0.034505846,0.040774444,0.037882397,0.037501611,0.047011712,0.000409226,0.000167102,0.004812174,0.00565536,9.82E-05,0.001103519,0.000584341,0.000684192,0.003130235,0.000519233,0.000331048,0.000214404
45,3,0.119844928,0.140187689,0.169673084,0.122778759,0.111570249,0.165746979,0.112596047,0.166111216,0.09322441,0.083528654,0.086175054,0.111993158,0.086856819,0.09078423,0.085336513,0.083309852,0.071678559,0.078100691,0.088181763,0.085203295,0.071104486,0.07123536,0.076414569,0.077151057,0.091723155,0.177205185,0.157255079,0.228706603,0.175787063,0.169479098,0.149406319,0.163500112,0.17007883,0.197410755,0.185630242,0.20049151,0.230967122,0.184037361,0.15655208,0.205012686,0.167152475,0.181979279,0.209002162,0.213728274,0.246070275,0.227292541,0.256441146,0.269813909,0.300190163,0.100074306,0.11822715,0.117886843,0.109220783,0.089642568,0.121046626,0.097738144,0.086188643,0.113969879,0.099601797,0.090380153,0.092202434
45,4,,,,,0.000777771,0.002054729,2.39E-05,0.0001772,4.36E-05,2.62E-05,9.51E-06,0.001245203,0.002195213,0.005411718,0.003561644,0.007128417,0.000926718,0.003836184,0.010615133,0.007549823,0.003058021,0.003081445,0.004938055,0.007420478,0.032930055,0.106096238,0.084948268,0.139187078,0.237551471,0.316746767,0.332385974,0.368118715,0.316722529,0.331229463,0.356401564,0.369454085,0.447438788,0.234275685,0.257306518,0.411293848,0.408880943,0.497614667,0.580559771,0.611188796,0.66611696,0.589224492,0.590969344,0.615619967,0.681672572,0.065498355,0.082362674,0.115204751,0.106344982,0.091727362,0.137162214,0.085477824,0.030099923,0.02421796,0.02623234,0.050349567,0.071011466
45,5,1.001033325,1.448339586,1.733342878,1.137914483,1.132710544,1.449249493,1.197914387,1.560556263,1.044989899,0.854467555,0.923047795,1.071558814,0.952899692,0.84635868,0.887248232,0.874521848,0.851439106,0.892421414,0.86066004,0.91073088,0.859197314,0.896702359,0.916297457,0.905742026,0.682774388,0.849446659,0.775642244,0.974444057,0.905477315,0.908099095,0.794514097,0.973042412,0.951761203,0.938504031,0.732537262,0.930815587,0.821557518,0.913936498,0.974059454,1.104180306,0.816909062,0.784211084,0.823397268,0.697849842,0.781433645,0.697855131,0.717957533,0.671894368,0.635285122,0.557336055,0.614377801,0.573858765,0.550689698,0.461754952,0.549672226,0.47596583,0.507755946,0.388844613,0.309170359,0.397567435,0.388403463
45,6,0.295224503,0.430213634,0.5472397,0.376057615,0.361139907,0.452451774,0.374354177,0.483755821,0.33917641,0.272004432,0.27984983,0.333132293,0.302650297,0.276936768,0.290144359,0.306522168,0.267256985,0.286531189,0.285947905,0.307243326,0.353742653,0.391833118,0.383775756,0.417534387,0.442864339,0.425192291,0.392069004,0.557258434,0.679491458,0.369116156,0.690908566,0.869558856,0.588959201,0.627956471,0.607342627,0.71546656,0.663647724,0.788756678,0.899181255,0.79619707,0.73875347,0.375865825,0.410752138,0.34013849,0.384459281,0.377296301,0.406764726,0.376992855,0.362973907,0.275320084,0.326038223,0.311327401,0.318131793,0.27988776,0.350346659,0.318797783,0.342880657,0.393263566,0.359009484,0.337178207,0.304721016
45,7,0.026477273,0.023744649,0.034825769,0.02012103,0.019986262,0.034195372,0.019248213,0.030013753,0.013302403,0.012677107,1.852315042,2.150641515,1.97063704,1.745439829,1.859561166,1.809801618,1.774134046,1.993703159,1.978365622,2.099088853,2.018095912,0.005846455,0.005827857,0.005361747,0.00365556,0.084668537,0.08888967,0.150769048,0.22701937,0.140888475,0.003730612,0.006599832,0.004639923,0.021556327,0.007583107,0.007772411,0.005607731,0.048128204,0.002460827,0.00341511,0.000626152,0.01280984,0.012682803,0.00068784,0.001624898,0.003722313,0.000621663,0.00305996,0.00418739,0.00023188,0.000198465,0.000349362,0.000772775,0.001474092,0.003759209,0.001742456,0.000301199,0.00016811,0.000257407,0.000839697,0.001140325
45,8,5.898801369,9.039516727,10.98344453,7.367567416,6.857783829,8.972372471,7.263254346,9.480425427,6.222442528,5.233740353,5.42632698,6.186460554,5.243616672,4.861605251,4.911319474,5.139998155,5.397743559,5.844617409,5.811680446,6.332547926,6.007036124,6.275789605,6.244161411,6.135105994,4.452394011,6.11499757,5.377407947,7.054696797,6.434558859,6.277351035,5.313592023,5.678549049,5.519316775,5.811608446,4.470061393,5.606025617,4.927157762,5.50720739,5.694846734,6.542141346,4.829059735,4.449634993,4.78425949,3.994519339,4.215584311,3.849675504,4.224150747,3.907335441,3.544696605,3.471498132,3.80593693,3.576638266,3.588044788,2.991151882,3.57924925,3.166904006,3.219439304,3.494004376,2.993573952,3.126776764,2.544261091
45,9,0.046051674,0.068760079,0.086567979,0.058055991,0.057615416,0.072545572,0.058704443,0.077334462,0.054815018,0.042884653,0.057806727,0.070455514,0.065115929,0.061990081,0.06174223,0.063435547,0.065128276,0.068766887,0.067126093,0.073049267,0.070399244,0.065535079,0.066844093,0.071803241,0.066519244,0.086333776,0.082287939,0.122905544,0.123283524,0.104602238,0.089042776,0.089020054,0.092948166,0.105120039,0.091085826,0.133300057,0.144578328,0.152248625,0.362472848,0.33229077,0.281427008,0.316254568,0.357618639,0.351453392,0.406837664,0.405436509,0.451969589,0.470601669,0.481130235,0.22887816,0.289404148,0.295163958,0.284468474,0.260957542,0.323256313,0.263787315,0.272482611,0.313650907,0.245955324,0.270881986,0.256670301
45,10,0.70419369,1.152722639,1.618912972,1.082095189,1.144076954,1.615627355,1.448684872,1.853221748,1.537056824,1.236973744,1.041270115,1.051425275,0.94763652,0.880379315,0.9203008,0.95027402,1.065045172,1.128218566,1.042648803,1.096656991,1.02561424,1.31641655,1.271530804,1.274878481,0.982197187,1.111948269,1.036092263,1.359977377,1.433081689,1.292093823,1.049093558,0.928910894,1.027583393,0.494747786,0.486591484,0.574638444,0.745024086,0.565070947,0.576248376,0.461040327,0.408460621,0.601223579,0.71129855,0.390862935,0.379373042,0.308831809,0.579922343,0.543783718,0.582205321,0.088895487,0.194804796,0.171350798,0.119299142,0.083883405,0.118213674,0.095521241,0.046565066,0.052075693,0.113324117,0.102245578,0.053791603
45,11,0.194061824,0.261223127,0.370343941,0.308214652,0.26194526,0.336721218,0.289138679,0.35018562,0.261635492,0.247561574,0.247276595,0.242306955,0.200041238,0.197766454,0.193823301,0.236315129,0.230618261,0.220783305,0.200822172,0.184415138,0.144015039,0.155244722,0.159282339,0.153964921,0.160318936,0.163564972,0.174465181,0.22794634,0.247651866,0.203251915,0.173497332,0.189405423,0.187376392,0.192638092,0.165528413,0.199315939,0.197877437,0.179812855,0.194672875,0.184094366,0.151761033,0.161555683,0.171345581,0.17751,0.189540664,0.157887002,0.188755682,0.175536032,0.158419791,0.052634427,0.022125228,0.02404598,0.080689534,0.106463011,0.038057053,0.054263989,0.072768601,0.071120939,0.017259362,0.034930131,0.017126305
45,12,0.304039977,0.39608939,0.523132572,0.334052559,0.333133506,0.470959259,0.348949682,0.491084765,0.300606667,0.260821572,0.559332003,0.697142674,0.609566762,0.548345608,0.562547728,0.540428038,0.530672022,0.554684982,0.533571242,0.573987908,0.532346449,0.261218383,0.270720829,0.255382179,0.178801537,0.30756837,0.287424663,0.363044323,0.319839987,0.315350008,0.270844026,0.388720371,0.348864693,0.36666237,0.325263535,0.407823399,0.317812597,0.355899742,0.323876606,0.418879636,0.386478414,0.40522003,0.427022543,0.398765081,0.425602335,0.425004393,0.45526768,0.450174016,0.475469367,0.2665075,0.348739335,0.361277583,0.343776498,0.309276567,0.367984062,0.297881504,0.303869901,0.365706762,0.318917428,0.269986866,0.269675172
45,13,0.18930161,0.275739339,0.330883236,0.218235488,0.272899792,0.293505442,0.225868213,0.322909265,0.207964674,0.172621155,0.170528834,0.191565524,0.170182413,0.161146276,0.161200451,0.150264992,0.155179255,0.156866237,0.156930535,0.172964039,0.177743658,0.192263719,0.20589431,0.20702493,0.172658879,0.217736582,0.199541349,0.268441798,0.335043463,0.276400618,0.324281896,0.390167484,0.355851874,0.37655012,0.348113036,0.422479239,0.396272009,0.416892578,0.527723985,0.632893079,0.551407627,0.419767167,0.465845916,0.432372977,0.50358908,0.470510743,0.529046904,0.53215269,0.54877603,0.269001646,0.302819617,0.310709045,0.312929905,0.258647471,0.323077486,0.259895007,0.306142611,0.321314854,0.275607105,0.266507043,0.274369821
45,14,0.167868501,0.246972784,0.456151444,0.345049371,0.324958979,0.386359161,0.326779969,0.412012826,0.310186647,0.313616896,0.3093187,0.320825021,0.274549852,0.283754457,0.293919902,0.398074613,0.434877157,0.449769836,0.415603089,0.405700065,0.292592149,0.29796825,0.324173539,0.314582837,0.30996164,0.348925798,0.368927,0.525471903,0.496476809,0.330006873,0.384545675,0.250032505,0.242878422,0.268059653,0.303323197,0.270628921,0.275428333,0.235908814,0.220648851,0.288594508,0.243478969,0.279874094,0.308152525,0.287372319,0.31017709,0.236598498,0.259319152,0.262321987,0.278454261,0.124075371,0.151989729,0.15538627,0.162829084,0.123616814,0.106313334,0.063844116,0.083636986,0.085019409,0.082328414,0.080124935,0.115057328
45,15,0.023091734,0.033220425,0.07723744,0.028188278,0.027924256,0.034403551,0.02953751,0.041367366,0.037980355,0.031309423,0.026348084,0.024412561,0.020142419,0.018099872,0.020473533,0.022130197,0.019505433,0.026052778,0.020592369,0.024176034,0.025048988,0.033202661,0.03454804,0.045598236,0.065982973,0.906459535,0.759178614,0.560787551,0.66683761,0.818611082,0.870713357,0.664344294,0.731431343,0.916702385,0.910582342,0.914456494,0.846994633,0.600201371,0.715782459,0.25130334,0.238547852,0.385722567,0.330761832,0.266467409,0.324695891,0.290908234,0.322973448,0.302190128,0.317756131,0.052103668,0.075976946,0.079590096,0.078145849,0.066181863,0.08942784,0.072476466,0.05744413,0.0615762,0.053975774,0.055934312,0.043208656
45,16,0.605893559,0.865252901,1.056627374,0.669973222,0.706839426,0.906369502,0.751688466,1.008418721,0.686460773,0.547035824,0.549383896,0.634115423,0.581723604,0.544673616,0.591269907,0.584983875,0.581964862,0.624536048,0.621564068,0.671018743,0.661702416,0.768327006,0.80353086,0.815929398,0.615177,0.762128168,0.718858328,0.945457229,0.953464843,0.904310222,0.754304391,0.869837238,0.820026438,0.881304933,0.680497683,0.831891446,0.780439388,0.843938151,0.91127309,1.06281303,0.82495778,0.735726143,0.811782441,0.690007069,0.769838253,0.704638595,0.737024022,0.728686198,0.727783202,0.527807099,0.638886477,0.615157515,0.616968605,0.522987932,0.585268532,0.477241754,0.516374255,0.610823445,0.545997073,0.466224167,0.445668739
46,1,0.014403984,0.012878651,0.014228821,0.014324005,0.012868785,0.011913027,0.014495281,0.012337533,0.013354007,0.012033531,0.01959989,0.010245739,0.032984488,0.015982378,0.019510657,0.022412139,0.020344198,0.021055947,0.21199221,0.274847494,0.175073483,0.200801119,0.200707582,0.182886285,0.188423308,0.190008802,0.19757367,0.225332834,0.207392929,0.25825799,0.199057604,0.205839502,0.183946307,0.247085916,0.201725775,0.156212734,0.192102443,0.21675891,0.188666473,0.186127499,0.186137856,0.21521153,0.195601099,0.204493015,0.23232372,0.235473618,0.112250963,0.112371201,0.118255395,0.12908105,0.147196202,0.178069271,0.157176418,0.155234049,0.2065869,0.209567654,0.110433251,0.097199976,0.117572129,0.11154984,0.127157862
46,2,,,,,,,,,,,,,,,,,,,,,,,,,,,,,,,,,2.85E-08,,1.90E-07,2.06E-05,3.01E-05,9.39E-05,9.34E-05,6.94E-06,3.64E-07,1.67E-06,1.48E-06,1.62E-06,1.12E-06,,,,,,0.00135591,0.000908293,0.000306205,0.000289473,1.36E-05,2.60E-05,0.003846716,6.18E-06,6.84E-05,6.45E-06,0.002693214
46,3,0.294258993,0.304816024,0.356219154,0.413116571,0.415988823,0.349192224,0.34274798,0.337426046,0.345385939,0.323545288,0.313513336,0.242385981,0.29505733,0.287440723,0.304295663,0.309264596,0.362546752,0.37150393,0.475033861,0.468184365,0.503588846,0.548870351,0.508527732,0.529527975,0.551646229,0.524115821,0.553288109,0.572455888,0.559416549,0.523202885,0.524153974,0.564442123,0.499611778,0.494061573,0.520267698,0.453002902,0.409200711,0.392837505,0.456262913,0.363616544,0.298273273,0.30364122,0.365051109,0.363637935,0.34594095,0.339361491,0.322470132,0.278838176,0.24499385,0.248948815,0.250513725,0.26737293,0.240662797,0.23216996,0.240118647,0.223267628,0.196824173,0.222951823,0.212259034,0.182147802,0.188632142
46,4,2.79E-06,,,2.80E-05,,3.05E-05,3.88E-08,5.77E-05,4.22E-05,3.32E-05,0.000222033,5.40E-05,5.36E-07,2.09E-05,4.78E-05,3.23E-07,3.40E-05,,3.48E-05,2.76E-07,2.47E-06,1.01E-05,4.30E-05,0.000111343,2.50E-06,8.51E-06,0.00015381,0.00023817,3.08E-05,2.64E-05,1.02E-06,5.89E-08,8.79E-07,4.71E-05,1.77E-05,5.23E-05,0.000202657,3.04E-07,0.000362862,4.38E-06,1.16E-05,4.60E-05,6.92E-05,2.24E-05,0.000443353,7.35E-05,9.82E-06,,1.43E-05,0.002657732,3.05E-06,0.000543204,7.55E-06,1.63E-05,0.001385374,5.45E-06,7.45E-06,0.003352362,1.34E-05,7.35E-09,1.31E-05
46,5,0.104102446,0.102932284,0.160453828,0.158784672,0.153474019,0.115918551,0.114336044,0.116472326,0.140730377,0.114906245,0.113978413,0.120835521,0.12359442,0.141746019,0.117009998,0.154160191,0.162586712,0.171152399,0.194428639,0.201764462,0.210251758,0.210559085,0.207949785,0.184017853,0.182762079,0.186099005,0.204808103,0.187934743,0.197632184,0.203472561,0.215399788,0.155350756,0.158270253,0.155957411,0.19185528,0.160662549,0.146136048,0.155644247,0.174779109,0.162990295,0.125367212,0.131204536,0.161776416,0.146774695,0.148331885,0.143076546,0.1345232,0.120600906,0.140517974,0.137806076,0.129896738,0.132371414,0.122257129,0.107684676,0.109944756,0.114067896,0.11054805,0.120698603,0.116425763,0.098342226,0.113680098
46,6,1.37E-05,0.000837916,0.000978449,0.001207495,0.000350296,0.000607454,0.006754801,0.010318047,0.006069651,0.00293166,0.018257874,0.011736559,0.011244157,0.009291691,0.041301375,0.040315114,0.011290131,0.053088475,0.047099403,0.061018326,0.036908456,0.118721198,0.094102927,0.117193247,0.221973348,0.106447944,0.129237227,0.193115443,0.077114257,0.119290285,0.165634874,0.15758703,0.082732114,0.103839733,0.137372562,0.072310957,0.060863631,0.016680919,0.018739929,0.037759968,0.032910091,0.029205596,0.041952197,0.056438791,0.09045307,0.093846776,0.140446722,0.077395328,0.113762678,0.055440069,0.049233975,0.104803388,0.05945274,0.049781877,0.115720807,0.105524529,0.1054307,0.10770331,0.06334119,0.059820967,0.072549253
46,7,1.01E-05,0.005419799,0.000613882,1.95E-05,8.92E-06,2.61E-05,0.007059711,1.53E-05,2.98E-05,3.68E-05,0.017153501,0.008790496,0.024833204,0.008604967,0.020228233,0.014337864,0.028905647,0.03873129,0.038998834,0.056877459,0.027311531,0.198426293,0.136771018,0.136880605,0.293900641,0.061186506,0.071258677,0.236651928,0.274997835,0.266831136,0.341345116,0.447870937,0.313602545,0.290599569,0.280488524,0.201005641,0.200277467,0.008223323,0.005114353,0.015859616,0.005231497,0.004252472,0.001064775,0.008024999,0.00145787,0.00535365,0.008360626,0.003513488,0.011882004,0.018501162,0.031659873,0.133887867,0.05471509,0.052322781,0.099981738,0.086224504,0.005359872,0.001997077,0.008605532,0.005787435,0.018214356
46,8,2.608336461,2.716073191,3.343991649,3.374716428,3.052220422,2.7049455,2.622925967,2.902978405,2.696842485,2.521737311,2.252848745,2.205756907,2.038315394,2.282756949,2.068253617,2.374440977,2.714664349,2.886265935,3.589815451,4.115872596,4.49546154,5.02309582,4.54340244,4.219780591,4.321620099,5.015937832,4.928436889,4.99008914,4.829404949,4.888172505,4.931849363,4.737353695,4.84085258,4.841499064,5.471240908,5.093082898,4.382229356,4.742526749,5.068809456,4.4137394,3.427635352,3.630250005,4.366803862,3.993845954,3.876820321,4.442075393,4.528388544,3.716565419,3.45955972,3.230297469,3.087400224,3.067667381,3.474645026,3.251189216,3.35447253,3.447023422,3.187957234,3.222028973,2.941712468,2.215805148,2.238854939
46,9,0.075941811,0.078420068,0.113585882,0.125535611,0.121127979,0.103375193,0.111615166,0.112199565,0.109608015,0.106562252,0.106035442,0.097427827,0.094383597,0.108171833,0.096298567,0.104347585,0.112254686,0.126842781,0.154969501,0.168964503,0.17640512,0.215177687,0.210221582,0.205893737,0.228719657,0.220362683,0.219608632,0.255926387,0.240098247,0.243221857,0.268418385,0.260813172,0.261393116,0.261301512,0.257599374,0.242722164,0.216459657,0.214780366,0.254372645,0.213213804,0.177906368,0.187200126,0.221460033,0.215081975,0.211873997,0.229463861,0.257991643,0.22020071,0.215264968,0.221304149,0.220549914,0.230767218,0.211208883,0.197390603,0.205445971,0.198377688,0.190671013,0.204088973,0.202222877,0.180144611,0.195557639
46,10,5.14E-08,0.000626833,0.00065269,0.001552804,0.0005541,0.001036489,0.020943553,0.027958733,0.013629984,0.02916327,0.0430145,0.044000779,0.034380661,0.033053894,0.130021424,0.114557117,0.026595791,0.023341468,0.016406686,0.018693247,0.026784619,0.025448919,0.039215182,0.02720093,0.027880391,0.021728226,0.045745855,0.067373124,0.016446002,0.012032242,0.015016378,0.06929248,0.104530168,0.108087422,0.057985595,0.105082389,0.060814814,0.060166636,0.060376185,0.05476193,0.05326648,0.180332434,0.049452744,0.046657066,0.039611567,0.000676799,0.001379027,0.000536187,0.000627191,0.003128094,0.001122988,0.000831579,0.00024599,0.000179441,0.000493309,0.002509612,0.000293089,0.001904262,0.00063411,0.00032841,0.000233254
46,11,1.24E-08,0.000124165,0.000109659,0.000258738,9.46E-05,0.000153584,0.015284651,0.016842944,0.014752273,0.057290215,0.056136805,0.030416481,0.021741698,0.025445047,0.090018002,0.086713917,0.071631621,0.074493556,0.055601619,0.057709777,0.055686151,0.071416552,0.066837388,0.071611648,0.06633892,0.061875998,0.109735694,0.198645117,0.046971078,0.027371012,0.027576961,0.037243159,0.054148477,0.052279014,0.030091637,0.049826595,0.029024881,0.032583022,0.025317085,0.025255994,0.020924462,0.098525463,0.021972557,0.021866863,0.021474849,0.002838423,0.002154092,0.00329035,0.002497533,0.008858996,0.00085209,0.003258726,0.004671263,0.001527605,0.002889014,0.017222008,0.005143659,0.008491551,0.001193119,0.000861395,0.009602528
46,12,3.41E-05,0.00017134,0.000570117,0.000399465,0.00014987,0.000472977,0.000471637,0.000994257,0.001618792,0.001395865,0.011585321,0.002430798,0.00724054,0.002369113,0.007371141,0.003775003,0.00709158,0.009395488,0.008861755,0.012956789,0.006966951,0.039344092,0.032133902,0.027698152,0.058909381,0.013665335,0.016987449,0.050528886,0.059416938,0.058555496,0.084086335,0.089177007,0.063655085,0.063867184,0.055735098,0.047141677,0.044863978,0.004820275,0.004526932,0.006953582,0.003346641,0.003949022,0.002801114,0.004108059,0.003404753,0.007380164,0.010851013,0.009396985,0.009947379,0.010577718,0.007058538,0.007825536,0.00651073,0.002744935,0.003782617,0.002684123,0.003600101,0.003162702,0.008566468,0.002364256,0.002411268
46,13,0.084637456,0.085489992,0.086994397,0.086684779,0.082891901,0.080534826,0.081932295,0.078833869,0.073484921,0.072267189,0.074240031,0.065133134,0.081628205,0.113015895,0.077661922,0.103565399,0.105031153,0.110630294,0.170908275,0.169945673,0.161139186,0.204927473,0.190658969,0.188473433,0.205369799,0.182727344,0.180024228,0.242318848,0.224156028,0.235227962,0.247379817,0.257285849,0.206359122,0.219051526,0.227602595,0.206267143,0.17392898,0.166099773,0.191923617,0.16574758,0.139711208,0.132031935,0.169261811,0.155626763,0.160545973,0.168122418,0.159715102,0.133708442,0.137219526,0.119906651,0.102751135,0.119300425,0.096443915,0.098384593,0.104621561,0.108457928,0.09531793,0.110797974,0.098133301,0.088426021,0.094955492
46,14,0.042118931,0.05287312,0.055126734,0.055055543,0.050115366,0.04783405,0.079182508,0.080310584,0.059259084,0.124249451,0.121234203,0.087508419,0.071211466,0.078721616,0.202597549,0.195658871,0.2065743,0.236510989,0.195155587,0.212665309,0.206560722,0.279009442,0.269837024,0.284670828,0.279613104,0.269162667,0.447704912,0.745874676,0.223709181,0.159899546,0.162574144,0.205916954,0.269210612,0.256359672,0.171712533,0.236297174,0.160805478,0.174529607,0.158722711,0.149154352,0.127085474,0.476548844,0.156936069,0.153452516,0.142902411,0.05475181,0.052203065,0.053949142,0.043592449,0.04411396,0.043180009,0.049558316,0.046534475,0.03785519,0.034795242,0.039894435,0.034737327,0.03552649,0.036404953,0.025398259,0.035639175
46,15,0.012188704,0.000273954,0.000562405,0.000530448,0.000120475,0.000247675,0.007059421,0.000824605,0.000563004,0.000985655,0.002578135,0.000980715,0.001670316,0.001102171,0.001461427,0.001022114,0.001265947,0.001079903,0.00114239,0.002830248,0.003244097,0.004770301,0.049592331,0.052063136,0.051639229,0.032219728,0.044971064,0.067900173,0.011399776,0.002512287,0.005452041,0.007199914,0.004977728,0.011816535,0.007572344,0.004500699,0.007119841,0.007803321,0.006814313,0.006501059,0.006051295,0.006967939,0.003847314,0.019444125,0.00719931,0.006410349,0.007704156,0.0081145,0.005944057,0.011504439,0.018410802,0.006383601,0.008289889,0.007664544,0.023743996,0.007330534,0.008636527,0.008883791,0.006677664,0.006793747,0.005584875
46,16,0.248879895,0.249719364,0.307189957,0.30285678,0.311035233,0.273715293,0.273238703,0.288275381,0.280323725,0.264284656,0.268086296,0.240372202,0.274977814,0.318903299,0.292198369,0.321564752,0.359720181,0.383276578,0.473849672,0.530728872,0.554523414,0.629903383,0.618581043,0.630392293,0.598783446,0.599451237,0.655098934,0.683673756,0.617925177,0.621390454,0.585248203,0.626105131,0.61351177,0.608307965,0.658345876,0.565157299,0.551909086,0.540556984,0.63114064,0.547424301,0.437887335,0.456166712,0.701987201,0.578883427,0.541801218,0.559496436,0.591848171,0.513909694,0.463644029,0.424051075,0.458161675,0.432565066,0.437931491,0.412238372,0.422394569,0.371409932,0.381467214,0.401599677,0.368460665,0.303655083,0.307870484
47,1,0.613062422,0.720072808,0.611461733,0.668328223,0.624528722,0.373541903,0.36101765,0.37667124,0.349147335,0.389358088,0.256192862,0.281717887,0.264912615,0.217307912,0.228767091,0.337725105,0.271697599,0.3055661,0.305530819,0.424686438,0.306176271,0.255523493,0.205805596,0.208232287,0.253699552,0.282593166,0.291757306,0.368350631,0.484833193,0.721039272,0.569736846,0.554325238,0.695793091,0.627921151,0.524093048,0.45751055,0.607376406,0.770718072,0.77198779,0.807180199,0.958363713,1.156531275,0.745697015,0.93462534,1.108487996,1.117331683,0.871947765,1.469079167,1.570621146,1.159289552,1.32760614,1.390820606,1.738345025,1.813869699,1.862360229,3.017232551,3.836667187,3.883737785,3.765411648,4.426126886,4.324478152
47,2,,,,,,,,,,,,,,,,,,,,,,3.06E-06,4.08E-05,0.0003401,0.000367951,,,6.57E-05,8.15E-07,3.43E-09,0.000109038,,,,,2.86E-05,3.58E-05,3.43E-05,4.13E-05,0.000337324,0.000377447,0.000450845,2.05E-05,4.20E-06,2.47E-05,0.000648146,0.000374237,0.000719152,0.00089759,0.000376931,0.00392172,0.001042879,2.19E-05,0.000322191,0.000288301,0.000513217,0.001846201,0.001959585,0.001126332,0.00036625,0.002119134
47,3,2.753787119,2.735219628,2.698487286,2.919224969,2.861519618,2.738324878,2.86940874,2.940500364,2.678057667,2.878558533,3.010526387,2.799253029,2.718514435,2.473009127,2.351889274,2.525449345,2.619144001,3.531072892,3.105262691,2.349783899,2.639911564,2.575364065,2.27177671,2.810553103,3.01937333,3.00045727,3.002020069,3.397176425,3.233479028,3.152034394,3.13568515,3.459151426,3.200919847,3.296732493,3.109931397,3.417263625,3.687869025,3.796979607,3.984197215,3.51150774,3.836089739,4.245761395,4.181966497,3.97856407,3.969778249,4.091234979,4.460671867,4.445662406,5.005741797,5.02938329,5.090995816,5.683044119,6.025595364,6.050058002,5.975493911,5.380609013,5.321831207,4.890444289,5.252197967,5.320749559,5.166215673
47,4,4.612572647,4.374645904,4.067118175,5.108697369,6.468724305,7.03622421,5.70769444,6.288811437,5.432673147,5.480527984,6.293939154,5.948278105,5.806756517,6.200217059,5.692311942,6.062832511,5.844259769,5.707162274,5.190270265,5.24313768,5.203288902,5.335372212,4.503993969,4.479688815,4.794343814,5.415942914,5.242463568,5.35481943,4.826193184,4.10996399,4.093199217,3.892263137,3.729294492,3.508583073,3.33266282,4.120984484,3.418606782,3.12025564,3.266304957,3.170940223,2.962758132,2.897961552,2.749746075,2.626114451,2.310410691,1.580570665,2.306575709,1.589274672,1.896277767,2.221847374,1.388890461,1.795441937,2.013254339,1.604351207,1.37429905,1.156851688,0.954895602,0.946118159,1.235059548,1.053363801,1.021163327
47,5,8.328085433,8.240576084,8.305188773,8.47977413,8.279271329,8.009380408,8.95671127,8.873736017,7.98559213,8.376032439,8.430835263,8.75739251,7.819662321,6.930128361,8.121694567,8.151235631,7.992399784,8.1153303,8.043364601,8.199775259,7.406739379,7.214041597,6.789254873,6.362391996,6.631706056,7.514952179,7.888454925,7.683763035,8.653755532,8.985011911,8.935274252,7.249911542,7.848760871,7.07242892,8.078735433,9.053156235,8.695222951,9.336282697,9.535649223,8.226670222,9.409123631,9.503182906,9.443601093,8.860507063,9.079570206,8.335709594,9.441068431,8.624303172,9.382913956,9.432407915,8.73739732,11.4544371,9.453861023,12.17466338,11.27689309,9.317943583,9.910007487,10.041585,13.13836424,10.05142314,9.910295182
47,6,4.628183146,4.365149931,4.278135544,4.357888269,4.418158916,4.059475507,4.469786717,4.828577688,4.546996417,3.95351601,4.553670886,4.62601513,4.776268425,4.435294097,4.754151548,4.462184795,4.202281401,4.277471959,4.017618327,4.102897729,4.024052185,4.011019887,4.033493345,4.137190425,4.63817998,4.570926111,4.688078308,4.976562192,5.508116391,5.810841825,5.759115338,5.212036456,5.113194023,5.021581026,5.250247779,5.431796707,5.240377428,5.416294044,5.723509916,5.411368969,5.380100387,5.782588534,5.120474105,5.289955566,5.571675499,5.237500032,5.834603439,5.463765662,6.45673415,5.369279915,5.113809143,5.732055287,5.533636623,6.063137698,5.688508014,5.258883498,5.205465102,4.580381895,6.143025807,5.103400006,4.259098045
47,7,0.537827297,0.692189626,0.513601317,0.467380718,0.311001834,0.216834657,0.311602606,0.375496715,0.336204931,0.528731499,0.394399631,0.440925311,0.472464807,0.409748935,0.530255112,0.643880919,0.835488156,1.028251077,1.078851269,1.211246406,1.398040175,1.426388466,1.376363239,1.505218673,1.764735338,1.98227336,1.944715179,2.350085104,2.989775642,3.427902237,3.626726224,3.525999038,3.397411235,3.334511817,3.305314807,3.311033195,3.447016121,3.177875583,3.454168032,3.553426178,3.985929942,3.923115188,2.792995449,3.607944263,3.579092175,3.388474473,3.211040341,4.113772734,4.58702082,3.260977437,3.41954772,3.382267808,3.72916829,2.934027899,2.691431965,2.897939192,2.493645275,2.460234669,2.343972635,2.479687787,2.429037683
47,8,0.053227543,0.047326142,0.054605981,0.062071374,0.058352926,0.057779121,0.137483419,0.172656978,0.101243735,0.282456817,0.067981324,0.120192327,0.063056844,0.058862262,0.07663785,0.076968354,0.085403245,0.102005289,0.096407966,0.171142314,0.295831592,0.212277926,0.115731606,0.092042028,0.103415577,0.115791541,0.169109357,0.093100185,0.150812436,0.119984823,0.126205155,0.118286134,0.097771727,0.151137738,0.13065382,0.187865234,0.240670201,0.224322898,0.173381022,0.190149624,0.137094519,0.254774518,0.230209429,0.118460348,0.124315314,0.115774699,0.124039276,0.124004222,0.151229061,0.18363288,0.209326218,0.16002964,0.146339213,0.140694259,0.167626704,0.18337572,0.165190461,0.110189144,0.180840544,0.144908,0.100497718
47,9,2.059954001,1.955993724,1.920940906,1.990115849,2.001090824,1.728388167,1.873314299,1.884404786,1.887404664,1.896472086,1.979592742,1.87522887,1.93538599,1.921288179,1.896540197,2.123790441,2.253258442,2.252491166,2.142515494,2.160984948,2.214179616,2.172453028,2.121980226,2.080497359,2.370564477,2.500583713,2.670702008,2.740973258,2.898603783,3.015050282,3.017503099,3.137901196,3.33278981,3.055764122,2.994158197,3.384962301,3.270479585,3.638663479,3.615336826,3.45632248,3.610069204,3.974156836,3.955803513,4.117905799,4.144939591,4.424951635,4.75305993,4.625298281,5.893390783,4.803290357,5.130717424,4.797831968,4.196366686,4.500586605,5.571397499,4.121639865,5.191856514,4.806520556,3.755177897,4.923708023,4.967663277
47,10,4.158779899,4.262025835,4.208629189,4.317540825,4.403707623,4.77593812,4.322985215,4.694817974,1.33886924,2.336217516,2.657128179,4.501335654,3.766156615,3.713669315,3.583557134,3.46531973,1.222853226,0.9740146,0.859630178,0.830821334,0.819091881,0.712334461,0.530936095,0.501444109,0.455865053,0.395072382,0.427306716,0.405965998,0.347057482,0.316191267,0.352349605,3.474752259,4.609519836,5.468878892,5.250737808,5.818008511,5.127891834,4.432519791,6.226214185,5.121963307,6.07406576,5.351110379,6.646152751,8.632026962,8.66196442,8.881678164,7.373137922,9.893498219,10.97571652,10.44581562,9.599860423,11.84168861,13.03610391,12.68245439,14.6523483,10.4478161,10.06806593,8.742183249,7.753859913,7.913747712,7.8738562
47,11,10.3218181,11.76271146,11.9158551,12.01569609,11.94118579,12.91653202,11.7946103,13.26389276,12.39578176,12.06095644,11.97955335,11.07983829,10.51716638,10.25839151,9.31667974,8.926158578,8.446693141,8.478073975,8.176766093,8.284031781,7.801115533,7.6926215,7.37643297,7.497784287,7.675849053,7.963092059,7.494944819,8.0240937,8.412876039,7.711491152,8.501802014,9.239243978,9.456375681,9.46772072,9.921543707,10.14421499,11.07811661,10.91058657,11.38578998,9.591580509,10.90410995,11.74628586,11.45605166,10.15285016,11.21914592,11.76396466,11.33586566,11.9329493,11.68372552,12.37951548,14.23090723,14.39811949,12.96923581,14.25027304,16.31251009,15.27729893,13.44647547,13.15454191,13.79483253,14.22565407,14.61126651
47,12,0.104415032,0.135199807,0.123086835,0.11686137,0.091787755,0.104372416,0.121138977,0.132469395,0.102964841,0.16534219,0.10815418,0.138455236,0.128404808,0.119925503,0.144842026,0.166356882,0.214190013,0.259143026,0.272715543,0.294914158,0.335628852,0.302319851,0.293047459,0.303907619,0.35861876,0.405994088,0.387354245,0.475509882,0.642028477,0.747306458,0.804884868,0.685195732,0.651729841,0.710854013,0.644239563,0.754166618,0.74051905,0.764312621,0.892125229,0.89979666,1.00312887,1.059578829,0.734123716,0.868520067,0.918548738,0.938276664,0.900005887,1.171010382,1.270435588,0.580824824,0.261198651,0.052233036,0.011882817,0.007917382,0.014939516,0.006581815,0.003859009,0.011208751,0.008016737,0.008958109,0.015307989
47,13,2.64293862,2.517701191,2.527356723,2.566835639,2.525766213,2.417130094,2.605370488,2.617531813,2.532422625,2.665999038,2.814131279,2.630858929,2.676673404,2.566113687,2.707931034,2.679721451,2.971006195,3.071084662,2.916992881,2.958674291,3.075754338,3.170220543,3.258638759,3.307814409,3.742010389,3.834664108,4.055244241,4.161387768,4.322688954,4.961263186,4.883923676,5.857990666,4.881919504,4.461574655,4.606744644,5.042820449,4.927934661,5.428694177,5.852195464,5.346483765,5.852900804,6.168338307,6.635755369,6.69703091,6.361129414,6.623981105,5.755683373,6.420915386,8.149532167,6.94107185,6.706044996,7.778961801,8.183029699,6.952792287,7.501207155,5.94360566,5.724669683,4.962403094,5.142884342,5.161167081,4.819198495
47,14,9.374529351,9.007623377,8.231251808,8.489981176,8.147576748,7.970213465,9.313497816,8.245807699,8.75024421,9.414174289,8.515112912,7.29619753,6.620111089,7.089991046,6.026109282,6.42011062,7.083800115,6.587100673,6.408545146,5.97925234,5.424212563,5.174114365,4.743703417,4.639014308,4.758684936,4.759801299,5.20337119,5.228930005,4.963985157,5.203206386,5.505544073,6.035292109,6.092658551,6.102991158,5.832329462,5.788517578,5.816651913,5.842762707,6.402130712,5.80869483,5.986884157,6.312301032,5.761208612,5.65695806,5.681322752,5.018862663,4.347147662,4.296021062,4.061464606,4.144312579,4.490817575,4.567390639,4.229449557,4.405306744,3.943257597,3.796699552,3.739533014,3.38037163,3.40097418,3.446439416,3.456757928
47,15,1.366312435,1.741807914,1.767532198,1.963006326,1.877730024,1.916387354,1.809521206,2.267620125,1.639239053,1.776360801,1.43396559,1.589404386,1.294626496,1.352231263,1.213032285,1.534669042,1.344997069,1.18733142,1.578120296,1.465601699,1.258693101,1.450935232,1.431867921,1.706507113,1.658232341,1.363741062,1.372469272,1.404739493,1.681677495,1.725236068,1.668435118,1.719285227,1.767625383,1.758865768,1.82837768,1.869868381,2.017030285,2.382083919,2.499514975,1.823919481,2.154967829,2.371420509,2.407528348,2.201833599,2.302769105,2.707721662,2.677986476,2.725672217,2.760295635,2.72686591,2.843532139,2.814324392,2.804896044,3.440497196,3.478133695,3.534010995,3.24954201,3.090018901,2.978869858,3.155136772,3.165638458
47,16,2.226382499,2.088755416,2.046224259,2.038100984,2.177935678,1.99801263,2.196581145,2.405947283,2.26431441,2.118290065,2.078906601,2.277734216,2.131864734,2.088790044,2.168899523,2.241717497,2.245808875,2.203584803,2.174397767,2.238626418,2.254165569,2.263657827,2.202717933,2.23281163,2.389029797,2.353300453,2.576614344,2.58878562,2.792160367,2.811757165,2.672639281,3.010900465,3.072753755,2.846623933,2.831401707,3.082018459,3.090098748,3.254903504,3.071199005,2.928510493,2.882779949,3.144097817,2.976834715,2.879434107,2.872124264,3.455179621,3.038893903,3.287802706,3.419619468,2.752207323,3.014136028,2.637922215,3.104256024,3.005030885,2.828406856,2.525393946,3.113590233,2.623894349,2.638150119,2.535492512,2.362542031
48,1,0.699476348,0.883025751,0.710201344,0.79956971,0.668677648,0.414433813,0.377554816,0.425297584,0.379139063,0.357384835,0.537922896,0.305537518,0.296383879,0.233599944,0.251922889,0.451327202,0.295443098,0.30817329,0.312162877,0.394771112,0.236176836,0.211424045,0.213390728,0.201722197,0.252682894,0.27751135,0.235275409,0.306715705,0.473766497,0.609398996,0.506199973,0.422731957,0.395247294,0.451866495,0.376654854,0.34604594,0.401309733,0.59096184,0.538883039,0.777899664,0.772194792,0.972589606,0.608383122,0.657910213,0.846693854,0.865056619,0.731761741,1.210808934,1.217058523,0.923712227,1.340552,1.259748597,1.434504841,1.399904848,1.488009411,2.895886261,3.743403102,3.65156531,3.655240178,4.310436241,4.545146936
48,2,,,,,,,,,,,,,,,,,,,,,,,5.71E-06,6.49E-05,1.30E-06,,8.99E-09,,,8.95E-08,,,,,,,3.03E-07,1.57E-05,,0.000454018,0.000511608,0.001005082,0.000429398,,4.04E-05,5.16E-05,3.23E-05,2.38E-05,3.32E-05,0.001154446,,0.000602035,,,,0.000997193,0.001264141,,0.000582448,0.001841981,8.76E-05
48,3,2.24013648,2.233419406,1.919814202,1.74217866,2.352075602,2.173611055,1.923171018,1.936760165,1.942081803,1.669301716,1.567659443,1.587307774,2.153791175,1.364711039,1.635819957,2.102675214,1.487181154,1.577343142,1.603965223,1.491292315,1.743829723,1.594469748,2.258976593,1.609760841,1.726974684,1.893591386,1.712666049,1.890425618,2.29430349,2.138346382,2.150597289,2.186297081,2.005843439,2.164349105,2.13603166,2.487715444,2.536590357,3.109251258,3.177579681,3.516432804,3.380173443,3.588759575,3.554196634,3.557166457,3.606350044,4.084626988,3.8602359,5.005186598,5.324168916,5.043712877,5.848016723,5.826583282,6.360067998,6.850342621,6.810703196,6.23005544,6.267176695,6.252296611,6.258170195,6.255243875,6.560203172
48,4,0.013820881,0.017782415,0.013356952,0.017571577,0.017760557,0.026019264,0.019293771,0.023131729,0.021150784,0.018685317,0.031543508,0.030095569,0.033985065,0.033212235,0.026409289,0.037609992,0.047295503,0.049293929,0.05643696,0.068652687,0.088266931,0.121353526,0.136847243,0.167447009,0.205303237,0.240803248,0.227113592,0.251594235,0.245314392,0.170889146,0.227853442,0.17829721,0.197971655,0.208542075,0.219712605,0.260483046,0.271362328,0.266365516,0.352937464,0.417940158,0.39115298,0.435125001,0.454345659,0.443642681,0.461366876,0.4386104,0.431812649,0.582106974,0.606820058,0.563357273,0.586238151,0.588790664,0.630418355,0.632536876,0.665471457,0.504836481,0.466425846,0.510815829,0.496803645,0.444980803,0.460400172
48,5,3.477326223,3.462130444,3.52962953,3.26708126,4.088056951,3.743632534,3.386687394,3.751653139,3.324838278,2.47298891,4.287555088,2.723780601,3.666951694,4.100545713,1.630247002,2.970557936,4.149022984,4.186872881,3.583449959,2.040991997,2.715635263,3.171054931,2.687978331,2.201486145,2.544600804,2.312954037,3.28145575,2.605514687,1.761054449,1.765179988,2.364005133,1.796839735,1.658441134,2.305843642,2.367220635,2.247701827,3.028467852,3.125557107,3.956714537,3.180539638,3.780915049,3.830234668,4.012928276,4.391375006,4.480174078,4.833915829,4.196026496,5.118323586,5.61375498,6.500951494,6.807848987,6.581215704,6.323549824,7.335012991,7.184867806,6.972361291,7.097182558,7.033081649,6.993446003,7.188493523,7.257805776
48,6,1.431491548,1.599722702,1.304821378,1.307242283,1.301856707,1.219595533,1.232005461,1.564978126,1.187719875,0.366739428,1.24878449,1.210627008,1.288541289,1.023295361,1.102715608,1.479422776,0.872248208,0.9641775,0.959887527,0.956542688,0.961340206,0.959466524,1.212622545,1.202821617,1.422531943,1.497993091,1.336507369,1.759864802,2.057288209,2.356824025,2.36596475,1.879916396,1.976262056,2.090208939,2.224830723,2.111258529,2.045539136,2.269685616,2.505295679,2.766670001,2.673873134,3.077103425,2.557664518,2.525800243,2.972478513,3.127628337,2.920003704,3.364577725,2.293538703,1.878773216,2.229209267,2.118740006,2.274109432,2.335531635,2.305068378,2.175312126,2.211519251,2.233022333,2.055818356,2.09007187,1.999401693
48,7,1.430752585,1.789974394,1.095037069,1.011955005,0.878598886,0.647184702,0.617593249,0.635523408,0.601246434,0.533712978,0.912673067,0.612408412,0.646377049,0.519452237,0.613328718,0.791937821,0.840928782,0.957670708,1.077956066,1.081465121,1.160312711,1.140500223,1.401288338,1.397486039,1.693618805,1.843178846,1.519230241,1.847729708,2.874114338,2.835760466,3.186291938,2.513051688,2.33511551,2.336207355,2.310813434,2.129611117,2.091580497,2.31801413,2.241183326,3.390417722,3.106311219,3.335741408,2.261321813,2.403916793,2.641824027,2.539033614,2.663880998,3.343161873,3.560434313,2.645175294,3.207705896,2.96064187,3.095854241,2.269248384,2.174115269,2.804337198,2.447259606,2.334392859,2.29242711,2.417184504,2.565925452
48,8,1.036161055,1.037995507,0.683959619,0.49121871,0.828725284,0.834725944,0.750562704,0.701901827,0.654621307,0.503551895,1.734816173,0.713688481,0.576267909,0.390461344,0.529557889,0.701539555,0.601634047,0.712641813,0.641786544,0.402699713,0.516754898,0.233820091,0.547624806,0.244363893,0.346719273,0.466883645,0.26008831,0.413151108,0.237287021,0.326336596,0.153388528,0.278453609,0.282799844,0.422296458,0.237984674,0.221940549,0.168652844,0.181782088,0.287393923,0.088376245,0.113456652,0.088202019,0.163296929,0.078256308,0.101212179,0.12860049,0.103488343,0.120518988,0.143421811,0.094149968,0.282896289,0.053841357,0.066149746,0.083758014,0.083099335,0.077781415,0.05577503,0.064079281,0.068965591,0.059238002,0.040516454
48,9,0.286580589,0.371075847,0.293536615,0.360015765,0.303749912,0.169401304,0.160110336,0.204560427,0.192388795,0.181810808,0.214181699,0.168752233,0.163896585,0.150930678,0.141561306,0.175967404,0.202415769,0.245728271,0.274307412,0.287917827,0.336372636,0.360307571,0.443086207,0.467319229,0.586536199,0.62493505,0.628548181,0.723841534,0.856310541,0.772054821,0.95366083,0.777047219,0.833415394,0.911213094,0.952466191,1.053486826,1.147087413,1.379126772,1.543268736,1.927544609,1.863206721,2.314596783,2.396384055,2.364719867,2.743991326,2.870701094,2.994969344,4.005932483,4.343628512,3.957965928,4.776248406,4.801408735,5.41831596,5.619545232,5.579650155,4.318873242,5.501269506,5.31541383,5.003862796,4.565368171,4.491969509
48,10,2.813910309,3.204179608,3.063110963,3.200672053,3.11200864,3.537832301,2.973321154,3.306266479,0.647999888,1.319630821,2.324394688,3.308719099,2.890627821,2.697650213,2.703949133,2.702937891,0.849557273,0.704863071,0.744913097,0.715860449,0.667536177,0.615828471,0.492517484,0.440025169,0.424491984,0.385976876,0.380954949,0.373947731,0.309857484,0.336882984,0.448566509,3.693084074,6.021259489,7.058478115,6.955244643,8.068479664,7.084053499,6.275600331,8.4171154,9.098764219,8.81914106,8.396898765,9.466020283,11.74421373,14.12400225,13.54025536,11.12699678,16.84610621,17.39558835,16.69719329,16.79646111,17.6420439,20.71313205,22.49678135,24.29278793,19.06575136,17.15948372,16.22717645,13.86451613,12.90014152,14.14911881
48,11,14.91834405,13.47293645,14.51520811,13.48867073,16.57828237,15.25072645,16.03641217,16.7293455,13.90936693,16.04408896,15.19933679,15.23801554,14.80581064,13.35762719,12.55202161,10.86176676,11.58169093,11.52779096,11.02147818,10.21036673,9.611697236,9.423117351,9.603703297,9.93089929,9.385888695,9.30502215,9.175620409,9.630981638,8.664374646,8.653185513,9.398402097,9.432723631,9.02886551,9.438711779,10.36567011,10.49774345,12.16082896,12.50778446,12.54487309,11.82460153,12.46891471,12.54943994,12.41363183,11.51435888,12.1674769,12.50411731,10.75997528,12.74871044,14.15023753,12.76030559,13.86445486,13.85260446,11.64081837,12.7337748,14.28281915,13.91409607,12.56458992,12.15391653,12.71113962,13.45862301,13.18113603
48,12,1.013648555,1.039898527,0.70110286,0.528345918,0.826045904,0.738239293,0.694194858,0.68202513,0.675334622,0.514344646,0.90713713,0.776277772,0.694385547,0.475149679,0.626562319,0.68933439,0.638412498,0.796439412,0.711716061,0.536187705,0.647642403,0.375639299,0.685956555,0.471859497,0.597731224,0.652299,0.478034962,0.661971921,0.789896385,0.860370286,0.803472951,0.647533094,0.620807221,0.750672919,0.576820361,0.662202208,0.578436288,0.682037061,0.800751185,0.889680281,0.853638051,0.962946284,0.698268625,0.639642672,0.762191677,0.795609227,0.823695483,1.035571016,1.065638842,0.538209421,0.342597065,0.089802738,0.059073671,0.074087548,0.083779693,0.069112306,0.04846482,0.059295129,0.053893446,0.052060871,0.046695201
48,13,1.310650483,1.464851447,1.026252635,0.917403336,1.026498164,1.023507494,0.84953382,0.842951945,0.821020606,0.649410872,1.045713354,1.021826214,0.99477041,0.870871909,0.90207935,1.095619939,1.323852858,1.502088305,1.60594192,1.559045656,1.867098158,1.908509362,2.433457903,2.47282117,3.070487517,3.088504367,3.109581987,3.696495731,3.785404684,3.381543753,4.036406599,3.857079293,3.910644204,3.277904991,3.417588256,3.6819368,3.868339978,4.536775467,5.185833216,6.076197,5.905646967,6.645063863,6.881822818,6.526578004,7.12841597,6.999075467,6.877007289,8.603927286,8.489892371,7.611957034,8.704724839,8.493921101,9.26750459,9.402890671,9.155968339,7.342446467,7.18465329,6.868604161,6.530219508,6.113330932,6.116502718
48,14,7.414923911,7.530360745,6.840976974,6.982846769,6.884921226,6.698276452,5.611016808,4.996653967,6.775772929,5.883582444,6.428370361,4.437849639,4.715150745,4.642237223,3.960456916,4.050781683,4.816317239,4.712758789,4.829050808,4.573465295,4.514113944,4.517936514,4.213744885,3.970339424,4.469405052,4.336241516,4.413437552,4.253671979,4.008298713,4.230674573,4.799884229,4.758533689,4.683144711,4.915690803,5.027429896,5.064854054,5.342318033,5.133591347,5.151269983,4.977647341,5.415172505,5.266826948,4.896007344,4.5952449,4.517999308,4.613230218,3.763608499,4.178475023,4.018799845,3.782598947,4.295987906,4.345905842,3.814375121,4.116362983,3.65728146,3.522492429,3.470004579,3.071852295,3.126522242,3.099021428,3.050023927
48,15,1.916906005,1.970517078,2.152740833,2.255773219,2.498589071,2.171506165,1.85502574,1.455132469,1.962548597,1.695316638,1.635719823,1.730656649,1.602018985,1.307603985,1.407991712,1.145575737,1.327467762,1.268927426,1.170658817,1.379219983,1.274246562,1.507731293,1.364204976,1.325739032,1.423953823,1.519688084,1.832396051,1.886129039,1.428942954,1.686811226,1.800329852,1.875176934,1.748312287,2.108513873,1.954812296,2.157933615,2.664667404,2.760281843,3.017517842,2.876434512,2.888105214,2.649349809,2.794392589,2.667766353,2.80719171,3.017097108,2.628655111,3.089345515,3.211807087,3.17260066,3.228606321,3.049108789,2.990533859,3.640532133,3.530267722,3.6469181,3.461381529,3.281197784,3.116263653,3.264464765,3.173728976
48,16,0.620724326,0.673476232,0.615716352,0.63195611,0.708304775,0.583674568,0.564367078,0.592493594,0.650234947,0.391366477,0.843355577,0.686103492,0.560082362,0.454141242,0.482300282,0.493859887,0.407695737,0.390960603,0.372187535,0.422582539,0.409420266,0.469117317,0.481114914,0.486135543,0.526277418,0.562139793,0.595610716,0.663525418,0.601146344,0.691368423,0.697595267,0.789160604,0.7779501,0.867933122,0.844762761,0.870547527,1.006125592,1.062102647,1.138558889,1.16567201,1.183517588,1.211632186,1.207342438,1.158519494,1.257007315,1.339887459,1.184953352,1.399549646,1.23707896,1.113908929,1.351793813,1.248082033,1.241194343,1.584469825,1.500632986,1.288521037,1.370860572,1.31068936,1.252036161,1.249933184,1.208571789
49,1,0.339604912,0.354360572,0.353021327,0.384140171,0.347847797,0.214895069,0.203012333,0.23956278,0.236991985,0.192208577,0.14400178,0.150491499,0.155707924,0.142590431,0.112750412,0.156265007,0.113612949,0.124051872,0.119343302,0.165090074,0.114164442,0.096630909,0.089292146,0.097196111,0.12700669,0.115787805,0.108922649,0.157990354,0.18847327,0.261765651,0.202073799,0.222975151,0.184584634,0.231382309,0.187104592,0.149825699,0.176052969,0.275875037,0.283790429,0.317093513,0.358281133,0.468270306,0.283221527,0.378504185,0.456966714,0.512413776,0.419988831,0.680855139,0.631530809,0.497560173,0.531884551,0.589550193,0.721385965,0.734502801,0.749821589,0.031503334,0.018217957,0.018148061,0.021598823,0.030044495,0.021789149
49,2,,,,,,,,,,,,,,,,,,,,,,5.38E-05,1.55E-05,0.000368103,4.69E-05,,,1.35E-07,5.12E-06,8.65E-06,,,8.32E-06,,2.50E-05,3.01E-05,3.67E-05,1.65E-05,0.00011312,1.04E-05,,,3.85E-05,7.58E-05,0.000109582,2.69E-06,0.000359495,3.87E-06,0.000154095,1.27E-05,0.000307776,0.000452039,2.24E-05,0.000312402,,0.003968169,0.003367605,9.91E-05,5.73E-07,,0.000301166
49,3,4.12023405,4.049968709,3.857515467,3.997168127,3.75913164,3.911768648,3.822224157,3.750363151,3.738314222,3.666622057,3.28384919,3.465828222,3.41430537,3.367267335,3.204146096,3.082922119,3.132341983,3.094585631,2.984577567,2.88727134,2.860055641,2.856421555,2.894244596,2.997509943,2.87871685,2.987225768,2.997379429,3.118161438,3.091918072,3.006336435,3.17439091,3.049575931,2.836087706,2.856717673,2.656099924,2.560498161,2.527366586,2.625951429,2.583523162,2.447785558,2.547680908,2.494028334,2.341009504,2.430637888,2.299215004,2.301708165,2.157426806,1.879782099,1.871051415,1.805925936,2.086909476,2.338958406,2.096894868,2.009586747,1.749632946,1.688925599,1.179960803,1.242963921,1.18562454,0.927361393,0.97309591
49,4,7.061478824,7.559975255,6.946357408,9.091751039,10.75841445,14.05025222,10.53451417,11.58190417,10.50652462,10.69568863,10.57425727,11.63515704,11.27466504,12.15445515,11.02968682,10.59187567,10.05863191,10.4387993,9.923328519,9.836384874,9.794532811,10.68707056,9.650582167,10.30927195,9.21660014,10.98735321,9.994674969,10.33848307,9.423090154,8.023118054,8.773414048,7.694718671,6.707024308,7.070274141,6.65590273,7.148973209,6.43200364,5.362475445,5.996622051,5.824912135,5.955317214,5.249509773,4.971094201,4.756732504,4.281711732,3.938415608,3.491067544,3.857679257,3.765541605,3.673643215,2.667728693,3.347998054,2.458517394,2.228649854,2.043154137,2.159190267,1.88793078,2.332944985,2.217127518,1.570077969,1.710375492
49,5,10.46371274,10.50159737,10.24665219,10.69203227,9.987068127,10.9476049,11.0647014,10.83030732,11.26104644,11.67552178,10.58287613,11.3072687,11.1877144,10.92628419,11.28691156,10.82767598,10.97320823,11.20924857,10.85328946,10.5366058,10.33454004,10.48223114,10.73719658,10.80074403,9.985110123,11.06250849,11.03307256,10.80228498,11.92942526,12.31134478,13.23977488,9.675620527,9.65058957,9.644430603,10.32709734,10.4389947,10.18830847,10.37726908,10.01195832,9.569988931,10.19493498,9.850090085,9.445003528,9.569729159,9.534057025,9.351007408,9.646464,6.00431853,8.590603012,9.9074298,7.106098421,6.933130831,6.300564753,6.928924434,6.819809331,7.489389974,5.735481309,5.768043301,3.737446398,5.477512741,5.274079463
49,6,5.450212388,5.525269416,5.474888903,5.579414976,5.282989181,5.656001632,5.621047933,5.60711559,5.748457199,5.818278129,5.207846423,5.652920125,5.803522372,5.542529039,5.414524873,5.234813015,5.492858975,5.676390549,5.467990238,5.334183388,5.219085832,5.331379139,5.40690603,5.476441862,5.254623725,5.51583426,5.435880334,5.250814762,5.633379592,5.523192746,5.762040624,4.916187553,4.609948713,4.620709614,4.474677839,4.493372452,4.370905885,4.37477819,4.343129587,4.175877145,4.345259961,4.274856164,3.975689453,4.069044279,4.160796301,4.07286285,4.277679973,3.369063451,4.732046774,4.813311886,3.126809263,2.98365543,2.773631427,3.03968061,3.052586804,2.991566638,2.996202987,2.756339385,1.945378933,2.826889666,2.618359879
49,7,0.003914653,0.009758602,0.003156377,0.005069136,0.004081262,0.084263422,0.089873795,0.106431765,0.185762477,0.139374488,0.142223409,0.156229015,0.184184747,0.186617079,0.170590342,0.207713672,0.291603719,0.315648174,0.374747308,0.440358871,0.519700063,0.542548554,0.565661048,0.654207454,0.801225136,0.737879956,0.662673216,0.896724492,1.098027493,1.200177875,1.278913914,1.361406976,1.098525131,1.236470814,1.15569679,1.05039823,0.998479268,1.123112635,1.20746853,1.423012519,1.424308637,1.647137396,1.076173134,1.397053004,1.491949278,1.520158312,1.55256502,1.884625867,1.825891761,1.411270469,1.385531624,1.42758199,1.53852315,1.249570309,1.071325383,0.014425884,0.01298578,0.009652755,0.014050291,0.018854284,0.010565591
49,8,0.005442698,0.005961071,0.004883724,0.006181038,0.006637452,0.008745674,0.007169383,0.010263077,0.139250394,0.011971566,0.012552001,0.011776279,0.015276681,0.022941979,0.014033561,0.017495054,0.021224475,0.021892693,0.020910053,0.024469402,0.061415748,0.027814878,0.019191801,0.124958027,0.149062433,0.078934075,0.067707893,0.064285383,0.043588181,0.041278038,0.031377847,0.034048745,0.02766127,0.039656573,0.069051792,0.097121792,0.043002176,0.048455983,0.096345425,0.054364457,0.089215062,0.049705338,0.063826969,0.098277148,0.060170959,0.06348599,0.056418064,0.081701484,0.087424164,0.061390171,0.07976791,0.072694353,0.07111345,0.056211131,0.053678887,0.069843716,0.082174255,0.050941901,0.053841234,0.058711528,0.046381654
49,9,2.917931686,3.009878886,2.993732832,3.205925364,3.024144891,3.247556172,3.252889384,3.26305415,3.432488869,3.449287167,3.171440988,3.484623373,3.584935262,3.599560474,3.500292068,3.541881323,3.675861062,3.841352409,3.782582842,3.730313291,3.791583298,3.909497975,4.043270493,4.224610011,4.009885493,4.381849731,4.429517993,4.548802287,4.825895189,4.822845621,5.210893,5.014308356,4.799852798,4.870336456,4.674711072,4.674910363,4.721620986,4.868861047,4.811858667,4.736256506,5.027303873,4.96954116,4.685594929,4.79061738,4.950037362,5.880110489,6.077855905,5.509522459,4.85386685,5.838633548,5.882378085,4.901742858,6.395201054,6.722166275,4.649185406,4.194772351,4.469734433,4.726687478,6.476590224,3.577771738,4.303395741
49,10,2.720287011,2.970502654,3.083796914,2.928658104,2.943363059,3.554456432,3.210911204,3.163757015,2.230755498,2.437164037,2.277468004,3.051545469,2.68500058,2.561640909,2.297567165,2.066989227,1.326260469,1.159880052,0.992987927,0.881595085,0.775875861,0.664521784,0.535802325,0.540728588,0.402418938,0.334515021,0.320994974,0.302010274,0.219851791,0.190443832,0.199375437,1.433656535,1.555232828,1.779068762,1.525388517,1.519751293,1.511373651,1.161115285,1.609347429,1.455390468,1.605486837,1.029154304,1.022540188,0.901601255,0.806871817,0.663084808,0.528582316,0.489376786,0.506536943,0.484675727,0.341879095,0.303406802,0.302155423,0.28474379,0.245353838,0.237510366,0.324574943,0.321191427,0.331383922,0.249448678,0.278929359
49,11,1.233636951,1.106730336,1.055417437,0.958351773,1.007349487,1.293538756,1.247465591,1.314309827,2.107138908,1.911576774,1.783236829,1.365209744,1.320724211,1.951970748,1.830569059,1.889491402,1.969282922,1.884346777,1.795095582,1.749482699,1.814736438,2.037574085,2.318343012,2.419177144,2.669380264,2.6277787,2.808669862,3.223778461,2.532623706,2.718172275,3.10009221,3.045829282,3.270477248,3.452676065,3.17073918,3.085293545,3.012906225,3.463503096,3.313719436,2.650884186,3.036107948,3.185620683,3.210321357,3.958145347,3.338943117,3.5533471,3.683973881,0.329327852,0.414521179,0.355838124,4.480888092,4.382861999,4.408936877,4.210449137,4.229641818,4.279802232,0.283356695,0.283950923,0.305313785,0.273525436,0.261676558
49,12,6.12E-05,0.000940072,0.000438689,0.000826498,0.000143813,0.013698439,0.016853484,0.020820353,0.050824889,0.029036944,0.03304025,0.039335074,0.043169793,0.048276092,0.040027706,0.048844301,0.068537732,0.074597955,0.081999762,0.097900714,0.115203309,0.103660092,0.113793362,0.124669946,0.155265483,0.142805531,0.125762768,0.176615279,0.231279982,0.254780371,0.281270757,0.260348669,0.208912864,0.260806053,0.221046019,0.240535778,0.213449607,0.268760452,0.306478919,0.347513257,0.35751634,0.438836086,0.27581591,0.337677152,0.377898393,0.419421656,0.43014886,0.536172042,0.503157994,0.248351342,0.093957666,0.019217083,0.003064427,0.003384214,0.000585603,0.002879289,0.00259178,0.000708135,0.000470189,0.002111342,0.000927035
49,13,3.710779529,3.790314474,3.783737423,4.008316923,3.759739417,4.308528441,4.233946432,4.228497707,4.258096274,4.328135551,3.9623993,4.16185163,4.206162989,4.103854225,4.116523448,3.830924911,4.045445097,4.170775435,4.195492223,3.993891172,3.984771645,4.089213522,4.183071523,4.397691185,4.123798496,4.286899745,4.312841318,4.320005061,4.746920211,4.840153468,5.204592226,5.07526109,4.282307428,4.410942901,4.305730397,4.377766006,4.266273194,4.293744851,4.22617423,4.194601887,4.444700805,4.10297754,3.893647835,3.958568187,3.916017278,4.071665732,4.123367617,3.779247851,3.823273368,3.762280716,3.208210428,3.243306967,2.069896623,2.88145571,2.580835221,2.61070887,2.885509386,2.749133193,2.287049319,2.080494252,2.114048954
49,14,5.4116882,5.285577197,4.952092542,4.718035024,4.474035385,4.764943906,4.495004598,4.140911961,4.481065634,4.319112489,3.728659324,3.602569397,3.478667971,3.48855638,2.870577774,2.753128664,3.050025759,2.983179729,2.783444973,2.608701395,2.456008239,2.352585712,2.308664233,2.379961403,2.082294396,2.201251241,2.201694533,2.351676595,2.252298229,2.265741071,2.542441614,2.500328483,2.382691486,2.536623876,2.345942761,2.259261798,2.262730074,2.238236517,2.406961194,2.224765325,2.549838066,2.407528098,2.10765671,2.147918724,2.036984426,2.639309563,2.317421229,1.68242197,1.967305862,1.862788119,2.323049372,2.507865507,2.328660376,2.308594796,1.892201344,1.376339613,1.172318587,1.25107666,1.352510369,1.141341272,1.004264902
49,15,0.40737345,0.411653072,0.39956238,0.440206015,0.427913382,0.453215721,0.388275303,0.456227638,0.42711613,0.367705063,0.241235369,0.289682675,0.266233032,0.364075919,0.289928934,0.31982591,0.294674128,0.311776459,0.30258151,0.303011075,0.300815594,0.346673866,0.413084493,0.413125253,0.502465154,0.494276067,0.512878629,0.616449489,0.456296851,0.482806924,0.531811508,0.527491804,0.548797042,0.616972087,0.566698934,0.534220199,0.535990246,0.665585499,0.641586623,0.467382049,0.538270198,0.544076633,0.563250103,0.700032686,0.579971379,0.682811111,0.69820261,0.031181521,0.041548305,0.040268558,0.728628217,0.677607355,0.741515043,0.856064836,0.758837808,0.879808059,0.027681058,0.028843459,0.024442394,0.028655293,0.020654153
49,16,2.844952153,2.821264173,2.784089412,2.806594019,2.801645126,3.043219584,3.078166905,3.140809847,3.274433262,3.192520737,2.873347738,3.169786024,3.193408729,3.21622882,3.288172919,3.171722862,3.291802925,3.448954067,3.416547404,3.404753772,3.449986965,3.629155725,3.798567525,3.93217438,3.669491533,3.935747337,4.052304232,4.100548808,4.26169319,4.235604007,4.382578651,4.599311513,4.349801517,4.321953487,4.185169384,4.094628352,4.218253841,4.085914072,4.00352842,3.868140662,4.098697536,3.918277608,3.789927008,3.821630551,3.704716587,3.78064831,3.767972318,3.441037578,3.405894078,3.46579819,3.267781043,4.024297002,3.174090366,3.313253381,2.881534325,2.716219092,2.621575056,2.395250137,2.336685385,2.067906944,1.90542482
50,1,0.741953184,0.785279605,0.821896861,0.896650869,0.831216119,0.458160576,0.470060375,0.505178806,0.463837747,0.478876964,0.292879141,0.288779038,0.278325385,0.24996955,0.229071073,0.304301804,0.214073037,0.214500733,0.243470512,0.318975195,0.173039055,0.182069683,0.157169328,0.182156441,0.200591609,0.18669691,0.177503117,0.163616406,0.231234162,0.376036098,0.266057678,0.256517126,0.201996569,0.250815159,0.223867301,0.165175607,0.20153608,0.297756307,0.378052353,0.357508032,0.388837853,0.496286671,0.432821202,0.511013877,0.628234469,0.871860586,0.545805113,0.857756041,0.889964773,0.732554918,0.786869629,0.876066245,1.089493792,1.039087406,1.098132808,1.268349497,1.386780312,1.398337213,1.428792979,1.505562979,1.570228106
50,2,,,,,,,,,,,,,,,,,,,,,,,,3.94E-05,,,,7.94E-05,7.24E-05,0.000288213,,,1.74E-05,,3.94E-05,1.62E-06,5.62E-05,1.62E-07,1.39E-06,7.45E-05,,,,,7.43E-06,0.000102289,0.000240835,0.000279077,0.000151137,,0.001938313,0.001146803,0.002177581,0.00054488,0.000603478,,0.000292908,,2.76E-06,0.00014869,0.004620566
50,3,3.451822861,3.588541966,3.674414463,4.020337525,3.59488198,3.161562431,3.476761781,3.271278219,3.27903606,3.48825366,3.178967214,2.822146535,2.934109031,3.201218583,2.737070901,2.824305807,2.839217877,2.560059648,2.677274147,2.925909721,2.604359904,2.940325448,2.606922213,2.839547379,2.695177776,2.825976059,2.849807699,2.663750859,2.906290285,2.827651478,2.865445719,2.70165932,2.593540912,2.518910846,2.524690519,2.389589688,2.392401413,2.410739142,2.39834736,2.537454507,2.542421924,2.626253137,2.500587335,2.450918098,2.445920849,2.502311498,2.438083543,2.518869903,2.35534942,2.217405849,3.164806988,2.885419713,2.933188459,2.967517413,2.779898743,2.652299042,2.463237583,2.468890128,2.032047481,2.129027564,2.36139928
50,4,4.719431747,5.206892748,4.551278699,5.877851,7.50704105,7.964440521,6.763351107,6.94715576,6.475433905,6.762159883,7.26365622,7.224384783,7.163812439,8.004089714,6.983966991,7.517126012,7.009037385,7.18801614,7.19114885,7.430833435,7.26809577,8.093623933,7.155867469,7.233167425,6.960583034,8.49137645,7.625666422,7.795138227,6.831540652,6.170136595,6.370295196,5.881316607,5.431225803,5.753214583,5.37250167,5.530189675,4.712146977,4.107704021,4.517432561,4.231830409,4.131518602,3.769937515,3.693809579,3.134187433,2.896725286,2.642175033,2.535039631,2.416893709,2.201095914,1.908851051,2.782175017,1.643600186,1.179628636,1.472154319,1.692434202,1.308251532,1.439203557,1.329331648,1.030759119,1.208663061,1.236847094
50,5,7.447280195,7.74746104,7.513887213,7.869274785,7.600454792,6.848315852,7.798537863,7.142273259,7.587437619,8.208960942,7.91685156,7.486721181,7.628133271,7.852533169,7.622217856,8.095946356,8.099236744,7.992491719,8.202260203,8.495770161,7.931566157,8.407840667,8.192138715,8.027703186,7.770974687,8.811778684,8.662518345,8.219357732,9.080701159,9.675265936,9.898117357,7.532000195,7.916062013,7.83466806,8.450928596,8.306470132,7.877657138,7.981096303,7.7524197,7.689227527,7.612580206,7.827162158,7.673402089,7.114572162,7.305458634,9.21018174,4.977538957,4.924687653,4.953499786,5.047037948,7.386836569,6.642438409,7.264727471,5.224975679,5.597576799,5.430921925,4.564987629,4.323780431,3.477807424,3.887408444,4.357321142
50,6,4.245341776,4.408470459,4.28099368,4.322439249,4.295869606,3.756969812,4.188179584,4.040517613,4.074978925,4.021800226,3.955679561,3.918243183,4.096418798,4.10056014,3.82130957,4.193002394,4.101736023,4.155536585,4.210093209,4.316029872,4.055094089,4.328006666,4.342153005,4.248117533,4.234273268,4.550141061,4.46916378,4.061892078,4.322608577,4.612897887,4.485803547,3.941615862,3.880990421,3.886351855,3.80175677,3.665731962,3.3958258,3.500504416,3.523967712,3.262907964,3.241825257,3.371626156,3.246951742,3.044223873,3.199114025,4.168037615,2.216339136,2.434826002,2.691539783,2.371635959,2.987686669,2.699554215,3.030747725,2.16682237,2.366554655,2.195694869,2.112416487,2.124825907,1.582860581,1.783241122,1.887345746
50,7,0.682694963,0.660880781,0.764766486,0.823903682,0.56129644,0.521110843,0.598108888,0.582366494,0.559416448,0.730637362,0.47766769,0.379411237,0.459937955,0.514412802,0.417515197,0.481062389,0.564533334,0.532284589,0.686629864,0.843634009,0.755388565,1.007733188,0.9289563,1.182370237,1.24934879,1.161757742,1.088564465,0.81552165,1.286594975,1.64032805,1.543073066,1.364863989,1.073646038,1.198719893,1.219659359,1.051726912,1.01269256,1.123024106,1.037207305,1.544972864,1.463586705,1.652862358,1.559860083,1.783619102,1.928349398,2.074819489,2.058514845,2.299293348,2.558881676,2.020446807,2.027889871,2.095178973,2.306572486,1.634941494,1.546354797,1.201717265,0.904308443,1.337108382,0.888191677,0.836548087,0.923567123
50,8,0.54072971,0.644442365,1.02933379,1.265369215,0.7953012,0.835071585,0.954810806,0.847492244,0.880407453,1.32629562,0.772972205,0.545531953,0.573010804,0.737996833,0.526779613,0.565751516,0.619636303,0.372730757,0.548069971,0.663713794,0.47376281,0.732087911,0.364068205,0.562080208,0.411272215,0.386694172,0.469169371,0.274394175,0.395580842,0.247616473,0.420275384,0.281129565,0.230159018,0.116649327,0.272320258,0.254308471,0.278838847,0.237267684,0.076400725,0.26111494,0.217755322,0.219790462,0.130667435,0.204348659,0.150477606,0.422758756,0.123580574,0.093827242,0.078196885,0.089094183,0.100832612,0.103512205,0.078668546,0.049968642,0.06382806,0.052433306,0.060454707,0.04607918,0.041424585,0.045914531,0.040408116
50,9,2.176253945,2.32302422,2.238951868,2.375510889,2.39652116,2.027572341,2.236512575,2.140152401,2.282659565,2.359586408,2.338736016,2.278717825,2.393442849,2.476969718,2.313191563,2.612396007,2.665450232,2.748641344,2.868089673,3.004617135,2.938184145,3.119303264,3.165241493,3.162916378,3.228108553,3.590362855,3.577115129,3.615353921,3.753925305,4.033666314,4.044939385,4.051229904,4.065462852,4.195644188,4.041591126,3.886157855,3.762386803,4.068377164,4.057856365,3.857413918,4.006141961,4.108870803,4.128062808,3.783561823,4.041853736,4.390528565,3.537213988,5.001723689,4.347379855,3.678750151,4.124414658,6.4088438,4.112293648,3.664227539,3.999669576,3.65839897,4.649564647,4.146890912,3.284520603,3.824516255,3.192872635
50,10,2.871981403,3.144319513,3.196538763,3.052920826,3.223085344,3.298938049,3.106982075,3.08043179,1.569881469,2.182710824,2.12082347,3.020954232,2.644728008,2.659721598,2.412732332,2.331389074,1.175322014,0.981975897,0.945039128,0.877777748,0.756006975,0.695230138,0.557047011,0.525157,0.426853859,0.382730226,0.35822967,0.379171967,0.28636912,0.328712887,0.347336986,2.810811594,3.520433775,4.245860979,4.259871963,4.493634067,3.84912436,3.259114187,4.180088209,4.317934994,4.880465326,3.632714323,4.001331361,3.956323233,4.403194616,4.761745705,3.573684225,5.439404095,5.473922961,4.939121711,4.773787109,5.509903963,6.472124702,6.407139101,5.834054935,6.155111641,5.440449559,5.700830064,3.927766579,3.769189054,4.584116945
50,11,2.033433189,1.761679589,1.749156728,1.612531523,1.671957721,1.706709622,1.741317711,1.75932834,2.568300282,2.673669726,2.650963846,1.908639192,1.888499063,2.40441189,2.037904876,2.056844996,2.201593121,2.041037774,2.015599446,2.291914211,1.865491168,2.222134045,2.351911453,2.549004792,2.536549247,2.701926745,2.57718602,2.707415219,2.889493257,2.683490108,2.857969847,2.962529396,3.1464483,3.077829259,3.120784595,3.229645184,3.476865096,2.890098014,3.266984487,4.004757724,3.666324031,4.346357019,4.276718092,4.800231547,4.470581898,4.353350759,4.053061931,3.269067583,2.911736356,3.159193302,5.551388972,5.69332001,5.613031914,4.789090721,5.280157051,4.792328413,2.518695431,2.765397427,2.377182306,2.459305287,2.556385388
50,12,0.528622635,0.615859382,0.952171938,1.141039657,0.786513503,0.758665714,0.855332709,0.833325669,0.842294232,1.025286273,0.797126967,0.59296666,0.677663636,0.822265235,0.610324354,0.597989254,0.63298569,0.455404946,0.549576834,0.717489446,0.545402491,0.763403144,0.507376796,0.696919638,0.575994252,0.520445097,0.57917282,0.382604346,0.601009957,0.562278447,0.678262682,0.45447376,0.369796902,0.355422533,0.408889497,0.414766986,0.423326472,0.454227031,0.486665295,0.600502904,0.548599928,0.646387996,0.514958312,0.601519545,0.626311116,0.69350671,0.660687175,0.743488324,0.783963134,0.451968258,0.248032334,0.148126759,0.090468241,0.070200462,0.072704256,0.068800154,0.075780011,0.053488034,0.054340568,0.057059588,0.053621608
50,13,3.196802181,3.501628163,3.516527987,3.776643843,3.343866884,3.122555275,3.448170304,3.262973834,3.303122212,3.591900765,3.46603655,3.135908628,3.356998789,3.399212786,3.185682019,3.337742597,3.526665966,3.364583439,3.683692746,3.817130534,3.577644578,4.01919285,3.97988823,4.151721392,4.071721342,4.301956663,4.265933789,4.345091617,4.967277896,5.497000014,5.202034409,5.215509481,4.528766048,4.536677228,4.587620514,4.57304139,4.334286817,4.663799188,4.453752351,4.705546245,5.149371165,4.851783033,4.841144492,4.420591444,4.506203173,4.771023269,4.092127965,5.232803591,3.989217166,3.834172171,4.367341225,4.097313488,5.164352464,4.275675643,3.942745365,3.779886569,3.578367188,3.971961142,3.375920207,3.371138049,3.30372327
50,14,5.921333081,5.791862273,5.386771463,5.171121693,5.09598187,4.604569705,4.855005865,4.2530755,4.65962481,4.909062287,4.446346,3.681867411,3.676794358,3.927020411,3.174460951,3.221296693,3.739001543,3.671218725,3.695548828,3.659925481,3.421410246,3.470293619,3.440336107,3.333160358,3.185712633,3.35620146,3.316934292,3.482726294,3.349295659,3.502813659,3.730810231,4.030151539,3.85650502,3.898170194,3.958831213,3.627946679,3.502587854,3.386494009,3.772153493,3.712990013,3.659628886,3.765011454,3.253233948,2.9839209,2.732541843,3.237883067,2.721171537,2.334531674,2.495163716,2.67980329,2.502411649,2.618204711,2.417525875,2.12937668,1.894301728,1.772693209,1.700522741,1.576583829,1.290598095,1.328413719,1.329220839
50,15,0.720559405,0.753944831,0.776799364,0.863938522,0.891454844,0.792208551,0.730135867,0.821741789,0.758194046,0.709942316,0.437003596,0.510765765,0.438820288,0.493563157,0.420192475,0.410327819,0.389176917,0.398055684,0.39181841,0.435196725,0.345656672,0.406083526,0.422137756,0.480334272,0.532352653,0.578317933,0.509240125,0.558155717,0.5897464,0.595397764,0.5874759,0.631055853,0.620044477,0.681810635,0.722698512,0.725150596,0.808366197,0.743720834,0.873241758,0.906659086,0.907537393,0.956404501,1.028648303,1.082266094,1.038061113,1.111377389,0.994043921,0.901048886,0.77512311,0.81950476,1.183626864,1.215550202,1.277399932,1.293836474,1.206090603,1.270607148,0.761656245,0.792921359,0.622593308,0.629862597,0.640636945
50,16,2.183971783,2.225157418,2.132365251,2.135935871,2.29232245,1.935215541,2.205031685,2.152540777,2.243388786,2.30150572,2.086421468,2.213521868,2.20975687,2.289579893,2.240962428,2.39142756,2.406795721,2.471173763,2.600366151,2.686001854,2.636000564,2.848859568,2.913719376,2.8896724,2.861510359,3.137749806,3.183500689,3.168072935,3.19591941,3.374331594,3.298199751,3.669924477,3.641792706,3.625941627,3.520076054,3.312772398,3.265393986,3.242597062,3.136538384,2.969722161,2.98550303,2.978560518,3.000301514,2.698401793,2.691580963,2.898615434,2.457832742,2.390181506,2.364969595,2.30942829,2.618913908,2.134986599,2.200603313,2.02108608,2.354583252,1.779087581,1.773323197,1.947710871,1.516937771,1.594901383,1.599171186
51,1,0.163205446,0.181252344,0.185471651,0.213958083,0.196932615,0.100557121,0.107503527,0.139996888,0.121408802,0.114917108,0.072131916,0.07839102,0.083098511,0.083003691,0.055558825,0.113902403,0.056760511,0.063736953,0.056054646,0.072343907,0.043123176,0.040156117,0.041899856,0.041158704,0.044761661,0.0534531,0.048187442,0.048481003,0.103975578,0.098490104,0.061457604,0.082064219,0.050671183,0.062840025,0.053865061,0.045238783,0.059499508,0.089426975,0.076051163,0.125213354,0.129477974,0.126772436,0.11691441,0.124129671,0.158335371,0.182286675,0.148602142,0.224991114,0.218843219,0.176899696,0.19132155,0.198793518,0.233306879,0.261541801,0.259486434,0.480928734,0.498581464,0.570888025,0.576900292,0.623436126,0.594920569
51,2,,,,,,,,,,,,,,,,,,,,,,,0.000157116,6.94E-09,,,,,,,,,2.45E-06,,1.65E-06,1.59E-05,3.91E-05,9.83E-05,5.91E-09,,,2.65E-05,1.44E-05,,,,3.64E-05,,,0.000104614,3.21E-05,,,,,2.40E-08,,4.61E-05,3.72E-05,,4.33E-05
51,3,0.895034677,0.74825369,0.823515494,0.804669242,0.822623316,0.813489668,0.751137861,0.81724211,0.762244688,0.762485498,0.673530339,0.686478413,0.758535577,0.675270122,0.696283451,0.743232994,0.641693713,0.667230289,0.67745052,0.68632986,0.692831629,0.748334867,0.76222033,0.86781043,0.764782923,0.728142081,0.726285043,0.773345832,0.804226251,0.757479411,0.664807733,0.717139917,0.656220607,0.664979216,0.577694156,0.579658336,0.562973711,0.524023123,0.610436663,0.613865464,0.497150108,0.500560405,0.496527257,0.438264132,0.423730617,0.519638365,0.426846067,0.441925002,0.42437513,0.363608845,0.329115114,0.345292577,0.379191693,0.34995579,0.465105127,0.395668566,0.306274521,0.289028848,0.285134353,0.337391838,0.306125224
51,4,1.740036141,1.618993002,1.669899113,2.027597254,2.614770183,3.294714945,2.264162789,2.713162157,2.375035305,2.37958869,2.334015956,2.459357056,2.631948865,2.477881138,2.457648317,2.593227357,2.153314956,2.345624054,2.334356984,2.421727441,2.544983473,2.925338432,2.612247748,2.999108131,2.53454865,2.640094186,2.480876605,2.724042386,2.353955296,2.045558156,1.914921129,1.826611167,1.60715603,1.672348038,1.470153268,1.548248069,1.4764002,1.108536261,1.386229083,1.340729664,1.07329398,0.914450329,0.846730796,0.704845529,0.629921319,0.770457377,0.486944918,0.539603983,0.466009721,0.251858239,0.28231652,0.238445931,0.233704039,0.20503044,0.601308832,0.384213092,0.181474183,0.19823214,0.170638167,0.277023965,0.217419144
51,5,2.576326235,2.248869157,2.462326323,2.382755189,2.425819131,2.570032907,2.376486342,2.530865528,2.533550657,2.604031316,2.334381632,2.38470816,2.605090688,2.244299577,2.501466225,2.640689223,2.34956749,2.492274642,2.546669998,2.591697472,2.638198235,2.845741893,2.891047012,3.094034693,2.722622057,2.667158554,2.688848648,2.780714838,2.985932021,3.118842915,2.83058997,2.276112194,2.287382321,2.297336446,2.271407305,2.34130298,2.313232926,2.104727498,2.374447836,2.342463716,1.903629478,1.88513742,1.849599838,1.597772445,1.59239492,0.930040897,2.327461064,3.193534108,1.018887624,0.959065752,3.433988541,1.820508692,1.745061939,0.856784348,0.958427629,1.440390278,1.129137666,0.88512958,1.133067985,1.58507351,1.117741683
51,6,1.353023895,1.215680538,1.346183733,1.289733514,1.324831831,1.363070041,1.243172786,1.382701828,1.335400061,1.276333777,1.161779049,1.229133899,1.385950604,1.1708243,1.239427605,1.326616129,1.173252397,1.269453106,1.27676686,1.286508823,1.316857933,1.423211512,1.451040072,1.569576034,1.402488676,1.325220056,1.345362689,1.353764815,1.46409088,1.406843085,1.245528486,1.170441837,1.083015656,1.062085204,0.970547225,0.957759412,0.990603051,0.89459816,0.974841086,0.968030636,0.809906644,0.752986381,0.701160184,0.629370603,0.646896947,0.383127475,0.966557023,1.343920822,0.45867992,0.314253897,1.399844633,0.695681079,0.637878758,0.325945397,0.399114503,0.614026764,0.406998129,0.403781045,0.543606845,0.615514607,0.492387712
51,7,0.002929434,0.001336511,0.002300562,0.000915299,0.001076047,0.029159093,0.032029092,0.037520738,0.038068229,0.077229444,0.051010655,0.054831625,0.072607681,0.057118874,0.054009905,0.073059186,0.0864429,0.096512191,0.113448703,0.143911049,0.151482384,0.18256667,0.225127337,0.234671408,0.255514014,0.306934827,0.273192993,0.226199016,0.578797674,0.389797537,0.340776019,0.442190281,0.270924113,0.293413806,0.279416542,0.280237099,0.300841216,0.3264018,0.290699088,0.537006094,0.497159713,0.421399229,0.397869324,0.436612101,0.485601789,0.520488725,0.526090824,0.599941552,0.620521243,0.479364036,0.474539995,0.455353371,0.494166133,0.407604225,0.358384031,0.453813761,0.320959458,0.358948095,0.354287051,0.343504138,0.328602263
51,8,,,,1.96E-05,,,5.93E-07,2.15E-07,3.22E-06,0.059403614,0.023230693,0.002861123,0.006151359,0.014687815,0.015043501,1.68E-05,3.85E-05,0.000192036,0.02495051,2.72E-06,0.000184166,1.39E-05,0.000153851,0.000105215,5.30E-05,0.001056644,9.70E-05,,1.92E-06,0.0006002,3.41E-05,3.76E-05,0.000544962,8.45E-06,3.10E-05,0.000226619,0.000489233,0.000169847,0.0001403,0.002199699,1.13E-05,8.09E-07,1.74E-05,1.91E-06,3.66E-07,1.04E-05,2.19E-05,0.006948283,0.000575418,1.90E-08,0.000171425,0.010991091,0.000281358,0.000297723,5.92E-05,0.000519226,0.000586476,0.000320336,7.64E-05,0.000704498,0.021299161
51,9,0.756618082,0.69518473,0.766494136,0.774364254,0.791329133,0.782977495,0.72435774,0.804731945,0.811499829,0.800513847,0.721155679,0.758989283,0.8588648,0.762342675,0.795259303,0.895471733,0.807951893,0.887831992,0.913325836,0.937545483,1.003215764,1.087030246,1.117514579,1.249246009,1.121155496,1.086236023,1.127102579,1.214241354,1.256768538,1.259650243,1.158362225,1.224515623,1.161741459,1.168229556,1.052295495,1.034419684,1.110192225,1.036524999,1.135918352,1.133467376,0.957217884,0.898261535,0.846693613,0.760432162,0.79051526,0.173986177,0.35007393,0.421915101,0.462278619,0.480178197,0.136477221,0.152914034,0.225379732,0.105455914,0.307468085,0.781048889,0.104136623,0.132025777,0.156687913,0.501906517,0.177399877
51,10,0.744947607,0.772340286,0.877147615,0.842340871,0.881329384,1.030406741,0.8069459,0.923544507,0.407554971,0.577782886,0.54007774,0.824192276,0.784109643,0.684895543,0.682163254,0.646060551,0.263740763,0.246857821,0.223709606,0.201828904,0.184372572,0.172780599,0.134735302,0.156661612,0.116934015,0.087930641,0.089695851,0.094608945,0.068645299,0.061971178,0.063613939,0.494362769,0.530620656,0.610924083,0.558025362,0.509108121,0.529618065,0.385580796,0.581766272,0.519592102,0.465865918,0.288671334,0.28456461,0.226638399,0.189003653,0.124841361,0.120519072,0.08549911,0.206425894,0.127259657,0.087884898,0.083180994,0.059980087,0.068976482,0.065176918,0.07336197,0.067734833,0.087914661,0.08615461,0.09713049,0.076642699
51,11,0.484989712,0.443814161,0.436906751,0.411693534,0.432167144,0.498681673,0.421960402,0.476076142,0.76211671,0.731923835,0.646937658,0.464217119,0.482094212,0.640844033,0.511106476,0.585869194,0.589182611,0.49943489,0.554594503,0.552375984,0.472143832,0.606686013,0.700506111,0.696166838,0.806330309,0.786763093,0.664109501,0.764450597,0.781149593,0.748438198,0.65365942,0.800431161,0.836058674,1.019160505,0.839600544,1.04716015,0.741376658,0.743923704,1.064899134,1.125664264,0.853817219,1.110055108,1.29581483,1.170499805,1.075079235,1.124549378,1.252552122,1.245614021,1.423079817,1.520314857,1.04421859,1.359206647,1.5346687,1.101667174,0.993781675,1.127982696,1.158587923,1.073086118,1.213916684,1.28879108,1.24333522
51,12,0.009699332,0.009138845,0.009716748,0.009691213,0.009774095,0.010351741,0.0135093,0.016975143,0.017067029,0.033138655,0.019365635,0.021134778,0.024254435,0.023963829,0.020599206,0.029035155,0.029196168,0.031204719,0.033837295,0.038807657,0.039845851,0.040764457,0.052648848,0.052862296,0.055860515,0.0674572,0.059644549,0.051335362,0.130768801,0.090764247,0.080376838,0.090526781,0.057034421,0.069373918,0.061131464,0.069884367,0.069994532,0.084649293,0.080446522,0.14087275,0.130287374,0.119748983,0.107619961,0.110606234,0.128624745,0.149686615,0.154022534,0.180216711,0.178460634,0.092859344,0.039082437,0.015080205,0.007230671,0.005773499,0.005904535,0.006842623,0.004773229,0.005687025,0.005414072,0.004949081,0.013645421
51,13,0.911952324,0.808563304,0.906552997,0.889824552,0.908606738,1.00200028,0.906038381,0.984763163,0.953591376,0.963451577,0.871518036,0.876520001,0.976406129,0.832711303,0.912190418,0.934828276,0.8669004,0.936681909,0.984871498,0.977490368,1.027293807,1.11383845,1.131311256,1.273601424,1.123125232,1.033772717,1.072482035,1.134772321,1.210736057,1.241934302,1.140039716,1.215762735,1.025073887,1.043475235,0.951275012,0.955056322,0.985810784,0.894313526,0.976204276,0.987582572,0.826995464,0.731106475,0.689631682,0.61268354,0.605662432,0.476436057,1.22424777,0.473779576,0.537859596,0.573541273,1.046334489,0.625462667,0.265101064,0.588109327,0.536114162,0.575927917,1.008459102,0.412313136,0.607587599,0.502813583,0.407325372
51,14,1.509069435,1.405672683,1.438148105,1.386787952,1.36930971,1.415852225,1.252532111,1.252921492,1.411151481,1.407727546,1.148717961,0.993718212,1.081317709,1.019444704,0.885029922,0.902087243,0.97664535,1.003558299,1.038422185,0.934651351,0.939834743,0.904823786,0.927876658,1.038025091,0.938985144,0.892857503,0.879664782,0.981125888,0.957261717,0.978320577,0.954759734,1.034656305,0.961914039,1.024846493,0.975764623,0.88254959,0.900787856,0.819161059,1.027952064,0.957295245,0.842258822,0.802922322,0.739080304,0.640600935,0.588509807,1.091719626,0.94685781,0.912138692,0.861407644,0.97024783,0.730850608,0.897357413,0.979146187,0.776260668,0.605344071,0.43103088,0.748117028,0.860195889,0.780776834,0.767088588,0.695560794
51,15,0.188715577,0.202098707,0.204198787,0.238453112,0.236204928,0.201833436,0.196947461,0.259862247,0.232785454,0.20183352,0.124848291,0.151922028,0.148822159,0.212868509,0.120682801,0.196022115,0.137746482,0.136077213,0.130694561,0.121760875,0.101450348,0.123528995,0.142380287,0.188932779,0.165269942,0.180852466,0.139085482,0.160196679,0.163242396,0.158601262,0.120907864,0.166310992,0.146703659,0.195401857,0.164181765,0.201047578,0.14772002,0.164145526,0.228577012,0.214978898,0.172540126,0.207219408,0.256214912,0.23068154,0.214045324,0.243352428,0.253517365,0.247287723,0.253759083,0.289652509,0.179967885,0.219582789,0.269265498,0.231446422,0.185057425,0.239215528,0.245578323,0.222304645,0.232433872,0.248294134,0.244299836
51,16,0.735493646,0.651970559,0.714157033,0.682403476,0.739731287,0.741921688,0.694308323,0.789378584,0.779074094,0.759354951,0.653505371,0.724104355,0.790137285,0.719436751,0.765301675,0.827222307,0.731879569,0.800660621,0.826509037,0.854120642,0.904141665,1.004104694,1.062169459,1.156373133,1.015922195,0.969039281,1.017799361,1.09326443,1.095743669,1.108236942,0.971129591,1.125579132,1.059006713,1.049292623,0.950528071,0.919550643,0.99281651,0.868855706,0.956292951,0.923281621,0.766604778,0.721154074,0.700416407,0.611891307,0.592456504,0.333254966,0.37093793,0.323565057,0.266192927,0.26851449,0.285829919,0.272500934,0.248573919,0.291501891,0.311592584,0.517967501,0.246851129,0.203441537,0.213630546,0.268171401,0.198792158
52,1,1.3219982,1.554251831,1.580932389,1.778096521,1.679154416,0.91923868,0.857708138,0.960860436,0.825995642,0.864143804,0.531551795,0.548114285,0.49388269,0.431079108,0.383503291,0.533633168,0.330679747,0.391023301,0.375172901,0.477729924,0.417032259,0.365665497,0.349815923,0.411158111,0.403403008,0.422483424,0.363209527,0.201964575,0.268758804,0.308102926,0.178826725,0.23519665,0.186152379,0.186808487,0.196933715,0.136031785,0.22120779,0.239093765,0.222579201,0.239259941,0.307727436,0.320919978,0.863319035,0.91677726,1.121082118,1.244921796,0.897700545,1.39936815,1.229744855,1.016064469,1.090126247,1.106484058,1.397737745,1.336807287,1.499225802,2.728023553,3.000874945,3.417392909,3.245073284,3.939454885,4.041357623
52,2,,,,,,,,,,,,,,,,,,,,,,,0.000347565,2.88E-05,0.004392175,2.91E-06,,0.000212501,1.97E-05,7.16E-06,3.03E-07,,4.13E-06,,2.53E-05,4.56E-06,3.15E-05,5.97E-05,3.74E-05,4.02E-05,0.000299225,,0.000369742,0.00012033,0.00011595,0.000385891,0.00030921,0.000239432,0.00022524,0.000317772,0.000507282,0.002588329,0.001354561,0.001420648,5.48E-06,0.003314456,3.43E-08,0.004602142,0.003022043,0.006080735,0.001153116
52,3,1.136808514,1.086058838,1.0660132,1.132934553,1.145504735,0.98344783,0.973892007,1.045725675,1.03746007,0.991201581,0.849332841,0.937304306,0.882201426,0.85428069,0.862942456,0.921097045,0.878018677,0.929743842,0.985096059,0.914852814,0.930123542,0.912071866,1.009135997,1.026251329,1.041007609,1.057901362,0.987036521,0.83442546,0.816205727,0.823599664,0.747852327,0.807895494,0.782894753,0.753852874,0.771958247,0.696877307,0.641766553,0.701054717,0.666366097,1.387230566,1.247330908,1.396863375,1.688128999,1.708718826,1.644379339,1.917507753,1.676720577,1.890873992,1.773833705,1.930542042,1.498740012,1.599639204,1.626460091,1.450821845,1.505749378,1.472621943,1.56371449,1.611025778,1.655082666,1.671986219,1.675099801
52,4,1.319611875,1.262295724,1.258922692,1.550403091,1.94716357,2.414320428,1.757656708,2.055737382,1.810636287,1.724101964,1.741214466,2.013229292,1.962881335,1.899347088,1.938821378,2.09398547,1.912784795,1.891379992,1.999914569,1.954254069,2.152296413,2.17711485,2.228492942,2.205070578,2.084608861,2.300146002,2.042272395,2.200442075,1.850228442,1.697057709,1.693694724,1.496001666,1.4639612,1.530802506,1.550747713,1.535236026,1.15867249,1.141428542,1.112636234,1.233240353,0.975799453,0.828938987,0.795672145,0.772482502,0.626896796,0.802606703,0.513209911,0.72415248,0.584452651,0.358741401,0.245339145,0.177548891,0.204429758,0.184868436,0.21793595,0.372976627,0.238508069,0.150471157,0.293831013,0.278488177,0.180218063
52,5,1.941774445,1.747934238,1.852507604,1.815261838,1.802603964,1.882408636,1.841283075,1.917062158,1.936456913,1.96005027,1.738057131,1.95117237,1.942850588,1.725603633,1.973952332,2.117673266,2.072097952,2.01192932,2.198340244,2.083082168,2.333973182,2.172944571,2.510428441,2.334373714,2.274387557,2.369187825,2.321218315,2.256980328,2.380449916,2.605866141,2.511748715,1.906410418,2.130065517,2.088125608,2.433162924,2.237174412,1.853795062,2.1616523,1.922891122,4.006841609,3.422631748,3.847826189,3.907288724,4.006886379,3.800896177,3.942783222,4.153437583,5.946269342,3.685047535,4.451919806,3.784101186,3.439305859,3.783064386,2.892940448,2.873968113,3.413039008,3.743604026,4.053556373,3.956657261,4.41218485,4.77124236
52,6,2.186731189,2.10719614,2.198222503,2.13594709,2.201722589,2.059067679,2.086966255,2.41005034,2.084017996,1.33535252,1.661920706,2.019009912,2.123408341,1.817956041,1.918285238,2.187889183,1.595375731,1.658051458,1.804553133,1.698872343,1.894559177,1.853775971,2.099689498,2.176967958,2.240087691,2.234290212,2.0451469,1.319218228,1.398161758,1.397008414,1.287021834,1.173054198,1.202317292,1.198660379,1.247033785,1.139112539,0.996110512,1.076943285,0.980190307,1.068763787,0.960692278,0.896015236,1.448173848,1.451596701,1.53851938,1.487150314,1.543148467,2.372281793,1.326760403,1.038696824,1.222349389,0.971164569,1.135866593,0.983753164,0.934398958,1.299330032,0.934730653,1.031718875,0.858565768,0.993782367,1.057237196
52,7,0.012517826,0.031044868,0.012730699,0.021303707,0.017989421,0.171130774,0.168300233,0.195649002,0.207203409,0.471301848,0.226439516,0.261285958,0.317122293,0.312996004,0.281128932,0.355196914,0.441952252,0.493576848,0.678909758,0.705032721,1.146037465,1.378527112,1.487204453,2.014319077,2.044804733,2.237595552,1.669774237,0.39691587,0.728997336,0.552608295,0.436121478,0.495472786,0.511643539,0.488808142,0.515604543,0.39644871,0.568986562,0.410619855,0.419892216,0.511108746,0.622909222,0.521874841,2.637369714,2.699731493,3.034879493,3.080474298,2.850695057,3.308879241,2.839942873,2.309728746,2.219319796,2.298712077,2.677391739,1.951761373,1.950580404,2.377946371,1.931251836,2.134774258,1.975477822,2.140331774,2.175909486
52,8,0.002291321,0.002415352,0.000404457,0.008735561,0.005233979,0.029193948,3.42E-05,0.0002109,4.29E-05,0.474251961,0.00640459,0.005844757,0.006008904,0.007930195,0.006929166,0.000605479,0.000248727,0.001411483,0.003929732,3.49E-05,0.516299913,0.346571602,0.342439807,0.33979351,0.287324829,0.378455984,0.228124342,0.199973436,0.392420662,0.266881992,0.150007384,0.173504851,0.253348836,0.332527524,0.404833623,0.2691843,0.270603838,0.135929055,0.150267214,0.226588841,0.182046361,0.246998773,0.232045402,0.246701914,0.141012594,0.231924575,0.121620813,0.273381034,0.331109346,0.219815708,0.308441069,0.162765966,0.107798806,0.069633445,0.120607333,0.339233842,0.151139565,0.143094521,0.136111642,0.09950526,0.172383431
52,9,1.135953663,1.230662861,1.246468158,1.343541461,1.354951561,0.924978574,0.878995102,1.025520323,0.991792068,0.956953076,0.793970792,0.862634538,0.845481599,0.790242953,0.80231406,0.901824197,0.89498487,0.959612315,1.045176897,0.992034745,1.083499399,1.067137258,1.214714879,1.228368244,1.242896908,1.276243974,1.208207507,1.149443375,1.138619196,1.20759409,1.158857086,1.194048962,1.217909895,1.224290787,1.277366649,1.17676583,1.060036255,1.234817284,1.090447154,1.12569205,1.00518659,0.925954609,1.293835763,1.327091162,1.378845531,1.421402582,1.276279233,1.160096923,1.522660044,1.360833936,1.093834811,0.576249275,1.324316808,0.596699247,0.87263864,0.865025536,0.602550031,0.713580965,0.526938396,0.672146448,0.641406131
52,10,3.42194886,3.579667469,3.966086732,3.762593002,3.921751083,4.216612863,3.590865299,3.712710502,0.968662265,1.911171426,2.016173884,3.738855443,3.273792946,3.099030962,3.019768495,2.641772927,0.774031825,0.653138118,0.6503309,0.642757412,0.764499483,0.664927717,0.64113613,0.645731091,0.556768929,0.527773635,0.51330994,0.484231874,0.426534323,0.380008908,0.359186741,2.589827375,2.908777488,3.211932728,3.022425082,2.81020833,2.54925259,2.160489114,3.185805214,3.025508518,2.827391073,1.623125964,1.758849502,1.408561748,1.202103417,1.819738436,1.044587574,1.063350185,1.165759035,1.156869304,0.738894825,0.597092069,0.57986358,0.618967388,0.617155209,0.526624362,0.810508123,0.805010724,0.751790178,0.692582536,0.693153831
52,11,3.278365527,2.767958529,2.776350278,2.488224625,2.593166528,2.46698445,2.502859387,2.423791878,3.698665703,3.998206163,3.925990795,2.590593956,2.613315794,2.662586882,2.212587384,2.054902984,2.205233641,2.231638783,2.358494383,2.180702333,2.175589463,2.118176649,2.165980167,2.07514519,2.008260379,1.970908407,2.160371225,1.874626624,1.694782879,1.87235966,1.869014794,2.098777039,2.031317344,1.94673263,1.987081876,1.730309597,1.567348787,1.605717433,1.897240159,7.007886477,6.205550246,7.446219744,7.676184519,8.003159039,7.481751639,8.516622194,7.809385276,8.952413798,9.14713118,11.08752427,8.24859018,9.080725515,8.68529302,6.237784246,7.720999131,7.22011271,8.414346657,9.447290613,9.826421928,10.36256037,10.50728476
52,12,0.151699855,0.176063912,0.169713363,0.181099443,0.184039972,0.134337079,0.173514013,0.1935084,0.187260474,0.30580999,0.166653144,0.184131131,0.170186343,0.1879185,0.178363148,0.20460342,0.21770429,0.263777512,0.28288725,0.270821692,0.374199084,0.383000963,0.416194217,0.506138075,0.511904711,0.532931847,0.419934781,0.177395375,0.24350366,0.215607374,0.187569056,0.200551479,0.209881817,0.221326008,0.209023942,0.210522411,0.225855927,0.228028424,0.243991524,0.275458399,0.297123291,0.275711521,0.811263825,0.796828784,0.912864202,1.000720992,0.931123321,1.092796046,0.945179372,0.576472282,0.342470008,0.212329015,0.166063247,0.150493938,0.175270103,0.206405107,0.128392007,0.126402956,0.120831166,0.111317254,0.137974873
52,13,0.702534157,0.638210735,0.689265671,0.689996586,0.68747097,0.759054914,0.722991398,0.769314414,0.745444426,0.757389305,0.69197376,0.743563829,0.759365651,0.66816696,0.749580404,0.834438474,0.857682995,0.854007031,0.976050609,0.908421314,1.073679211,1.035923737,1.195091498,1.250095026,1.25027557,1.234301977,1.150621067,0.979658822,1.07016415,1.115040394,1.060100379,1.064230631,1.020897303,1.058866073,1.117758359,1.021382378,0.869390567,0.967238257,0.843991331,0.987377575,0.84149517,0.766145579,0.992587943,1.017753271,0.99542976,0.966767152,0.697423815,0.935645369,0.75043694,0.61405438,0.748515849,1.020401165,0.593834745,0.809514028,0.74852201,1.110825228,0.865336075,0.904745113,0.941624017,0.788086798,0.967000959
52,14,7.12615409,6.663680362,6.678469813,6.340536746,6.249069776,5.927718383,6.343464356,5.260317535,6.332956435,6.817157653,6.099981767,4.608217356,4.908725409,5.003013407,4.217412761,3.916169038,5.254993199,5.722646244,6.048093319,6.072425094,5.953831414,5.902499975,6.064713511,5.99568189,5.556198089,5.541655597,5.811099476,5.427815644,4.961273545,5.481035298,5.586155804,5.874577366,5.558208892,5.328217131,5.23856492,4.722327924,4.423031179,4.508096046,5.342203111,6.025431468,5.644898655,4.949065203,4.702391584,4.299424154,4.020980521,4.044464058,3.551257771,3.304778615,3.722768952,4.414188921,3.013102423,3.086122359,3.008981546,2.5322218,2.288131225,2.980019788,2.958750391,3.031206242,2.879182208,3.05551974,2.925398755
52,15,1.499856781,1.709446313,1.71626337,1.948613277,1.995092215,1.829508008,1.574723986,1.773380631,1.564988426,1.553380307,0.973911726,1.115268084,0.928615217,0.970048482,0.749046521,0.783293251,0.650576969,0.751004541,0.703482072,0.641548751,0.535265544,0.541120521,0.485228331,0.482557542,0.563977613,0.597497588,0.53995511,0.560147309,0.494481157,0.545975299,0.438693125,0.61675984,0.481813866,0.508594338,0.541207244,0.509772936,0.536311185,0.540815003,0.587069434,1.402481626,1.35458925,1.519347591,1.681235253,1.753510798,1.641821476,1.86159143,1.64146048,1.812663171,1.772203015,2.160292464,1.482783317,1.532754641,1.538770756,1.339866141,1.461808503,1.589680824,1.747776736,1.95232878,1.884026006,2.026611272,2.083948632
52,16,1.254033754,1.265544648,1.297768665,1.314844092,1.453778618,1.071576461,1.054250891,1.242112805,1.188701138,1.101832718,0.778714579,1.27462489,1.11650512,1.026727174,1.013169685,1.041760018,0.91842956,0.95494553,0.985817934,0.993305435,1.213410699,1.171023197,1.300757445,1.337145478,1.316186914,1.352946909,1.289352276,1.276662417,1.32776487,1.341967473,1.167277208,1.423449168,1.429593429,1.423241726,1.525321531,1.34761211,1.307785293,1.309879985,1.179262849,1.383182867,1.255490798,1.24446543,1.354765499,1.402267387,1.305080354,1.168606717,1.226753189,1.13205877,1.096879633,1.092155524,1.077694443,1.020507513,0.864552771,1.012083843,1.23139094,1.063183797,0.922389952,0.970416626,0.989357949,0.869784058,0.866327309
53,1,0.374276816,0.386569614,0.451692375,0.471508509,0.426224207,0.219478979,0.219505919,0.267445531,0.241556607,0.214340842,0.140021079,0.156488406,0.155021211,0.137320712,0.10932207,0.148766829,0.088135789,0.106259496,0.098251592,0.112889925,0.063649412,0.067845026,0.054237136,0.061002179,0.064778053,0.069335086,0.06865044,0.036187363,0.029574899,0.040170474,0.025151962,0.03339977,0.030127171,0.036851662,0.034387918,0.019639648,0.026173012,0.033427257,0.024204313,0.015688792,0.024235524,0.019118178,0.143814029,0.128833146,0.160779594,0.192781989,0.120784003,0.221825179,0.182019478,0.127468061,0.148723416,0.154597203,0.180728664,0.239539645,0.218392213,0.502419877,0.503151123,0.58606034,0.626230499,0.652344865,0.641274303
53,2,,,,,,,,,,,,,,,,,,,,,,,,,,,,2.78E-05,,1.54E-07,1.09E-07,,,,,6.52E-06,5.44E-06,2.53E-06,9.60E-07,,,,2.63E-05,,4.21E-06,5.24E-05,,5.02E-07,0.000246113,,,0.000810995,8.46E-05,0.002009282,,0.002200108,0.001577716,,0.005366531,0.001202962,
53,3,0.092498416,0.093961159,0.106260709,0.113217889,0.119010339,0.067481152,0.085277511,0.108656625,0.113787798,0.107913692,0.082617574,0.096023845,0.092427928,0.108531612,0.089602062,0.097399619,0.08786328,0.112180532,0.109494628,0.093558705,0.086503071,0.102208462,0.0915654,0.101485873,0.096470606,0.104318734,0.093095058,0.065048939,0.063068494,0.056143211,0.047198754,0.057538512,0.056790243,0.057404863,0.051446561,0.048282051,0.05041628,0.048998343,0.04191865,0.150397867,0.154324586,0.163032026,0.262369591,0.274447474,0.231946231,0.290461254,0.214015944,0.338101986,0.267110316,0.265271786,0.217995883,0.256736453,0.22967586,0.248537701,0.242476539,0.219816689,0.263317371,0.256935237,0.295849526,0.281481864,0.274177427
53,4,,,,,,2.25E-06,2.68E-07,8.24E-07,2.03E-06,1.75E-05,3.13E-06,,8.75E-06,1.01E-05,,,,1.36E-07,1.85E-06,,4.16E-06,7.67E-07,4.89E-05,3.70E-06,,3.26E-05,1.78E-06,,1.33E-06,,0.000345959,0.000336388,0.000358819,0.000564213,0.002445357,1.47E-07,5.30E-07,,3.25E-08,,0.0002814,0.000397868,0.00040043,0.000446069,0.000152877,1.98E-05,4.39E-05,4.64E-05,9.30E-05,3.67E-08,8.22E-05,9.06E-05,0.000241162,0.000504845,0.000248877,0.000325051,0.00026416,0.000928382,0.001397685,0.000944542,0.001209466
53,5,2.07E-08,6.56E-08,1.30E-07,6.00E-05,0.000217955,0.000571685,2.54E-05,3.10E-07,6.57E-05,2.38E-07,1.22E-05,0.000305758,2.43E-05,1.40E-05,1.51E-05,5.58E-06,2.43E-05,2.43E-05,0.000171092,2.81E-06,0.001089116,0.000527983,0.002178593,0.001322439,0.000580703,0.000645793,0.000729888,0.000227805,0.000273662,0.00081975,0.000681473,0.000777608,0.002620227,0.004127818,0.001971312,0.007593638,0.008576092,0.012784789,0.011319715,0.30933711,0.320888945,0.34894051,0.453169335,0.535587127,0.415007776,0.547278399,0.39830303,0.691856611,0.505449957,0.577238656,0.387160073,0.503229212,0.424630841,0.389694843,0.455758056,0.363689561,0.56632188,0.56846792,0.694196769,0.705374757,0.67759158
53,6,0.300942497,0.302055305,0.297898092,0.297576149,0.301965646,0.313196168,0.288981158,0.407284928,0.337822457,0.08898564,0.188928495,0.286194494,0.313735328,0.242883235,0.217563216,0.279311914,0.130551696,0.159466024,0.145760865,0.132673527,0.122411077,0.156727648,0.167524097,0.170927305,0.173961945,0.182089507,0.169855137,0.049008502,0.047124863,0.0670649,0.043090428,0.043607004,0.048552122,0.046423858,0.039676153,0.03488936,0.034888683,0.035337916,0.033603872,0.029833932,0.031837962,0.08460277,0.151936805,0.130737209,0.151135645,0.172555336,0.131593743,0.185394734,0.162093788,0.104794127,0.108956905,0.10269813,0.094240329,0.120731239,0.099855127,0.164810236,0.10470266,0.132101731,0.122464078,0.1209839,0.114970149
53,7,0.000346777,0.004637331,0.0005948,0.001480911,0.004704561,0.029673267,0.031702812,0.045131816,0.04083968,0.051927089,0.039865012,0.042897779,0.072926959,0.044868819,0.046955341,0.057607463,0.090271942,0.111673164,0.141151854,0.120173663,0.158222951,0.218630561,0.222732604,0.284735991,0.313742606,0.352621299,0.28282479,0.023079396,0.001174494,0.001115573,0.012027931,0.004030051,0.01090509,0.022438029,0.029141978,0.016546656,0.014739751,0.021837558,0.018189823,0.000439257,0.000451744,0.000666709,0.439924747,0.393412501,0.441639483,0.502266037,0.386121277,0.538149855,0.464823634,0.301297881,0.341062716,0.3233429,0.342681491,0.351922673,0.273057173,0.461784132,0.333912194,0.362239497,0.38021474,0.354581552,0.347384761
53,8,,,,,0.00172906,4.85E-07,8.88E-05,6.79E-08,4.05E-07,1.08E-07,0.000222472,0.000247002,0.000223888,0.00034447,0.000105438,1.70E-05,0.000137481,0.000156566,0.000129567,,0.007501823,,0.002500578,3.75E-08,,2.36E-05,,8.99E-07,7.85E-07,0.000521948,1.13E-05,1.03E-05,,,0.011759384,3.96E-05,1.81E-06,3.71E-07,0.000515421,2.46E-07,3.42E-05,1.39E-05,3.97E-06,2.15E-05,9.31E-06,0.001292351,0.001146413,0.00223131,0.000157722,0.00526175,0.000278797,0.000121641,0.001089472,5.42E-06,0.000285855,3.50E-06,0.000165729,6.48E-05,6.42E-06,4.49E-05,1.05E-06
53,9,0.177065439,0.189858363,0.210607776,0.220743542,0.213349516,0.092162263,0.090471464,0.130229343,0.121777192,0.111160448,0.075276681,0.077761769,0.074015662,0.077623219,0.056408056,0.059871398,0.055177408,0.076797,0.080460484,0.065563316,0.063426534,0.075376208,0.06792606,0.07558832,0.072834985,0.080415966,0.076928845,0.051109979,0.045911168,0.046533752,0.03879536,0.053662704,0.048988888,0.051931206,0.047761185,0.041547243,0.047467401,0.046089713,0.036148761,0.020832984,0.023312308,0.021410377,0.105039896,0.092483521,0.110238705,0.130412638,0.098905236,0.144569997,0.138347696,0.088299533,0.083127825,0.072427686,0.064394423,0.051654102,0.049183681,0.05251953,0.050839335,0.064191854,0.064223924,0.061087998,0.060025513
53,10,0.726134779,0.786184136,0.795813251,0.792654055,0.794636185,1.073442023,0.757045972,0.892485192,0.17456412,0.354343299,0.360115882,0.866246083,0.749033452,0.646401463,0.541434275,0.526831838,0.107306512,0.089196526,0.080876793,0.08128811,0.078177384,0.079685038,0.081013793,0.094279218,0.071511177,0.071965084,0.066242881,0.074401934,0.056693034,0.054077157,0.053882386,0.449616286,0.523483927,0.588405367,0.52629436,0.55022282,0.532337505,0.421790345,0.604546213,0.547681018,0.559105405,0.292436546,0.307270467,0.244396171,0.201708055,0.276018304,0.165820997,0.125874822,0.303828026,0.25675747,0.120013421,0.117812975,0.098296084,0.100846405,0.121528812,0.095287627,0.117716079,0.155154284,0.129884211,0.151069228,0.136748952
53,11,0.773749054,0.670119536,0.607816658,0.570993387,0.571388991,0.674786066,0.571747196,0.619740402,1.038763524,1.0005066,0.810498068,0.641371869,0.643061783,0.551467372,0.39916305,0.412058897,0.383553362,0.403243739,0.348184658,0.330992899,0.316697365,0.334575166,0.337157542,0.377660785,0.279811476,0.284664661,0.253244541,0.291569077,0.27262317,0.281833772,0.277398708,0.298792586,0.284763927,0.284868418,0.266766347,0.282110793,0.278775873,0.259459038,0.266827203,1.060130175,1.077207506,1.102256413,1.358911852,1.594981078,1.2170471,1.525339386,1.103950311,1.92700709,1.6047519,1.689257994,1.2197123,1.607462648,1.306061348,1.073205254,1.441704549,1.080042519,1.526447425,1.545961737,1.89417797,1.955709181,1.816036595
53,12,0.045464181,0.046602786,0.051099021,0.050145272,0.050742353,0.031428682,0.044263506,0.05362536,0.052458916,0.05169287,0.041530207,0.047811811,0.049756124,0.051718217,0.046289963,0.053119142,0.055809926,0.07115772,0.070734867,0.059102892,0.063562003,0.077462504,0.076211602,0.088256194,0.088445313,0.099812806,0.0852763,0.034129325,0.032173518,0.031506706,0.029529582,0.028165321,0.037598723,0.047388835,0.035693663,0.033475218,0.034159054,0.036597638,0.033013723,0.032237973,0.0284063,0.030819984,0.146984946,0.121920825,0.141019504,0.170946695,0.137569745,0.187307304,0.162775463,0.085777142,0.05604072,0.039540478,0.034694663,0.031309841,0.033113799,0.033058635,0.025249942,0.024406292,0.024185711,0.020419025,0.025153619
53,13,7.85E-05,0.000262655,0.000216709,2.54E-05,2.12E-05,0.002444773,0.00258633,0.004014274,0.006969119,0.004652676,0.004026418,0.00442631,0.007227649,0.004475904,0.004664228,0.016061933,0.018658058,0.023270294,0.024053944,0.021273327,0.021919013,0.030240303,0.034422178,0.038676506,0.042103436,0.043198497,0.039253389,0.003789111,0.002466372,0.009336863,0.004978135,0.005777039,0.006245105,0.005902157,0.008307296,0.004296653,0.004288679,0.004961766,0.004205492,0.005342259,0.006067234,0.024348782,0.059955977,0.054540748,0.059157035,0.071709754,0.053794664,0.072776333,0.058550404,0.042831109,0.045669126,0.053939143,0.048741143,0.065723221,0.051718684,0.129462838,0.091203997,0.093374967,0.103573091,0.091517967,0.090813965
53,14,1.526355467,1.475277431,1.35079753,1.345079138,1.2762797,1.522243379,1.392745735,1.286103621,1.731454128,1.633561853,1.211689849,1.074040522,1.155355601,1.070644038,0.770703031,0.798803358,0.967709912,1.084679717,0.982470432,0.999415332,0.968928968,1.046531241,1.093721668,1.254151275,0.966352724,1.025225761,0.926857758,1.011575341,0.993395594,1.022455976,0.99117279,1.082700748,1.073795989,1.057620524,0.972942534,0.975632295,0.974860105,0.924224861,1.035057718,1.092914469,1.109894904,0.882704996,0.852545958,0.809331747,0.691635501,0.896946465,0.544041244,0.736735205,0.672038244,0.809985492,0.651163879,0.652879412,0.819379265,0.740391346,0.654384926,0.532984926,0.663694455,0.816819965,0.832738516,0.809509054,0.673263772
53,15,0.420293742,0.424442156,0.487664179,0.515484198,0.503010277,0.439832502,0.405523194,0.496759156,0.462503285,0.428230409,0.262571617,0.33067054,0.305647427,0.331997663,0.222983409,0.232135359,0.180671274,0.207211818,0.18718556,0.167592521,0.134699652,0.15433341,0.112080514,0.120872061,0.116142837,0.124568982,0.121339193,0.13537337,0.122615872,0.123476076,0.096781673,0.132569048,0.100697864,0.104428432,0.113450433,0.099769011,0.112558756,0.101432361,0.08670331,0.219972551,0.237270502,0.231993139,0.310128851,0.340582998,0.272690243,0.339847959,0.24041672,0.398848718,0.308126208,0.330933751,0.226158453,0.275530893,0.242502417,0.241396365,0.276041003,0.246501581,0.327407299,0.320004452,0.371353567,0.380832377,0.359311201
53,16,0.207068533,0.204979449,0.226314819,0.226037585,0.24530292,0.144187916,0.140991912,0.20020349,0.195977674,0.117993163,0.082419207,0.214637869,0.18010815,0.175282336,0.125195839,0.121973514,0.08412666,0.093892647,0.080251046,0.084352379,0.07395247,0.088971248,0.074725095,0.08833253,0.083358334,0.084492775,0.088149073,0.092333787,0.089562129,0.090401978,0.069059403,0.110967373,0.094174727,0.089355569,0.107113312,0.087100442,0.095296416,0.084828188,0.067435203,0.082786734,0.095578243,0.09826237,0.135997897,0.136607374,0.118443091,0.13720432,0.095978038,0.147049917,0.127674986,0.119001428,0.094159426,0.110151859,0.089480568,0.109358862,0.114513338,0.095256966,0.113082535,0.11050434,0.125842031,0.118799268,0.108381102
54,1,0.679055975,0.697399376,0.658777122,0.721647852,0.751091495,0.626252754,0.659543968,0.658412573,0.633749895,0.548374941,1.166892493,1.342049664,1.185381425,0.557026827,0.662601597,1.189481177,1.35629908,1.128514126,1.357727431,0.923145515,1.263846555,1.204613483,1.501927535,1.451351814,1.447681081,1.493148718,2.084034257,2.098162991,2.052472848,1.275529124,1.825406293,2.510314918,2.221077845,2.321257703,2.466143735,2.66299374,3.014075641,2.770967004,3.570707283,3.035392167,3.553925976,2.970776357,3.707841044,3.730780645,3.048241488,3.23548123,3.549860702,2.908139983,2.735501346,2.515677089,2.478362802,2.659324813,2.301217714,2.453856893,2.479898844,2.364249659,2.101852442,2.279707152,2.225844811,1.748828633,2.063271491
54,2,,,,,,,,,,,,,,,,,,,,,,7.45E-05,1.08E-05,,4.35E-05,,,0.000104159,2.81E-05,3.08E-05,1.26E-06,,2.17E-05,,1.92E-05,2.01E-07,,,,,,,,,8.43E-07,2.37E-05,,1.25E-07,,,3.93E-05,0.000185688,,,,7.52E-05,0.0003458,0.000382586,0.000434587,9.50E-05,0.001073542
54,3,1.037675479,1.128794334,0.848033758,1.032580924,1.013357482,1.192221406,0.974325224,0.877815089,1.033191051,1.076993625,1.011672584,1.230380106,1.188621074,1.164410331,1.333451327,1.143146027,1.364996241,0.952118388,1.492676396,1.196181022,1.409177799,1.405298594,0.360333199,0.349435783,0.376397343,0.331582881,0.433390557,0.446022001,0.451090116,0.528621808,0.571128624,0.678555582,0.649720669,0.738691754,0.862220609,1.00119069,1.197189622,1.036342589,1.075171984,1.263075883,1.311699831,1.222846647,1.390305922,1.411659802,1.184917188,1.197392786,1.083168684,0.941794227,0.97633132,0.855484377,0.787041154,0.848778111,0.746091725,0.718593443,0.730024212,0.833745344,0.716547428,0.818897058,0.778233897,0.710788678,0.770306379
54,4,1.42E-07,5.74E-06,0.000141778,1.04E-05,7.36E-06,2.37E-05,,1.31E-05,1.31E-05,,0.000337582,0.00161965,1.09E-08,5.47E-07,5.82E-08,4.06E-05,7.48E-06,,1.49E-05,1.38E-05,0.000362584,0.000480246,2.64E-05,1.32E-05,,0.000653927,0.000190696,0.000701163,0.00507302,0.006195348,0.000304088,0.000410666,4.72E-05,0.000148523,0.000343067,3.51E-05,0.00320139,6.95E-05,6.87E-06,5.12E-05,3.58E-06,0.000866141,0.000421888,0.000136723,0.000362563,4.49E-06,0.00041331,1.98E-06,0.002680071,4.79E-05,0.000257111,3.35E-06,3.63E-06,2.53E-05,0.002073223,4.37E-09,0.001176269,0.000170357,0.005225816,1.07E-06,4.83E-05
54,5,0.085524571,0.076185403,0.103346459,0.198588668,0.151943168,0.105562424,0.098349791,0.103521691,0.133023527,0.141057465,0.151313476,0.148523295,0.125422622,0.11458975,0.114314882,0.250089661,0.224155472,0.193826764,0.196479535,0.1722328,0.22340454,0.195840839,0.561517555,0.561646626,0.539047247,0.470305078,0.658610005,0.692223541,0.698591255,0.660345305,0.638181502,0.750401371,0.618145266,0.86572058,0.791086046,0.926079431,1.099541567,0.981126326,1.045345492,1.242351161,1.242052898,1.143629179,1.44895427,1.369367469,1.198635993,1.185244964,1.126375677,1.018498768,1.213486572,1.058329601,0.983267653,1.075385382,0.981026646,0.90191674,0.846995365,1.020710984,0.944953362,1.034906094,1.030115681,0.946756478,0.996705402
54,6,0.514842111,0.466038062,0.568377181,0.701251979,0.606185128,0.578142592,0.549682477,0.638458377,0.557902272,0.559946024,0.679027819,0.735741618,0.688809369,0.616670719,0.610480352,0.76598159,0.650331255,0.616422318,0.578539733,0.529060323,0.677948452,0.647072561,0.87164858,0.846351793,0.82603047,0.839787998,1.055257171,1.038437028,0.946952453,0.933507573,1.04346948,1.275680665,1.139210633,1.309160191,1.34544,1.569609637,1.803260663,1.592014495,1.682802541,1.644939556,1.720250828,1.460779066,1.711500106,1.835098362,1.539242181,1.514323559,1.361332723,1.219330653,1.248858705,1.115147167,1.002234211,1.026873191,0.896393269,0.871695488,0.903208962,1.034643793,0.811037512,0.877129065,0.845032274,0.756480456,0.797414896
54,7,0.003274416,0.004780574,0.00320081,0.003032411,0.003806166,0.01901063,0.022374931,0.028153025,0.025035885,0.035257191,0.023155008,0.027043549,0.042488939,0.022831335,0.029524298,0.045977294,0.105908143,0.052957419,0.071502955,0.183568741,0.074825516,0.09833526,0.132822474,0.158342175,0.200744746,0.182415938,0.406108144,0.325436392,0.00984618,0.012403983,0.068939907,0.089719776,0.324264773,0.562091151,0.464569232,0.434841526,0.449431676,0.411814949,0.321873242,0.000750518,0.00035864,0.000438171,0.355648996,0.259809193,0.284637598,0.248349886,0.23146975,0.290248753,0.284119671,0.216504887,0.183963239,0.157674209,0.181538228,0.147380804,0.129518658,0.202001363,0.120722134,0.170887839,0.158131096,0.164051784,0.167171494
54,8,0.004663697,0.004690027,0.003354397,0.001495856,0.00259691,7.99E-05,0.000468449,0.000304455,0.0003949,1.33E-05,0.000335675,2.14E-05,0.000292958,0.000552906,0.00037448,9.10E-07,0.059849684,6.34E-07,0.001405181,0.134252229,0.000168942,1.40E-06,0.001749048,0.00010167,0.001483199,5.26E-05,0.000823506,8.18E-05,0.002095644,7.43E-05,0.002394384,0.000104307,0.022328637,0.198851775,0.005419953,5.85E-06,5.00E-05,8.12E-08,4.32E-05,1.80E-05,0.001629266,0.002056134,0.00361761,5.94E-05,1.62E-06,1.52E-05,3.30E-05,0.017775148,0.00196891,7.75E-08,0.00024875,0.000140685,0.002873399,0.002323205,0.002642192,4.31E-06,0.000400273,0.001295905,1.54E-05,0.000153083,0.000125212
54,9,0.412466673,0.448835905,0.448445213,0.414726369,0.376768709,0.298607707,0.257841485,0.285185212,0.321174616,0.355421313,0.373637712,0.401102888,0.349486885,0.282760394,0.290931235,0.320637847,0.26919008,0.331500046,0.318525643,0.314236211,0.083219653,0.092365674,0.508182469,0.519718922,0.529289857,0.452922814,0.625576901,0.6755969,0.636169204,0.672240359,0.731550735,0.895580973,0.806991972,0.958253113,1.116087991,1.300029822,1.567129642,1.361988328,1.424406675,1.530311909,1.632605132,1.462098471,1.72670879,1.775791137,1.503280064,1.531429485,1.409364183,1.227157781,1.213261105,1.076495,1.016390495,0.965661113,0.89387959,0.83958168,0.831419132,0.886709135,0.716737313,0.714892978,0.648624832,0.612427,0.689889456
54,10,0.57912056,0.591908142,0.5929097,0.671140365,0.679006589,0.868755341,0.685792981,0.748556996,0.142498357,0.384280139,0.412408979,0.769274703,0.704085641,0.655625679,0.684014068,1.453214986,1.259262286,1.086153544,1.157091535,0.888565678,1.159286199,1.110675383,0.145376251,0.15450109,0.124905309,1.041675448,1.419497583,1.312660769,1.230013729,0.068162063,0.070620189,1.670822593,1.294670283,1.76154075,1.490162953,0.549913883,0.427458737,1.352434344,1.513284842,0.249253643,0.256177668,0.106487599,0.130190923,0.096861791,0.10095399,0.225214797,0.158867085,0.140648029,0.261041526,0.256247155,0.09670427,0.059677849,0.122180727,0.106637568,0.089895215,0.055919415,0.166524031,0.162567252,0.126374419,0.097448453,0.12279309
54,11,0.616644173,0.504138,0.452572105,0.48339063,0.488023918,0.55084691,0.515569781,0.525235762,0.847951237,0.936065752,0.806212536,0.580107682,0.607957454,0.561440547,0.512299554,1.177680882,1.159085885,1.091830854,1.131587346,0.940573678,1.164206708,1.164940327,0.591224125,0.612655929,0.484133031,1.034952868,1.150360724,1.096648108,1.139029446,0.353894164,0.363961568,1.06374949,1.064637021,1.090168017,0.914149207,0.326541758,0.250620398,0.718899071,0.901828958,0.818702267,0.726151272,1.018484565,1.293628956,0.834034073,0.875762794,1.004826004,0.930362219,0.88759335,1.517066919,1.235841567,1.02734859,1.197579436,1.085941603,0.8450524,0.781267867,0.651934175,0.978284076,1.101348073,1.241728619,1.147145531,1.17444102
54,12,0.027426052,0.028370071,0.029839381,0.033915576,0.03388137,0.029238616,0.035078915,0.035907118,0.030296421,0.256356992,0.382789706,0.640363021,0.633754896,0.589242497,0.704470887,0.826155501,1.10419559,0.810808094,0.74066501,0.661955508,0.677012648,0.923249886,0.771455644,0.764770737,0.7776491,0.754725706,1.056120189,1.087430909,0.964571427,1.030087778,1.1681224,1.539165468,1.453700321,1.442091868,1.644155197,1.79543949,2.077289709,2.008572204,2.19784023,2.0263658,2.074765897,1.905030188,2.14281341,2.246457646,1.861893301,1.886088616,1.772225579,1.539870608,1.543124192,1.400843625,1.348733278,1.407459858,1.248729113,1.188673331,1.211161257,1.491322262,1.110945896,1.189038896,1.042631997,0.975217268,1.060481451
54,13,0.852493484,0.952994677,0.792867711,1.001413706,1.410743659,0.998733779,0.780892993,0.954730795,1.197532656,0.9914469,0.798680476,0.709717508,0.800288336,0.664600414,0.862079411,1.198417365,1.048442956,0.845851647,1.13503157,0.880384337,1.053684413,0.956610577,0.310604582,0.282712643,0.324768477,0.359155593,0.489861444,0.496811444,0.427349489,0.42736904,0.478280789,0.496632867,0.535645452,0.697612825,0.657416237,0.662243939,0.814406301,0.718913284,0.782718351,0.561711559,0.507241886,0.49623116,0.586696569,0.642468194,0.549355604,0.652531364,0.528053199,0.417869994,0.402867974,0.387500104,0.254291504,0.302603726,0.30625403,0.313461459,0.24393164,0.368194926,0.276418179,0.308534355,0.29139562,0.263696007,0.268711503
54,14,1.431370985,1.379019277,1.221895886,1.382320194,1.421482873,1.410630934,1.356445138,1.246573304,1.65943728,1.656094428,1.30811705,1.105102088,1.210694391,1.166927768,1.096354133,1.099808383,1.371618044,1.590328871,1.801664386,1.882910169,2.03275871,2.209302779,2.061543299,2.16302162,1.811975082,1.9643277,1.745002847,1.660111387,1.475485625,1.474601803,1.500359167,1.453353658,1.398376513,1.327668725,1.237977847,1.402934914,1.285116678,1.098280337,1.011529076,1.056652557,1.059705313,0.88730616,1.031247695,0.960512529,0.93199794,0.838377855,0.849929335,0.721990613,0.769057874,0.643220443,0.659871515,0.705729637,0.778462833,0.733374709,0.642192527,0.625774771,0.634736821,0.781238466,0.781181754,0.677145987,0.633383821
54,15,0.351508805,0.358385213,0.340429194,0.38795969,0.387692189,0.337630132,0.317357825,0.349778279,0.313604805,0.300968546,0.485422651,0.55238083,0.491596809,0.460466813,0.402363955,0.445187154,0.417881679,0.421249339,0.392960932,0.314255051,0.344098973,0.377022975,0.341508733,0.297760068,0.339188253,0.316219034,0.350664834,0.40314839,0.392356308,0.374266125,0.387896195,0.475056112,0.440507154,0.541973795,0.487623177,0.538708059,0.717353258,0.623221402,0.620759648,0.68800217,0.699937005,0.722040457,0.800259923,0.839949602,0.743239893,0.778370782,0.66550678,0.660159846,0.703240347,0.649539181,0.552192123,0.561002018,0.543524549,0.474402048,0.385945701,0.420996664,0.402214007,0.438510008,0.447046468,0.429831543,0.471960699
54,16,0.189285179,0.182923776,0.172293888,0.187032671,0.205665193,0.150715838,0.152080279,0.179416097,0.172836965,0.10436989,0.201920689,0.327844547,0.271576582,0.221458337,0.209141841,0.207252566,0.206914641,0.184646151,0.16795234,0.197303508,0.168419287,0.196781809,0.209175801,0.223610074,0.216203092,0.197648026,0.207805039,0.227115653,0.207215631,0.201420629,0.313021657,0.253115065,0.255609611,0.402831481,0.387382684,0.33472921,0.359287996,0.300723461,0.344395604,0.291243586,0.255250787,0.278625197,0.295526866,0.329409156,0.30323037,0.307807715,0.266284454,0.219966361,0.238949772,0.199527757,0.241028917,0.255336197,0.237268963,0.237509592,0.222472281,0.408575659,0.313939555,0.295451326,0.279203514,0.244198885,0.258717155
55,1,0.082509742,0.067358595,0.063572352,0.056448856,0.077232756,0.283832224,0.411131224,0.319259228,0.074912605,0.400982452,0.29427765,0.534747669,0.501786536,0.451871691,0.465649344,0.184230242,0.176896083,0.150652528,0.200133086,0.071594629,0.125684002,0.101392877,0.147173398,0.127614363,0.130342285,0.171575785,0.256172749,0.297700737,0.223366313,0.178037099,0.208855052,0.4101496,0.339197567,0.329654049,0.338016516,0.191222583,0.193784263,0.208929832,0.211550467,0.193190435,0.197138962,0.195191803,0.23206684,0.206800713,0.212112166,0.228373831,0.230318505,0.15848215,0.163061641,0.196064438,0.144023112,0.161780214,0.096041807,0.131134846,0.139014032,0.142123177,0.108154934,0.13405533,0.124117142,0.11904966,0.181216291
55,2,,,,,,,,,,,,,,,,,,,,,,,6.82E-05,,,,,,,,,,,,,,,,,,,6.04E-06,,,,,,,,,,8.72E-09,,,,0.000201008,0.000505647,0.000508234,0.000255473,0.000241622,7.51E-05
55,3,0.183500708,0.292549245,0.210040656,0.176479888,0.164886214,0.224432185,0.192644831,0.15620239,0.214205023,0.229765719,0.20815038,0.254681452,0.194038286,0.230336298,0.214338287,0.159685541,0.257153614,0.244309508,0.232437288,0.247730411,0.235490065,0.263226648,0.032046138,0.03011138,0.032549037,0.026587178,0.042380528,0.046652271,0.038029329,0.081715911,0.061975404,0.091707998,0.086686754,0.093312099,0.093529301,0.087154113,0.087713358,0.055802453,0.053548546,0.096952704,0.08311554,0.08734501,0.095142007,0.103568259,0.13697074,0.114740675,0.102472546,0.081743121,0.143020498,0.095147904,0.071349174,0.067309363,0.049440827,0.050495126,0.04069692,0.059517331,0.039214907,0.049028969,0.058553216,0.218054306,0.072294797
55,4,,,,,,5.91E-07,,,,,,,,,,,,,,,,,,,,5.35E-06,5.14E-06,8.73E-06,0.000430632,1.78E-05,0.000597176,,,,7.05E-07,,,,,,3.03E-05,1.52E-05,0.000149286,9.94E-06,3.43E-05,,,,,,,,,,1.05E-05,,,,,,2.67E-06
55,5,0.01186524,0.011534804,0.011521214,0.012010078,0.011703186,0.123579012,0.163701711,0.111692166,0.028275655,0.150520399,0.08419742,0.158234287,0.144301895,0.154987675,0.144491699,0.054277384,0.036631971,0.068567832,0.014621072,0.01624548,0.015997976,0.020101208,0.119374155,0.098493663,0.099147987,0.072278459,0.110231253,0.133579427,0.078292584,0.119899628,0.084605415,0.238564604,0.172322805,0.190327478,0.152486028,0.119262146,0.117206031,0.093988345,0.087830974,0.099901624,0.092017104,0.088250187,0.087236736,0.085991248,0.094577103,0.087636419,0.07540788,0.057227502,0.055349552,0.065885612,0.054202507,0.057157066,0.047020927,0.048819873,0.040493144,0.069998804,0.045049796,0.058732803,0.075452761,0.072366476,0.073480883
55,6,0.01987951,0.020524105,0.019534003,0.019685032,0.017276628,0.089561543,0.100399711,0.075352822,0.033170592,0.098324135,0.072153603,0.116565294,0.118935928,0.111601434,0.099023201,0.038779724,0.031890974,0.138681103,0.019370843,0.025914891,0.020853051,0.0278683,0.116352046,0.09729318,0.09860995,0.082960632,0.126625033,0.143769503,0.091664979,0.155252468,0.124480142,0.227175969,0.186412841,0.196630514,0.181545218,0.147206008,0.147956613,0.116368664,0.108258574,0.138975847,0.124877821,0.126151148,0.121719525,0.120028453,0.129973179,0.132165228,0.104990659,0.079775052,0.079066956,0.099035167,0.073380765,0.081666602,0.065484426,0.066118256,0.056101418,0.082654069,0.052976275,0.073728536,0.099925157,0.088785245,0.104440565
55,7,0.020899841,0.000529134,0.000189299,0.000176279,0.000163011,0.000122866,0.00895208,9.90E-05,9.26E-05,8.38E-05,8.88E-05,7.77E-05,5.65E-05,0.000520287,0.001391696,0.000858992,0.000966098,0.001317491,0.000330899,0.000648776,0.00124451,0.004281041,0.016354641,0.01273619,0.017751502,0.000293164,0.00024601,0.000243709,0.000396183,0.000161814,0.002865582,0.001774116,0.000706092,0.000739779,0.001394725,0.002326258,0.004125395,0.005007683,0.001493351,0.000497228,0.000166284,7.81E-05,0.001963464,2.88E-05,0.000305766,,5.45E-06,1.88E-06,1.53E-07,2.00E-06,1.52E-05,1.35E-05,3.38E-06,1.75E-07,1.68E-05,6.55E-06,1.02E-05,2.38E-06,5.18E-05,1.26E-05,0.000189993
55,8,,,0.002975278,7.49E-05,,0.00071727,0.01938016,5.88E-05,0.000233086,4.77E-05,,,,,,0.000521266,0.000848379,0.001426279,7.74E-05,0.000456436,0.001657096,0.005030223,0.019703063,0.012783915,0.01921428,7.83E-05,5.14E-07,2.73E-07,1.96E-07,1.95E-07,0.002569044,0.001680923,0.000709074,0.001078077,0.002136704,0.008783346,0.010936016,0.010543784,0.010844117,0.001446478,0.000191521,1.77E-05,4.44E-06,4.88E-05,0.000143661,,,4.77E-07,,,,,,,,2.34E-06,3.51E-07,4.40E-08,7.19E-06,2.58E-06,7.83E-08
55,9,0.011069927,0.000139013,0.000144089,0.000118224,0.000114642,0.000325482,0.001160352,0.000397423,8.41E-05,0.000863682,0.000432992,0.000867071,0.000802605,0.002118455,0.002225042,0.001187438,0.001185965,0.001040372,0.00045585,0.000661151,0.000673832,0.00112967,0.046716343,0.044648329,0.045547243,0.040395255,0.068966853,0.076738402,0.058590608,0.110114912,0.083027803,0.126153177,0.11047158,0.115092688,0.115904121,0.094228656,0.101627823,0.069266943,0.0703224,0.106089154,0.092885018,0.099054239,0.107392567,0.100329186,0.108524381,0.119099937,0.09354905,0.070187864,0.066039541,0.085680912,0.059698401,0.059414349,0.038688871,0.046615694,0.046981249,0.06002063,0.040393782,0.047017613,0.037874946,0.040297364,0.063624606
55,10,0.000133858,1.38E-05,0.000726764,1.65E-05,3.63E-05,1.305685168,2.026665849,1.323618391,3.41E-05,2.3669542,1.093618519,1.810825864,1.688632344,1.99657229,1.755792934,0.676923401,0.659759648,0.361937764,0.160881043,0.142032173,0.166866309,0.196211848,0.005889763,0.004477628,0.006233209,0.349327838,0.412357817,0.625272716,0.428289795,1.06E-06,0.000772325,0.310864236,0.178803686,0.208983004,0.208832117,0.001346094,0.00178033,0.193811792,0.114457394,0.000299395,0.002811348,0.000269413,0.000780109,0.002280857,8.85E-05,,,,,,,,,,0.000227477,0.000232702,0.000224967,0.000217062,,,0.00208995
55,11,0.000142744,1.35E-05,0.000312219,1.19E-05,2.75E-05,0.357499724,0.510560253,0.385718091,3.35E-06,0.493799183,0.261504123,0.607241031,0.533134681,0.615538933,0.541121232,0.162155559,0.106579342,0.062287384,0.02963287,0.028188665,0.033875,0.039223238,0.000708301,0.000416749,0.000818285,0.078432901,0.086118543,0.13226421,0.099363065,4.54E-06,0.000160493,0.155144233,0.123667959,0.147145214,0.133782752,0.000439442,0.00047013,0.088946197,0.066651257,0.000127435,0.001057685,0.000146249,1.37E-05,0.001044777,4.82E-05,4.54E-07,5.71E-05,0.002603597,0.001192089,3.13E-05,,7.43E-06,,1.41E-05,8.68E-05,6.10E-05,2.41E-05,2.79E-05,5.73E-09,4.45E-06,0.00011358
55,12,0.003778857,0.002370372,0.003216399,0.003175367,0.003428616,0.021079373,0.032524782,0.023224703,0.003337564,0.035049996,0.019923059,0.042312495,0.042670108,0.051310036,0.049239879,0.01912406,0.014166108,0.009495427,0.006769424,0.006218189,0.008711764,0.01137416,0.079906594,0.071517486,0.074436181,0.082572085,0.128856569,0.148547952,0.095336793,0.178557753,0.139300495,0.250195059,0.216230548,0.199035362,0.217852207,0.133880323,0.138753183,0.14430964,0.135819971,0.142028273,0.118651392,0.129919131,0.133367345,0.128567712,0.136451277,0.148112865,0.11984848,0.090096224,0.086440225,0.115135198,0.083307647,0.091475695,0.057561104,0.069633405,0.075276402,0.110102395,0.069491837,0.087160015,0.064601494,0.069185639,0.15116216
55,13,0.136043075,0.119591956,0.13308566,0.152881869,0.305741622,0.153087131,0.116253802,0.142512022,0.252230384,0.136935373,0.08749716,0.115362007,0.125305041,0.084484526,0.133119748,0.064557068,0.08990243,0.058146124,0.062294526,0.053584874,0.09366919,0.08926047,0.047034581,0.044912129,0.050059473,0.039832632,0.064393403,0.073088554,0.044545221,0.078264598,0.059881937,0.073776603,0.101443615,0.110419742,0.100344346,0.098048715,0.106726429,0.075038219,0.060247584,0.115107314,0.096441644,0.1331402,0.118300423,0.113860481,0.110960955,0.121943241,0.083237753,0.081585118,0.078670271,0.111529344,0.067762832,0.063453745,0.055376074,0.052859776,0.033198136,0.051098998,0.033751085,0.029039744,0.063760512,0.058257196,0.047795292
55,14,0.040588339,0.051077829,0.046219197,0.046805665,0.079964154,0.037489467,0.030651849,0.034977718,0.051632977,0.03026321,0.024377764,0.037078143,0.037389406,0.023741126,0.036225443,0.017133035,0.022268772,0.01403767,0.023000218,0.018066204,0.023511079,0.027619537,0.016368166,0.016124641,0.019439613,0.013577551,0.022258423,0.022000382,0.017192326,0.032486873,0.024775973,0.035954616,0.034949443,0.042780428,0.041204864,0.052921126,0.042215227,0.030209505,0.02990366,0.05912891,0.053580876,0.05393606,0.08739111,0.077489979,0.104599123,0.080107334,0.065746063,0.065867245,0.064480314,0.079327486,0.055959908,0.053848891,0.058458352,0.042591661,0.059554413,0.050078673,0.045912996,0.033296184,0.060365813,0.056387812,0.046107837
55,15,0.038974154,0.019114659,0.016135817,0.014818988,0.018481415,0.016881404,0.02134263,0.019393058,0.015384359,0.015415708,0.019562844,0.029972413,0.02885897,0.021407563,0.021249623,0.010887798,0.023093119,0.018862794,0.025140868,0.012784065,0.01535775,0.012642141,0.019233248,0.015728759,0.017779762,0.016985679,0.027966144,0.035466764,0.02294191,0.039309321,0.030285457,0.065561393,0.057823455,0.060901486,0.042394186,0.030436858,0.03951002,0.029521973,0.028146456,0.032692481,0.029694471,0.032301997,0.033150835,0.037188127,0.04106985,0.044097756,0.031262088,0.028645169,0.031582196,0.036027572,0.023555834,0.022905384,0.016606043,0.017221085,0.01376006,0.018607457,0.012188892,0.015800369,0.014785929,0.023765783,0.033097367
55,16,0.012384839,0.01021285,0.010105648,0.007650223,0.011113451,0.009609662,0.015151964,0.011778431,0.009532968,0.007401405,0.012372177,0.016296599,0.014476981,0.006561758,0.007159782,0.003834284,0.009567312,0.009794535,0.015287625,0.006384773,0.008207904,0.008266969,0.019840279,0.018837168,0.019773533,0.009251537,0.013438506,0.015270642,0.010107014,0.018731487,0.028015512,0.02625567,0.024158974,0.029151723,0.034633867,0.017681439,0.020107754,0.016853269,0.015896147,0.01417519,0.009777782,0.01154897,0.014138916,0.013791403,0.016907167,0.016265047,0.011186872,0.008470633,0.009070618,0.009666455,0.009513907,0.011084752,0.007466022,0.009206174,0.009409657,0.024585985,0.014657526,0.015082875,0.013877777,0.013494277,0.022204355
56,1,0.205427704,0.175875646,0.194333888,0.21032731,0.211494428,0.162388338,0.16115022,0.170641328,0.147499243,0.119242589,0.25568376,0.285007374,0.256040393,0.106266841,0.112040392,0.107266437,0.195468606,0.177989356,0.214953321,0.106822724,0.216975136,0.207792817,0.263595003,0.23962178,0.254241421,0.192981359,0.218528175,0.24215742,0.231673147,0.154985135,0.233703898,0.271274415,0.250391425,0.240550364,0.294650079,0.311860319,0.341708143,0.298311201,0.39538065,0.373197639,0.441688158,0.353081729,0.419612666,0.435501264,0.354201665,0.369768122,0.445432989,0.348324485,0.347352936,0.29576237,0.297954863,0.332744701,0.280052874,0.290621256,0.399684377,0.279985841,0.260091618,0.289651666,0.255571306,0.185038209,0.232167495
56,2,,,,,,,,,,,,,,,,,,,,,,,,,,,,1.49E-05,4.01E-06,4.40E-06,2.18E-07,1.11E-05,1.04E-06,0.000158028,2.12E-09,,,,,,,,,,,,,8.37E-08,,,6.94E-06,0.000696329,,,,,,,,,0.000167693
56,3,0.13925289,0.286058984,0.121718465,0.164778314,0.164149212,0.195881721,0.141767848,0.150073779,0.17621482,0.168616441,0.164584902,0.190585638,0.199931574,0.167190343,0.174560089,0.196823579,0.24052753,0.165681149,0.225051045,0.197536129,0.248236748,0.220991396,0.065187374,0.059780069,0.067784488,0.046740892,0.049773448,0.05884866,0.061325907,0.070642816,0.074643583,0.076431192,0.079047834,0.081638391,0.108676482,0.116738755,0.134588244,0.113270273,0.123131346,0.158504862,0.163535385,0.146137806,0.147839816,0.16193828,0.139592797,0.139164279,0.13016538,0.110745794,0.126500895,0.107795947,0.092015332,0.106600512,0.087019069,0.083844471,0.129530574,0.101235079,0.086973184,0.104421267,0.088907032,0.07750307,0.08992067
56,4,,,,8.61E-07,,1.54E-06,,,,,,4.90E-08,,6.27E-07,,7.61E-06,,,,,0.000150558,0.000520866,,2.72E-07,,1.44E-06,2.30E-06,0.000518345,3.52E-07,4.21E-05,1.80E-06,5.41E-06,1.00E-06,1.94E-05,8.29E-08,,,,,2.10E-10,,,2.14E-07,3.32E-08,,3.50E-08,9.13E-05,1.02E-07,0.000566306,5.45E-06,2.71E-06,4.73E-07,,8.08E-09,0.000110945,,5.99E-05,2.21E-05,6.52E-06,2.12E-06,1.57E-05
56,5,0.012333438,0.013021989,0.016361842,0.021308908,0.019015889,0.012287456,0.012912254,0.011567244,0.012032424,0.015296084,0.017464468,0.016030869,0.013692365,0.011395813,0.012944668,0.025299678,0.021687504,0.019847382,0.018652642,0.016378471,0.046658677,0.022537402,0.102376058,0.097879688,0.100470253,0.066419625,0.075550274,0.087976999,0.086542772,0.087163102,0.085510667,0.080679202,0.074199628,0.093923479,0.104761375,0.111574918,0.127113955,0.109615591,0.119619864,0.146008679,0.15483691,0.130000956,0.140791324,0.153070423,0.136658174,0.128410028,0.121961094,0.112786544,0.156590095,0.142513307,0.105158725,0.133293296,0.10485288,0.099504112,0.088140266,0.122021076,0.107648273,0.125325469,0.1122568,0.092347675,0.112663699
56,6,0.068513177,0.068495826,0.080946575,0.091638755,0.086342585,0.062169569,0.06237236,0.065156122,0.061644281,0.069077416,0.076760582,0.078724512,0.070261569,0.06114633,0.062912784,0.080056391,0.069756059,0.069919585,0.061595455,0.057967925,0.134710275,0.07283908,0.150786466,0.140109309,0.141150016,0.103130719,0.114870779,0.122189968,0.115894363,0.119978626,0.134248551,0.13412022,0.128948901,0.139906314,0.165460668,0.182799873,0.200961327,0.1723108,0.190106645,0.215466225,0.216712354,0.179431584,0.191716823,0.215371446,0.184425538,0.184107493,0.171620743,0.146874534,0.160342129,0.13307326,0.122306737,0.13159718,0.110094835,0.104979308,0.151421236,0.126803201,0.102330539,0.111873597,0.097284249,0.086819197,0.094196119
56,7,0.005238945,0.005101054,0.003850167,0.003615452,0.003301356,0.003753557,0.004368792,0.004164736,0.003824548,0.004057259,0.003463933,0.003223703,0.004557608,0.002781783,0.003969819,0.003014961,0.003720941,0.004602386,0.003907649,0.00556535,0.007321683,0.007972567,0.011974011,0.019383539,0.015517258,0.015015212,0.020014592,0.022235683,0.000661024,0.000764232,0.003103551,0.004369635,0.014649637,0.029167195,0.021305748,0.019455544,0.017509059,0.018898647,0.012759635,0.000257754,0.000128054,0.000125032,0.029502674,0.023020432,0.024282992,0.026932953,0.018816645,0.017158239,0.057307173,0.019260356,0.01979608,0.015807584,0.019272184,0.014601808,0.172161892,0.024415457,0.012869976,0.016505449,0.014930039,0.011251724,0.013419944
56,8,0.000521339,0.000425399,0.000171499,0.000234735,0.000451557,5.60E-05,2.28E-05,0.00021656,5.50E-05,2.00E-05,0.001609885,0.000227823,0.00220375,0.000406327,0.001754125,2.74E-07,3.26E-07,3.07E-07,7.35E-07,3.15E-09,4.82E-08,1.41E-09,2.63E-09,3.62E-07,4.14E-07,1.56E-06,4.35E-07,9.24E-07,1.98E-07,3.73E-07,3.57E-07,5.30E-07,0.001306211,0.017059236,0.001354978,1.08E-05,8.60E-07,1.32E-07,1.80E-07,1.52E-05,1.22E-06,1.94E-06,4.36E-07,4.56E-06,1.19E-07,1.23E-06,1.46E-06,3.73E-07,8.14E-07,3.73E-07,9.66E-06,2.46E-06,7.31E-07,1.62E-05,8.95E-07,2.29E-06,0.000107227,0.000152483,4.46E-07,4.81E-05,2.52E-07
56,9,0.09219864,0.088890714,0.084913777,0.083187639,0.083086884,0.052035786,0.047186336,0.054319395,0.057063181,0.054400508,0.059500374,0.049600621,0.058871198,0.040977798,0.035991759,0.031756201,0.036320418,0.044026095,0.045568132,0.041336416,0.015512252,0.014068224,0.094229533,0.091061567,0.097668859,0.065746245,0.073959048,0.09068667,0.08470336,0.090855849,0.097662861,0.102670562,0.101044754,0.108880792,0.143374649,0.156299656,0.179647419,0.151234159,0.164047932,0.202191095,0.205820711,0.179894919,0.195987458,0.209274252,0.182068823,0.187303657,0.179251574,0.15083499,0.155521454,0.129130882,0.125413851,0.124660406,0.109404941,0.101872091,0.112293508,0.107939715,0.090559392,0.092759259,0.075055179,0.07154024,0.081727886
56,10,0.038650027,0.039790889,0.035255213,0.043982963,0.041679607,0.056722817,0.055259137,0.046436014,0.009741266,0.024917809,0.025754775,0.053497349,0.044554192,0.041960044,0.043837518,0.098440647,0.07960474,0.075140846,0.076379191,0.06056469,0.078581755,0.097068366,0.007922507,0.008014874,0.007201101,0.074926178,0.09093748,0.07714389,0.087801149,0.004453787,0.004386338,0.132590953,0.09082507,0.13254725,0.126002942,0.034966219,0.025072082,0.113965797,0.12473747,0.020610509,0.02936663,0.009801943,0.009815947,0.010109046,0.01517363,0.008902891,0.007565177,0.014270331,0.018235633,0.024753948,0.013189864,0.003484428,0.009508857,0.002440071,0.006915849,0.006580362,0.01585359,0.011734811,0.015367463,0.008791163,0.012676548
56,11,0.041133082,0.033881223,0.026912652,0.031666667,0.029931468,0.036094796,0.041128015,0.032425083,0.057966377,0.063379733,0.052101479,0.039971753,0.038122831,0.035855512,0.032761783,0.080016546,0.073898637,0.069528099,0.068441479,0.064307856,0.074693289,0.08625428,0.032574544,0.031994875,0.028288225,0.067736442,0.071301466,0.065478374,0.07774385,0.023584607,0.023428355,0.084513591,0.076982639,0.083825404,0.079227202,0.016923291,0.012306105,0.054885777,0.071144694,0.050336625,0.084119302,0.095095762,0.078177808,0.067862331,0.082649251,0.069382166,0.054542589,0.067677218,0.193678971,0.181900801,0.077342947,0.12670474,0.075797723,0.066055034,0.051154674,0.063166385,0.084645181,0.10872536,0.125154367,0.081538042,0.117942767
56,12,0.012865509,0.011609823,0.012472843,0.013102399,0.014607713,0.008620901,0.011954931,0.009920093,0.009926256,0.060092462,0.077885625,0.133064651,0.146567617,0.116647333,0.184437197,0.16694601,0.189360037,0.180283829,0.123162318,0.1145661,0.156463125,0.193237981,0.144045396,0.134946157,0.143968114,0.104456582,0.11587766,0.132901251,0.125257057,0.136440218,0.154812902,0.162888964,0.160553476,0.160663929,0.201570353,0.213864996,0.236289013,0.219406446,0.24851825,0.269580882,0.262214387,0.235643068,0.242780849,0.266561737,0.226791298,0.232993112,0.228873179,0.191577579,0.199930645,0.170976595,0.169775982,0.184544679,0.157990444,0.147137843,0.144929744,0.186513862,0.143928567,0.159646303,0.124322463,0.117845592,0.130382541
56,13,0.20555652,0.263119672,0.200531974,0.258169934,0.37597617,0.232900187,0.210637498,0.206081618,0.30405227,0.275598843,0.181701998,0.159571985,0.186671038,0.208077428,0.227373384,0.316314667,0.221067084,0.194251442,0.216426965,0.196871326,0.228665371,0.236433491,0.056423102,0.047790187,0.057317623,0.048797642,0.055671483,0.0616398,0.054562789,0.056660316,0.064002479,0.055514782,0.060504553,0.073491362,0.081308319,0.073889296,0.08506154,0.075983569,0.083518578,0.068106572,0.064477192,0.056759896,0.063105293,0.07361315,0.064880273,0.075321937,0.067707798,0.048182287,0.052751181,0.046406669,0.030397638,0.038681899,0.037365328,0.036853543,0.05338792,0.04505026,0.035076037,0.039798516,0.033507619,0.029593595,0.032193848
56,14,0.129873024,0.140091537,0.110865643,0.135286035,0.152220181,0.128840235,0.125519247,0.115091585,0.157403286,0.152966606,0.113650213,0.108272331,0.112360017,0.114150044,0.110974612,0.116676056,0.116350436,0.119040103,0.138800119,0.158869907,0.156150603,0.179042213,0.127788191,0.126314306,0.1223692,0.120927806,0.109344534,0.111510274,0.098834911,0.108701021,0.10752649,0.103846329,0.103461762,0.094985631,0.096087327,0.109530201,0.101941639,0.087630391,0.091085181,0.107315411,0.127297266,0.09503618,0.093163978,0.103704504,0.113585197,0.081470829,0.102846119,0.072724388,0.098156865,0.077309772,0.066042434,0.082436451,0.061187629,0.068381011,0.061626363,0.071994547,0.064409244,0.092051743,0.069065605,0.066217488,0.064858098
56,15,0.142692077,0.11892963,0.1343844,0.141490484,0.149859345,0.116172077,0.110372099,0.103346547,0.103385548,0.096738036,0.108546513,0.117162475,0.104824759,0.080577699,0.062887915,0.063657101,0.065548786,0.066976674,0.068885297,0.05307921,0.058623561,0.055941016,0.059533471,0.048693768,0.060316477,0.042737829,0.044744828,0.061340492,0.058746059,0.054237752,0.051460661,0.056594853,0.05461329,0.063722904,0.064357968,0.066139175,0.084580694,0.070415969,0.070711117,0.076959719,0.084838777,0.081613676,0.078847265,0.09288355,0.086679011,0.084783478,0.072464406,0.07485588,0.091205629,0.085891108,0.059454311,0.067216099,0.058724049,0.052641618,0.039696623,0.048347181,0.042805412,0.05348959,0.048986754,0.041400001,0.052352324
56,16,0.059251991,0.047787296,0.053230769,0.055790092,0.064541404,0.03663331,0.03470642,0.038939369,0.035528182,0.028091503,0.043837293,0.063122153,0.0540854,0.036269804,0.029681495,0.029049194,0.030497053,0.031009289,0.029811825,0.024891484,0.028983526,0.030101595,0.035075142,0.035999654,0.036617173,0.024354915,0.02553018,0.033535682,0.031266486,0.029083442,0.040011372,0.03195483,0.033417938,0.043818756,0.052647952,0.041737881,0.043744577,0.034513773,0.039524574,0.033153249,0.030366332,0.031136543,0.031119919,0.03725154,0.036753082,0.034478656,0.030091852,0.02530575,0.032080388,0.026510658,0.026866309,0.031317366,0.027773341,0.027985775,0.036540897,0.050573541,0.03895126,0.039077775,0.032519698,0.027082625,0.029435849
57,1,0.031214992,0.02385266,0.031082067,0.027985221,0.03252909,0.014589141,0.013179447,0.012885381,0.01270343,0.011128928,0.010281883,0.008093428,0.007274622,0.005376472,0.005134371,0.005317017,0.002867748,0.002998833,0.002414253,0.002874477,0.001316373,0.001127651,0.000911298,0.00073585,0.00069646,0.00056718,0.000607564,0.000620274,0.000597394,0.000705129,0.000493545,0.000409967,0.000310858,0.000344268,0.00030167,0.000229774,0.000355186,0.000345555,0.00028129,0.000232145,0.000238598,0.000293591,0.000281494,0.000298704,0.000341483,0.000272917,0.000209513,0.000207085,0.000178352,0.000169489,0.000155765,0.00013942,0.000157923,0.000134036,0.000210708,0.000287179,8.06E-05,9.52E-05,0.000102619,9.77E-05,9.88E-05
57,2,,,,,,,,,,,,,,,,,,,,,,,,,,,,4.56E-07,1.11E-07,8.57E-10,,,,,,,,,,,,3.38E-06,1.80E-05,9.02E-06,1.73E-06,,,,,,,,,,,,,,,,
57,3,0.007538564,0.005711523,0.007268727,0.00671988,0.008698088,0.00426374,0.00473428,0.004928129,0.005562663,0.005133205,0.005538323,0.004619043,0.004030435,0.003815744,0.003626755,0.003182084,0.002680478,0.003071905,0.002668443,0.002305362,0.001768513,0.001675979,0.001556387,0.001582138,0.001192584,0.001056059,0.000989279,0.000859856,0.000888457,0.000717108,0.000650719,0.000491332,0.000429443,0.000414198,0.000383481,0.000369247,0.000399662,0.000320816,0.000296934,0.000265144,0.000219431,0.000276746,0.000237232,0.000239807,0.000269735,0.000216228,0.00023254,0.000186758,0.000179118,0.000183988,0.00018536,0.000170565,0.000206722,0.000168379,0.000176425,0.000913238,0.00012809,0.000130579,0.000109638,0.000207012,0.000338006
57,4,,,,,,,,,,,,,,,,,,,,,,,,,,,,,,,,,,,,,,,,,,1.35E-06,2.27E-06,3.46E-06,,,,,,,,,,,,0.002764367,,4.76E-05,,0.000392799,0.000857213
57,5,0.000257698,0.000361648,0.000352015,0.000262689,0.000363574,0.000801806,0.000854289,0.000197426,0.000559164,0.000522756,,,,,9.10E-08,3.64E-09,7.79E-09,1.58E-09,2.51E-08,7.63E-09,0.000316518,0.000323524,6.75E-06,7.73E-05,6.03E-05,6.04E-07,2.52E-07,2.90E-08,2.71E-09,3.66E-09,2.71E-07,4.22E-07,1.87E-07,3.25E-07,1.03E-07,2.37E-07,9.24E-08,2.39E-07,1.42E-07,4.41E-08,3.52E-09,4.10E-06,9.97E-09,,1.96E-07,3.99E-11,5.12E-08,7.48E-09,2.41E-10,1.90E-07,7.99E-09,7.05E-09,2.86E-08,1.39E-09,1.49E-08,1.61E-06,1.23E-05,3.05E-06,3.76E-06,3.38E-06,7.75E-07
57,6,0.008241686,0.007573112,0.008589993,0.007444537,0.008343682,0.005017506,0.005533845,0.004918027,0.005436351,0.005328055,0.005428264,0.004035114,0.003632391,0.003337646,0.003427984,0.002478772,0.002349894,0.002383348,0.001977675,0.001799565,0.001820187,0.002327386,0.001338244,0.001218787,0.001043081,0.000908922,0.000913771,0.000857718,0.000879758,0.000810516,0.000784353,0.000597916,0.000466854,0.00045878,0.000434252,0.000424915,0.000552159,0.000373806,0.000346456,0.000345052,0.000294219,0.00034296,0.000291024,0.000285964,0.000302415,0.000252195,0.000252941,0.000212806,0.000195075,0.000195722,0.000197304,0.000175784,0.000217004,0.000194173,0.000196856,0.000186239,0.000148891,0.000144005,0.000139072,0.000130426,0.000113688
57,7,0.005734653,0.00582504,0.004645909,0.003903992,0.003730377,0.003091603,0.0032812,0.002846639,0.002568349,0.002192176,0.002494134,0.001447522,0.00137266,0.001332497,0.001666071,0.00087393,0.000782626,0.000727033,0.000660094,0.000656587,0.000902371,0.000686863,0.00063361,0.000548972,0.000545495,0.000466443,0.000490079,0.000478971,0.000444998,0.000438457,0.00044472,0.000382975,0.00027903,0.000281806,0.000264448,0.000239486,0.000351726,0.000194913,0.000170132,0.00016028,0.000131944,0.000150498,1.00E-04,8.44E-05,6.85E-05,5.05E-05,4.28E-05,3.43E-05,2.73E-05,2.36E-05,1.66E-05,1.06E-05,4.01E-06,,2.45E-09,0.001038565,1.59E-07,1.75E-05,,0.000143467,0.000317886
57,8,0.00145921,0.000206278,0.001204978,0.001272229,0.001198133,0.005153509,0.005308103,0.001213715,0.003410048,0.003229873,1.34E-06,2.07E-06,9.61E-08,1.55E-07,3.89E-07,7.73E-08,3.04E-07,7.56E-08,1.26E-06,3.80E-11,0.00103877,0.000784933,1.48E-05,0.000524811,0.000404076,,,,,,,,,,,,,,,,,,,,,,,,,,,,,,,1.05E-05,7.87E-05,2.78E-05,3.58E-05,2.67E-05,5.12E-06
57,9,0.023124891,0.020720317,0.022736541,0.020159592,0.022858926,0.012064638,0.012269062,0.011975284,0.012125403,0.010729474,0.011228681,0.008061037,0.007080629,0.006695728,0.006883962,0.004792503,0.004262077,0.004384702,0.004011112,0.003778157,0.003185069,0.003315472,0.003170937,0.003004734,0.002642768,0.00237567,0.002451094,0.002402728,0.002398185,0.002351894,0.002382967,0.002101504,0.001607203,0.001652132,0.001573205,0.001520795,0.002099078,0.001451051,0.001322799,0.001202555,0.001103585,0.001224382,0.001086755,0.001052885,0.001061957,0.000898536,0.000850022,0.000737259,0.00068497,0.000676571,0.000677874,0.000600325,0.000674684,0.000636455,0.000605386,0.000989058,0.000392142,0.000422753,0.000383737,0.000403924,0.000371801
57,10,0.000159414,2.22E-05,0.000158453,0.00015144,0.000182394,0.000843329,0.000983199,0.00022553,0.000814933,0.000736362,2.24E-06,6.03E-05,3.50E-05,3.10E-07,3.18E-05,0.0001813,4.93E-05,1.29E-05,1.30E-05,6.99E-06,0.000173959,0.00016296,2.97E-06,0.000180935,8.42E-05,2.55E-08,1.91E-08,,3.52E-07,4.20E-08,,2.10E-05,,,,2.17E-08,1.51E-06,,,1.05E-05,,2.19E-07,4.28E-07,5.42E-07,,,,,,,,,,,,0.000542571,6.69E-07,8.17E-06,9.98E-07,6.07E-05,0.000159122
57,11,3.85E-05,4.41E-06,2.66E-05,2.54E-05,3.11E-05,0.000124962,0.000131748,3.26E-05,8.01E-05,6.88E-05,3.79E-05,9.32E-05,5.08E-05,3.99E-05,0.000202775,0.000214876,0.000244294,0.000149658,0.000206759,0.00032537,0.000251287,0.000260997,0.00027958,0.000278136,0.000358616,0.000311939,0.000324724,0.000348977,0.000338708,0.00053397,0.000525283,0.000484287,0.00034508,0.00033432,0.000354104,0.000322032,0.000479883,0.000548024,0.000741366,0.000747437,0.000710531,0.000831688,0.000805885,0.000817287,0.00082355,0.000694478,0.000654115,0.000695921,0.000745282,0.000779394,0.000839247,0.000851922,0.000908786,0.000761732,0.000854705,0.00069567,0.0005519,0.000678788,0.000627871,0.000610045,0.000563187
57,12,0.003778162,0.00292185,0.003615609,0.003086073,0.003855887,0.001897309,0.002353439,0.002248727,0.002399163,0.002213013,0.0024087,0.001935916,0.001660857,0.001574195,0.00161373,0.001440379,0.001273689,0.001469555,0.001209014,0.001001961,0.000920547,0.000842803,0.000796586,0.000762431,0.000592423,0.00052047,0.000506852,0.000403637,0.00047037,0.000386825,0.00036627,0.000225218,0.000230387,0.000254598,0.000216676,0.000242516,0.000249078,0.000229662,0.000233494,0.000245191,0.000167851,0.000265552,0.000196536,0.000204641,0.00024185,0.000209222,0.000262792,0.000187411,0.000181527,0.000201579,0.000212022,0.000205955,0.000264099,0.000203731,0.000229092,0.00020818,0.000175291,0.000149275,0.000147844,0.000117106,0.000109335
57,13,4.25E-05,1.01E-05,4.06E-05,3.80E-05,4.50E-05,0.000148731,0.000149711,3.71E-05,0.000104611,9.72E-05,3.66E-05,4.42E-06,1.28E-05,1.30E-05,1.66E-05,1.90E-11,6.04E-11,,2.04E-06,1.91E-06,3.02E-05,2.83E-05,2.23E-05,3.84E-05,3.07E-05,1.47E-05,1.29E-05,1.24E-05,1.57E-05,1.38E-05,2.03E-05,1.66E-05,1.52E-05,1.41E-05,1.49E-05,1.62E-05,1.62E-05,1.30E-05,1.17E-05,1.06E-05,5.12E-06,8.73E-06,1.02E-05,1.11E-05,1.35E-05,1.10E-05,9.84E-06,9.71E-06,1.01E-05,1.14E-05,1.04E-05,1.05E-05,1.16E-05,1.10E-05,1.18E-05,1.27E-05,1.46E-05,8.57E-06,8.75E-06,5.75E-06,4.27E-06
57,14,0.004988344,0.005240446,0.004808721,0.004035882,0.003889899,0.003236121,0.003405274,0.003059857,0.002479736,0.00206145,0.002224329,0.001878899,0.001556354,0.001410004,0.001729129,0.001292735,0.001188247,0.000808791,0.000760425,0.000715628,0.000575442,0.000619201,0.000590927,0.000518539,0.000551633,0.00050238,0.000567873,0.000559468,0.000560527,0.000567224,0.000581884,0.000593967,0.000402579,0.000422679,0.000422112,0.000397997,0.000588417,0.00036228,0.000352505,0.000355807,0.000322593,0.000368042,0.000310848,0.000306793,0.000293429,0.000252807,0.000257981,0.000247156,0.000229772,0.000233822,0.000245162,0.000221088,0.000269252,0.000233447,0.000225679,0.000517183,0.000153525,0.000197905,0.000176017,0.000219009,0.000276998
57,15,0.05181249,0.042616435,0.048678681,0.043425136,0.050159668,0.036716282,0.033138187,0.031997705,0.032123297,0.029115495,0.027140267,0.022446854,0.019614639,0.017248266,0.015390968,0.011908145,0.009771723,0.009535587,0.008179596,0.007639736,0.005954082,0.006053559,0.005358027,0.004685361,0.00463541,0.004240768,0.004072719,0.004137201,0.003913959,0.003642133,0.003491541,0.002961208,0.002118832,0.002273,0.002219143,0.001958426,0.002655787,0.00176033,0.00158327,0.001292185,0.00120543,0.001229917,0.001138256,0.001072929,0.001045438,0.00083878,0.000718636,0.00074273,0.00058776,0.000581542,0.000569699,0.000504232,0.000601079,0.000569447,0.000561394,0.003271436,0.00038777,0.000436352,0.000338656,0.000707668,0.001115499
57,16,0.012474828,0.009026879,0.011959875,0.010451407,0.014795241,0.0057101,0.004937873,0.005425194,0.005594383,0.00509824,0.00444267,0.006696035,0.005908423,0.004857485,0.003840655,0.002996463,0.002404041,0.002455454,0.0019107,0.002012151,0.001646469,0.001577359,0.001284861,0.001343307,0.001207249,0.001012412,0.000999928,0.000948084,0.000966645,0.000798619,0.00066834,0.000615025,0.000546416,0.000525185,0.000540172,0.000485613,0.000491312,0.00041339,0.000345032,0.000185314,0.000182769,0.00018042,0.000231313,0.000257776,0.000289677,0.000234388,0.00019744,0.000412158,0.000179395,0.000181835,0.000189361,0.000194519,0.000286098,0.000205767,0.000226919,0.001327142,0.00012772,0.00012648,0.000101306,0.000229679,0.000375863
58,1,0.059775135,0.046975642,0.056635633,0.047655458,0.042882988,0.05203283,0.030190255,0.026729799,0.029491956,0.02607816,0.031086409,0.029682871,0.028921826,0.020413776,0.016878148,0.015311493,0.011016371,0.015336637,0.014582058,0.025594986,0.011650324,0.012703178,0.009110285,0.007551447,0.007651781,0.010252887,0.010098603,0.008107771,0.010270205,0.014624523,0.009035561,0.006984069,0.004832887,0.004047435,0.005144499,0.005472272,0.00559846,0.00849631,0.017958842,0.023420576,0.001880016,0.005384548,0.000905088,0.001065328,0.00392329,0.003833641,0.006591757,0.005479024,0.00485268,0.004089933,0.003760091,0.003198444,0.00302672,0.003008647,0.004594769,0.005076983,0.002884184,0.002073889,0.002331967,0.003860308,0.003205145
58,2,,,,,,,,,,,,,,,,,,,,,,,,,,,,,,,,,,,,6.92E-06,1.26E-05,1.69E-05,1.38E-05,,,,,,,,,,,,,,,,,,,,,,
58,3,0.011977954,0.009558784,0.013262613,0.01299859,0.010816888,0.015236291,0.009920615,0.008527278,0.010990796,0.01066042,0.015809004,0.014234701,0.016014549,0.013298085,0.010939219,0.007677408,0.007780648,0.008367501,0.010177863,0.014957152,0.010200863,0.009620136,0.007778056,0.006854654,0.005526661,0.005036061,0.00440811,0.003837414,0.00447461,0.005395601,0.007029288,0.005967053,0.002475109,0.002291723,0.001662693,0.001987024,0.001301735,0.001481209,0.000968063,0.000724994,0.000822225,0.000791721,0.000812393,0.000961922,0.001090766,0.001050946,0.001271151,0.000789432,0.000616508,0.00066572,0.000740538,0.000959773,0.00084127,0.000878548,0.000629545,0.00056481,0.000854066,0.000879007,0.000800505,0.000707095,0.000829536
58,4,,,,,,1.75E-07,,,,,,,,,,,,,,,,,,,,,,,,,,,1.98E-06,3.40E-06,6.48E-06,,,,,,,,,,,,,,,,,,,,,1.29E-06,,,,1.22E-05,1.70E-07
58,5,2.87E-07,2.58E-05,3.84E-05,0.000108861,8.70E-06,0.000481219,4.25E-05,0.000534049,0.000438057,2.01E-05,1.61E-06,2.63E-05,2.15E-05,1.36E-05,3.63E-06,3.91E-05,0.00015786,0.000166239,0.000298263,0.000128929,,8.83E-06,1.93E-05,1.91E-06,4.08E-09,1.69E-07,2.77E-08,4.90E-07,2.25E-08,3.75E-08,3.39E-09,9.23E-09,6.88E-09,0.000483247,3.43E-08,2.15E-07,1.82E-10,1.40E-05,2.01E-07,4.58E-08,1.71E-09,1.35E-05,7.61E-08,4.53E-09,2.74E-08,9.63E-08,0.000236883,3.29E-08,1.84E-07,5.45E-07,5.65E-09,3.59E-09,7.62E-09,1.08E-09,8.42E-06,1.94E-07,9.07E-09,2.16E-08,7.36E-08,3.03E-07,3.38E-05
58,6,0.009129634,0.007275501,0.008937236,0.007918621,0.008649083,0.010312533,0.007492255,0.006442322,0.009595562,0.008320232,0.010834585,0.008662596,0.00965945,0.00786677,0.006776926,0.004516725,0.005116695,0.005076626,0.005566654,0.008011792,0.005348047,0.004994828,0.005712686,0.004481875,0.004452851,0.002978963,0.00273647,0.002497212,0.00270566,0.002765823,0.003299448,0.002365438,0.001186503,0.000984487,0.000875466,0.00099926,0.000845274,0.000826876,0.000611709,0.000498205,0.000601001,0.00058229,0.000554834,0.000603498,0.000683249,0.001178171,0.002213969,0.000573263,0.000420134,0.000456773,0.00051457,0.000637007,0.000617685,0.000661685,0.000525292,0.000413275,0.000745489,0.000707916,0.000667635,0.000688256,0.000763922
58,7,0.013672075,0.019248613,0.024787686,0.02910319,0.005552454,0.002528102,0.063935813,0.03069808,0.020385935,0.027913489,0.079862352,0.037722399,0.028244268,0.016271187,0.001380431,0.000939809,0.001180928,0.001012903,0.001590268,0.001296462,0.000514256,0.000712825,0.002174054,0.011317206,0.011243136,0.022500526,0.012124377,0.006579475,0.030520256,0.013229872,0.024743474,0.016630966,0.015741962,0.012511946,0.01632038,0.04648618,0.005651922,0.00432542,0.010389162,0.009183786,0.007797677,0.019518846,0.017400353,0.020769401,0.005329302,0.008648267,0.018274918,0.006219881,0.006506373,0.007764706,3.53E-05,0.009363395,0.03688805,0.002257307,0.003661093,0.002294526,0.003824294,0.00308991,0.004580901,0.003016197,0.0033973
58,8,7.19E-06,0.000180109,0.00027247,0.000711768,5.60E-05,0.003005303,0.000199109,0.003304493,0.002626296,7.76E-05,3.43E-05,3.58E-06,4.56E-07,5.57E-07,3.15E-07,0.000231438,0.000977081,0.001094279,0.002021734,0.00098505,,0.000214827,,,,4.52E-06,7.55E-07,8.54E-07,1.85E-07,1.05E-08,5.56E-08,2.70E-08,2.78E-07,4.31E-08,6.01E-08,7.24E-08,8.53E-09,1.04E-08,2.80E-10,1.08E-06,,1.51E-05,3.25E-07,,,,0.002362157,,,,,,,,5.61E-05,8.01E-08,2.92E-08,9.32E-08,8.21E-08,5.92E-08,1.48E-05
58,9,0.058554304,0.04618802,0.053705195,0.059596427,0.038979084,0.04155212,0.03016366,0.030894385,0.037781399,0.040226511,0.036489397,0.036085877,0.036197004,0.04257011,0.046747389,0.016537761,0.022586771,0.017827601,0.018321963,0.02509487,0.019627303,0.025023619,0.023865719,0.021339589,0.022990417,0.024512498,0.024990344,0.02113392,0.0234655,0.025398417,0.020330934,0.016254078,0.013462286,0.008870745,0.012696532,0.01566804,0.013444146,0.015564688,0.006911563,0.00956582,0.003711394,0.007966882,0.001512948,0.0014429,0.004257126,0.006995236,0.006838216,0.006083569,0.004590568,0.003764316,0.004363316,0.002889591,0.003653094,0.002188236,0.002861813,0.003389924,0.003527796,0.003302209,0.004370209,0.003566647,0.002833415
58,10,6.81E-07,2.08E-05,3.57E-05,9.76E-05,2.35E-05,0.000510369,4.08E-05,0.000608242,0.000642354,1.77E-05,,,0.000123789,,1.89E-08,5.51E-05,0.000239032,0.000205218,0.000358185,0.000145692,1.99E-07,5.27E-08,3.53E-09,3.11E-08,3.85E-10,,3.79E-09,9.14E-06,,,8.22E-08,3.19E-07,5.08E-07,2.02E-05,2.14E-06,,,,8.20E-09,,,,,,,,0.00044303,,,,,,,,5.11E-07,,,,,2.16E-06,1.09E-07
58,11,7.25E-07,4.69E-06,7.95E-06,1.74E-05,1.25E-05,7.72E-05,1.46E-05,8.79E-05,6.31E-05,1.65E-06,2.53E-05,4.42E-05,0.000132555,3.16E-05,0.000139831,8.57E-05,0.000120101,6.34E-05,0.000144099,0.00024011,0.000210575,0.000176233,0.000938591,0.000755339,0.001225984,0.000367902,0.000441055,0.000515629,0.000325486,0.000497245,0.000518618,0.000329654,0.000274377,0.001923193,0.000278895,0.000243351,0.000387793,0.00043309,0.000529825,0.000549204,0.000532791,0.000648932,0.000661967,0.000642314,0.000640298,0.003097092,0.000876599,0.000816666,0.000593116,0.000639132,0.000726734,0.000740573,0.000721275,0.000777216,0.000722939,0.00055176,0.001016924,0.001259092,0.001406484,0.00134075,0.000979911
58,12,0.005592082,0.003866319,0.004796031,0.003870603,0.004623192,0.006075166,0.004910168,0.004135785,0.00495064,0.0045148,0.006705629,0.006061152,0.006474926,0.005840231,0.005238371,0.003779374,0.00399734,0.004178535,0.004869045,0.006531297,0.004761592,0.005069979,0.004205718,0.003611105,0.003050156,0.002788856,0.002733625,0.002232715,0.003068328,0.003460007,0.004477562,0.002958713,0.001531249,0.001474645,0.00113893,0.001597676,0.001035114,0.001359963,0.000960756,0.000876127,0.000867532,0.000955947,0.000797713,0.000963773,0.001207679,0.001064999,0.00219888,0.0009512,0.000803741,0.000898218,0.001040367,0.001447394,0.001299745,0.001272457,0.001048527,0.000910655,0.001446481,0.001394849,0.001278604,0.001232451,0.001484103
58,13,0.003132637,0.005428113,0.00885565,0.010652059,0.001066549,0.000126818,4.55E-05,0.000182642,0.000131672,4.77E-05,5.11E-05,0.001818133,0.002017094,0.000701013,9.18E-05,2.82E-05,7.21E-05,4.49E-05,0.000110976,0.000131422,7.77E-05,0.000125388,0.000151048,0.000182528,0.000155408,0.000177453,0.000163214,0.000137798,0.000215519,0.000270244,0.000408666,0.000370767,0.000138727,0.000117084,0.000109915,0.000137787,9.17E-05,0.000117347,6.73E-05,4.96E-05,4.36E-05,8.12E-05,5.71E-05,6.05E-05,0.0001078,7.08E-05,0.001478387,8.37E-05,6.54E-05,6.70E-05,0.000192298,9.32E-05,8.01E-05,9.54E-05,9.08E-05,7.53E-05,9.59E-05,0.000140646,0.00024226,0.000172165,9.71E-05
58,14,0.004184209,0.00390602,0.003604811,0.003635674,0.003137256,0.002661912,0.006454659,0.00476776,0.004831279,0.003415564,0.006970605,0.005192825,0.003623533,0.002521656,0.00163404,0.000966738,0.000788336,0.000567632,0.000564224,0.000535417,0.000497458,0.000464619,0.00202326,0.002002011,0.002696478,0.002225457,0.001768578,0.001422692,0.002894554,0.00162338,0.00238016,0.001669635,0.001487593,0.001510079,0.001593648,0.003947449,0.001043611,0.000826262,0.001243306,0.001080697,0.001043708,0.00215552,0.001986949,0.00218706,0.000811677,0.00206119,0.003225395,0.001084989,0.000968526,0.001100557,0.000291031,0.001290227,0.004415018,0.000505923,0.000603444,0.000382492,0.000735867,0.000780869,0.000906104,0.000751935,0.000735208
58,15,0.071726437,0.057732875,0.076872698,0.075419671,0.060435683,0.106330492,0.062562317,0.051065553,0.064366864,0.058477069,0.07123075,0.064008127,0.066282324,0.049193378,0.035755014,0.025277119,0.025151082,0.028907206,0.028272902,0.039276783,0.026552601,0.026527024,0.026482333,0.021441713,0.023993105,0.019869259,0.018362689,0.016723196,0.016393851,0.018945469,0.019733915,0.017324307,0.008615191,0.007457958,0.008305962,0.00929706,0.007980372,0.007909061,0.005576544,0.005571958,0.00258893,0.003719472,0.001980229,0.002084335,0.003173447,0.00494721,0.003878503,0.003709635,0.002772476,0.002589098,0.002685545,0.002462668,0.002221529,0.00237584,0.002020483,0.002240069,0.002415813,0.002355312,0.002492032,0.002333325,0.002269395
58,16,0.16346481,0.082725343,0.049702114,0.080157998,0.054033611,0.062061723,0.046259904,0.053419609,0.077956458,0.063932156,0.151543912,0.101355975,0.092689942,0.071694554,0.048831626,0.052398888,0.067183458,0.052653689,0.081913004,0.063063748,0.159794884,0.07656293,0.045498807,0.15775995,0.063142648,0.197777082,0.078153938,0.124915133,0.074428717,0.060576954,0.075541074,0.08124608,0.064330459,0.044419295,0.029647025,0.018075747,0.021219886,0.014999699,0.028532567,0.018777103,0.013072802,0.012258377,0.01406517,0.042687668,0.038774926,0.050122148,0.044593734,0.056723944,0.043964659,0.030743414,0.011431607,0.015411996,0.014524467,0.010487277,0.041183462,0.019770088,0.005364341,0.008620499,0.00709187,0.015459877,0.012727919
59,1,2.48024258,0.818621752,0.857021692,0.318650366,0.637415403,0.329361279,0.280408638,0.52380053,0.31067478,0.261042144,0.336793388,0.558040167,0.646203203,1.946127771,0.540353544,1.306014689,0.497732796,0.311128775,0.289876946,0.70376401,0.212076566,0.263989625,0.18100583,0.16640904,0.172313372,0.219803404,0.200107754,0.036851334,0.009549193,0.005811409,0.004908221,0.01035897,0.004690708,0.003503671,0.004316345,0.014753998,0.005420281,0.008028621,0.005429612,0.004155304,0.002635876,0.002682717,0.004319333,0.045439322,0.018861209,0.050393371,0.041274512,0.042603451,0.046722494,0.103768168,0.07898213,0.076985088,0.064232908,0.094324142,0.088208165,0.091637609,0.082108091,0.071175587,0.062332343,0.067842537,0.034955564
59,2,,,,,,,,,,,,,,,,,,,,,,,,,,,,6.08E-07,,,1.30E-06,,,,,,,,,,,,,,,,,,,,3.00E-07,,,,,,,,,,0.001587682
59,3,0.698322831,0.502440109,0.460063395,0.465063375,0.439348656,0.379947809,0.306026085,0.314058941,0.263594666,0.405021419,0.507093139,0.397770265,0.438011559,0.446952328,0.196767436,0.194392222,0.173643913,0.155289436,0.051929657,0.038045152,0.038436647,0.093934176,0.031720007,0.019820642,0.021223561,0.018869897,0.016481652,0.00265386,0.002359566,0.002415378,0.0013164,0.002654719,0.001546104,0.001644893,0.003355891,0.015278789,0.001920233,0.003414733,0.000790093,0.000652649,0.000487909,0.000343466,0.001752457,0.001616154,0.001325895,0.001055927,0.002377366,0.004002316,0.001991353,0.001772452,0.001791819,0.001895986,0.001933153,0.001611648,0.001262522,0.001910318,0.003040487,0.001125303,0.001140061,0.001110166,0.001531238
59,4,0.000125305,1.14E-05,5.31E-05,0.000145427,6.34E-05,,,,,,7.82E-05,4.81E-07,,1.84E-06,8.61E-10,,,,1.84E-08,,1.91E-10,3.90E-10,3.16E-10,,,,,,,,,,4.22E-09,,,1.89E-05,3.64E-05,,,4.21E-05,,,,,,8.45E-05,4.84E-08,4.04E-08,1.88E-08,2.22E-09,,2.93E-07,,,,4.17E-07,0.000106956,8.68E-05,8.58E-05,0.000107637,8.64E-06
59,5,0.000931988,0.001213173,0.003184859,0.000874641,0.00198488,0.001103629,0.002069414,0.00298068,0.002087767,6.77E-05,4.66E-05,1.98E-05,1.94E-05,4.35E-05,5.12E-05,0.10682484,0.000677752,0.00147973,0.000751566,0.000882465,0.000103509,9.13E-06,1.18E-05,4.24E-05,2.47E-06,0.00029213,0.000159559,4.14E-05,0.0001231,1.96E-05,1.20E-06,0.00010127,0.000107794,0.000447123,0.001483115,0.008032004,0.000898469,0.000424606,0.000156902,0.000116512,0.000315982,2.38E-05,0.000365547,0.000817025,0.000261584,0.0004039,0.000313289,0.000942115,0.001464655,0.000285718,0.000584099,0.002244242,0.000460577,0.000385727,0.000488889,0.000241812,0.000146912,0.000159823,0.001629202,0.000166338,0.000695062
59,6,0.233867557,0.229625384,0.218843138,0.226265746,0.209001651,0.154995553,0.156170456,0.16223217,0.239737666,0.215914374,0.18822319,0.170278942,0.215404,0.229640042,0.170192537,0.281774438,0.159811965,0.146437496,0.0359298,0.030364881,0.045418001,0.142079481,0.055166052,0.037922711,0.032569541,0.0148601,0.015398891,0.014123211,0.015790386,0.008368848,0.009117578,0.008252224,0.007134362,0.009244958,0.00712866,0.026704968,0.004539174,0.008364718,0.003662932,0.003793304,0.00648858,0.00805711,0.007334962,0.007751969,0.006722214,0.010915437,0.011215269,0.012192623,0.007486029,0.012751143,0.001311927,0.007555856,0.005892358,0.005548694,0.006840837,0.007101956,0.026849361,0.032444602,0.033515971,0.02405153,0.015540688
59,7,1.525192378,1.167695801,1.578919375,1.44475754,1.425683679,0.982584062,0.875847002,1.06081987,1.039946701,1.045739074,1.024258061,1.182287978,1.057242398,1.05478266,1.330651937,1.518023488,1.742571362,1.038868566,1.095676367,0.608735044,0.750658398,0.846300525,0.743382979,0.615853955,0.03526425,0.035728782,0.361887779,1.670809221,1.464576884,1.92593948,1.136887208,1.47498239,1.702366597,1.193107053,2.410708225,1.163601548,1.377563648,1.407124711,0.821827525,0.976518396,0.815566904,1.185714216,0.696722039,0.650239788,0.944670755,0.698974029,0.688805995,0.829309925,0.745858949,1.169461602,0.001021457,1.407127925,0.53008537,0.660549263,0.706872816,0.820189261,0.891605464,0.242494984,0.285089129,0.561598994,0.906239078
59,8,,,0.015915752,0.028231261,0.020426821,0.019253468,0.017230223,0.015605273,0.013496373,0.016882405,0.010612679,0.009493729,0.004929147,0.010091307,0.006781663,0.596097628,0.022162563,0.018592359,0.035468829,0.026510844,0.037303045,0.056087259,0.011561265,0.0434561,0.028885087,0.042230407,0.034724099,0.067741088,0.096394715,0.048349072,0.055995401,0.069250674,0.052145564,0.104111151,0.044628625,0.107678467,0.029074978,0.031589301,0.025753094,0.033149897,0.073044109,0.086843263,0.08471946,0.080320606,0.064021945,0.111647551,0.12265226,0.08783793,0.071324203,0.129487497,,0.063760843,0.057267975,0.050675567,0.065709161,0.060504573,0.245091248,0.323620567,0.294455427,0.170138031,0.102229812
59,9,1.410779772,1.135139133,0.859527064,0.671180857,0.78952253,0.710466937,0.554366697,0.61367067,0.554935518,0.778375437,0.984606569,1.192091463,1.497050765,1.165749964,0.746804091,1.385645749,1.005466596,1.276197567,0.754143578,0.78409464,0.911367563,1.095038248,0.534479004,0.314714309,0.297830526,0.405758894,0.322383425,0.021631113,0.016722135,0.008093398,0.011654995,0.022598266,0.005496363,0.007093775,0.008396779,0.030225101,0.012302169,0.052697077,0.042168253,0.029640126,0.019147012,0.019990274,0.026358224,0.092899745,0.033106341,0.033991207,0.025333128,0.036435166,0.027001955,0.066235495,0.051719573,0.047232264,0.036544912,0.049575978,0.040086726,0.055733986,0.02823944,0.020459512,0.0233596,0.018198707,0.015747624
59,10,1.46E-08,4.97E-07,2.31E-06,1.35E-06,2.13E-06,5.69E-06,5.73E-06,0.004391739,2.74E-09,7.00E-08,0.00011277,7.35E-08,8.39E-06,0.000220238,3.47E-06,0.187099809,0.001437078,0.008556069,5.01E-06,5.19E-05,0.000231592,0.000137875,1.67E-05,0.000239159,2.90E-05,0.000426816,4.60E-06,7.30E-06,0.002239426,4.65E-09,1.90E-06,2.65E-06,0.000874218,1.27E-07,3.08E-06,1.46E-05,4.26E-05,0.003732763,3.95E-06,2.14E-05,0.000428516,0.000151071,7.22E-05,0.000317793,7.74E-06,7.21E-05,5.17E-06,2.94E-06,2.03E-06,2.35E-06,0.001512176,3.11E-08,,,,,,,1.13E-06,,
59,11,4.43E-08,3.75E-05,0.000138197,0.000611289,1.61E-06,5.86E-06,4.08E-06,0.003572442,4.76E-06,4.97E-06,9.06E-05,9.93E-06,9.23E-06,0.00020101,2.92E-06,0.022932429,0.000915082,0.005027665,5.01E-06,5.65E-05,0.000951023,0.024035373,0.011406796,0.001076436,0.000304007,0.000280833,0.000126474,2.85E-05,0.001509087,3.70E-05,2.01E-05,5.95E-06,0.000922683,2.04E-05,1.64E-06,1.84E-05,6.35E-05,0.006526691,0.000309093,1.96E-05,0.000800061,0.000102396,0.000127394,0.000458605,0.001198055,0.001196019,0.000266894,0.000471475,0.000160423,0.000455584,0.000223501,0.001350575,0.001960312,0.000247242,0.001060076,0.000165141,0.000231278,0.000408351,0.000691108,0.000185353,0.000307222
59,12,0.462488076,0.232976896,0.221596022,0.229940471,0.229051464,0.189948006,0.164333926,0.165156019,0.012220268,0.190027298,0.25054515,0.157643563,0.155822821,0.175066386,0.046175833,0.204300352,0.041580048,0.03475448,0.011491135,0.021020072,0.021204156,0.033807309,0.02051417,0.017706878,0.016571883,0.014268809,0.011337937,0.000322696,0.000497748,0.000169268,0.000316817,0.000558275,0.00076064,8.25E-05,0.003700829,0.021034468,0.002581446,0.005090431,0.00095958,0.001020311,0.000519605,0.000227423,0.003186925,0.001914941,0.001395614,0.00159602,0.001524901,0.007463709,0.001599719,0.003646152,0.002642895,0.002743351,0.004628126,0.002040162,0.00164836,0.00221188,0.00239434,0.000848021,0.000982044,0.000788967,0.001310157
59,13,0.41073013,0.281481863,0.228597357,0.113868808,0.131988433,0.141940716,0.05392568,0.059139114,0.011210547,0.067487199,0.105777704,0.058804364,0.053484709,0.055345621,0.006448004,0.071270486,0.005760583,0.007905844,0.001770307,0.002919062,0.006271444,0.008737085,0.004914578,0.009166406,0.008394057,0.003098111,0.002146578,0.000183947,0.000276076,0.000549873,0.000677008,0.002756046,0.001009153,0.000201369,0.000695954,0.003635375,0.00049366,0.001009333,0.000313407,0.000485418,0.000163566,0.000127965,0.000266177,0.000958204,0.000783354,0.000499219,0.00184827,0.001829748,0.002162968,0.001051397,0.000834985,0.00105645,0.00073947,0.00122353,0.000619006,0.000765768,0.001490308,0.001243334,0.000927142,0.000887919,0.001957386
59,14,0.077473267,0.055902395,0.100782275,0.106170629,0.090295102,0.067828504,0.061450852,0.085459442,0.062615353,0.064200145,0.065885299,0.129570924,0.110672482,0.093268981,0.128239021,0.257407213,0.137892412,0.078013335,0.086150352,0.046819151,0.060988304,0.110337876,0.070574516,0.041074642,0.004874698,0.004782676,0.025794909,0.112959836,0.096710359,0.13121374,0.075308988,0.106175348,0.119520487,0.084846557,0.173365239,0.092817991,0.109490001,0.118374293,0.069705707,0.082802329,0.073265066,0.107658959,0.068272005,0.062322789,0.092658613,0.075998537,0.071462098,0.095708977,0.081381123,0.128178642,0.001531189,0.156123067,0.061541426,0.065266018,0.063833844,0.071437636,0.075647816,0.023943194,0.028673339,0.05408436,0.086446986
59,15,3.984351501,2.348756056,2.11299595,2.033283687,2.145137154,1.827626677,1.318669373,1.350900887,0.471738002,1.252800956,2.158866252,1.486831109,1.597179821,1.666224786,0.547554776,0.681013828,0.560425487,0.530948122,0.504111887,0.406923191,0.339126623,0.736437162,0.386724921,0.227031642,0.240052412,0.279366845,0.201681817,0.114194746,0.051868917,0.054322905,0.038749437,0.0500347,0.028697436,0.04180613,0.043353582,0.050639354,0.040677386,0.049029944,0.038905369,0.022775547,0.016475609,0.014915737,0.019050214,0.044306829,0.020413086,0.012970006,0.020212089,0.016733316,0.017345105,0.035318128,0.028104742,0.027225259,0.023594946,0.027758461,0.022001716,0.028846564,0.026622098,0.011541343,0.013929967,0.011876955,0.016378825
59,16,7.195261811,7.196443774,5.425767077,5.924513219,5.417477791,4.437168655,4.950365126,4.415341583,4.596714304,5.197081886,5.407946753,5.41785707,5.598050879,5.929877621,6.72215138,4.233303505,3.646431167,3.52634049,3.047943781,2.122742257,2.485342865,2.274307411,2.750129465,2.769238309,2.751125039,1.805604371,2.752788281,4.390900409,4.267599652,4.371702794,4.401760578,4.493960192,4.621466871,4.541043084,4.422951708,4.324252879,4.329624951,4.641916263,4.346369078,4.378536664,4.489109702,4.427184456,4.318951877,3.189427136,2.436308259,1.851562377,2.853339789,2.32218027,2.401180049,2.144336374,2.910373763,2.301996618,1.966681749,2.182794468,1.29822566,1.08478713,2.257393539,1.398985126,1.275261887,1.213548779,1.139364775
60,1,0.017807556,0.024174394,0.028434817,0.021282115,0.045548412,0.088280006,0.133194628,0.083993555,0.09703779,0.074897,0.085393002,0.081402414,0.086704111,0.069769256,0.070997357,0.09475995,0.075247668,0.101110872,0.080272649,0.079998517,0.052358115,0.097857336,0.059073485,0.044554338,0.050648188,0.224458495,0.174658862,0.099530312,0.104694163,0.065815185,0.053989539,0.038486682,0.023758386,0.026408202,0.019178796,0.034233172,0.059813893,0.052522517,0.118780718,0.049706825,0.047555615,0.070541951,0.099583656,0.109604253,0.091127312,0.099419427,0.088417759,0.070220832,0.140693498,0.196974253,0.076326132,0.115926972,0.109333913,0.346449171,0.254623353,0.248002057,0.129198856,0.07886516,0.07739345,0.084507377,0.032583641
60,2,,,,,,,,,,,,,,,,,,,,,,,,,,,,,,,,,,,,,,,,,,,,,,,,,,,1.70E-06,,,,,,,8.30E-08,,,
60,3,0.000723704,0.001050998,0.003635302,0.00603204,0.001723461,0.002713913,0.007361601,0.007777802,0.021705767,0.01972785,0.037067822,0.034202179,0.042461283,0.023761734,0.023271484,0.021590246,0.01261908,0.042978366,0.012837262,0.010715612,0.046871736,0.045956672,0.051983108,0.056234714,0.0475475,0.044839232,0.049844445,0.003791021,0.004786663,0.012344665,0.015332174,0.003197069,0.006978127,0.001046622,0.00139794,0.002397703,0.003327338,0.002116623,0.004148006,0.001571533,0.001536579,0.002802885,0.004880055,0.007814515,0.002660179,0.002591952,0.001460657,0.001429786,0.002279076,0.002070163,0.00205829,0.00144033,0.001020397,0.002972038,0.002835758,0.002217065,0.00137561,0.001359726,0.001425451,0.000967107,0.000622996
60,4,,,,,,,,,,,,,,,,,,,,,,,,,,,,,,5.40E-08,,,,,,2.10E-05,2.45E-05,,,3.64E-05,2.49E-07,1.73E-10,8.64E-07,4.76E-07,1.21E-10,,,,,,,,,,,0.000334123,0.000261153,1.84E-05,0.000253979,1.87E-05,0.000508251
60,5,,,,,,,1.69E-07,,,2.82E-08,0.000217991,8.85E-07,,,3.38E-10,,2.76E-06,0.00037463,2.58E-05,7.97E-10,2.07E-11,1.36E-06,1.78E-07,4.39E-07,,0.000164667,1.05E-06,1.91E-09,3.05E-07,2.08E-06,4.56E-07,5.03E-09,,1.53E-05,3.97E-09,0.000161822,4.16E-06,8.89E-05,0.000158203,5.09E-05,0.000676811,2.31E-11,3.32E-05,1.69E-06,4.16E-06,4.27E-06,8.68E-08,4.96E-06,5.48E-09,9.37E-07,9.52E-07,1.83E-05,3.10E-07,1.03E-05,4.24E-06,2.07E-08,2.58E-05,1.04E-05,5.06E-10,2.68E-09,0.001114441
60,6,0.000311255,0.000160836,0.0298321,0.029576364,0.030740888,0.029878211,0.0306262,0.031030791,0.032765674,0.032386074,0.028647749,0.026946323,0.05446807,0.041572073,0.039242849,0.031815194,0.061387795,0.059419351,0.062357272,0.080593961,0.056432811,0.071511993,0.122255935,0.128645638,0.112789402,0.143696968,0.15780045,0.197304131,0.209635103,0.248098722,0.254929833,0.212639412,0.256625898,0.233575857,0.244309535,0.249189232,0.281135987,0.288276712,0.298554577,0.282219725,0.273075884,0.282308427,0.267824033,0.254331434,0.286249831,0.259943372,0.254029078,0.260385184,0.256849797,0.254757471,0.000948726,0.217610051,0.215398825,0.228901367,0.216769609,0.240970155,0.189057065,0.201003517,0.206651561,0.217179923,0.21908596
60,7,0.134203645,0.122129479,0.274362427,0.408948049,0.749726462,0.426179772,0.479515141,0.473641225,0.586608984,0.479276017,0.356518218,0.42750013,0.286395649,0.305627977,0.232235774,0.233103492,0.393249963,0.624647342,0.456878875,0.644385628,0.671222204,0.838886577,0.14681683,0.503171888,0.141662538,0.326281212,0.343042424,0.204034516,0.184937497,0.383902121,0.48575307,0.283529997,0.426463311,0.361518594,0.754347174,0.40985991,0.477292786,0.460848257,0.379826204,0.348119306,0.488445765,0.424006047,0.326923878,0.338579116,0.374974186,0.292164328,0.479023712,0.406905463,0.418985198,0.426299054,0.001924002,0.265694242,0.204415684,0.135249146,0.130163649,0.134707273,0.226409534,0.187634346,0.22922741,0.16509968,0.217401743
60,8,,,0.265143182,0.234086089,0.216955361,0.238696925,0.213447538,0.214237675,0.190784192,0.18338843,0.163837879,0.147738271,0.137747483,0.127577032,0.118282009,0.255200175,0.285628717,0.288291518,0.257663575,0.570492449,0.62139435,0.648419618,0.658011126,0.694791857,1.047362005,1.168401661,1.180188769,1.100993277,1.36151751,1.63452661,1.684054868,1.937568471,2.085256883,2.823919027,3.136267311,3.04097784,3.55850911,3.640770589,3.381098428,3.333651398,3.169474476,3.096394562,3.225006667,3.124845222,3.314741549,2.836818348,2.948524953,3.054253796,2.90621406,2.837393157,,2.476043058,2.574968116,2.538172055,2.431957524,2.56707137,1.850589611,2.02431587,1.874249938,1.58147574,1.562006528
60,9,0.049528565,0.084612734,0.118792569,0.080699804,0.159848038,0.118021566,0.113142714,0.082210173,0.093238971,0.094453116,0.109545373,0.151535699,0.170546957,0.282309702,0.228611834,0.242844214,0.212595504,0.320252605,0.275713348,0.248760467,0.248693794,0.183198986,0.253444522,0.185096878,0.195379254,0.246520987,0.22210729,0.183060827,0.160735216,0.175327106,0.201705935,0.112451662,0.115714724,0.150466291,0.15506548,0.152572565,0.223618891,0.173014918,0.217947403,0.106170495,0.101389478,0.120868898,0.229529772,0.174416608,0.152713034,0.158436426,0.140388006,0.136536472,0.142647258,0.091002916,0.104649196,0.112312907,0.094222378,0.126338688,0.11330694,0.108737649,0.068271647,0.06120882,0.054186703,0.060643398,0.045774747
60,10,,,,,,,9.53E-07,,,,0.001503046,,,,2.31E-09,5.65E-09,7.08E-07,0.000722735,0.000277226,4.24E-09,2.50E-10,1.76E-05,1.73E-11,,1.15E-06,0.001930764,0.000194834,7.45E-07,0.000402904,2.98E-07,3.29E-08,,6.33E-08,,,1.92E-05,2.87E-05,1.08E-07,0.000111914,1.85E-05,1.38E-07,1.48E-10,8.40E-07,2.02E-07,4.48E-11,,,,,,,,,7.93E-10,,2.41E-09,1.19E-05,7.30E-07,7.10E-12,3.73E-08,0.001206798
60,11,,,,,,,6.71E-07,,8.80E-06,7.84E-06,0.001032597,1.10E-05,6.03E-06,7.03E-06,4.53E-06,3.50E-06,6.53E-06,0.000426837,0.000167934,7.79E-06,6.26E-06,1.54E-05,0.005545518,0.007952853,0.007049508,0.008486288,0.006934619,2.06E-05,0.001984256,1.64E-05,3.82E-05,0.000204008,0.000251752,9.65E-05,0.000121048,1.85E-05,1.09E-05,7.48E-05,6.81E-05,7.35E-05,3.94E-05,8.45E-05,2.25E-05,4.06E-05,0.000358394,3.28E-05,6.74E-05,0.000186324,5.97E-05,7.51E-05,0.000340928,5.38E-05,0.000269475,0.00015728,0.000378,0.003561511,0.000440633,9.52E-05,4.20E-05,0.000112692,0.000347141
60,12,0.001897747,0.003175201,0.005261023,0.007090066,0.0028972,0.002037619,0.003662552,0.002759485,0.003237128,0.003965424,0.006328258,0.006085624,0.008170274,0.005259486,0.005601664,0.004707321,0.004323263,0.003133552,0.004666749,0.004379289,0.004680711,0.004834575,0.006676742,0.005959292,0.005122325,0.006539037,0.00658918,0.003814285,0.003460769,0.002986101,0.002901139,0.002346532,0.001139384,0.001736324,0.001442734,0.00259992,0.002847267,0.002178323,0.00275258,0.002154449,0.002587989,0.002849787,0.004684815,0.003592465,0.003294254,0.003540396,0.002844764,0.0029228,0.003998278,0.008139455,0.002814445,0.003229243,0.002318199,0.005823955,0.004703078,0.003844831,0.00184489,0.00132401,0.001258248,0.001728155,0.001418249
60,13,0.000320169,0.000394248,0.001647062,0.002400636,0.000493881,0.000380454,0.000384096,0.000330217,0.000398558,0.000417182,0.001324818,0.000525368,0.001796314,0.000748689,0.000683317,0.00072437,0.000768061,0.065670089,0.001140332,0.000939757,0.000977851,0.000986033,0.000885034,0.001238679,0.0008203,0.001035723,0.001438175,0.001546469,0.002914333,0.010894189,0.017150115,0.001607198,0.008101549,0.00076557,0.001017786,0.00206995,0.002740639,0.001446541,0.003845257,0.000730144,0.000933726,0.001395908,0.004048002,0.001535032,0.002697879,0.00536087,0.001396121,0.001308397,0.001637423,0.002113166,0.001393632,0.001274235,0.000743776,0.003195741,0.002583819,0.001568597,0.001565869,0.001057083,0.001210678,0.000758305,0.001101373
60,14,0.00633024,0.006681157,0.020252158,0.029233332,0.047252924,0.031701715,0.030649704,0.036284812,0.035062987,0.030389134,0.023848459,0.044395995,0.026187394,0.028511604,0.023744368,0.024486301,0.031459735,0.037442747,0.035832042,0.047457353,0.047463298,0.050784273,0.021209198,0.043262974,0.018956158,0.031438777,0.035884859,0.014177634,0.019688458,0.026538818,0.031688573,0.021036428,0.029417001,0.026362465,0.054303552,0.031512024,0.039011191,0.038386083,0.033326101,0.03057194,0.044251204,0.039318617,0.034019555,0.03297528,0.037879164,0.032811088,0.050288006,0.046919137,0.046629723,0.048512904,0.001760839,0.031095481,0.024514257,0.015372706,0.015263385,0.013875177,0.020908767,0.020177303,0.024247711,0.018385406,0.028940537
60,15,0.014955575,0.020628508,0.0396116,0.057328079,0.049553364,0.084314042,0.161455175,0.119532996,0.133194481,0.115029854,0.10860858,0.103854457,0.157481185,0.102261833,0.09219608,0.095628453,0.120024476,0.192797206,0.081011458,0.05704551,0.046674805,0.041912626,0.108372721,0.13185018,0.102806124,0.130240765,0.13003831,0.051571523,0.050683739,0.064384569,0.082103446,0.035357565,0.034366862,0.019135215,0.020785246,0.027332886,0.053248768,0.034473496,0.052025095,0.031204314,0.027139083,0.035363753,0.060580032,0.054957375,0.044159187,0.05339166,0.029820841,0.032262931,0.042770917,0.045173195,0.027983883,0.029764426,0.025399806,0.046714955,0.03294646,0.038270038,0.018638665,0.016136205,0.013771484,0.015900064,0.00853784
60,16,0.00694255,0.003779527,0.05957598,0.056446714,0.132311679,0.084415212,0.106061264,0.118029747,0.140778726,0.116530088,0.562748684,0.624006773,0.738694298,0.529528275,0.716922529,0.661723892,0.568229866,0.574615146,0.409124829,0.248307142,0.212489344,0.186227157,0.144881878,0.306585048,0.300080187,0.372968934,0.234077937,0.238131177,0.313019329,0.299894589,0.284002102,0.324241516,0.393809362,0.338618199,0.291757503,0.316408057,0.293671027,0.289778864,0.295546786,0.334351533,0.287778358,0.437772606,0.453593575,0.497768284,0.343023455,0.418679031,0.274031001,0.291379539,0.423286884,0.41087415,0.425040684,0.400839963,0.480832961,0.342287311,0.35264708,0.325699234,0.473387196,0.29656203,0.310500312,0.269835053,0.249201373
61,1,,,,0.000303153,,1.10E-08,1.01E-08,2.19E-06,,7.89E-09,1.10E-08,,,6.04E-07,,,0.000483167,0.007628141,0.002408481,5.50E-06,7.25E-10,0.02663846,0.023745102,0.003374206,0.005018604,0.00383557,0.002638253,0.004490182,0.033335347,0.018748931,0.01346797,0.00891191,0.015478149,0.019749301,0.004122782,0.002534016,0.006531034,0.009131558,0.00667104,0.00347444,0.004729022,0.002936493,0.004229215,1.27E-06,4.05E-08,0.005299667,0.000740822,0.002668725,0.005879939,0.015835722,0.017080273,0.007234049,0.030004013,0.048523053,0.041386067,0.100617134,0.129087995,0.142223263,0.020896308,0.202803027,0.201500852
61,2,,,,,,,,,,,,,,,,,,,,,,,,,,,,,,,,,,,,,,,,,,,,,,,,,,,0.00061406,,,0.000736674,0.001099279,,,,,,
61,3,0.000539288,0.001779945,,3.67E-05,0.002418338,0.001096945,2.74E-11,5.78E-09,,0.000725313,1.54E-09,,,9.82E-05,,6.32E-07,0.000181443,0.003222307,0.001312704,0.001260701,1.42E-06,0.025306962,0.024273164,0.004038597,0.006167141,0.002753051,0.002807088,0.006320188,0.071034672,0.022797241,0.019256388,0.0082131,0.014750537,0.017897909,0.003270261,0.002222783,0.005241153,0.003776133,0.003705232,0.001897523,0.002205849,0.001270001,0.002803532,0.000170635,2.80E-07,0.00312013,0.001013664,0.00054643,0.003475267,0.002454178,0.007777196,0.003546042,0.016581586,0.018891508,0.011651778,0.020641247,0.021134608,0.020907846,0.00498481,0.024017787,0.025294051
61,4,,,,,,,,,,,,,,,,,,,,,0.000125138,1.65E-07,,4.31E-07,,7.17E-10,,,1.09E-07,3.81E-06,,,,,,,,,,,,,,,,,,,,,0.000454703,7.23E-06,0.001346657,0.001392598,0.000608975,1.22E-11,2.45E-11,,1.24E-10,1.28E-10,
61,5,0.016737909,0.057935761,0.076034607,0.06421775,0.090189138,0.102931678,0.081888616,0.09972787,0.088520071,0.089309936,0.096467673,0.08865819,0.090798391,0.062284233,0.04582209,0.045866522,0.041739513,0.025684349,0.03321359,0.026199335,0.028949275,0.028667505,0.034264642,0.007155347,0.011679228,0.006958823,0.010598696,0.009175173,0.000173827,8.68E-09,4.55E-09,1.34E-06,2.87E-06,5.48E-06,1.82E-05,4.31E-05,3.06E-05,2.17E-05,7.13E-05,9.86E-05,8.58E-05,0.000184305,7.90E-05,6.72E-05,4.67E-05,7.90E-05,3.77E-07,7.80E-09,0.000296071,0.000801581,0.00231746,0.002608329,0.003213614,0.004200249,0.002978036,0.003093175,0.001653058,0.003763942,0.005070441,0.002288814,0.004942313
61,6,0.001937415,0.006494448,0.005044089,0.005217171,0.007336459,0.006755181,0.005292155,0.00613151,0.005327899,0.00651038,0.008536632,0.00719122,0.007719338,0.005276715,0.003595672,0.004132991,0.004099886,0.004952165,0.003376846,0.003606751,0.002727874,0.013212607,0.012840067,0.002186392,0.003355382,0.001707018,0.002393599,0.004055554,0.034966649,0.012444205,0.009389316,0.003618777,0.007251551,0.006358533,0.002508415,0.001531155,0.00275658,0.002884536,0.00259097,0.00392353,0.004883375,0.002746314,0.002594482,0.000904914,0.000646279,0.00111742,0.000509742,0.000717015,0.006041543,0.001452841,0.008359583,0.002584797,0.014880616,0.016994085,0.017818863,0.029053849,0.023599966,0.030070314,0.004720718,0.034113185,0.033724391
61,7,,,,,,,,,,,6.04E-08,,,,,,,0.000487858,,,2.97E-05,2.92E-07,,7.21E-07,2.71E-08,0.006271899,3.54E-08,1.19E-07,5.78E-08,0.001083184,1.99E-08,0.002455018,0.004888709,0.003011228,0.004318343,8.60E-05,4.77E-05,0.004174086,0.001485409,0.004010197,0.01243376,0.005492107,0.002413443,1.79E-06,1.43E-06,7.04E-05,3.88E-06,0.00172559,0.017430169,0.015698094,0.03948633,0.000105345,0.060960615,0.046612366,0.032752756,0.089389145,0.081474439,0.089202232,0.011484261,0.111759363,0.11008072
61,8,,,,0.004094054,,,,,,,1.78E-07,,,,,,,,,0.01722959,,,,,,1.52E-06,0.000414524,1.12E-07,7.18E-08,3.02E-08,,8.34E-06,0.000108774,3.57E-05,0.000746576,0.001131928,0.001372025,0.000952199,0.002310974,0.001747348,0.001868221,0.00218251,0.002010418,0.001370279,0.001198976,0.000220121,8.30E-09,5.21E-08,0.001305699,4.16E-05,0.000357582,0.00163806,0.000123432,0.008986374,0.003099682,0.004912775,0.000622614,0.001719287,0.000345947,0.001026279,0.000746337
61,9,,,,3.19E-05,0.002351669,,8.03E-08,,,,0.000472991,,,1.65E-07,,,0.000240156,0.004561061,0.001818021,2.46E-06,1.29E-06,0.032648481,0.035618743,0.005463435,0.007834644,0.00361215,0.003854085,0.006093287,0.05005702,0.019695095,0.019687419,0.053231466,0.058326052,0.05393855,0.019948638,0.02765367,0.011895169,0.009365819,0.00806727,0.009700186,0.004099472,0.001872337,0.005423143,9.68E-05,6.75E-06,0.005965169,0.001281634,0.002625175,0.004361286,0.002324898,0.0058177,0.004517335,0.009669854,0.013130818,0.010768968,0.013639572,0.018499067,0.020353869,0.008649444,0.021146826,0.024331575
61,10,,,,0.000553988,7.83E-05,2.31E-08,2.13E-08,4.25E-06,,1.74E-08,3.21E-08,,,,,,,0.00049668,,,1.68E-06,2.77E-08,,4.59E-05,0.000198513,0.000657435,0.001209388,0.002176709,0.003588147,0.001855398,0.004258144,0.029718825,0.016461823,0.025131825,0.019378194,0.023402844,0.035206664,0.019770061,0.033015318,0.030264083,0.03551438,0.02237965,0.025044888,0.020517793,0.015819973,1.58E-11,2.45E-10,7.42E-10,9.95E-10,4.39E-07,0.000351554,4.48E-05,0.000843478,0.000949719,0.000374265,0.002917736,2.68E-08,3.33E-07,8.29E-06,3.18E-07,8.86E-06
61,11,,,,9.23E-05,,1.70E-08,1.50E-08,3.46E-06,,1.07E-08,3.34E-09,,,0.000942416,,,,2.35E-05,,,,,,0.000181672,0.000771391,0.002588767,0.004657993,0.008482369,0.017214748,0.009626429,0.021798706,0.019660939,0.010562806,0.01212511,0.009884293,0.011020429,0.016759941,0.010676549,0.012766367,0.016876979,0.013981923,0.012155384,0.010864184,0.009360925,0.008040726,2.45E-07,3.16E-08,3.60E-06,7.65E-07,6.48E-06,0.000124635,2.91E-06,0.000291568,0.002483472,0.004305266,0.010819884,0.010010737,0.009128112,0.01017618,0.006791129,0.017705173
61,12,0.005115008,0.017396424,0.023314626,0.018637067,0.025440862,0.034518508,0.023457528,0.033785725,0.031279998,0.028201429,0.03321563,0.030928189,0.032133878,0.021507614,0.015933887,0.014803207,0.014282234,0.008744799,0.01164936,0.008948359,0.010263748,0.010405449,0.012182962,0.002655753,0.004349875,0.004520148,0.003862656,0.003624435,0.001073727,0.000618907,0.000256317,0.000180155,0.001097351,0.000865723,0.001058586,0.000331403,0.000238149,0.001201416,0.000969149,0.001440264,0.003534305,0.0018588,0.001063415,0.000296794,0.000228456,0.00019143,4.87E-05,0.000574236,0.005446545,0.00799027,0.00648317,0.002766578,0.00199076,0.002983327,0.003094918,0.003642666,0.001707957,0.001825059,0.000571692,0.001175723,0.001139737
61,13,,,,0.00011027,,1.57E-10,1.30E-10,3.32E-08,,0.000197802,5.13E-09,,,1.96E-06,,,,0.000355946,2.60E-06,0.000899269,0.00016851,0.000274312,0.000897883,0.000190659,0.000252863,9.94E-05,0.000102036,0.000204887,0.002601549,0.000931722,0.001347325,0.000877817,0.001822373,0.002175936,0.000745707,0.000345754,0.000713736,0.000893351,0.000720314,0.000435793,0.001516455,0.000765723,0.000673828,2.76E-05,4.81E-08,0.000505964,0.000187726,0.000259826,0.001951704,0.000338177,0.003650284,0.000627909,0.008207685,0.009594296,0.005757009,0.023411122,0.020151651,0.020740859,0.002841871,0.025900217,0.026265523
61,14,0.000478163,0.001583661,0.001728042,0.001464011,0.00184525,0.001498681,0.001321722,0.002371348,0.001596274,0.000743061,0.001566262,0.001616652,0.001449781,0.001014882,0.000632491,0.000920984,0.000639687,0.000615521,0.000955176,0.000737537,0.000826016,0.000808638,0.000955293,0.000808098,0.003003986,0.010041446,0.017946837,0.030029388,0.062126873,0.03508987,0.078292295,0.072136754,0.035908645,0.045184043,0.037725526,0.043050071,0.06615419,0.044642944,0.059927157,0.057744152,0.064910187,0.057589587,0.05467954,0.047639533,0.040163402,5.99E-05,8.54E-06,0.000110204,0.004401882,3.80E-05,0.001330094,0.000846697,0.003867634,0.004844102,0.005635543,0.015950282,0.01961789,0.00612344,0.003452761,0.007066087,0.009565693
61,15,,,,1.54E-05,0.00107853,9.24E-11,8.38E-11,1.77E-08,,5.62E-11,7.24E-10,,6.32E-08,0.000122494,,3.25E-05,0.001250417,0.018229747,0.006263621,9.34E-06,2.35E-05,0.108295512,0.101142432,0.015949427,0.025322413,0.011831093,0.01167266,0.025488291,0.266800495,0.096035201,0.079911955,0.035329679,0.063590083,0.079392758,0.013753117,0.01104332,0.02769851,0.019011768,0.01812311,0.012330216,0.004763758,0.003055483,0.014897886,0.000704133,6.67E-05,0.017943744,0.004809022,0.00209346,0.002339206,0.010295914,0.003434371,0.007540316,0.000975881,0.013154925,0.007855574,0.015521736,0.012823325,0.012184578,0.004496745,0.005508676,0.009437817
61,16,0.009226752,0.033359657,0.038754194,0.032264207,0.048428654,0.056809486,0.045246515,0.02284905,0.020460653,0.020236275,0.023661767,0.021008868,0.02270477,0.015958853,0.011869631,0.030078835,0.028376563,0.025073786,0.011687665,0.00759635,0.008658116,0.062594045,0.06568458,0.012169511,0.018754991,0.01418007,0.011376263,0.018023064,0.145975875,0.04951142,0.047963202,0.028765831,0.051622823,0.068003256,0.012342758,0.009952872,0.024096635,0.015685977,0.016519976,0.004544982,0.00378538,0.017737466,0.012660464,0.001047781,0.000393184,0.015303544,0.004687004,0.001381604,0.003166706,0.012983493,0.007782273,0.008324715,0.001380302,0.016095554,0.007523716,0.014026368,0.015596729,0.023635294,0.016009773,0.020748755,0.040183197
62,1,1.465100699,1.652184308,1.956852788,1.95390744,1.864710127,1.264719768,1.210065241,1.161064713,1.264430652,1.26596192,1.035638698,1.00429353,0.995973267,0.896503544,0.916864427,1.046420664,0.702386483,0.769628935,0.76614286,0.809861959,0.129177901,0.095370536,0.087398973,0.061692198,0.073125027,0.073551779,0.078803499,0.070133326,0.053432859,0.067835616,0.057435388,0.072328225,0.055046362,0.059263504,0.054641726,0.0403748,0.046102759,0.057796262,0.056563595,0.058934152,0.057042505,0.038843853,0.022119345,0.02045023,0.036330912,0.045721114,0.026607317,0.044117621,0.030193785,0.034557092,0.051297122,0.072485966,0.060084015,0.083503747,0.100536815,0.127731426,0.059081724,0.089164292,0.102447204,0.080234035,0.061772721
62,2,,,,,,,,,,,,,,,,,,,,,,,6.47E-06,5.19E-05,0.000232871,,,,,,,,,,,,,,,,,,,,,5.87E-06,6.03E-06,,,,2.94E-06,,3.64E-05,,,0.001621693,0.00015915,,,,
62,3,2.032687166,2.062141396,1.855461556,2.136000872,2.351656816,2.078190603,2.136612686,1.907418299,1.850900257,2.136420244,2.196797868,2.058877348,1.922226759,1.973343429,1.372102539,1.290258443,1.16809978,1.149268945,1.119286604,1.103688108,1.156894405,1.091021369,1.032867304,0.890367305,0.848208814,0.802645358,0.692632958,0.751716632,0.725579498,0.666710767,0.757370474,0.734942284,0.703671238,0.67229815,0.62499723,0.649610619,0.599484379,0.624355201,0.641988475,0.5019399,0.544873331,0.493030777,0.439338928,0.47416137,0.531322886,0.590399416,0.576303651,0.541985438,0.503283642,0.620265475,0.595246202,0.552217526,0.667918715,0.647907213,0.677204981,0.700584269,0.674557753,0.532553729,0.535226392,0.637179587,0.591411548
62,4,,,2.25E-05,,0.000114981,2.48E-06,,4.08E-08,4.89E-09,0.000152081,,0.000232587,,,5.39E-05,2.93E-05,8.16E-05,7.81E-06,4.05E-06,3.33E-05,,0.000149498,,,,2.02E-05,2.09E-06,,,1.21E-07,,3.17E-06,0.000306894,2.63E-05,,,1.85E-05,,9.42E-06,,,0.000571648,,1.00E-05,0.000759825,0.001706383,,,1.95E-05,,,,0.000720692,2.13E-06,8.18E-07,2.17E-05,2.21E-05,8.79E-05,7.59E-06,,0.001006727
62,5,0.013488153,0.013741382,0.012707584,0.013439512,0.014549555,0.012307092,0.01433072,0.014598579,0.010535612,0.020681684,0.019787405,0.0186234,0.017239578,0.022196179,0.02407206,0.032369902,0.03172499,0.034048573,0.061226679,0.021793173,0.024646663,0.023530483,0.022721697,0.016345757,0.015244205,0.017796512,0.010780676,0.016862734,0.01459694,0.012086465,0.017808906,0.022251608,0.012832499,0.014502075,0.01319866,0.013187142,0.011499576,0.014387896,6.11E-05,0.017701441,0.010631427,0.016488603,0.011436625,0.021967647,0.028967704,0.036990502,0.036049505,0.03417241,0.027140899,0.040145253,0.039865037,0.038922567,0.059402924,0.075353815,0.088478477,0.094342051,0.105560235,0.155331956,0.165520246,0.141377352,0.136587698
62,6,0.672455729,0.922336936,0.896750133,0.889335544,0.915459354,0.856012243,0.861076367,0.892931122,0.960789335,1.082237439,1.032979633,1.033165344,0.973868015,1.00783278,1.006459692,0.861316677,0.97469287,0.88869998,0.811663332,0.876023602,0.499575859,0.473868209,0.458287486,0.357849027,0.330993629,0.324877886,0.253307183,0.293099164,0.301250869,0.272292639,0.331430337,0.304783744,0.281673298,0.282497159,0.243057467,0.338021614,0.319847446,0.282373935,0.279212935,0.20460976,0.152859581,0.189494292,0.147567311,0.213310426,0.247110322,0.304822458,0.296195836,0.28185538,0.248419378,0.490112841,0.497461023,0.514923936,0.399167768,0.395323286,0.430689954,0.471755766,0.474117676,0.610746975,0.56899909,0.497387423,0.419106347
62,7,0.569070243,0.843469534,0.657196915,0.635864401,0.989830167,4.098504197,4.117664045,4.02029584,3.926714616,4.297585221,3.015748307,2.667024174,2.65994958,2.710529821,1.394377757,1.522608645,1.434737297,1.448257322,1.475245535,1.385380645,1.3376088,1.550415112,1.479123621,1.386732098,1.225643238,1.324495225,1.204118458,1.283863019,1.275444247,1.293606226,1.251189347,1.330282501,1.201579548,1.113898612,1.064615518,1.043823208,1.026198152,1.086689189,0.686839152,0.664083347,0.597573659,0.620886827,0.605147589,0.651779644,0.74836332,0.742861836,0.693915439,0.669636678,0.558436748,0.617243658,0.600722389,0.566427925,0.589714166,0.623414187,0.613431379,0.466719636,0.529755281,0.268127736,0.447174208,0.367304001,0.391336913
62,8,0.31198988,0.337279498,0.324340553,0.352567745,0.358749452,0.315518501,0.357576043,0.362366524,0.267029658,0.519652067,0.53671865,0.506492074,0.45013454,0.615261118,0.644647267,0.721749196,0.859187474,0.287046254,0.623282145,0.713177864,0.8579214,0.855973877,0.808185257,0.583677135,0.551233836,0.589933495,0.432349974,0.556048281,0.534445269,0.433918677,0.639154007,0.70647747,0.633322573,0.621942541,0.637913918,0.618371506,0.560298878,0.656066851,0.131818231,0.633148344,0.454620313,0.897565027,1.248411177,1.071294851,1.326649071,1.42862978,1.528215786,1.410282472,1.103110979,1.535823067,1.482396604,1.46951188,2.181944831,2.11902084,2.790303243,2.950854137,2.700167377,3.264014667,2.995718013,2.258187347,1.499129788
62,9,1.581691829,2.08351266,1.999030803,2.007541421,2.062604256,1.78976833,1.78140164,1.860372739,2.070992578,1.964058043,1.776168424,1.873857684,1.825870387,1.803295591,1.845025606,1.532739989,1.44769759,1.591871346,1.548284548,1.590529282,0.239866332,0.213430049,0.212137143,0.171028803,0.16569462,0.159666146,0.163330372,0.138174939,0.118348842,0.114064252,0.12535106,0.121586243,0.133290653,0.141215209,0.125693855,0.123526217,0.111052766,0.134347666,0.122013978,0.165702149,0.120832823,0.119000587,0.102022629,0.082774117,0.151683927,0.152726524,0.10532629,0.109675403,0.104910857,0.162521143,0.133164374,0.13673838,0.123392871,0.107742915,0.152263698,0.168230381,0.134705922,0.198136788,0.105790545,0.18119977,0.101760639
62,10,0.000662512,0.000291688,0.000108114,1.52E-05,1.51E-05,0.000413267,0.000389646,0.000963783,0.000192754,0.000455459,0.000153755,0.00036648,0.000100183,0.000166654,0.000259986,0.015180872,0.006783351,0.032328239,0.1213131,0.001278967,,1.60E-06,0.000452279,3.21E-06,3.13E-05,0.007595362,0.000506912,0.001700511,0.000700664,7.31E-05,7.72E-05,0.034766218,0.000692006,0.000523449,0.000673551,0.000820221,0.001328937,0.00101981,0.000406582,0.000327005,0.000401922,0.000285381,0.000204053,0.000109685,0.000897408,0.002757218,0.000569311,0.000460813,0.002293834,0.001107961,,0.004976852,0.009151788,2.64E-07,0.001681122,0.000107716,2.59E-06,1.09E-05,4.30E-05,1.35E-09,0.002940332
62,11,0.000111087,0.000459179,0.000545301,0.000326687,0.000219744,0.000277318,0.00032528,0.000485791,0.00072926,0.022048779,0.016206825,0.020379891,0.012946513,0.016698727,0.038282361,0.023468094,0.012431807,0.015479379,0.042550359,0.073149672,0.018695057,0.016340461,0.018252972,0.009361299,0.014840516,0.015280403,0.012516222,0.012414354,0.011348783,0.010203097,0.011393104,0.014916981,0.00986841,0.014071713,0.010065295,0.011434589,0.009492887,0.014411164,0.020430035,0.006625321,0.009947909,0.011927185,0.016820996,0.015546183,0.020248638,0.024127319,0.020818268,0.024752679,0.021982108,0.031346409,0.0308904,0.037579612,0.067745714,0.03684414,0.048972925,0.128833465,0.041861091,0.248912427,0.056132634,0.183433291,0.039104175
62,12,0.25045361,0.269422916,0.290624087,0.304462935,0.303539705,0.289356597,0.294026179,0.309057778,0.307946596,0.334449778,0.329676511,0.33030398,0.324912977,0.32960213,0.347784267,0.353417514,0.369404808,0.370744055,0.404501641,0.336470967,0.349342695,0.329127111,0.325511146,0.297532106,0.264201171,0.276430296,0.23468218,0.247214911,0.275309673,0.26838523,0.304578837,0.266518967,0.261687428,0.271786847,0.237471809,0.271310919,0.251169037,0.321614322,0.288927819,0.260132105,0.380608868,0.181231553,0.176641027,0.426184427,0.471874965,0.594997348,0.615599754,0.558403453,0.593244769,0.688796251,0.748597636,0.762441058,1.012483348,0.996931838,0.7529837,0.783680812,1.096405643,1.250612929,1.182776704,1.032969956,1.023993337
62,13,0.008988465,0.021550621,0.0225076,0.023536259,0.025233678,0.024408218,0.023157747,0.177034821,0.170825744,0.168837796,0.160488231,0.15484072,0.150043138,0.134740659,0.13040889,0.122506217,0.105868464,0.129321332,0.150186627,0.135948186,0.004205227,0.005517397,0.006926525,0.005952977,0.004736351,0.013073494,0.008774108,0.006816213,0.005433908,0.006007064,0.008997943,0.032538062,0.012857321,0.014086529,0.013512801,0.01366265,0.012456991,0.017430023,0.012660623,0.013002738,0.010821575,0.009236747,0.010171269,0.012753304,0.016769955,0.024358471,0.020736225,0.018883418,0.017323488,0.021963306,0.022621047,0.021696191,0.025455303,0.022404919,0.024192011,0.021324018,0.017192539,0.015189227,0.013793951,0.013336672,0.00989321
62,14,0.453513212,0.788496088,0.738348399,0.746491841,0.817661562,0.831889233,0.76426783,0.98961823,0.853889915,0.806636019,0.763813414,0.941532983,0.821140234,0.762067062,0.831915625,0.713968707,0.494821274,0.597468412,0.619453947,0.594907731,0.136631142,0.140253492,0.140490085,0.108055299,0.103129252,0.122767029,0.08551431,0.122055166,0.134770568,0.11719964,0.170584639,0.192093665,0.187135617,0.16805933,0.218308565,0.236621546,0.212653491,0.24328924,0.293467065,0.294742136,0.213883971,0.216376069,0.332742119,0.21966998,0.252652424,0.294054,0.311988862,0.297102652,0.209361409,0.318290704,0.359453506,0.342919202,0.370129249,0.314344236,0.335971449,0.443319874,0.440883755,0.585481981,0.477066435,0.439255628,0.378831722
62,15,2.841796007,3.607665558,3.668598185,3.656126759,3.798869977,3.187200935,2.95945513,3.120537982,3.432727282,3.320741287,2.871276918,3.008300716,2.831101004,2.794254478,2.773128982,2.437152918,2.319153581,2.389319296,2.157678163,2.164997918,0.451196175,0.385021964,0.354943092,0.274641505,0.305057285,0.276730637,0.278227892,0.230331378,0.174092164,0.17463024,0.197492402,0.166369279,0.184980981,0.185279909,0.173725511,0.147634337,0.126412589,0.107308336,0.12499588,0.177545956,0.155053955,0.102957106,0.058561639,0.058143185,0.085962561,0.108992429,0.134789429,0.118116588,0.114495325,0.125810199,0.128548044,0.148690038,0.165622601,0.147940346,0.168447277,0.223807301,0.113356608,0.186951087,0.105828875,0.172501234,0.126356999
62,16,1.111426898,0.997482527,1.004818459,1.081245823,1.172311483,0.745597424,0.739390868,0.678380418,0.692264762,0.736626533,0.767741889,0.740362606,0.695683686,0.622171798,0.369090157,0.352294997,0.357182565,0.391143581,0.423556209,0.300233555,0.235633951,0.231964358,0.236536955,0.219899894,0.213674011,0.253141144,0.169933521,0.234673157,0.246432517,0.257210497,0.279957354,0.32819358,0.351375694,0.374289798,0.365963811,0.401110177,0.396503324,0.392224748,0.35673387,0.431022617,0.344559445,0.395505276,0.442264326,0.383985475,0.473678522,0.584517493,0.586253476,0.619901877,0.605986036,0.595966024,0.716620273,0.688843945,0.689722556,0.620143084,0.72347866,0.907625169,0.872404991,0.948832932,0.81152344,0.726064063,0.635303617
63,1,0.074157757,0.073527411,0.053016964,0.051318407,0.068541285,0.047846456,0.053494511,0.055128844,0.090290556,0.060198201,0.026168048,0.023900293,0.024592889,0.021544378,0.021277007,0.034250293,0.015899232,0.018897472,0.015297918,0.029556888,0.01399109,0.017549081,0.00206559,0.00118212,0.001433913,0.01938879,0.018171138,0.022714507,0.0519648,0.001482982,0.01445556,0.044117138,0.057891315,0.01484266,0.019293078,0.005419009,0.000733421,0.019814734,0.025015151,0.028587223,0.02192229,0.049365719,0.011198807,0.031644815,0.012455439,0.028518331,0.048260363,0.039643433,0.061239531,0.071368546,0.052529206,0.072197739,0.070438206,0.03976522,0.046777367,0.149908953,0.082746732,0.078868069,0.059258635,0.063109991,0.212705055
63,2,,,,,,,,,,,,,,,,,,,,,,,2.15E-05,,0.000117166,,,,,,,,,,,,,,,,,,,,,1.49E-07,4.64E-07,2.17E-10,4.91E-09,,,,,,,,,,,,
63,3,0.012168968,0.014516061,0.001299136,0.001533373,0.001537891,0.002132992,0.002776584,0.002122641,0.002588327,0.003470471,0.000221842,0.000271669,0.000243137,0.000386269,0.000673736,0.000713181,0.000930406,0.000572455,0.00099058,0.002381466,0.00145495,0.002056404,0.00415329,0.002992487,0.003551296,0.001876639,0.001936377,0.001493898,0.000159814,0.000225289,0.000133925,0.000266189,0.003357505,0.00158939,0.001720533,0.004062939,0.00383887,0.002110684,0.002127634,0.004233856,0.003485424,0.005463005,0.004259926,0.003518677,0.004836005,0.008757876,0.008348105,0.007003201,0.116788527,0.018526548,0.022384426,0.02159581,0.013317345,0.012867215,0.00176356,0.002190271,0.004350692,0.003154585,0.018495392,0.046201302,0.01201739
63,4,,,,,,2.95E-07,,,,,,,,,4.29E-06,5.69E-06,7.95E-06,2.48E-06,2.30E-06,8.36E-07,,,,1.03E-05,,1.98E-06,,5.06E-06,6.64E-05,,0.000226748,7.40E-08,,,5.88E-05,,,,,,2.06E-07,,,,,,8.97E-05,0.000128653,0.002018981,0.000200375,,,,,3.38E-07,,,,,,
63,5,0.041584891,0.037115035,0.033200473,0.028429975,0.031605311,0.020537425,0.017464058,0.019745305,0.037688681,0.019867442,0.009889443,0.008864916,0.008839227,0.007890332,0.007215753,0.010143722,0.006802101,0.007980627,0.006211234,0.008348049,0.007000187,0.007597258,0.038740407,0.029790513,0.033907805,0.0095117,0.008775973,0.011358371,0.007325281,0.00020642,0.001208184,0.055642667,0.053590285,0.011468422,0.008026313,0.047610773,0.039851523,0.008794074,0.012702394,0.025618003,0.027037752,0.0233969,0.020081986,0.018356614,0.020239672,0.026672771,0.024603637,0.02298107,0.016085484,0.012717926,0.011485522,0.013596277,0.016784312,0.014670026,0.006719183,0.011070212,0.012538698,0.014913002,0.015609602,0.031431555,0.024691032
63,6,0.024997775,0.028339706,0.016382195,0.017774835,0.017571632,0.012400177,0.013038875,0.013295637,0.023839256,0.016904446,0.005665577,0.005297983,0.00556211,0.005307569,0.004673014,0.006525775,0.005257824,0.006074956,0.004953148,0.006739728,0.0072843,0.006544446,0.023914874,0.018235017,0.020909968,0.010315128,0.008297451,0.00923633,0.004992817,6.83E-05,0.001079914,0.028531443,0.031426805,0.006788727,0.006613017,0.035771854,0.031256713,0.008779804,0.011054508,0.021466729,0.02251818,0.018834028,0.017538297,0.015763734,0.016999819,0.02611385,0.018908768,0.022152168,0.016070852,0.013633722,0.016026862,0.02419567,0.025140276,0.023612196,0.015416142,0.015344973,0.014285569,0.019710513,0.023741084,0.037479442,0.035917286
63,7,0.082315462,0.029168372,0.058198098,0.041338792,0.048548584,0.02591763,0.024821893,0.033787476,0.030856248,0.030481082,0.000528316,0.00069093,0.001006051,0.001047696,0.007863295,0.001266949,0.001155847,0.001182724,0.000794303,0.008116439,0.001054799,0.00177483,0.001510693,0.00049588,0.000254726,0.023001279,0.001712871,0.001490756,0.000498828,0.000532149,0.000785871,0.004204975,0.001984926,3.34E-05,0.000117948,8.75E-06,7.47E-06,0.000827739,0.00077738,0.005086053,0.004949894,0.004513664,0.000535459,0.00077161,0.000559381,0.000381561,6.32E-05,0.000636962,0.001030378,0.000188014,1.33E-07,9.50E-06,1.26E-05,0.002438305,1.17E-05,7.99E-08,1.04E-08,2.02E-06,,1.72E-05,6.04E-06
63,8,2.41E-05,4.50E-05,3.76E-05,3.16E-05,0.000384412,0.003403895,0.001167833,0.002214758,0.001733574,0.000981004,0.001218704,0.001442902,0.002273211,0.001018193,0.000861525,2.71E-06,8.99E-05,0.000851745,0.000980971,6.67E-05,0.000772725,0.000391932,1.19E-05,0.000293737,0.000186906,0.017002321,0.000337274,0.000146077,0.00080535,0.000430835,0.000408955,0.000426755,0.00013162,0.000491224,0.00078473,1.92E-07,4.96E-07,7.03E-07,3.86E-07,3.49E-06,0.00024616,0.000181309,0.000308917,0.000507214,0.00029634,0.000934577,0.00019782,0.00267448,0.005891803,0.000382969,,,,0.00448683,,2.22E-08,0.000145261,1.23E-06,1.02E-06,2.47E-07,1.14E-06
63,9,0.043513223,0.015586018,0.027656582,0.017715321,0.021362958,0.021036498,0.028406837,0.029229621,0.018084995,0.027210452,0.000299902,0.000535592,0.000749424,0.000777408,0.001750088,0.00186933,0.001500029,0.000889468,0.001222908,0.001971251,0.001258086,0.003019163,0.001754969,0.000805055,0.001042442,0.002324011,0.005574195,0.001550731,0.000409891,0.000614143,0.000384927,0.000437402,0.000101502,0.000515684,0.000824077,3.96E-05,2.86E-05,0.001574736,0.002461039,4.74E-06,0.001895171,0.003134222,0.001384041,0.001511574,0.000719214,0.000522583,4.00E-05,0.000234951,0.000552058,7.43E-05,1.29E-05,1.40E-05,7.64E-06,0.000992554,0.001043598,0.001172386,0.002415012,0.001747939,9.63E-05,0.000160338,0.007992333
63,10,0.001068295,0.000732214,0.000507282,0.001002332,0.00150018,0.236663733,0.223091689,0.243337471,0.000458537,0.3230377,0.14881784,0.108381016,0.112127193,0.103418192,0.088900958,0.132415746,0.127969742,0.143531229,0.100172996,0.127939704,0.098312251,0.11336698,2.71E-06,6.03E-05,3.90E-05,0.09208284,0.106919277,0.139841822,0.296755283,8.62E-05,8.30E-05,0.11572971,0.104912401,0.022264198,0.024576596,,2.86E-06,0.037988887,0.036674552,3.56E-05,0.003021362,0.000110767,0.00109881,0.000573346,0.000269929,0.000176145,2.63E-05,0.000213158,0.000501103,5.50E-05,,,,0.000917555,0.000235186,0.000314411,0.000439891,0.000270087,1.09E-05,9.44E-07,0.000981791
63,11,0.001138345,0.000697327,0.000424244,0.000820399,0.001052642,0.063753093,0.055320809,0.069657075,0.000246473,0.066251371,0.03522892,0.035877343,0.034911148,0.03136868,0.027061501,0.031492149,0.022119281,0.024637219,0.018499583,0.025491128,0.019982858,0.022763247,2.56E-05,8.86E-06,4.00E-06,0.020070339,0.022947062,0.030189266,0.068646252,8.83E-06,2.68E-05,0.057809894,0.072542118,0.015707507,0.015796526,,1.36E-06,0.017539188,0.021355997,1.48E-05,0.001137795,6.01E-05,0.001588109,0.001324338,0.000691143,4.23E-05,9.24E-06,0.000123109,0.000147551,3.64E-05,9.50E-07,2.84E-07,1.90E-06,0.000699527,0.00012828,8.54E-05,5.75E-05,0.001936284,4.76E-05,3.60E-05,1.63E-05
63,12,0.012319473,0.013014576,0.012698051,0.014252979,0.008462119,0.004657481,0.004578202,0.004922321,0.012122029,0.005748925,0.002378463,0.002427561,0.002879732,0.002637452,0.002501253,0.003667181,0.002968466,0.003251547,0.002649026,0.003779637,0.003123893,0.00380621,0.010168048,0.012032256,0.0112323,0.007358261,0.005864627,0.007782887,2.82E-05,6.84E-05,2.25E-05,0.029833653,0.039394872,0.003611064,0.009109777,0.002438258,0.008299118,0.011274754,0.01408025,0.008871562,0.005533683,0.00128728,0.001300973,0.00113319,0.001152775,0.013581885,0.007848631,0.00241841,0.003192264,0.000817066,0.000298148,0.000359812,0.000248271,0.011360411,0.004991093,0.006087812,0.013503069,0.008470871,0.000571745,0.002998377,0.035200387
63,13,0.01850825,0.000973014,0.001206333,0.001486729,0.00120909,0.002568377,0.001504866,0.001895825,0.001380282,0.00189473,0.000975842,0.00085225,0.000942467,0.001235587,0.001768034,0.001819065,0.001546108,0.001577051,0.001198384,0.001684403,0.001338874,0.002067298,0.008467606,0.007232038,0.008445914,0.006240113,0.002684025,0.003786929,0.000192712,0.000245375,0.000184539,0.000205845,0.023648111,0.005114183,0.005117199,0.012222504,0.009784846,0.009392797,0.010671488,0.011080921,0.009201944,0.010671603,0.010958824,0.008692817,0.009684685,0.014024761,0.019016923,0.01172291,0.015050691,0.036851597,0.023333335,0.020889215,0.011894553,0.019758221,0.001916543,0.00199321,0.005490074,0.002927528,0.038558391,0.030481448,0.011577941
63,14,0.007850384,0.005144094,0.007415966,0.007961475,0.008798594,0.004739265,0.005564195,0.006645936,0.003746973,0.004994496,0.000364405,0.000368907,0.000829034,0.000425527,0.000948488,0.000514687,0.000389553,0.000405638,0.000330365,0.000896318,0.000267084,0.000330312,0.00117645,0.000920584,0.001136022,0.003669431,0.001871573,0.003315441,5.62E-05,4.77E-05,0.000115721,0.000309026,0.000197135,0.000912358,0.000999678,0.001891285,0.001651898,0.00235163,0.003465858,0.002740327,0.007659951,0.003171656,0.005490922,0.0039262,0.00338949,0.004433172,0.006148385,0.004402989,0.006663424,0.015490808,0.011703796,0.011666101,0.007454799,0.01361992,0.001511532,0.001627601,0.00486274,0.002606861,0.028367,0.022704737,0.008500306
63,15,0.05647035,0.012093327,0.013755301,0.018689263,0.018687038,0.01646606,0.036626582,0.02766162,0.022751602,0.029620028,0.000769772,0.00141579,0.001026686,0.001377916,0.00224449,0.002405566,0.00223755,0.001587424,0.003642689,0.015905655,0.003854488,0.007710671,0.004549714,0.001986927,0.003434792,0.004085241,0.009344822,0.003740422,0.000444927,0.000883331,0.000444761,0.009375449,0.011169845,0.001346195,0.001651035,0.001337772,0.001054894,0.001509181,0.00217884,0.002026792,0.007495276,0.012650499,0.003108111,0.004690164,0.002032368,0.004081648,0.004607966,0.006184071,0.013661639,0.011352847,0.008738956,0.013833038,0.009578563,0.006859941,0.009686235,0.022690341,0.016581418,0.007988104,0.008463241,0.014717185,0.020924746
63,16,0.003273111,0.001309013,0.014754743,0.017101152,0.02873648,0.021461316,0.015585173,0.027482476,0.05220249,0.01588846,0.000280174,0.000424294,0.000414142,0.000326958,0.00038562,0.000484722,0.000430797,0.000459239,0.001271454,0.003478088,0.001413353,0.003289505,0.001954613,0.000698334,0.001814368,0.009318929,0.003241662,0.00198984,0.000664165,0.000558171,0.000200861,0.000677525,0.000533966,0.000821703,0.001893069,0.000468123,0.00011123,0.000868553,0.00100657,0.001673591,0.006118463,0.011991732,0.000723666,0.00287114,0.000807127,0.002631874,0.002509909,0.003636705,0.006309712,0.004937004,0.006499641,0.006430576,0.004068185,0.007248533,0.000494542,0.008374373,0.000828218,0.000955627,0.000736726,0.002606008,0.031989807
64,1,0.001092523,0.000485891,0.000382272,0.000421784,0.000596374,0.000613302,0.001104558,0.000886445,0.000366106,0.000230777,0.000313285,0.000330299,0.000362423,0.000355784,0.000425116,0.0004838,0.000171427,0.000249776,0.00060676,0.000418814,0.000390722,0.000163512,0.000159797,0.000226704,0.000128751,0.000186871,0.000260666,7.44E-05,0.000106515,5.40E-05,7.06E-05,5.74E-05,0.000373742,5.64E-05,4.54E-05,4.01E-05,0.000108424,0.000109751,4.33E-05,6.76E-05,0.000185688,5.47E-05,9.47E-05,0.000112223,4.85E-05,0.000135837,3.98E-05,6.70E-05,2.39E-05,6.72E-05,8.66E-05,1.66E-05,0.000296432,2.79E-05,0.000231819,0.000515662,2.75E-05,6.66E-05,4.77E-05,5.25E-05,5.23E-05
64,3,0.004518146,0.001208777,0.001990306,0.000860523,0.001759968,0.001337347,0.001874737,0.00486354,5.48E-05,4.50E-05,5.51E-05,4.66E-05,0.001442436,0.000155421,3.80E-05,0.000949687,2.14E-05,4.75E-05,7.14E-05,6.19E-05,6.76E-05,6.69E-05,5.35E-05,4.83E-05,4.25E-05,5.69E-05,4.47E-05,6.37E-05,4.47E-05,5.81E-05,2.84E-05,2.32E-05,2.88E-05,1.23E-05,2.53E-05,2.61E-05,2.85E-05,4.06E-05,3.74E-06,5.46E-06,7.55E-06,2.87E-05,1.56E-05,4.50E-05,1.08E-05,7.64E-06,1.30E-05,2.99E-05,1.42E-05,1.99E-05,1.25E-05,1.10E-05,6.93E-06,1.66E-05,3.68E-06,3.69E-06,7.72E-06,7.25E-06,7.77E-06,6.34E-06,1.01E-05
64,4,,,,,,,,,,,,,,,,,,,,,,,,,,,,,,,,,,,,,,,,,,,,,,,,,3.99E-08,3.45E-07,,,,,,8.99E-09,,2.84E-12,4.54E-08,,4.24E-08
64,5,2.35E-05,7.75E-05,6.70E-05,0.000113724,3.71E-05,8.37E-05,4.79E-05,5.40E-05,2.15E-05,2.75E-05,5.14E-05,5.00E-06,2.55E-06,8.37E-05,1.06E-05,8.87E-06,1.46E-05,3.57E-05,5.37E-05,3.10E-05,2.67E-06,2.98E-06,1.81E-05,1.35E-05,,1.30E-05,4.15E-07,1.50E-07,2.99E-08,0.000191899,,4.35E-07,4.70E-05,3.36E-07,2.14E-07,,,1.38E-05,1.74E-07,,3.13E-08,,3.40E-05,1.97E-05,5.06E-06,2.22E-10,6.58E-05,8.77E-05,4.08E-05,0.000112042,5.73E-05,5.68E-05,2.89E-07,9.14E-05,2.14E-06,7.56E-07,3.41E-05,3.79E-06,4.64E-05,2.79E-05,3.38E-05
64,6,0.000319512,0.000153039,0.000169547,0.000261012,0.000225909,0.000428363,0.000341586,0.000277406,6.64E-05,2.96E-05,5.74E-05,3.39E-05,8.09E-05,6.95E-05,2.30E-05,5.05E-05,1.72E-05,4.03E-05,0.00011666,6.56E-05,4.06E-05,5.85E-05,8.16E-05,4.62E-05,3.01E-05,7.79E-05,3.12E-05,4.08E-05,5.43E-05,0.000140244,2.98E-05,5.29E-05,8.86E-05,2.18E-05,5.62E-05,3.29E-05,6.54E-05,0.000100889,2.82E-06,5.51E-06,5.84E-06,3.75E-05,4.36E-05,5.63E-05,1.69E-05,8.61E-06,4.39E-05,7.17E-05,2.72E-05,6.80E-05,3.27E-05,2.36E-05,8.60E-06,4.77E-05,7.00E-06,5.34E-06,1.81E-05,8.31E-06,2.06E-05,1.43E-05,2.51E-05
64,7,0.002478594,0.001466509,0.002018457,0.002572239,0.002698681,0.002868454,0.002228437,0.002277961,0.00012482,0.001130698,0.000783365,0.001315908,0.000737493,4.69E-05,8.55E-06,0.000467267,8.94E-06,2.47E-06,1.51E-05,0.000240598,4.43E-06,2.60E-05,0.001346881,0.00046585,0.001018573,0.002663839,0.001704211,8.23E-05,7.74E-05,8.31E-06,2.22E-05,0.0025905,0.000668006,0.000125722,0.000191763,0.000211074,0.000909354,0.000242905,0.000543625,0.000252751,0.000291681,0.000217253,0.000222353,0.000223209,0.000104073,9.13E-05,0.000167401,0.000296042,9.64E-05,0.000600274,1.03E-05,5.90E-05,4.36E-05,0.000433263,0.000573616,0.00212981,2.88E-05,4.09E-05,2.28E-05,4.71E-05,3.50E-05
64,8,,,,,,,,,,,,,,,7.79E-11,4.55E-05,1.59E-05,3.66E-05,6.97E-05,3.95E-05,2.02E-06,1.93E-06,1.49E-05,,,0.00034016,,2.58E-09,,,,,,,2.87E-09,,,,,,6.38E-07,,1.18E-05,0.000382231,,,,0.000537895,,,,,,,,2.83E-07,1.20E-05,1.25E-06,1.49E-05,8.15E-06,8.66E-06
64,9,0.003078753,0.001914396,0.001989183,0.00165102,0.002211506,0.002084852,0.00224881,0.001717905,0.000578559,0.000514295,0.000294245,0.000441826,0.001420973,0.000612813,0.000715647,0.001176846,0.000475872,0.000393864,0.00063637,0.000287076,0.000934653,0.000232298,0.000277398,0.000421145,0.000287729,0.000442564,0.000549309,0.000146459,0.000234515,8.09E-05,0.000136763,0.000219473,0.000101491,0.000137554,0.000270539,0.000116667,0.00037396,0.000440246,2.96E-05,0.000183367,0.000662272,0.000150175,0.000174276,0.000222624,7.11E-05,0.000123731,4.94E-05,0.000143006,3.80E-05,4.21E-05,4.03E-05,5.07E-05,0.000176346,9.88E-05,8.36E-05,0.000114476,5.70E-05,8.03E-05,9.69E-05,8.35E-05,0.000100294
64,10,,,,,,4.07E-06,3.64E-06,4.45E-06,,7.13E-06,5.43E-06,4.62E-06,4.29E-06,3.99E-06,3.34E-06,1.94E-05,5.19E-06,5.34E-06,1.04E-05,1.09E-05,4.26E-06,4.43E-06,,,,2.42E-06,2.80E-06,1.85E-06,1.22E-06,,,9.05E-07,0.000377852,6.58E-07,6.62E-07,6.66E-09,,5.73E-07,5.00E-07,,,,,,,,,,4.13E-09,4.01E-08,,,,,4.38E-11,6.17E-11,3.67E-11,4.61E-11,,,5.17E-09
64,11,4.64E-07,9.36E-08,3.08E-07,4.43E-07,2.20E-07,1.40E-06,1.19E-06,1.54E-06,6.96E-08,1.66E-06,1.35E-06,1.70E-06,1.44E-06,1.28E-06,1.57E-06,2.97E-06,9.11E-07,1.09E-06,1.44E-06,1.98E-06,1.13E-06,8.37E-06,2.68E-05,3.57E-06,6.25E-06,1.97E-05,4.42E-06,3.80E-06,1.38E-05,3.86E-06,1.88E-05,4.97E-05,0.000406025,1.78E-05,5.68E-05,6.13E-06,6.39E-05,0.000155675,7.51E-07,7.45E-06,5.98E-06,1.36E-05,5.84E-05,3.31E-05,3.36E-05,7.58E-06,1.53E-05,1.49E-05,2.29E-05,1.86E-05,1.40E-05,1.43E-05,1.48E-05,0.000102425,3.79E-05,2.30E-05,3.10E-05,1.74E-05,3.11E-05,2.32E-05,7.69E-05
64,12,0.000110479,6.99E-05,9.10E-05,9.28E-05,0.000103286,0.000109207,7.36E-05,7.77E-05,2.09E-05,2.41E-05,1.22E-05,2.10E-05,0.000701163,6.83E-05,3.84E-05,0.000483824,1.93E-05,1.49E-05,2.13E-05,1.26E-05,2.13E-05,1.03E-05,1.43E-05,1.93E-05,9.63E-06,0.000238254,2.31E-05,1.65E-05,1.93E-05,2.38E-06,4.91E-06,8.46E-06,0.000211837,4.37E-06,9.88E-06,3.17E-05,1.44E-05,2.87E-05,2.79E-06,4.34E-06,9.37E-06,5.15E-05,6.87E-06,0.000266636,1.10E-05,1.14E-05,6.04E-06,0.000355545,7.38E-06,1.01E-05,1.65E-05,6.76E-06,1.05E-05,9.44E-06,3.02E-06,3.72E-06,6.95E-06,4.54E-06,3.26E-06,3.07E-06,7.93E-06
64,13,0.000442108,0.000195969,7.94E-05,7.80E-05,0.000110134,0.000200047,0.000183321,0.000171414,3.45E-05,3.38E-05,1.67E-06,1.98E-06,0.000328164,2.21E-05,5.86E-06,0.000201573,4.67E-06,2.18E-06,0.000104822,5.65E-05,7.21E-06,9.31E-06,3.34E-05,2.24E-05,2.62E-06,2.28E-06,3.93E-06,2.10E-06,2.52E-06,0.000140204,4.45E-06,3.36E-06,5.84E-05,1.27E-06,2.66E-06,4.29E-06,3.15E-06,8.47E-06,1.35E-06,2.88E-06,4.44E-06,3.74E-06,4.17E-05,6.54E-06,7.77E-06,5.34E-06,5.49E-05,4.25E-05,2.76E-05,0.000101853,3.44E-05,2.48E-06,5.65E-06,1.90E-06,9.57E-07,1.31E-06,5.41E-06,1.21E-05,7.18E-06,6.79E-06,5.12E-06
64,14,0.00042464,0.000225033,0.000300765,0.000391718,0.000347318,0.000514923,0.000321026,0.000333233,5.27E-05,7.32E-05,6.10E-05,0.000138302,8.19E-05,2.70E-05,4.11E-06,6.03E-05,4.00E-06,9.44E-06,1.65E-05,2.85E-05,5.43E-06,1.45E-05,0.0001135,3.70E-05,7.10E-05,0.000182955,0.00012331,1.81E-05,4.36E-05,4.50E-05,2.13E-05,0.000238546,5.56E-05,3.00E-05,7.81E-05,3.66E-05,0.00014832,0.000127403,4.72E-05,2.63E-05,3.27E-05,4.50E-05,5.05E-05,3.00E-05,2.55E-05,1.58E-05,4.13E-05,3.46E-05,2.79E-05,9.82E-05,2.03E-05,2.46E-05,1.35E-05,9.27E-05,6.20E-05,0.000180231,1.82E-05,1.37E-05,2.17E-05,1.70E-05,3.18E-05
64,15,0.00268837,0.001129184,0.000896836,0.001222109,0.001106392,0.001877046,0.002186047,0.001596555,0.000671583,0.0004061,0.000524398,0.000487652,0.007587547,0.001080388,0.000449296,0.00561696,0.000221235,0.000385536,0.000736877,0.000489155,0.000593559,0.000425575,0.000413574,0.000302442,0.000277722,0.000412232,0.000332857,0.000282104,0.000275904,0.00017982,0.000230672,0.000287484,0.000152898,0.000147154,0.000298157,0.000138646,0.000380389,0.000434446,4.56E-05,6.49E-05,0.000131362,9.21E-05,0.000109595,0.000185086,5.81E-05,6.58E-05,3.19E-05,3.85E-05,2.41E-05,3.00E-05,2.76E-05,3.78E-05,6.21E-05,8.51E-05,4.06E-05,5.10E-05,3.96E-05,4.40E-05,5.42E-05,4.56E-05,5.70E-05
64,16,0.000295837,0.001980907,0.001828115,0.00244589,0.004566332,0.002315143,0.001651647,0.003650775,0.001433162,0.000897242,0.002570974,0.00063261,0.002396883,0.002799325,0.002284808,0.001416922,0.001060776,0.000550844,0.000926897,0.000436615,0.001890787,0.00163284,0.001541296,0.000927024,0.000884234,0.001082516,0.000599433,0.000434491,0.000143895,0.000340052,0.000106776,0.000164412,8.82E-05,0.000191476,0.000482655,0.000725552,0.000107049,8.85E-05,0.000549981,6.47E-05,2.23E-05,0.000167097,0.000189411,0.000312949,3.97E-05,0.000162308,0.000143529,0.000395273,7.06E-05,0.00018353,9.28E-05,0.000109275,5.27E-05,0.000166887,0.000203624,0.00020803,7.74E-05,3.41E-05,0.000144271,6.42E-05,7.10E-05
65,1,0.04725685,0.063790068,0.045023733,0.052034181,0.060561236,0.0425858,0.140074269,0.119931294,0.11711355,0.097880415,0.188493336,0.196937451,0.16854471,0.087252512,0.101823724,0.190928813,0.187114016,0.167532976,0.168217896,0.156350389,0.213549709,0.190472866,0.213449785,0.232405394,0.208820022,0.24529113,0.291851917,0.313497117,0.267273401,0.135535504,0.198476236,0.199172928,0.233354498,0.22747876,0.237912921,0.30479856,0.416064465,0.351670855,0.438359003,0.349522775,0.40299199,0.336407905,0.445413584,0.418334018,0.352457534,0.365106559,0.440176264,0.337427948,0.374158295,0.342511489,0.30954471,0.329982399,0.303261629,0.362654791,0.324612061,0.270118872,0.269615896,0.241439075,0.270793761,0.161727366,0.194222112
65,2,,,,,,,,,,,,,,,,,,,,,,,,,,,,,,,1.26E-06,,6.95E-08,,2.47E-07,,,,,,,,,,,,,,,,,,,,,,,,,,
65,3,0.049513998,0.076848583,0.052453923,0.074090578,0.05832016,0.082438911,0.077691659,0.081336004,0.113052368,0.096146802,0.098287552,0.115107249,0.098624893,0.11050945,0.114471395,0.109412579,0.109273652,0.082747169,0.133028366,0.105344868,0.134733499,0.142765225,0.062644633,0.068798035,0.063233355,0.066919569,0.071494304,0.083336437,0.056388941,0.065378151,0.066641333,0.0708054,0.101186463,0.110625661,0.125073934,0.250988092,0.262373775,0.306265723,0.280502585,0.139796885,0.135751202,0.122007039,0.140238897,0.144867951,0.124834955,0.126866208,0.113510479,0.096505652,0.108336389,0.096819144,0.084133566,0.0893157,0.085451294,0.091025768,0.082371388,0.095246753,0.082219333,0.079103202,0.0821355,0.067085814,0.069608462
65,4,,,,,8.74E-09,,,,,,1.14E-06,,,,0.000821557,5.64E-05,0.000358681,5.77E-05,0.000331334,0.000586949,,,,,,,,1.31E-07,3.06E-08,6.06E-05,2.34E-07,0.001023423,,2.07E-06,,,3.46E-05,,,,,,,,2.94E-06,,,1.51E-08,,,2.25E-05,0.000187155,0.00035701,7.23E-05,0.000105502,,,,,,
65,5,0.032991699,0.023031234,0.053687597,0.049541464,0.025702974,0.027041336,0.030185829,0.035983884,0.029680539,0.057587978,0.02624082,0.037682998,0.027744669,0.013732614,0.020905359,0.032203556,0.026459264,0.031702058,0.048045063,0.0422025,0.034848449,0.044855821,0.069274489,0.077855279,0.066494506,0.073217937,0.083575005,0.086174886,0.081317473,0.077716026,0.06958634,0.0559074,0.059639641,0.068014204,0.084887109,0.402781135,0.356424694,0.511047288,0.412825646,0.124997702,0.117042864,0.092592907,0.123137287,0.129841911,0.112185275,0.106433625,0.103499007,0.090649709,0.105609084,0.09651989,0.090164418,0.093222785,0.096658862,0.100535776,0.087434487,0.113138363,0.091972039,0.080943242,0.082612548,0.067834638,0.068636976
65,6,0.243101675,0.204018362,0.288028284,0.257566887,0.203650119,0.230212636,0.226746006,0.276897778,0.2403813,0.188107682,0.181938185,0.248365693,0.239982563,0.173458724,0.183859528,0.182724695,0.098745575,0.134546747,0.184976036,0.171193611,0.153031802,0.205705538,0.184055487,0.197040675,0.179434839,0.208245478,0.204241257,0.297012008,0.20330524,0.323743331,0.292782494,0.231214343,0.316904728,0.197386584,0.211965272,0.235562085,0.300055645,0.264468684,0.276749018,0.201457563,0.193977971,0.167198898,0.193919332,0.203514174,0.177781147,0.178860432,0.162207809,0.136394008,0.162862308,0.149445249,0.122883355,0.126401915,0.120963472,0.129471342,0.113569487,0.127783941,0.109129416,0.09590914,0.106041997,0.084097043,0.084573248
65,7,8.14E-07,,,3.58E-06,,1.83E-05,1.15E-07,9.40E-07,3.52E-06,6.52E-06,0.025012316,0.032425362,0.040196775,0.032187929,0.036058729,0.049053031,0.059030699,0.052872511,0.079243648,0.108220276,0.098132191,0.125738805,0.148347636,0.203842664,0.168974673,0.297981376,0.18581245,0.276841793,0.023282911,0.022458883,0.036705636,0.033205732,0.28955653,0.361478208,0.345861314,0.299934038,0.31540811,0.320347505,0.28656916,2.65E-06,,2.93E-05,,9.36E-08,3.02E-05,7.51E-07,1.83E-06,8.32E-09,6.73E-05,3.47E-05,1.82E-07,1.37E-08,1.62E-05,2.40E-05,4.60E-05,,1.55E-07,,,7.01E-10,
65,8,,,,,,,,,,,2.11E-05,,,,,,4.00E-06,2.64E-08,,0.040287265,6.15E-07,0.001541847,,7.01E-07,,0.099044791,,1.15E-07,,5.98E-05,0.000131829,5.75E-06,,,1.00E-07,0.0016976,2.33E-06,,,7.62E-07,,3.88E-06,,,,4.84E-05,1.37E-06,,,1.62E-09,,0.000258567,3.66E-08,,4.09E-08,5.16E-08,,5.03E-10,,,
65,9,0.03388018,0.034391349,0.044679582,0.025875628,0.019020667,0.020577464,0.043031098,0.048216295,0.055081806,0.059065041,0.048908163,0.06709327,0.051906763,0.039651386,0.120431516,0.037478635,0.077212861,0.080743008,0.054214572,0.050225956,0.027291497,0.047451356,0.086752609,0.096550974,0.085125403,0.086339525,0.100553936,0.114858655,0.083454365,0.088545245,0.089800091,0.097845015,0.130023174,0.144758934,0.165012243,0.180843814,0.242451344,0.213129171,0.227643915,0.191405648,0.186585634,0.170367157,0.204972215,0.202115239,0.180557495,0.188749845,0.173262248,0.145164542,0.165696274,0.147821757,0.13001348,0.122625114,0.123584486,0.128767626,0.105782482,0.111302476,0.0959642,0.077993637,0.079359561,0.067597883,0.073114771
65,10,0.407741983,0.44164675,0.437707275,0.448399345,0.448269203,0.612797631,0.437763475,0.455140441,0.097189565,0.20727441,0.233532605,0.47444285,0.439902798,0.414213139,0.36753475,0.452242272,0.227722706,0.210451346,0.19402027,0.16640184,0.175186299,0.168306003,0.064984825,0.062802261,0.044582079,0.20407215,0.209035225,0.21859118,0.201957561,0.028376408,0.028159456,0.196987745,0.217605231,0.249682183,0.215084607,0.193159552,0.188148829,0.141623747,0.001842575,0.000241399,5.92E-06,4.32E-06,9.48E-07,,4.59E-07,9.52E-07,4.05E-08,1.18E-08,,2.51E-11,1.68E-05,0.000108007,0.000223209,4.57E-05,5.99E-05,4.91E-08,,,,,
65,11,0.434478533,0.376445316,0.334304938,0.323004713,0.322331511,0.385477288,0.330473035,0.316468863,0.578336221,0.573597146,0.514071494,0.352098391,0.378414785,0.353787922,0.273175775,0.359583603,0.357110632,0.344625077,0.316197381,0.271618829,0.304462147,0.289767753,0.246182031,0.247541839,0.170248734,0.258227906,0.244640372,0.257451616,0.265532977,0.147243381,0.144242072,0.129873532,0.118234964,0.120765916,0.110004876,1.016213048,0.74733412,1.164470253,0.796526708,9.31E-05,2.23E-06,2.35E-06,1.66E-05,2.56E-05,2.85E-07,1.87E-06,2.91E-08,2.93E-06,,2.08E-11,4.99E-06,4.28E-05,7.65E-05,1.15E-05,2.34E-05,5.06E-08,,4.53E-06,,1.25E-08,0.000122498
65,12,0.000366187,0.000536717,0.000702527,0.000656287,0.00051806,0.000854516,0.001035511,0.000576601,0.000596573,0.026495714,0.069024758,0.075582152,0.121530426,0.128155429,0.121302865,0.122232073,0.142531128,0.155956158,0.10741201,0.107555813,0.116299503,0.159581892,0.117218285,0.136300871,0.117223826,0.138131916,0.154592231,0.177260892,0.109641876,0.120104544,0.129510083,0.111306703,0.164032515,0.208699901,0.205098181,0.245313937,0.321939254,0.289299564,0.319706059,0.249109389,0.233200897,0.217286012,0.247240429,0.252572853,0.219309816,0.22732046,0.214914778,0.177696128,0.207119263,0.193475103,0.174956985,0.18120655,0.178565795,0.187918188,0.164655847,0.200034469,0.15841756,0.142382562,0.140763096,0.118440816,0.121311644
65,13,0.114736468,0.112819421,0.093959015,0.14616039,0.201293591,0.120881149,0.131569551,0.10189965,0.124770388,0.086048722,0.135540091,0.102834682,0.09441271,0.098229947,0.108898565,0.151249316,0.177680298,0.106455754,0.097587202,0.114726967,0.169294462,0.206927709,0.058484067,0.063310541,0.062813456,0.091363283,0.082631501,0.109764477,0.07423439,0.110999924,0.105355176,0.090546823,0.114171598,0.08411367,0.089737408,0.091886733,0.117960774,0.104109011,0.107019313,0.058861825,0.051247395,0.043657165,0.059301757,0.066638113,0.06188765,0.070224758,0.064199611,0.043459638,0.051770297,0.051799255,0.028968674,0.035898738,0.040205422,0.04442505,0.028810583,0.040962512,0.034821808,0.032238603,0.034803805,0.027222633,0.025872866
65,14,0.882841655,0.855472617,0.764649307,0.79254948,0.763023788,0.891866809,0.827938276,0.673947138,0.984738021,0.947459088,0.787662109,0.610069927,0.680371319,0.690638633,0.532043478,0.52193598,0.685937206,0.70450159,0.683953593,0.680858593,0.761642095,0.761793512,0.816263702,0.845084385,0.605525015,0.685738928,0.576886756,0.578579199,0.56293557,0.557689514,0.539796138,0.495911818,0.477400951,0.482716929,0.442954181,0.521414704,0.509564061,0.530259616,0.196376454,0.058782564,0.055156401,0.049496643,0.058842848,0.065615651,0.061463171,0.061346285,0.066369915,0.050038323,0.055877463,0.046784898,0.044786951,0.048217748,0.042485597,0.044769335,0.036927936,0.039176477,0.03866412,0.035640907,0.038367612,0.030146641,0.029746115
65,15,0.017214102,0.018792096,0.014430784,0.01575487,0.018157764,0.012854747,0.131270263,0.130984432,0.13885648,0.12499878,0.131635302,0.155043802,0.130460444,0.119228647,0.090757126,0.088925646,0.091260839,0.089582071,0.094371362,0.076860952,0.072061735,0.076331642,0.07864462,0.065901273,0.069853019,0.077010714,0.073893429,0.079293307,0.077359928,0.071578677,0.065756956,0.074197458,0.067008587,0.072296838,0.073453176,0.247938297,0.227020712,0.310253266,0.257456788,0.069970653,0.070765577,0.065372288,0.074794982,0.085911475,0.080641243,0.0823954,0.067749734,0.07143466,0.073777424,0.070497507,0.057400826,0.055227361,0.058716259,0.054365955,0.030005734,0.03339885,0.027016188,0.025714122,0.027415979,0.023736864,0.026112634
65,16,0.031833767,0.034059593,0.027882497,0.028114079,0.03088543,0.036567552,0.066103863,0.074519447,0.083105206,0.040068743,0.051947858,0.109817498,0.085542044,0.070580756,0.058177189,0.051634374,0.042407473,0.042124874,0.042343605,0.056183481,0.041136549,0.046067026,0.054110594,0.054876904,0.052701912,0.098482339,0.053885395,0.066676524,0.05954508,0.073937208,0.07520609,0.076291437,0.080881088,0.051958311,0.06311628,0.097621181,0.092237295,0.106248467,0.101291155,0.036825037,0.031218374,0.029856798,0.036256354,0.040527803,0.040449889,0.040295457,0.033313403,0.030152062,0.032870263,0.029991988,0.030149769,0.034100107,0.033274194,0.034437977,0.021808218,0.046758497,0.036375603,0.026553178,0.027990813,0.021295401,0.020406525
66,1,0.072256656,0.056151457,0.041208504,0.050576176,0.063933574,0.067622304,0.139341022,0.158629298,0.016294939,0.035555744,0.037872289,0.037211183,0.038012781,0.041197197,0.034065169,0.050948658,0.022326724,0.034233116,0.029397945,0.034707878,0.024532508,0.026925738,0.015199198,0.013437809,0.01093774,0.020879265,0.023383832,0.011903907,0.012141433,0.004729195,0.005964659,0.037501474,0.018001643,0.017689816,0.016569034,0.000960871,0.00403452,0.009982684,0.009643117,0.003898661,0.00657276,0.005696863,0.005666812,0.008597785,0.007956528,0.007326086,0.001804145,0.008021773,0.028548567,0.00410517,0.002526696,0.005620449,0.008853491,0.014834755,0.006528703,0.005132387,0.013665114,0.008944594,0.012425355,0.037265683,0.056797333
66,3,0.148097546,0.064284381,0.12598388,0.150598028,0.147947141,0.177704098,0.139235966,0.163011087,0.005412375,0.005476657,0.003022325,0.003204965,0.003193127,0.00562512,0.001860552,0.00112568,0.001828346,0.003813226,0.002482737,0.006406962,0.008996051,0.005363332,0.006126192,0.005722105,0.00479538,0.0021599,0.001734924,0.002009978,0.000767403,0.00080636,0.000817913,0.00073494,0.001577446,0.001882111,0.001796787,0.004383549,0.005929939,0.001176621,0.000912242,0.00462572,0.003860888,0.005099679,0.008751645,0.003720105,0.004920848,0.008802534,0.014932734,0.011091032,0.08865353,0.025362168,0.019846502,0.015240964,0.010398993,0.011353162,0.001699387,0.00188293,0.001746589,0.002295817,0.018825049,0.207376519,0.009853925
66,4,,,,,,,,3.08E-06,,,9.06E-10,,2.73E-09,5.70E-09,1.06E-08,,,,,,7.04E-06,6.78E-07,6.26E-07,2.97E-06,3.02E-06,2.76E-06,2.81E-06,1.91E-06,4.69E-07,1.76E-06,1.32E-05,1.74E-06,2.48E-06,,4.00E-06,1.24E-05,3.09E-05,3.30E-05,9.61E-06,2.81E-06,3.08E-07,3.65E-06,6.16E-06,1.02E-06,6.01E-07,,,8.51E-08,2.66E-07,1.25E-06,,,1.22E-08,,,2.40E-08,,1.13E-11,1.45E-07,,1.47E-07
66,5,0.011316982,0.009093457,0.008625301,0.01151961,0.010007427,0.011319901,0.011172037,0.013350467,0.027741961,0.010816707,0.011086229,0.010305719,0.008827509,0.008328146,0.007807635,0.010489631,0.006767195,0.007803946,0.008115271,0.00822179,0.007777998,0.008295658,0.035992228,0.040062212,0.039070469,0.004895933,0.005270291,0.004749169,0.001510034,0.002236547,0.00274757,0.040826655,0.012625134,0.012184749,0.007620343,0.054506507,0.044149509,0.00483994,0.004612459,0.027994107,0.030696299,0.024065368,0.039096338,0.021230564,0.019584051,0.020413791,0.050414694,0.036861782,0.03437997,0.030614718,0.025934749,0.028747216,0.012858714,0.022119141,0.001914746,0.001975598,0.013183939,0.003604376,0.016907148,0.015883112,0.018707632
66,6,0.037989926,0.026148988,0.024857046,0.036709758,0.040370635,0.033876272,0.040629138,0.041602549,0.020805236,0.009426088,0.006671233,0.00645268,0.006202848,0.007875995,0.005335187,0.006796921,0.005187777,0.007134004,0.00762366,0.009242116,0.010817112,0.009585676,0.024328054,0.026399767,0.025288654,0.004896948,0.004721135,0.004091654,0.001214778,0.00157941,0.004422334,0.023007574,0.008374949,0.008436229,0.007816314,0.03715143,0.034042755,0.004481688,0.003984799,0.023261604,0.024897904,0.019736966,0.032104433,0.017069665,0.015404367,0.017563033,0.034446158,0.024205617,0.022415865,0.024274269,0.021589676,0.022986047,0.022566159,0.022514352,0.003584798,0.003681472,0.011880563,0.005871512,0.022762817,0.0259972,0.028550892
66,7,0.210239126,0.168634896,0.306272066,0.250866927,0.346348748,0.320498835,0.335272921,0.235590638,0.011144563,0.082000319,0.094973187,0.109873115,0.006323243,0.005945752,0.007107593,0.006785129,0.006020516,0.00700773,0.006406137,0.004902449,0.002089377,0.003012872,0.019633125,0.012066145,0.019763425,0.020726613,0.017240913,0.00096523,0.000547711,0.001413972,0.011043869,0.03003141,0.021081817,0.011565772,0.00775139,0.002202691,0.022191388,0.012001937,0.023466799,0.001058392,0.027512759,0.001684205,0.012176473,0.001228438,0.000504085,0.009974845,0.026930592,0.036637642,0.004374525,0.012152469,0.000443189,0.000905893,0.000140292,0.005523948,0.006515705,0.087802004,0.000652818,0.00025039,0.000303349,0.000156655,0.005067869
66,8,1.31E-07,,,,,,5.96E-05,,2.37E-06,,,2.66E-07,,,,0.000182169,0.000675378,0.000607256,0.000917852,0.00084148,0.000835916,0.000625069,0.000680136,,,0.000374869,,1.03E-08,2.16E-09,,0.010087121,0.006648171,0.002835337,0.004311952,0.008546726,,,,9.81E-05,8.99E-05,4.19E-05,0.000399485,0.004664096,4.84E-05,,2.98E-08,4.61E-09,1.37E-06,1.07E-06,5.17E-07,,,,,,8.02E-06,5.50E-05,2.24E-05,0.001617439,0.000153969,0.006937625
66,9,0.273328671,0.198283294,0.185239648,0.163689986,0.25487743,0.220213978,0.239519715,0.204212026,0.020356178,0.023886178,0.018233735,0.018267949,0.035975004,0.032077132,0.023269651,0.021007241,0.021192946,0.02741831,0.023269588,0.007154617,0.020213981,0.018281932,0.025897344,0.022949846,0.019788877,0.022314799,0.024211925,0.003183143,0.001788514,0.001946029,0.002477138,0.003216526,0.004915825,0.003721338,0.004516534,0.001439679,0.006111244,0.00176434,0.001696934,0.001042919,0.009264426,0.004640433,0.006216904,0.005315569,0.001409893,0.001311128,0.000618436,0.001034619,0.001086211,0.000661479,0.001000414,0.001678074,0.002359226,0.00255249,0.002530856,0.001863736,0.001215091,0.002561814,0.001690417,0.000508195,0.011346965
66,10,,,,,,0.121450805,0.129994234,0.140371419,0.000460888,0.159857947,0.160363209,0.121159218,0.112695724,0.101741552,0.09448444,0.13403059,0.119375997,0.131599551,0.120018572,0.106175517,0.092837166,0.111377481,1.89E-06,3.10E-08,3.88E-08,0.056314582,0.06427612,0.05234747,0.052437259,2.71E-08,0.003016675,0.08640631,0.025204309,0.024922018,0.022962732,2.08E-06,5.14E-06,0.016588016,0.012730021,6.22E-07,3.66E-06,8.13E-06,4.17E-05,1.79E-05,2.42E-05,,,9.42E-09,2.76E-08,1.46E-07,,,1.30E-09,,0.000212513,0.000217431,0.000174564,0.000188199,,,0.001735398
66,11,0.000694881,0.000637873,0.000477699,0.00040944,0.000410881,0.033772271,0.032802482,0.04128407,0.003049453,0.033238184,0.037874232,0.040203989,0.034985856,0.030852966,0.028655699,0.031679472,0.01921622,0.022663348,0.02225468,0.021278753,0.018948375,0.023060296,0.000767472,0.000104305,2.02E-05,0.012662958,0.013373166,0.011058111,0.012175878,3.50E-05,0.000485323,0.042012122,0.01660044,0.016327377,0.013017069,6.60E-05,0.000198369,0.007791822,0.007470367,6.36E-05,3.64E-05,0.000262642,0.003783843,0.000180498,0.000148868,3.11E-05,0.000379712,0.000361712,0.000519637,0.000711226,0.000623643,0.000766175,0.000116393,0.001450854,0.000344379,0.000125691,0.000172827,0.001077711,0.001504701,0.000179156,0.001156008
66,12,0.014032524,0.012588357,0.011543823,0.011654796,0.013283819,0.015007851,0.015461757,0.014434121,0.00204435,0.004229228,0.00455619,0.004780922,0.005726999,0.004787516,0.004009342,0.00434095,0.003613542,0.004422351,0.004530749,0.003769937,0.004085906,0.004777277,0.001543761,0.001468983,0.000785788,0.003673524,0.00413496,0.002999205,5.73E-05,0.000152034,0.001698406,0.022867729,0.009567293,0.00439049,0.008323595,3.87E-05,0.000122847,0.005057511,0.004944554,1.91E-05,0.000174904,0.000277647,0.001906274,0.000157105,0.000418081,0.000264702,0.002674501,0.00286404,0.002906524,0.002987118,0.001814101,0.002661735,0.000242509,0.001341719,0.004574283,0.005251969,0.004674083,0.005847738,0.000958495,0.000274455,0.027156197
66,13,0.020524349,0.011602926,0.00611941,0.005762997,0.008155063,0.011015028,0.008788318,0.007795509,0.005820538,0.004789726,0.004108265,0.004251375,0.003446752,0.003130176,0.002417301,0.001682029,0.00247297,0.002949934,0.004112948,0.003849468,0.004001503,0.003903454,0.014107772,0.013573866,0.011688126,0.00156092,0.001814808,0.001504203,0.000137727,0.001944951,0.003444118,0.002562665,0.006390102,0.00651041,0.006454211,0.013891358,0.014605513,0.004712066,0.004037179,0.016189783,0.012765406,0.014042223,0.031654308,0.010302901,0.012968949,0.021449848,0.042790206,0.032132867,0.034221253,0.058742103,0.044248161,0.028323031,0.013377478,0.016324288,0.001686325,0.001758362,0.001810997,0.002280311,0.044417264,0.043028347,0.00990532
66,14,0.039536586,0.030017215,0.04012478,0.038855832,0.056042416,0.051763583,0.048494449,0.046238742,0.005892659,0.006431239,0.006517661,0.011589965,0.000995758,0.000742986,0.000782653,0.001584787,0.000699367,0.000865998,0.001311959,0.001108391,0.000602838,0.000761565,0.003102721,0.002304313,0.002788874,0.001786722,0.00160983,0.000406739,0.000140041,0.000562721,0.001750112,0.003006302,0.001879559,0.002039324,0.001990826,0.002314921,0.004123769,0.002304974,0.003035011,0.003379914,0.005368788,0.003798321,0.007911642,0.002957132,0.003664208,0.007385509,0.015963541,0.014497804,0.012852,0.022715906,0.020994424,0.019539823,0.008478271,0.01301073,0.001891764,0.008271347,0.001368382,0.001812988,0.033565894,0.030848884,0.008274443
66,15,0.189392509,0.118025483,0.094204873,0.111420227,0.174284179,0.128215376,0.229594777,0.219397272,0.01526656,0.015639119,0.012526658,0.011442171,0.015772951,0.037776878,0.013829421,0.016190503,0.010069873,0.025000198,0.012107612,0.019475991,0.018846666,0.022784629,0.017173234,0.013739109,0.013835665,0.014842405,0.014546381,0.009353388,0.004763527,0.005743647,0.004983905,0.012888561,0.009758898,0.004588163,0.002858093,0.002892397,0.008512304,0.002089735,0.001824882,0.001993968,0.004262925,0.004449938,0.003965146,0.003156738,0.002063385,0.002284041,0.001248778,0.001919585,0.005404709,0.001803309,0.002147312,0.002363954,0.002442525,0.003835403,0.002118711,0.001631084,0.003280379,0.003279582,0.003696347,0.006155823,0.008932515
66,16,0.07699461,0.088474667,0.214364658,0.398403978,0.409553327,0.361533586,0.414033945,0.341598138,0.017324992,0.04867459,0.079799516,0.043050481,0.05977314,0.088145342,0.063146824,0.028351565,0.022380648,0.047586454,0.073905375,0.052584521,0.091766673,0.060939255,0.081892167,0.042285581,0.043410171,0.068393878,0.039953895,0.00484019,0.002870374,0.022904549,0.009305252,0.014290493,0.005800545,0.022742853,0.070099773,0.077402029,0.004172556,0.002095929,0.097610696,0.001204786,0.001195195,0.00251519,0.019490964,0.002832623,0.002001037,0.032543583,0.035248428,0.022887054,0.023918462,0.016212075,0.014228043,0.018085083,0.000858712,0.011914926,0.001802507,0.002246381,0.000615122,0.003049074,0.006809867,0.002364617,0.010852103
68,1,1.014438582,0.55438267,0.597014526,0.550764089,0.592492024,0.896488713,0.854350043,0.932320909,0.588638507,0.95798471,0.965284906,0.890558524,1.091558692,0.882593716,1.069119298,1.367400177,1.105440298,1.401662938,1.428433721,1.951984735,1.286587092,1.56004568,1.009904342,1.043561679,1.05935516,1.651531949,1.681220561,1.650437166,1.546585291,1.361050069,1.224425603,1.441604976,1.476331175,1.796861521,2.054236772,1.0153399,1.393950201,1.645591291,2.045795938,1.052339874,0.801014414,0.717040771,0.718422156,0.584501167,0.463590861,0.568658896,0.647610732,0.546292884,0.584963266,0.566241074,0.551854259,0.549750376,0.398269566,0.58891254,0.443624906,0.393578473,0.378665387,0.409195679,0.516834492,0.406891685,0.311725612
68,2,,,,,,,,,,,,,,,,,,,,,,,,0.000208273,1.06E-07,,,,,,,,,,,,,,,,,,,,,,,,,7.26E-08,,,,,,,,6.48E-09,,,
68,3,0.317370822,0.219795362,0.282303452,0.182999789,0.245992761,0.183670431,0.212073582,0.225988493,0.250402352,0.285265705,0.428945186,0.400164865,0.428469752,0.412386538,0.366588605,0.420326806,0.398333967,0.485406982,0.319594537,0.257951805,0.303673655,0.29063612,0.166497994,0.18848007,0.174577069,0.215317741,0.20964477,0.222309357,0.19095256,0.262295217,0.206464165,0.185877434,0.217913418,0.267808327,0.259281613,0.169243364,0.323031785,0.21788122,0.205483305,0.18888027,0.177485227,0.155247333,0.154587943,0.154955712,0.140979765,0.181447999,0.188872831,0.157224838,0.15136054,0.144988964,0.126641539,0.131408039,0.102684337,0.131335142,0.119862781,0.118096199,0.108701026,0.120454342,0.149790083,0.120603189,0.090261375
68,4,,,,2.49E-08,,1.79E-07,,,,7.44E-05,4.61E-07,,3.87E-08,,,3.84E-06,,,2.65E-06,2.07E-05,,,,,,2.64E-09,2.77E-06,1.49E-08,2.18E-08,3.06E-10,,,,,,,,,,,1.10E-05,4.17E-06,9.75E-06,5.45E-06,9.29E-06,3.39E-10,1.98E-06,2.80E-10,2.62E-05,7.83E-05,6.84E-05,0.000328234,0.000352937,7.28E-05,0.000569907,8.43E-05,5.45E-05,8.94E-05,2.01E-05,0.000133787,1.42E-06
68,5,0.254649474,0.313929139,0.412812191,0.280547689,0.242165625,0.329610556,0.286984284,0.29959357,0.243778899,0.32020178,0.335472571,0.308152248,0.299669491,0.320089193,0.355702916,0.310800843,0.313324008,0.445216736,0.453313199,0.424739009,0.49440944,0.439510703,0.285262758,0.357682835,0.286542573,0.485514118,0.511245245,0.5452832,0.368915942,0.300685803,0.236955566,0.828451135,0.700969113,0.921197582,0.528623155,0.162042152,0.346254794,0.410278459,0.569916175,0.216800193,0.192463037,0.162886723,0.162703611,0.167182197,0.138442084,0.151412286,0.200002501,0.15050131,0.145708986,0.158838681,0.135165376,0.118677323,0.133799351,0.148726575,0.110126535,0.135107745,0.115302112,0.139378013,0.125155884,0.133879983,0.117456739
68,6,0.637082581,0.655663646,0.65697206,0.734453689,0.665198575,0.448069944,0.392347638,0.373091012,0.7440237,0.465796861,0.635839389,0.61448845,0.598522876,0.537124054,0.665173253,0.485159345,0.643721348,0.804495325,0.849434563,0.507887929,0.655909942,0.62147903,0.335420569,0.39558488,0.332996486,0.595255034,0.60171131,0.638991957,0.463891499,0.565294377,0.742294505,0.731577861,0.662806105,0.700063047,0.601531218,0.470356879,0.789471951,0.547642819,0.603815105,0.522438334,0.461464895,0.449354523,0.39975898,0.47992199,0.393024643,0.386180687,0.465598495,0.442468282,0.429264306,0.460681037,0.317492294,0.299526718,0.295760275,0.323539029,0.211747998,0.224516843,0.162149101,0.198845806,0.183234898,0.177453102,0.157195843
68,7,0.338029063,0.316696959,0.628362567,0.274175717,0.350730979,0.395101525,0.275435253,0.358409242,0.445100266,0.363381412,0.268107199,0.295289732,0.200239057,0.254035455,0.370537975,0.229805047,0.172408126,0.179091242,0.1660915,0.146893285,0.157763795,0.241678652,0.133821257,0.096972996,0.095876651,0.06394001,0.090193475,0.061367359,0.060375741,0.051341286,0.087215201,0.042891233,0.044164828,0.04110777,0.024358749,0.029389185,0.029925862,0.06637667,0.053467639,0.065073164,0.076668381,0.052265926,0.060688105,0.040384169,0.021021024,0.008400969,0.012168693,0.008797413,0.007022665,0.00514824,0.906160515,0.003876172,0.011599251,0.006903424,0.001606597,0.003537176,0.005100136,0.001683054,0.001756501,0.00217883,0.002883131
68,8,0.000455318,0.000852709,0.000893239,0.000833352,0.001088885,0.001376644,0.001688202,0.000913649,0.000708779,0.001055935,0.001509035,0.188965185,0.00108083,0.001124812,0.000881448,0.015206513,0.008379741,0.006104626,0.016487257,0.005469667,0.003226993,0.013211023,0.007081944,0.004786905,0.000244453,0.011963101,0.02115179,0.039865451,0.011723883,0.017034105,0.008599441,0.008729386,0.014118636,0.007166938,0.015875591,0.014933366,0.012477574,0.011562743,0.007030286,0.013560229,0.026085891,0.026557696,0.033404062,0.028270377,0.012559723,0.007220381,0.020165527,0.022439562,0.019786481,0.007572875,0.000869736,0.002295909,0.005326368,0.009555053,0.002612988,0.008411493,0.010094051,0.003293129,0.001952164,0.001758081,0.000571479
68,9,0.343879601,0.274660613,0.307034821,0.274798453,0.338518512,0.355984169,0.322531886,0.342696027,0.269271038,0.280039077,0.209166711,0.249042011,0.237381217,0.339541633,0.403133837,0.283410434,0.307181574,0.297302358,0.283719595,0.380207514,0.407095772,0.472243739,0.271928979,0.312189027,0.307647208,0.346270186,0.327566441,0.349809231,0.312376499,0.396013607,0.318346259,0.279956893,0.242028732,0.276171666,0.302792082,0.185336142,0.429124002,0.313531785,0.316415509,0.236493754,0.270334318,0.273226014,0.26206692,0.247421548,0.218118356,0.278386193,0.26858097,0.239439092,0.257476416,0.252885295,0.210890855,0.204117939,0.170813256,0.215401527,0.176722308,0.167707502,0.154832214,0.145491009,0.14031852,0.171907394,0.092430263
68,10,0.201309632,1.518864599,1.44556361,1.352211166,1.386010981,1.866097471,1.878504721,1.994813048,0.76489141,2.369229143,2.360324719,1.502574556,1.713408615,1.618171767,1.900512262,2.006197053,2.955019248,4.053043817,4.168602344,5.06777887,5.762614357,5.128590055,0.786449562,0.782739635,0.678928553,3.964684093,4.061891852,3.771684341,3.181851017,1.150226947,0.697910305,2.165028798,1.613565021,2.107072902,2.187294832,0.129716819,0.711965759,2.678348715,2.498938498,0.534098277,0.456357451,0.77100329,0.396495272,0.315109915,0.358678886,0.288855765,0.586922837,0.069418525,0.314773449,0.2219455,0.640486348,0.180649417,0.027469161,0.060766896,0.009983357,0.055350355,0.014763289,0.004259538,0.06826762,0.104808976,0.006762688
68,11,0.125262661,1.16021843,1.035256895,0.95868563,1.04056781,0.840547988,0.787081441,0.981314423,0.38496763,0.863611246,0.811737799,0.68953624,0.820898262,0.746614804,0.788910165,0.810390856,0.820054399,1.204953843,1.454727344,1.546702344,1.676560874,1.99242469,0.411669592,0.40071636,0.328729912,1.436572059,1.387551319,1.280140096,1.243652152,0.624693261,0.435732091,1.222770338,1.357992928,1.517899109,1.431606129,0.092678793,0.499127464,1.270464525,1.49103368,0.313742699,0.301029561,0.420525411,0.391090513,0.340340623,0.335813183,0.300547397,0.427295368,0.067283265,0.299873121,0.230738522,0.019561951,0.012784955,0.060269743,0.468749566,0.018503829,0.062109404,0.093687269,0.021051439,0.007472132,0.013184249,0.007633492
68,12,0.16424966,0.151436924,0.189506281,0.179562578,0.166097655,0.227329476,0.187266184,0.19223488,0.199593146,0.187713402,0.112516154,0.128037614,0.10205911,0.184069445,0.174398396,0.189692832,0.238610554,0.255956862,0.334072038,0.360563766,0.371244612,0.381333945,0.356904576,0.292390096,0.404627493,0.584535252,0.612530166,0.691780077,0.414557368,0.500446248,0.421439041,0.931462764,0.987593342,0.540910696,0.957246674,0.333902102,0.92031604,0.804242429,0.906354981,0.486689905,0.470538067,0.392825598,0.417344194,0.361196281,0.668424643,0.553716852,0.635203146,0.531332248,0.52388247,0.558020173,0.456990192,0.701129579,0.45529873,0.439355301,0.386099585,0.360231576,0.258826314,0.348525492,0.33702147,0.425803151,0.264214022
68,13,0.096303705,0.070311239,0.114717132,0.068079947,0.085541761,0.061482981,0.055561627,0.080025126,0.103785702,0.063580252,0.052247204,0.043203864,0.039941015,0.053408494,0.039621605,0.049087066,0.053592051,0.064803229,0.07553563,0.076484688,0.093694747,0.094857856,0.225710361,0.270858309,0.262372839,0.229415685,0.255035918,0.288021255,0.175557466,0.185312027,0.162850633,0.124758437,0.409994232,0.491996085,0.445073709,1.048744377,2.565698083,0.605404192,0.64297758,1.681498975,1.62735847,1.939458162,1.060366186,1.098079282,0.827707998,1.102337084,0.709868605,0.762685403,0.854974759,0.625032859,0.695501666,0.633921307,0.459655863,0.697107184,0.449106243,0.534927732,0.614175103,0.431597822,0.463745415,0.508222932,0.48147138
68,14,0.187130355,0.119716335,0.243066546,0.135174597,0.163374918,0.133823752,0.117264695,0.175227753,0.1830702,0.130623195,0.122071272,0.135575484,0.110317756,0.164479199,0.139497856,0.106227144,0.075874039,0.095824214,0.109044861,0.093119765,0.111083895,0.098334042,0.113594701,0.148455806,0.153070101,0.165503774,0.145231677,0.156294745,0.150605507,0.163883644,0.155665631,0.104557022,0.1125717,0.160169026,0.191962937,0.608681451,0.5018138,0.210985256,0.245980922,0.617261753,0.551627301,0.479730168,0.754354538,0.614884283,0.856452418,0.679986902,0.611944235,0.61417245,0.736811924,0.556652867,0.668671871,0.502832829,0.591385026,0.557299316,0.962117896,0.550280485,0.986638805,0.548796369,0.748142145,0.793974561,0.610836126
68,15,0.299452817,0.246326284,0.270170309,0.243177741,0.281708959,0.294523825,0.321013926,0.277362099,0.248322271,0.31866119,0.370661317,0.530975302,0.625614036,0.56015863,0.666859855,0.49951287,0.561787147,0.472054191,0.515299008,0.488448445,0.397842831,0.34200901,0.320690618,0.402662337,0.385173782,0.425278506,0.381095794,0.31026237,0.196172921,0.25323946,0.176528993,0.285493261,0.292757723,0.224595312,0.177160107,0.121870606,0.19973728,0.188219092,0.190008939,0.110668488,0.130682675,0.109488699,0.11470674,0.142341279,0.092270744,0.113343659,0.105476572,0.109618132,0.109307688,0.110123684,0.099797213,0.096995641,0.07724718,0.097259589,0.067597108,0.060899544,0.061847024,0.049219637,0.064929905,0.055665982,0.046270638
68,16,0.212199105,0.184346809,1.073482649,1.262855639,0.988277576,1.081908411,1.305520129,1.204281319,0.341182874,0.242135412,0.120900279,0.26709685,0.231779022,0.181796284,0.218722133,0.173607461,0.197347137,0.158386293,0.161971569,0.215865948,0.146785236,0.158648263,1.438611248,0.498751402,0.736595971,0.766234428,0.673118167,0.415951571,0.392678098,0.077361078,0.091178715,0.061182513,0.066656642,0.111835428,0.183592491,0.089483078,0.089961849,0.091023571,0.102640257,0.07977128,0.096648957,0.087985244,0.052697806,0.059500751,0.041326339,0.066117225,0.047333784,0.045636779,0.045534959,0.036994731,0.07871801,0.048203262,0.043883816,0.064883919,0.034212071,0.067816267,0.053700619,0.041776594,0.041091731,0.04460332,0.039691239
69,1,1.115963904,0.403243405,0.347693578,0.350910194,0.355874633,0.34528971,0.308048417,0.31649654,0.25926413,0.373338815,0.410343238,0.389743402,1.62549952,0.529504119,0.474634546,0.670932669,0.386140203,0.441499354,0.444409659,0.631253981,0.413027722,0.34460213,0.44405934,0.464841465,0.405398951,0.39407521,0.299266603,0.328800672,0.459580319,0.468434556,0.305430272,0.261813773,0.347974855,0.374681133,0.316976986,0.292745247,0.307868649,0.391809886,0.3607683,0.296575464,0.575712951,0.478632112,0.505174106,0.321046511,0.291851432,0.309556374,0.218756993,0.288540532,0.391155259,0.328186141,0.329225374,0.337529896,0.299184019,0.339917816,0.296010646,0.341288801,0.372412421,0.289437094,0.29435204,0.276973333,0.383072111
69,2,,,,,,,,,,,,,,,,,,,,,,,2.84E-08,1.52E-06,,,,,,,,,,,,,,,,,,,,,,,,,,,5.17E-06,6.49E-08,,0.000194234,,,0.000156434,0.000423874,0.000887647,0.001206834,0.004449864
69,3,0.163599077,0.133411341,0.171724225,0.156249398,0.140102367,0.123771344,0.106980105,0.110266494,0.08737084,0.113481199,0.118749483,0.109710645,0.16354317,0.126750388,0.241966298,0.152285997,0.145066363,0.176519947,0.119313732,0.103899217,0.133299325,0.129254207,0.116966785,0.166670805,0.138369473,0.152499666,0.145824652,0.129902936,0.174824665,0.173699968,0.151113742,0.151015999,0.141208592,0.107224296,0.124076758,0.088729002,0.084279587,0.072616123,0.084835789,0.100017566,0.103979382,0.095788915,0.099904115,0.073560767,0.078967563,0.076572776,0.076642298,0.095317924,0.089564132,0.073775641,0.063675058,0.058302409,0.062141794,0.055523154,0.057148891,0.065079646,0.044297404,0.057134634,0.059491484,0.061601797,0.051886568
69,4,0.000116994,6.16E-06,1.71E-05,1.59E-05,1.26E-05,1.95E-05,9.55E-05,9.33E-06,9.73E-06,5.82E-06,0.000524692,0.000320553,0.000619918,0.000522755,0.005757874,0.002990927,0.002893846,0.003383179,0.00224441,0.002370178,0.003496568,0.004044786,0.002223247,0.00494156,0.003897624,0.005942537,0.004820701,0.005493669,0.009684846,0.007923856,0.008154568,0.008224853,0.008015289,0.005712735,0.007484716,0.006032846,0.004974876,0.003364524,0.005037887,0.007239497,0.00685892,0.0055322,0.00518738,0.003578458,0.004074017,0.00322279,0.003354155,0.003627742,0.00356096,0.003044447,0.002246827,0.002416406,0.001969718,0.002633427,0.003543338,0.004280298,0.00305163,0.004356694,0.005548483,0.005368542,0.005440236
69,5,0.000197083,9.94E-05,0.000683512,0.000101951,0.000134761,0.001136732,0.000626208,0.000679949,6.05E-05,0.002227901,0.000143636,5.10E-05,0.000511724,0.00035404,0.000183565,0.018851959,0.002723059,5.37E-05,0.000116702,0.000212451,0.000569625,0.00128758,0.000138435,0.001407773,0.000101692,0.000324115,0.000134726,0.005547738,0.000549282,9.32E-05,4.92E-05,0.000296855,0.000339015,0.002773464,0.000115115,0.00322693,7.04E-05,0.000480173,0.000875757,0.000199539,0.000300333,0.000324714,0.000298327,0.003853233,0.000827441,0.000184014,0.002953338,0.004594997,0.002194464,0.001559193,0.000844688,0.004295017,0.005309922,0.004747915,9.75E-05,0.000399526,0.000389587,0.00030254,0.000316311,0.001075805,0.007688543
69,6,0.117908446,0.096515333,0.113111441,0.112988226,0.107266918,0.091094722,0.094612711,0.082859587,0.092639475,0.094089851,0.063969664,0.07082642,0.106316594,0.096363514,0.237000241,0.159112854,0.149751953,0.175027276,0.11187839,0.111612719,0.137012857,0.135068601,0.11009178,0.162948356,0.13006466,0.150892611,0.130727086,0.157239792,0.194277506,0.231725966,0.183894043,0.159916167,0.1456493,0.123262505,0.138226191,0.097441734,0.098831154,0.094201687,0.094741015,0.105034515,0.104895879,0.109489232,0.10903525,0.0930686,0.09549478,0.109651419,0.097445098,0.127758375,0.115489818,0.098678232,0.079891927,0.079482545,0.086585166,0.071841532,0.074458766,0.078226177,0.059833943,0.07866728,0.103451487,0.094083663,0.074311648
69,7,0.496176923,0.245504989,0.441187984,0.53564006,0.497134485,0.355106477,0.376258803,0.25279168,0.318616657,0.317315748,0.175485267,0.225915092,0.267675069,0.280249459,0.680450397,0.500461916,0.537200307,0.525877233,0.433388655,0.506887377,0.662908803,0.668606295,0.507022321,0.863592282,0.761702164,0.682886302,0.60456171,0.694527445,0.648944315,0.763220524,0.749778022,0.539422576,0.643049788,0.466812414,0.688252495,0.433768244,0.597609257,0.323704717,0.766017625,0.49856185,0.469486435,0.451692327,0.435115536,0.376230275,0.414339533,0.517943689,0.370556491,0.445926775,0.502641989,0.38949513,0.19651519,0.386019734,0.301547699,0.351126151,0.377363721,0.316769571,0.390529826,0.389970229,0.365527564,0.478359404,0.392272694
69,8,,1.08E-05,0.015729223,0.029454321,0.030589944,0.028184793,0.021457351,0.019675158,0.01384767,0.028572078,0.015629739,0.012967581,0.010268194,0.014223224,0.007121424,0.12322762,0.023764791,0.026319889,0.040299797,0.099663254,0.164837997,0.135480969,0.04497678,0.157372466,0.066526466,0.145158572,0.10730767,0.142055403,0.043724067,0.061592953,0.05273386,0.111296519,0.06875844,0.132271088,0.05485796,0.068158081,0.088999454,0.120633283,0.048989786,0.098947702,0.070393131,0.175679254,0.115134392,0.19958263,0.094042222,0.226791586,0.098599199,0.126295426,0.088722514,0.105557882,0.005495705,0.06715662,0.090408063,0.051728251,0.071791729,0.097552455,0.138197776,0.17469683,0.158841526,0.122240491,0.089285693
69,9,1.166782265,0.710590112,1.12392902,1.442466821,1.02743319,0.984122543,0.950787483,0.619631287,0.863555685,0.905212778,0.506425228,0.644723041,1.128649489,1.02197608,1.232343183,0.987786024,0.754098772,0.933586669,0.82772055,0.745625217,0.839572976,0.730120542,0.674575575,0.767600686,0.646895398,0.717991572,0.569643344,0.622404426,0.733597957,0.854025461,0.699434679,0.660864448,0.682224176,0.675076046,0.753392179,0.670733344,0.605372479,0.700675801,0.639938748,0.620143001,0.700297764,0.626797048,0.632009165,0.572269078,0.557550723,0.539567105,0.504588295,0.568351856,0.56596595,0.382642632,0.552303501,0.512430223,0.513984128,0.408511483,0.363668574,0.387958313,0.290722036,0.308407779,0.336923578,0.348054088,0.323402085
69,10,1.08E-08,1.56E-07,1.73E-07,1.09E-06,1.04E-08,0.004014777,0.003072791,0.003387965,2.25E-06,0.006352626,0.000759803,0.000411549,0.001217403,0.001458244,0.000589836,0.033362973,0.009889405,0.000389865,0.000472042,0.00200791,0.002100106,0.000427579,2.65E-05,7.58E-05,9.16E-06,0.000645064,0.001095231,0.012664332,0.00136336,7.42E-06,1.24E-05,0.000521786,0.001188806,0.011974439,0.00284268,5.76E-05,1.30E-05,0.002914655,0.005158775,5.07E-05,0.000462217,0.000317243,0.000591282,0.000314438,6.23E-05,2.70E-06,5.32E-06,3.94E-05,1.73E-06,2.11E-06,0.000519041,0.000106059,4.59E-06,4.46E-05,5.58E-05,3.96E-06,2.47E-05,8.32E-07,1.39E-06,7.54E-07,2.66E-05
69,11,0.001210414,0.000414618,0.001344983,0.000691557,0.000513164,0.003235282,0.002737277,0.003539404,0.002942757,0.003592246,0.002773687,0.003777632,0.003465191,0.005015473,0.006759308,0.006930464,0.008463152,0.002735378,0.003759779,0.006204952,0.010090728,0.010654788,0.012359679,0.0124987,0.01428278,0.017459254,0.011723066,0.025995252,0.021597237,0.082071747,0.057203708,0.029990456,0.030431335,0.041850815,0.043764526,0.027643813,0.034686143,0.071360023,0.077771925,0.05141462,0.072694667,0.069201242,0.077398186,0.083930094,0.071478218,0.096912155,0.05852953,0.1554202,0.200872847,0.13876644,0.161647844,0.17940076,0.222481039,0.090977484,0.090435646,0.059254386,0.054790921,0.049477607,0.12634579,0.072265785,0.089480436
69,12,0.279023744,0.166920406,0.285860941,0.320494799,0.24768649,0.217609394,0.218280368,0.156628198,0.180106315,0.204876257,0.133221416,0.117724479,0.218097215,0.191003234,0.42370426,0.292551668,0.23771673,0.285155322,0.229623814,0.231321408,0.244971923,0.201711967,0.18905267,0.25160631,0.223448108,0.228136017,0.21217846,0.212729826,0.315750563,0.285452509,0.25779568,0.25935386,0.257833882,0.213980584,0.243292822,0.212012704,0.190074577,0.165338809,0.192726054,0.231441786,0.266190231,0.259360424,0.256107507,0.194295965,0.222636058,0.225996694,0.253855749,0.27188301,0.283084982,0.243948033,0.241410383,0.22156522,0.228734686,0.200096445,0.20865755,0.251141362,0.157225829,0.200443191,0.178313848,0.211260525,0.171694473
69,13,0.070813796,0.046107454,0.060578804,0.03747027,0.035787953,0.032654237,0.026167773,0.031107769,0.015296185,0.028467391,0.039395719,0.027102975,0.0322766,0.02412847,0.014164603,0.030183662,0.018578569,0.039287265,0.02133383,0.019450723,0.018569734,0.026787099,0.032897201,0.032995438,0.017635622,0.023217088,0.017917016,0.029714189,0.029610304,0.023087807,0.039588427,0.019341438,0.025520786,0.027983927,0.022227455,0.023309477,0.018004898,0.016329752,0.018011021,0.020391096,0.031831444,0.024823812,0.032669373,0.018494945,0.010247199,0.013056817,0.012157032,0.011935528,0.013794601,0.015534491,0.011087537,0.01053572,0.005861605,0.009458074,0.006655109,0.007462434,0.009210953,0.007632281,0.007540495,0.006432357,0.010337651
69,14,0.087399451,0.051456351,0.069947284,0.070841353,0.072972515,0.055268588,0.06304981,0.055721247,0.042274707,0.044357821,0.031225343,0.057462353,0.062610857,0.059919469,0.118234786,0.099852628,0.066602997,0.065469974,0.051285411,0.059530823,0.079326649,0.074488332,0.066646926,0.086236879,0.091919733,0.091188868,0.084067902,0.118857308,0.111076766,0.164007568,0.141702943,0.099831142,0.105361517,0.093467858,0.116320312,0.083483508,0.111911099,0.079707997,0.11135014,0.076698331,0.092469409,0.08129956,0.08845922,0.074048846,0.067066261,0.095634039,0.064789853,0.104958215,0.11524574,0.090044431,0.071130874,0.092069729,0.098226729,0.064061898,0.058461891,0.042963868,0.054485168,0.05674593,0.086613682,0.069976594,0.10562404
69,15,0.820722862,0.62912711,0.735943416,0.62652029,0.637171824,0.475506825,0.443048915,0.396844749,0.237865568,0.456647214,0.526530405,0.49921898,0.699625449,0.542811093,0.392849128,0.295401539,0.266235053,0.384423949,0.343840964,0.252488665,0.310984372,0.359132669,0.434162411,0.442318466,0.390170303,0.416235639,0.419682261,0.478116943,0.448770074,0.614775536,0.495354738,0.332472074,0.326515082,0.343483441,0.367340692,0.272276039,0.288534427,0.295985314,0.258287218,0.1969375,0.257110236,0.211019489,0.226815577,0.181666557,0.145727407,0.170392734,0.123481926,0.196751058,0.197736467,0.15230376,0.147850112,0.133931453,0.151077258,0.108860967,0.094568877,0.09408462,0.0784744,0.073585625,0.112183775,0.088146255,0.081061205
69,16,1.23121762,0.961062907,1.363318679,1.621758434,1.378440842,1.276985958,1.232292742,0.997054896,0.648068593,0.775073136,1.029741277,0.870509025,1.176243244,0.914768491,1.07114414,0.759350457,0.816043108,0.695701179,0.618003724,0.309896631,0.452631625,0.493731108,0.637546513,0.725911405,0.788466325,0.331226834,0.447842162,0.371938215,0.332302732,0.340642749,0.274274558,0.273743228,0.330991816,0.291025581,0.218334961,0.273504617,0.360521035,0.292741857,0.269181451,0.281829259,0.320382605,0.248228194,0.278641816,0.30597018,0.241376186,0.205807326,0.210128349,0.212248928,0.337116026,0.414035966,0.366830685,0.24655984,0.209938537,0.354003327,0.213547002,0.170704147,0.427827932,0.263854695,0.233110237,0.326356849,0.164881982
70,1,0.035506419,0.039468427,0.043882805,0.045635617,0.053215699,0.049491242,0.028785068,0.044801418,0.044936698,0.042654348,0.037624114,0.047130608,0.030656367,0.075541909,0.078293654,0.05570868,0.070325864,0.147299051,0.068716666,0.068251454,0.07911476,0.077341725,0.105020719,0.109789493,0.167196957,0.154016385,0.120141676,0.143059092,0.150970354,0.067011402,0.117149403,0.193778579,0.139913365,0.137522865,0.113217779,0.09764826,0.103531581,0.112746874,0.088973489,0.124672461,0.110339363,0.187177501,0.127815905,0.148014756,0.153468803,0.103614329,0.134765358,0.148519187,0.145691273,0.16562708,0.150181379,0.07911165,0.091132388,0.085151188,0.073708264,0.068046278,0.080211224,0.064722081,0.07988853,0.096912565,0.105214429
70,2,,,,,,,,,,,,,,,,,,,,,,,1.40E-05,,0.000141189,,,4.21E-05,2.42E-07,2.51E-07,,,,,,,,,,,,2.26E-09,,,,,,,,,,,,,,1.25E-07,,,,2.58E-09,
70,3,0.023512401,0.030795718,0.027791205,0.034982337,0.030156385,0.056503204,0.056894727,0.083210321,0.094100511,0.102586638,0.097749366,0.09336747,0.093761402,0.09104593,0.120055047,0.090842366,0.092926216,0.079695386,0.094150217,0.09379475,0.097058763,0.098557281,0.143199406,0.111328679,0.139765219,0.12585766,0.110709813,0.107551225,0.116377271,0.107350032,0.142594064,0.179480978,0.148275078,0.160928735,0.155265419,0.159489824,0.157007569,0.138012775,0.132656071,0.149953526,0.154304365,0.166997848,0.152265316,0.155316445,0.156446448,0.133636829,0.119598337,0.129327034,0.123392836,0.131142113,0.118543393,0.105375546,0.120591038,0.101959049,0.103855898,0.105388172,0.118265437,0.119581267,0.123138125,0.12343818,0.13439058
70,4,,,,,,,2.61E-06,0.000320335,,,6.10E-07,3.04E-06,4.67E-05,,,,3.61E-05,1.32E-05,,1.77E-07,1.71E-05,1.51E-05,3.22E-05,3.18E-05,6.75E-05,9.24E-07,3.65E-06,7.33E-05,3.12E-07,2.45E-05,3.42E-07,,4.76E-06,,1.00E-05,2.72E-07,,7.50E-09,,1.41E-07,7.85E-05,2.40E-07,1.12E-05,0.001717679,1.10E-06,,1.53E-05,,0.000271429,0.000545665,0.001119872,0.000610218,0.000108932,0.000575735,0.000395491,0.000195661,0.000189256,7.65E-05,7.75E-05,6.70E-05,0.000138994
70,5,0.494054375,0.695217801,0.500762741,0.527140477,0.687794614,0.514728312,0.690256078,0.66569682,0.649006708,0.688950281,0.563450414,0.521124524,0.649259635,0.516929652,0.549318617,0.525500431,0.525649171,0.524287251,0.633401925,0.486524276,0.465498417,0.447543706,0.448349498,0.418228289,0.404390153,0.391620049,0.351285356,0.338955513,0.354532843,0.322136773,0.328233808,0.264145646,0.250381542,0.236650405,0.257433347,0.249049868,0.235827011,0.231965235,0.208745281,0.221624636,0.208740848,0.226596584,0.203948144,0.205241908,0.210213478,0.183033661,0.172239615,0.168778833,0.16781898,0.185827931,0.175180234,0.17368656,0.16603865,0.153208357,0.157609769,0.158443163,0.155536369,0.155074912,0.167056606,0.167778468,0.167925723
70,6,0.114283367,0.240304389,0.154052861,0.120920247,0.242995022,0.144007015,0.192751552,0.194079784,0.180502698,0.206779794,0.156776114,0.119342726,0.185364761,0.12912884,0.137708774,0.123853356,0.128874414,0.17830376,0.202200341,0.12834292,0.14681158,0.130559834,0.193680643,0.168661898,0.207164505,0.198613036,0.152341557,0.148158779,0.171169519,0.129571867,0.171814839,0.188796972,0.147583357,0.182556198,0.169480103,0.174611155,0.167360255,0.155176507,0.14941528,0.151769004,0.1496077,0.18330988,0.16418302,0.179884013,0.184126725,0.156894074,0.226532157,0.240838335,0.256244983,0.282852525,0.286621346,0.303518405,0.244119949,0.274084123,0.262191919,0.246254004,0.252386695,0.218117141,0.277063885,0.310352707,0.341149859
70,7,0.106910583,0.088918501,0.087414597,0.099159407,0.066997005,0.072393656,0.059182289,0.058688978,0.085687219,0.061000441,0.080490273,0.054767758,0.032739625,0.023706117,0.036137009,0.030190765,0.037626326,0.031834378,0.033857248,0.034282896,0.039483083,0.037543029,0.081800075,0.095789234,0.09430762,0.089925045,0.064142206,0.069327923,0.106987929,0.09367372,0.078704688,0.092182588,0.074550344,0.06753194,0.052315788,0.036741913,0.031645324,0.031858133,0.045661624,0.052355022,0.043490282,0.059054316,0.062083212,0.055784197,0.050343843,0.063956451,0.064007962,0.056168413,0.070377223,0.079475883,0.102769422,0.068113266,0.104355049,0.095628514,0.111462955,0.114020347,0.158794997,0.104511436,0.168453645,0.150457598,0.22454279
70,8,0.416539511,0.490567199,0.648521303,0.951765733,0.585476527,0.539811812,0.606931733,0.513044361,0.471554459,0.457899909,0.462593879,0.443132515,0.343334211,0.392071071,0.367496574,0.369172278,0.401959581,0.434804929,0.427254663,0.439923368,0.43605487,0.391841041,0.379958687,0.3412539,0.313301647,0.351486193,0.36563869,0.325296226,0.337718548,0.338948104,0.324161299,0.347289852,0.309258871,0.309650492,0.32179843,0.310820277,0.283668944,0.301344391,0.290923062,0.312945504,0.293486135,0.305625732,0.304237218,0.288573073,0.264586421,0.249684613,0.258239323,0.242063571,0.238689252,0.362933809,0.324246115,0.195027253,0.187554365,0.199899654,0.14882323,0.284603262,0.283198985,0.264382384,0.247413244,0.241802441,0.24597246
70,9,0.099343485,0.093154072,0.076518959,0.08691395,0.073985316,0.075441099,0.0719852,0.085519808,0.084508311,0.088303022,0.066622998,0.060694443,0.067196007,0.0879124,0.20252729,0.18781315,0.206776074,0.239573363,0.22576955,0.238607063,0.361850747,0.318496205,0.369449827,0.356876837,0.361885663,0.376210843,0.292584542,0.283460285,0.291627555,0.42540302,0.25433347,0.325153405,0.298888432,0.34804618,0.343765904,0.32082104,0.302364456,0.247764423,0.309595239,0.347403066,0.327915891,0.462935059,0.440582237,0.366226749,0.35662738,0.419454366,0.397607569,0.407244131,0.426685763,0.472598508,0.46368958,0.31072401,0.501762208,0.359763181,0.382545108,0.416074312,0.345014264,0.369046844,0.419847117,0.317267679,0.368912488
70,10,,,1.17E-07,3.80E-05,0.000479315,0.001342748,0.011754214,0.012858479,0.001944456,0.007251548,0.019372122,0.012149199,0.020604054,0.022938394,0.037860165,0.03651928,0.010617964,0.006803493,0.002045209,0.004418126,0.006094637,0.001102627,0.003924683,0.00920379,0.006676472,0.003674932,0.004506645,0.003329538,0.000979268,0.000470813,0.001080939,0.003575563,0.003286884,0.002987687,0.006356235,0.002711932,0.001817721,0.001603508,0.001548238,0.002260852,0.011712785,0.002430072,0.003262053,0.003547219,0.001905534,1.99E-07,4.28E-05,5.99E-06,3.99E-05,0.00014187,0.001720778,0.000191872,3.45E-05,0.000672829,8.12E-05,0.000952614,3.28E-05,8.57E-06,7.60E-06,0.00014619,4.72E-05
70,11,0.000917092,0.011322721,0.010088496,0.01320834,0.020515449,0.01941815,0.030065855,0.026527937,0.023399814,0.034632751,0.033094798,0.028379317,0.024346033,0.032053945,0.076639712,0.039094504,0.034445015,0.046205452,0.020466572,0.023630019,0.027815931,0.010082245,0.028343861,0.032001447,0.022323011,0.030014453,0.024149824,0.028920663,0.020160597,0.037205176,0.044310639,0.080273434,0.092799198,0.08541493,0.068946785,0.084262869,0.073417397,0.048817935,0.058953722,0.064296784,0.065158754,0.091134959,0.091721495,0.077596749,0.05588672,0.039765416,0.041270913,0.057764405,0.045042914,0.041347045,0.044433926,0.06177642,0.028534017,0.02561675,0.037333394,0.031605157,0.030664361,0.06133719,0.063229542,0.064422649,0.064993693
70,12,0.293196261,0.265311145,0.276465909,0.323969063,0.397714253,0.397659843,0.461109603,0.39259435,0.527643044,0.459772075,0.591278744,0.436290186,0.424697231,0.494043444,0.45176587,0.412247401,0.403819903,0.400701537,0.40630812,0.38883499,0.361549293,0.371397405,0.37483157,0.338807583,0.416084625,0.362083627,0.311519697,0.302996233,0.322248207,0.281345097,0.386991127,0.337309501,0.328384954,0.370533645,0.30521816,0.347892746,0.317744679,0.302671674,0.323994152,0.323079182,0.319830381,0.409203273,0.359253741,0.360705242,0.376456638,0.355169711,0.384742531,0.414697887,0.426323384,0.468768236,0.4970324,0.48292174,0.510744563,0.463168401,0.502706531,0.578075453,0.519796577,0.52797342,0.538576552,0.485493378,0.498915858
70,13,0.00581249,0.004567908,0.008362761,0.00870264,0.023624653,0.015748043,0.01409038,0.011497451,0.010496891,0.0082419,0.01030227,0.006155407,0.005210431,0.011300745,0.007431954,0.005777385,0.009367838,0.007527373,0.006848407,0.008710412,0.012381774,0.019815645,0.026330736,0.031253414,0.043544276,0.045955416,0.03520852,0.042777608,0.058004994,0.033127146,0.043886388,0.057729538,0.042409491,0.03606627,0.032470667,0.028362902,0.028216711,0.032572847,0.030311575,0.034618909,0.030375747,0.038377302,0.031620963,0.036907058,0.036138167,0.028089619,0.027428231,0.021905508,0.023422914,0.033860779,0.033920953,0.030542269,0.031512037,0.032741205,0.022068119,0.021326642,0.031081537,0.010306809,0.019563617,0.025697224,0.02796204
70,14,0.007958701,0.017294446,0.011083657,0.010961965,0.053891468,0.019015729,0.043167282,0.036045574,0.03668637,0.035763588,0.032460588,0.03340596,0.04177795,0.04954359,0.077311022,0.081643359,0.075295458,0.075870903,0.047295496,0.069023152,0.082844981,0.038370614,0.137642372,0.145899376,0.152803395,0.128422904,0.125649616,0.122919865,0.128657433,0.120484332,0.115871048,0.173502535,0.103601813,0.141007665,0.149379486,0.142701346,0.156781287,0.139773332,0.16147456,0.166493147,0.185457723,0.196066004,0.204700852,0.198911203,0.167676326,0.153474493,0.11329865,0.126637976,0.131402641,0.161818451,0.11510185,0.130603653,0.126370359,0.099954754,0.135990507,0.164414975,0.084556072,0.081589786,0.09717364,0.095414558,0.085576257
70,15,0.010458256,0.008070976,0.009873466,0.00877805,0.013102856,0.012419544,0.006776156,0.01076857,0.010752435,0.013954405,0.009693882,0.015432144,0.005887849,0.026231268,0.036884831,0.024621054,0.023387878,0.031891988,0.03349429,0.022902778,0.01605183,0.018393592,0.073026586,0.026891592,0.041821,0.070603708,0.030817456,0.068299879,0.081360111,0.075915683,0.034498072,0.068434556,0.034568383,0.147331156,0.117961591,0.086444952,0.070406893,0.031293136,0.030450147,0.043592066,0.040118642,0.083377049,0.081966238,0.071564688,0.045612399,0.030227513,0.029857593,0.030506642,0.026948596,0.031282841,0.021464425,0.025149631,0.018113671,0.013802694,0.010872216,0.01077607,0.013370482,0.020798844,0.02248856,0.027228878,0.032174503
70,16,0.02291299,0.021122366,0.023594558,0.028166725,0.022925142,0.02492891,0.022268515,0.022460648,0.030046404,0.027789894,0.0457637,0.028057365,0.014499977,0.024028769,0.040225316,0.027752795,0.027089657,0.032289728,0.029189175,0.02748957,0.022239164,0.018132862,0.053118671,0.051033261,0.054420524,0.042987024,0.03741339,0.035893883,0.05711005,0.047157935,0.056024637,0.08204746,0.061186594,0.055740622,0.052683062,0.05038964,0.056003741,0.051363016,0.056225667,0.061163817,0.059746233,0.067838219,0.069444245,0.071238574,0.069433105,0.06369689,0.05223529,0.05762024,0.057392949,0.10473455,0.089436605,0.074533053,0.069260074,0.064963204,0.064985505,0.043861916,0.052623513,0.038717629,0.048056457,0.06089638,0.064932952
71,1,0.165785627,0.108672087,0.13638755,0.158923054,0.075377767,0.125300402,0.175972305,0.106609447,0.229183762,0.134117277,0.087653376,0.172432123,0.136970099,0.134165107,0.164119594,0.181641903,0.141584121,0.136844402,0.157101195,0.210079815,0.066900072,0.083894575,0.091645466,0.142853201,0.13472071,0.132873054,0.100029019,0.099652366,0.095460181,0.173575947,0.126884451,0.108250708,0.084826631,0.094786937,0.053037726,0.035122051,0.086593634,0.043954371,0.036242699,0.023763407,0.041428368,0.052229817,0.048383183,0.04903578,0.051320199,0.048202365,0.159814897,0.177743637,0.180199975,0.238006851,0.282897644,0.419833292,0.328119252,0.294149131,0.27229133,0.207842515,0.129847905,0.115617607,0.199011456,0.229224188,0.650324695
71,2,,,,,,,,,,,,,,,,,,,,,,,3.47E-08,,,,,,,,,,,,,,,,,,,,,,,,,,,1.34E-08,,2.67E-08,,,,2.67E-06,7.03E-09,,,,1.08E-08
71,3,0.08004074,0.048913093,0.041385519,0.059528862,0.039147949,0.084941085,0.093366128,0.052194715,0.116714387,0.07929015,0.047346086,0.119709855,0.06445312,0.096595821,0.099453695,0.088301898,0.112037338,0.100831279,0.101013656,0.102205312,0.046436815,0.07072355,0.098271518,0.165894647,0.175681309,0.18598648,0.106018558,0.105579781,0.109619999,0.178071941,0.148143914,0.137593208,0.141915009,0.110755655,0.098222617,0.094320869,0.070433908,0.073194337,0.069344689,0.049139064,0.059676636,0.067285639,0.061131709,0.060976648,0.056777586,0.056168457,0.078452318,0.059988105,0.083676051,0.083786566,0.134272777,0.121839817,0.089758183,0.0602591,0.069653034,0.081070636,0.05592194,0.041292043,0.047068991,0.037934732,0.082053594
71,4,7.56E-05,4.59E-05,2.61E-05,4.14E-05,6.12E-05,7.15E-05,3.75E-05,6.89E-05,3.92E-05,5.06E-05,7.05E-05,5.96E-05,8.06E-05,6.42E-05,6.93E-05,0.002776723,0.000770059,4.79E-05,4.88E-05,7.16E-05,9.05E-05,5.28E-05,0.000372781,0.000396183,0.000252975,0.00023049,0.000298128,0.000778667,0.000526691,0.000599995,0.000524136,0.000427977,0.000498166,0.000436407,0.001102883,0.001252544,0.001708641,0.002735284,0.002924945,0.000952791,0.000985614,0.001476004,0.000910376,0.001271923,0.000896914,0.000888608,0.001005005,0.000403131,0.004172058,0.005716478,0.006508062,0.003449413,0.002583309,0.000720003,0.002191141,0.000943657,0.004307183,0.007891893,0.000606036,0.000306653,0.002380646
71,5,0.053994458,0.063840083,0.066408674,0.059097037,0.072984257,0.120571932,0.087201719,0.086755492,0.080500646,0.101652383,0.106368116,0.101455297,0.085036133,0.079889848,0.073207173,0.064911512,0.055285207,0.044841857,0.076847242,0.071135442,0.255679701,0.267600016,0.080851948,0.07836273,0.082368867,0.083895364,0.085974112,0.075339968,0.085626574,0.086167362,0.069379581,0.062325063,0.068145105,0.068003277,0.061994665,0.062479091,0.104506423,0.075627636,0.076468224,0.085582507,0.082917197,0.082459062,0.092076392,0.111136508,0.135023866,0.135312518,0.133483788,0.1392199,0.14233975,0.149606235,0.156088107,0.16337227,0.157670423,0.154897869,0.149350788,0.146283247,0.153814156,0.157683676,0.166566372,0.165758429,0.16152979
71,6,0.082244585,0.076774008,0.078251333,0.110565515,0.06121866,0.0744475,0.083776998,0.097629109,0.115616097,0.094825403,0.07335174,0.112909048,0.125012957,0.129324064,0.176265523,0.144827497,0.150493894,0.154866121,0.163077728,0.176996098,0.236126509,0.254863418,0.141117663,0.307242861,0.232301449,0.245232373,0.15746933,0.1620373,0.192260733,0.281111719,0.258131362,0.203542548,0.18258821,0.151260841,0.13728145,0.116838983,0.174702288,0.135014696,0.109715488,0.101204153,0.125482311,0.169757454,0.155705879,0.193669283,0.147273085,0.209156076,0.265277828,0.179096428,0.284502374,0.293775449,0.367580932,0.385275634,0.214745886,0.134812001,0.247093481,0.731872962,0.280430993,0.225542167,0.244631141,0.196246211,0.313126898
71,7,0.370388682,0.210141068,0.151377721,0.220769997,0.127064525,0.244353405,0.277511255,0.155208384,0.316595351,0.204810701,0.089459105,0.240460537,0.120397291,0.174145658,0.202092133,0.246331381,0.234439056,0.356909329,0.230195872,0.210456474,0.127903273,0.198290513,0.129210584,0.266144462,0.271118492,0.292248508,0.113954714,0.144408766,0.153884386,0.28520672,0.252428514,0.217997975,0.234512233,0.155922613,0.179799845,0.168623383,0.451643177,0.261059495,0.208282378,0.157376613,0.212018183,0.330565435,0.271912274,0.279011405,0.143536291,0.26723032,0.170308559,0.123135931,0.116992288,0.23698767,0.6025406,0.686196556,0.243288785,0.09473078,0.373066688,1.617721709,0.420077334,0.333360481,0.320716295,0.273998467,0.655231001
71,8,0.063973094,0.066323997,0.066003894,0.069788798,0.110139691,0.16303565,0.107776417,0.148379067,0.148714504,0.166651085,0.12765223,0.154935756,0.108789087,0.114117731,0.078412177,0.086067228,0.061747576,0.057060473,0.152489486,0.080948737,0.087927358,0.089220769,0.080313754,0.079930917,0.073447926,0.08104142,0.077684643,0.07912419,0.075696484,0.109161832,0.07529783,0.117853868,0.111465167,0.116370778,0.128408283,0.129688767,0.341333256,0.146185858,0.140257629,0.144168797,0.150059139,0.154950846,0.185585914,0.247483973,0.277253459,0.279439102,0.300822583,0.301749347,0.306717673,0.299310393,0.363035707,0.450702943,0.317593972,0.307954654,0.316018015,0.301596578,0.327990734,0.290951491,0.308859555,0.314120371,0.273748094
71,9,0.181971842,0.172731177,0.172485704,0.254634283,0.143197713,0.186609803,0.208102357,0.273358768,0.322126027,0.251233646,0.242127838,0.289974591,0.351436921,0.475026825,0.56851977,0.504489892,0.507883033,0.548528534,0.661102509,0.710716028,0.585173744,0.398462452,0.260394395,0.470996968,0.475297514,0.533426747,0.699813753,0.928085397,0.809738592,0.737379389,0.989581355,0.880841528,0.670972309,0.751914731,0.482560589,0.467274872,0.32652385,0.37309659,0.341388737,0.335543438,0.485077499,0.542045314,0.468924751,0.566478326,0.570683935,0.463856444,0.658237582,0.455603366,0.486921958,1.031704227,0.54939482,0.536981455,0.528425312,0.494978759,0.382623355,0.335419723,0.267898764,0.1793414,0.2794605,0.194485022,0.232247667
71,10,0.001917845,0.002848901,0.00263876,0.004577199,0.003633093,0.003891828,0.020107278,0.054976964,0.011898908,0.019323121,0.024012139,0.063240132,0.062795168,0.049315572,0.069786407,0.069653904,0.020662503,0.020140143,0.034559572,0.020558754,0.036858159,0.030158992,0.003855154,0.004401403,0.004301439,0.003594971,0.004289191,0.004388194,0.004377956,0.003218594,0.002986896,0.021232892,0.02265025,0.027241905,0.028475234,0.026928926,0.083584533,0.020338359,0.031583733,0.025890563,0.021974073,0.027038047,0.02984097,0.007962442,0.00689405,4.01E-06,1.95E-07,1.04E-05,0.0003681,0.000610524,0.000708653,0.000303238,0.00023833,1.24E-05,0.000190805,0.003614604,0.000465758,0.000947221,2.36E-05,1.38E-05,0.00010115
71,11,0.036666563,0.022585479,0.023126927,0.025789075,0.036132746,0.038655815,0.058160932,0.072226881,0.053972145,0.076020182,0.094828818,0.103788926,0.089811162,0.083051287,0.09532181,0.088091752,0.087196837,0.119823878,0.09445727,0.100888024,0.084974752,0.079958764,0.039309425,0.058986406,0.076941108,0.099383475,0.054139579,0.056048564,0.062753565,0.164775233,0.198857131,0.234740666,0.188932264,0.153320398,0.161194532,0.154138844,0.133970759,0.122676682,0.136885679,0.164519625,0.184569718,0.182064072,0.185890718,0.162016935,0.166095796,0.146685744,0.193517941,0.200804426,0.277074718,0.231139636,0.287873011,0.270587768,0.224731634,0.242106384,0.237146835,0.229921937,0.208905166,0.151670598,0.227153039,0.172101167,0.182107123
71,12,0.06661707,0.03935719,0.031119018,0.044052284,0.030844854,0.061446701,0.07441085,0.040734992,0.094427286,0.06803613,0.034626746,0.088968813,0.041725296,0.06363621,0.052552276,0.05012912,0.062685767,0.052592768,0.067629538,0.055913177,0.051567178,0.064797725,0.099037075,0.155583924,0.163893405,0.172755556,0.120855817,0.109267599,0.127675779,0.183984114,0.154890972,0.133040436,0.147403057,0.137181139,0.09913183,0.123408153,0.12421992,0.11414756,0.116372604,0.06732261,0.08074484,0.111791334,0.090704047,0.097850759,0.092284096,0.098352521,0.132740286,0.09511886,0.106855812,0.105016926,0.184720269,0.225804371,0.069493397,0.074353864,0.064878407,0.075803454,0.054992155,0.048542207,0.047497596,0.038261066,0.070437127
71,13,0.00018711,0.000955483,0.002216617,0.001831636,0.000691553,0.00894204,0.001150778,0.00389943,0.016721638,0.015933411,0.013705387,0.013440588,0.028557254,0.025057074,0.02009644,0.030400702,0.039743621,0.033312608,0.040303442,0.047801878,0.08943274,0.027258726,0.039084727,0.06030119,0.042329121,0.039782605,0.036799651,0.039047066,0.034163337,0.033339969,0.032029901,0.032252908,0.034441897,0.024904928,0.01382338,0.016722844,0.1415603,0.090045987,0.102987074,0.091063632,0.107324157,0.14309386,0.111377921,0.160764879,0.125293222,0.153673156,0.093720954,0.084720126,0.102987039,0.118502286,0.119664387,0.109213878,0.095511673,0.056401581,0.113407172,0.102775364,0.147697895,0.08223217,0.08572092,0.075881418,0.113083294
71,14,0.097851751,0.092786444,0.112090718,0.160307955,0.086409052,0.091436791,0.200156432,0.34110958,0.316979728,0.333805333,0.390251086,0.500640578,0.6015684,0.491899698,0.560046723,0.661173368,0.588731724,0.661275961,0.579617897,0.507951886,0.28330766,0.168991265,0.105474374,0.172377624,0.181377921,0.200375431,0.143610574,0.1490253,0.161366966,0.2552706,0.254241533,0.260801465,0.241504687,0.287087642,0.380897109,0.29026259,0.311712507,0.28689806,0.232087782,0.192571921,0.215759656,0.293572304,0.227819988,0.235638942,0.264803865,0.261953276,0.203487615,0.181100001,0.194125812,0.218734912,0.203931997,0.210351515,0.227533287,0.200868419,0.189274053,0.176263854,0.149161481,0.187285141,0.24260535,0.235058339,0.237705291
71,15,0.316979299,0.301240794,0.334431199,0.484354874,0.258513455,0.248078559,0.283336832,0.370059353,0.447473431,0.407102046,0.360015229,0.42393637,0.566717432,0.54169349,0.701277686,0.637076207,0.678806311,0.709453738,0.686151193,0.762404694,0.379290011,0.452604884,0.251717902,0.460826224,0.506582031,0.568547954,0.2616116,0.293858529,0.261071477,0.621685685,0.652199371,0.575712868,0.340644434,0.363839098,0.467755081,0.324842389,0.203887773,0.206646932,0.148986238,0.128503336,0.18033309,0.176359629,0.167394265,0.154731995,0.186238706,0.159934974,0.217612346,0.170368545,0.211027001,0.189864974,0.195073756,0.209360165,0.239852311,0.225229289,0.233889281,0.337908832,0.30951455,0.306817491,0.32637192,0.260209351,0.268241169
71,16,0.013969545,0.016569601,0.017788361,0.041675202,0.054795443,0.072114376,0.072536193,0.055266631,0.034530886,0.04767994,0.074565746,0.126792888,0.140273839,0.113460997,0.129491208,0.144584934,0.132360316,0.12547303,0.175917149,0.180764311,0.076359261,0.082501974,0.138329106,0.119054414,0.087982284,0.092404563,0.12063886,0.123032255,0.123468214,0.122530978,0.106765322,0.099855294,0.117752719,0.121937942,0.14280997,0.188215621,0.25919963,0.168932167,0.165317618,0.161982613,0.170036751,0.176588261,0.190316293,0.183667677,0.129585006,0.197362693,0.151952212,0.168071715,0.177611255,0.162279463,0.322781438,0.187637648,0.1022905,0.131643627,0.217071311,0.142527831,0.15874681,0.129036011,0.146055216,0.177850552,0.288959921
73,1,0.010906671,0.002901952,0.00356254,0.003810749,0.003176716,0.002928973,0.002154776,0.002199922,0.004826197,0.00437988,0.007299011,0.004355287,0.00744767,0.007497146,0.011895999,0.049288623,0.010713049,0.06741225,0.02978713,0.028373587,0.022517014,0.011837338,0.020308541,0.011721368,0.007126753,0.017908062,0.01461507,0.022888187,0.028707033,0.027586922,0.028005007,0.03091167,0.027430772,0.043530553,0.03444204,0.038550022,0.066705743,0.141263235,0.160734754,0.212250824,0.201772464,0.295829202,0.341046399,0.238611049,0.181025386,0.155129921,0.197342388,0.512477976,0.328782416,0.601890839,0.443958836,0.400459696,0.440622334,0.426348066,0.250994355,0.382752265,0.912278136,0.992486964,0.74119942,0.595600564,0.326126221
73,2,,,,,,,,,,,,,,,,,,,,,,,6.91E-05,,,,,,,,,,,,,,,,,,,,,,,,,,,5.12E-07,,,,,,6.29E-09,,,,,5.70E-05
73,3,0.011804121,0.012985109,0.013369432,0.016159756,0.023286322,0.020525094,0.024322865,0.027871153,0.022616324,0.048065715,0.043352966,0.038543545,0.045947131,0.064722613,0.081250781,0.066851104,0.071367442,0.102894044,0.085142409,0.081873663,0.068374196,0.07197697,0.071539276,0.097570327,0.06218913,0.108251162,0.104456091,0.120689984,0.093836851,0.102004606,0.151894542,0.164883326,0.232206365,0.142229831,0.245434809,0.180071016,0.192228253,0.116099835,0.124340955,0.139041903,0.150366243,0.176682312,0.211508325,0.156008801,0.116716969,0.098753947,0.098000686,0.218908748,0.143833171,0.293782623,0.236082499,0.237812012,0.198138527,0.174543829,0.076182057,0.089090426,0.166190371,0.201707632,0.162588403,0.122664932,0.0756949
73,4,,1.53E-06,,4.04E-07,6.67E-07,4.43E-05,7.27E-06,1.24E-05,1.25E-05,5.36E-05,,3.73E-07,,1.51E-06,2.74E-05,3.30E-05,6.15E-08,,,1.44E-06,4.96E-10,5.99E-07,0.000102184,8.45E-06,5.96E-06,,3.00E-08,,,8.04E-06,,,,1.55E-06,6.28E-06,0.003098422,8.90E-05,,7.33E-08,2.23E-07,7.06E-07,,1.08E-06,2.63E-09,3.62E-05,1.05E-06,2.24E-05,5.98E-05,0.003169642,0.003435443,0.006977209,0.006558817,0.001478391,0.003405381,0.002195389,0.001329924,0.005827728,0.002803705,0.007705186,0.003581288,0.002446224
73,5,0.001377165,0.000589716,0.000813981,0.000953235,0.000964613,0.000774629,0.000902269,0.001145029,0.00112034,0.001792006,0.002178154,0.001198803,0.001852976,0.001085382,0.001677906,0.001773949,0.001205363,0.001429045,0.001082313,0.000786983,0.001507221,0.00189826,0.000867188,0.001344391,0.000626688,0.001816014,0.001879687,0.001838118,0.002260782,0.00182364,0.002515245,0.001878576,0.001575464,0.001273647,0.001616883,0.005249867,0.002801651,0.002372598,0.001704923,0.002024662,0.003434015,0.002270374,0.002457651,0.002616049,0.004570998,0.002146649,0.003070207,0.049095685,0.045611198,0.032426623,0.012703436,0.080556794,0.049077612,0.070635226,0.01514097,0.027785484,0.062720625,0.155481818,0.143609522,0.106898387,0.045024637
73,6,0.008033517,0.001094052,0.00309264,0.00145616,0.002930322,0.001402168,0.004641274,0.006630539,0.002856396,0.00277907,0.003701347,0.003061974,0.008343904,0.006418512,0.018238931,0.019476486,0.008046538,0.016221153,0.006706635,0.004199346,0.00583099,0.005623267,0.005962563,0.009600568,0.005551731,0.010247688,0.011628088,0.014680524,0.021984243,0.014111296,0.017526081,0.01262967,0.014529323,0.027696413,0.02326397,0.406441856,0.51266629,0.373178794,0.338587335,0.352171599,0.326257302,0.522459466,0.570891294,0.322947423,0.289191777,0.271880472,0.322397335,0.536884189,0.469028951,1.636948049,1.350376949,0.807207954,0.651617508,0.74205692,0.407108158,0.409296393,0.404464847,0.524564941,0.335330689,0.234901548,0.162675488
73,7,0.012444048,0.001808875,0.001344454,0.001237528,0.000992284,0.001762927,0.013682165,0.018382308,0.023908845,0.020973084,0.028208657,0.02472836,0.03146575,0.034590573,0.031018299,0.039367498,0.029194719,0.025181767,0.027793953,0.031986976,0.05274966,0.029612494,0.046811025,0.040050348,0.021641506,0.052779958,0.054955757,0.065133241,0.081480429,0.065445881,0.074586416,0.073009386,0.077879647,0.099022827,0.125083743,0.182847945,0.221122837,0.360968271,0.437475946,0.521332676,0.462437876,0.828660073,1.199367552,0.793841074,0.375775944,0.301129158,0.516768859,1.198204432,0.59602956,1.40463034,0.897721056,0.741601955,0.73825691,0.504351739,0.222166345,0.305880906,0.59968076,0.653655918,0.466685419,0.33343263,0.193077443
73,8,0.00024704,0.000162806,9.48E-05,0.002255209,0.00010991,0.000171472,0.002346609,0.00159867,0.001738118,0.002588471,0.002194946,0.001692556,0.001504263,0.002386325,0.002040914,0.002461169,0.003782109,0.005283864,0.00720047,0.001838357,0.007693949,0.004875579,0.003641305,0.008092709,0.002857129,0.017365499,0.021667851,0.035621262,0.031099035,0.019491335,0.017805832,0.018513845,0.013075489,0.007148025,0.017445786,0.018386459,0.02043014,0.032462836,0.011206498,0.020641786,0.03626673,0.009009913,0.009322015,0.013024712,0.024095007,0.007712506,0.030816072,0.01133311,0.234758783,0.166720763,0.011913321,0.014960812,0.011952588,0.010865322,0.013964589,0.01395554,0.011663296,0.019863238,0.019103005,0.022664567,0.020439854
73,9,0.019875675,0.000466899,0.000148897,0.000583882,0.000287859,0.00039312,0.000395009,0.00065238,0.000863165,0.000425152,0.00177704,0.001386851,0.013582122,0.011096222,0.018547736,0.010128078,0.011754918,0.031740892,0.010302352,0.001744318,0.002287488,0.002203951,0.002233522,0.003003973,0.00350323,0.003308968,0.003942121,0.010329797,0.006775646,0.00662275,0.005457787,0.005371265,0.003952049,0.057105949,0.035433182,0.040935739,0.158810525,0.239261265,0.247096379,0.366405434,0.275262221,0.315506221,0.428881917,0.30333292,0.268001892,0.23738709,0.250966362,0.398793109,0.316316908,0.53469549,0.383159567,0.316331017,0.185411874,0.150421141,0.118803847,0.12445831,0.173504993,0.221682587,0.200130408,0.156448222,0.131449428
73,10,,,,,,7.90E-06,0.004297685,0.006949179,0.000687482,0.001957498,0.003072327,0.00487782,0.00691718,0.006921397,0.03599312,0.044480362,0.008705437,0.003632908,0.002358512,0.00408623,0.001597856,0.000994841,0.000645516,0.000682051,0.001235524,0.000915946,0.000344447,0.000678919,0.01901146,0.001036003,0.001445998,0.016180497,0.033800035,0.102507356,0.076990421,0.078333099,0.04953809,0.082673415,0.036101677,0.02982099,0.047128712,0.027997563,0.022580027,0.03528351,0.042258187,2.78E-07,2.78E-06,2.85E-05,0.003803711,0.002803235,0.007262099,0.003412833,0.000220039,0.002972297,0.000265535,0.0070359,0.000723712,0.000352199,0.000833297,0.000611137,0.000695044
73,11,0.048597284,0.043347866,0.04120512,0.046812211,0.087753266,0.071695754,0.084601513,0.085909692,0.076019739,0.183748938,0.150855266,0.173203133,0.179627135,0.28203638,0.367832712,0.287955997,0.306756531,0.353083446,0.326767583,0.327935956,0.252780512,0.261792787,0.245717224,0.345515493,0.204795672,0.369485705,0.345999779,0.4145061,0.406948049,0.35105995,0.546747716,0.633726119,0.88846922,0.554878613,1.022639884,0.72134979,0.677176584,0.339577561,0.311545265,0.365090326,0.389017361,0.356446854,0.384498495,0.34542496,0.386297039,0.265096795,0.225927648,0.297334802,0.32128338,0.36104943,0.37988345,0.575486646,0.282312292,0.278430434,0.177305491,0.214918803,0.282230989,0.59094648,0.592861621,0.482574768,0.262506552
73,12,0.008575572,0.012482219,0.011785035,0.014450704,0.017805734,0.016740517,0.029455431,0.030272558,0.028480973,0.055893901,0.043853777,0.043199692,0.048695015,0.074448097,0.094983278,0.080448789,0.08490897,0.104479968,0.10181702,0.103770196,0.084850691,0.08826511,0.093478239,0.12146058,0.069899772,0.140290186,0.13095583,0.150943452,0.135997528,0.14091411,0.208690647,0.202409412,0.282976143,0.186740874,0.311183307,0.262009002,0.257397143,0.190841706,0.214777146,0.23691721,0.232476909,0.36968667,0.477609868,0.387309193,0.37634628,0.359275342,0.402653456,0.600661301,0.424033241,0.42761837,0.244406975,0.164114013,0.143398879,0.157862861,0.15324005,0.163460845,0.142629531,0.154550832,0.126940646,0.125938979,0.135328976
73,13,3.34E-05,0.000266953,0.000153944,0.000185556,9.69E-05,0.000191081,9.19E-05,0.00015081,0.000104041,0.002656073,0.00303175,0.001403413,0.003135019,0.001358249,0.002624618,0.00310528,0.002610819,0.00252042,0.001716305,0.002085864,0.002193893,0.002471212,0.002356233,0.003458224,0.002190035,0.003496079,0.005279934,0.002481088,0.003820883,0.003287783,0.00719186,0.004030445,0.004721735,0.003966706,0.004291991,0.127767326,0.157162266,0.110603592,0.101216758,0.109575144,0.104478421,0.178275427,0.197433287,0.107846206,0.08248212,0.078566805,0.080123852,0.182342628,0.160857308,0.542606221,0.437290203,0.285519112,0.23323501,0.257510248,0.136244909,0.162608287,0.232788973,0.243561592,0.193791834,0.11436233,0.074629374
73,14,0.011601621,0.011931919,0.012589441,0.010180037,0.014065764,0.011055815,0.019583609,0.021392691,0.018910289,0.021619555,0.022008655,0.018071662,0.025394931,0.028592791,0.072870662,0.084354059,0.090110627,0.057625601,0.042832328,0.062638557,0.033391958,0.028429216,0.023304609,0.035759436,0.028254629,0.050604095,0.050461794,0.076891371,0.388131119,0.060694326,0.070532989,0.089290556,0.123732803,0.221528128,0.212779177,0.186474045,0.174937189,0.265274337,0.141554879,0.171485274,0.209683146,0.16958647,0.180135442,0.182482398,0.189114468,0.066158567,0.111492017,0.105860516,0.102527614,0.154439905,0.121161085,0.155466671,0.096897377,0.084552013,0.03692635,0.065061043,0.16357816,0.139662009,0.141887414,0.136699277,0.079729953
73,15,0.050693853,0.017508858,0.02081863,0.02341989,0.026107922,0.021838868,0.019006844,0.028942433,0.028497351,0.029432776,0.030750688,0.025037046,0.042837789,0.0396436,0.050746791,0.035920993,0.046159754,0.151205912,0.064354665,0.03746237,0.061890261,0.066358112,0.063598625,0.068888386,0.080063484,0.081818969,0.066782806,0.072612695,0.061958131,0.07343759,0.067571231,0.067051257,0.063434636,0.147808403,0.115719917,0.122126655,0.242138776,0.29259403,0.282708664,0.367945522,0.350376809,0.319960656,0.330608558,0.261753143,0.25782739,0.200633908,0.184541066,0.159982118,0.162509193,0.204563327,0.179534994,0.19771786,0.12824516,0.137058131,0.110033281,0.130146001,0.133776179,0.21454423,0.191701086,0.171014233,0.13536556
73,16,0.007819877,0.005963002,0.006729262,0.007840257,0.009327741,0.009167381,0.013187405,0.014094935,0.020917025,0.026496325,0.026345188,0.022156775,0.02328021,0.032592341,0.044489186,0.039583271,0.039671528,0.0873631,0.050912617,0.043932599,0.043515227,0.042324627,0.04830329,0.052671994,0.030982928,0.066126076,0.061722891,0.09000794,0.078236914,0.081565773,0.097444328,0.120920393,0.158214837,0.118514112,0.18127536,0.229453825,0.229977071,0.139510508,0.121806569,0.143089379,0.207190655,0.263319834,0.19789255,0.142210516,0.13631473,0.107920662,0.137573662,0.125471962,0.158424524,0.30585591,0.255050469,0.169209037,0.14677838,0.200624229,0.136772481,0.126446603,0.129722884,0.175742259,0.119594506,0.104421939,0.090003282
74,1,0.00698517,0.004547692,0.000277374,0.000868418,0.000421828,0.004154507,0.000943113,0.005341354,0.000648941,0.000679102,0.000848794,0.002571601,0.011665062,0.010985579,0.020838979,0.039397883,0.037454142,0.036929436,0.050290659,0.060456993,0.036507314,0.033689772,0.029190553,0.030959531,0.029177253,0.00417341,0.008902454,0.011845464,0.006199253,0.007024782,0.003548516,0.083895612,0.005338777,0.010147419,0.007711671,0.017596474,0.008969168,0.012043599,0.028823914,0.074515224,0.038316691,0.023680199,0.029064705,0.040916861,0.087127137,0.023263977,0.021045332,0.113801043,0.026486754,0.016593587,0.034309535,0.0409189,0.079866554,0.035640711,0.03325549,0.028823211,0.041540989,0.033923242,0.052007538,0.031702247,0.082790713
74,2,,,,,,,,,,,,,,,,,,,,2.59E-05,,,,,,,,,,,,,,,,,,,,,,,,,,,,,,,,1.66E-07,1.07E-08,2.09E-08,6.80E-08,5.81E-06,1.37E-06,2.13E-06,1.80E-06,2.27E-06,1.03E-06
74,3,0.002166855,0.001832097,0.000475323,0.000909976,0.000824238,0.002097594,0.002187799,0.002503712,0.000901245,0.000818751,0.000977663,0.001203133,0.003490159,0.003902004,0.007491134,0.009995297,0.014375819,0.014151264,0.02428347,0.02360545,0.035885253,0.029454542,0.027802793,0.030168493,0.024555019,0.005226935,0.006458087,0.010832564,0.004408319,0.004137851,0.001899302,0.032884986,0.004129979,0.005416653,0.006658866,0.009811119,0.007287017,0.006993848,0.01255227,0.019271976,0.013879156,0.014506895,0.020258509,0.016507943,0.037662478,0.010888901,0.011396415,0.044983335,0.013128835,0.009387541,0.021614112,0.02144052,0.043794115,0.023529253,0.020090338,0.012606704,0.012611139,0.010001297,0.014536934,0.012076468,0.016049853
74,4,,,,,,3.36E-13,,,,,,,,,,1.30E-09,,,,,2.33E-06,,,4.13E-11,5.41E-09,1.16E-09,1.01E-09,7.89E-10,1.99E-09,2.65E-08,3.65E-08,1.19E-08,1.08E-08,0.000238865,1.29E-06,1.79E-07,1.31E-08,1.34E-08,2.32E-08,1.37E-08,1.32E-06,5.33E-07,6.13E-07,7.26E-07,1.05E-06,7.71E-07,6.43E-06,1.53E-05,0.009556133,0.009636071,0.00086435,0.005205763,0.002998229,0.0016256,0.002871468,0.002836031,0.013373302,0.014636491,0.012357955,0.012432365,0.007617939
74,5,0.010468758,0.004901964,0.003923792,0.007350415,0.011201457,0.016434112,0.025436009,0.013663141,0.020380617,0.021086001,0.017514878,0.024902137,0.014973241,0.008004733,0.030701901,0.015423718,0.02012572,0.037950029,0.03001148,0.035794726,0.054942578,0.054952184,0.032226418,0.036049611,0.014767381,0.013905211,0.002113211,0.008664595,0.001639149,0.003502736,0.001815434,0.032804343,0.003200388,0.005708583,0.003602683,0.016256311,0.003444081,0.00181858,0.002620549,0.020242658,0.013752231,0.014344498,0.019302181,0.006902564,0.01401034,0.008347689,0.008815364,0.008064051,0.011262479,0.007393453,0.006310489,0.007315353,0.011461213,0.008989946,0.012164975,0.018333733,0.014702914,0.014425005,0.019955647,0.020524204,0.016273729
74,6,0.009021071,0.006104477,0.000560966,0.001699577,0.001423726,0.006306272,0.003138317,0.007337179,0.001833733,0.001965316,0.002386162,0.00273019,0.01155008,0.010274685,0.025210238,0.03503541,0.040422023,0.042482825,0.041765135,0.04149957,0.063201529,0.069541527,0.063376168,0.068780412,0.055030031,0.011789333,0.024190865,0.037853695,0.042088746,0.043164159,0.057101441,0.124445232,0.053382487,0.051450233,0.047948992,0.057735921,0.043000516,0.065512712,0.073649062,0.104554611,0.091472813,0.104393148,0.07876753,0.133168485,0.206472207,0.194632532,0.287700244,0.313919996,0.345021983,0.26560186,0.250561724,0.174441809,0.290118339,0.182357174,0.140628058,0.150750299,0.150644133,0.16970205,0.175905343,0.334687118,0.241014964
74,7,0.011056771,0.007464477,0.000159237,0.001104522,0.000458775,0.006159622,0.002017573,0.007433716,0.000257575,0.000402681,0.000415562,9.93E-05,0.000175143,0.004493498,0.006936486,0.017618974,0.025180907,0.026739977,0.022548337,0.022552692,0.076969417,0.055149992,0.056535836,0.0597253,0.044560153,0.010420882,0.025107567,0.029471146,0.016330374,0.00926993,0.014909107,0.197953247,0.02388928,0.030552632,0.041510991,0.087322408,0.024522047,0.033408289,0.019984212,0.097397707,0.042336357,0.108794156,0.032114132,0.050400995,0.250379809,0.037469127,0.043712351,0.287869669,0.043256303,0.026168483,0.065981768,0.067212996,0.165123123,0.052279532,0.043385823,0.024648664,0.034105241,0.029491135,0.039719661,0.026860813,0.05143054
74,8,1.84E-08,0.000427125,0.00029532,0.000384354,0.000391028,0.000568895,0.00361208,0.000672253,0.000549439,0.000336074,0.000563463,0.000514791,0.000420732,0.000310754,0.000721056,0.000529147,0.000650024,0.000881737,0.000687625,0.004780341,0.061323699,0.035205602,0.029617233,0.012347512,0.013154473,0.004072379,0.000907831,0.001371521,0.000421574,0.001429941,0.000853232,0.160150632,0.001780842,0.022973415,0.001628966,0.085826595,0.001927394,0.000845115,0.001568102,0.137426229,0.037984104,0.002284088,0.001307189,0.011890113,0.001542586,0.000902944,0.000864722,0.000769159,0.001375352,0.000490267,0.006743873,0.000203078,0.007196827,0.002609022,9.47E-05,0.000313882,0.003761722,0.000468436,0.000521782,0.000532993,0.002058975
74,9,0.022756428,0.014888061,0.002647464,0.007477758,0.006839215,0.016543107,0.00488785,0.022677571,0.005378407,0.006419851,0.006751906,0.006607215,0.009808689,0.024248128,0.033628267,0.073346973,0.103563687,0.106914626,0.106218754,0.101607583,0.144139578,0.129599556,0.12143451,0.124935366,0.098140918,0.009685483,0.044471608,0.029794737,0.031559079,0.01920826,0.012062536,0.053855511,0.032329862,0.038073595,0.031982137,0.039668562,0.045427925,0.051140618,0.084166784,0.084815788,0.093883747,0.094257867,0.128670959,0.127391552,0.160091628,0.070639443,0.078257139,0.126919279,0.074525323,0.051312753,0.089664183,0.060009145,0.10129315,0.080725805,0.067172144,0.056155394,0.04976156,0.040189084,0.045233471,0.046925268,0.049915631
74,10,,,,,4.62E-06,4.35E-06,0.000543265,0.000151588,5.59E-06,8.82E-06,5.87E-05,0.000184518,0.006087138,0.009763411,0.038954455,0.03206026,0.009274752,0.006092362,0.00502524,0.004122664,0.004061335,0.063178017,0.049999141,0.044870616,0.050809246,0.000993217,0.002978295,0.006634839,0.002654424,0.003674484,0.024886639,0.193248465,0.05780369,0.02297119,0.008322526,0.037012074,0.022711343,0.006892047,0.017112331,0.058013813,0.039055296,0.012739421,0.012862432,0.013780232,0.007673673,3.38E-07,1.20E-06,7.99E-06,0.00102187,0.002128683,8.96E-05,0.000553423,0.00033365,0.000617634,0.00030125,0.005749083,0.001572897,0.001813542,0.001343811,0.002205099,0.001662125
74,11,0.000202564,4.77E-05,4.66E-05,0.000271352,0.000159527,0.000188381,0.00419892,0.000265371,0.000237719,0.000321503,0.000358868,0.000407316,0.005442201,0.00868684,0.02971465,0.026715269,0.035510408,0.029950497,0.026713619,0.026302199,0.062762299,0.273834818,0.215074062,0.195958416,0.20896487,0.004281523,0.021225968,0.028140867,0.017242802,0.022031402,0.129193185,0.086729848,0.038631415,0.014918177,0.009233247,0.014920186,0.018947808,0.019985584,0.043944257,0.044707394,0.060277609,0.064641996,0.093640775,0.054570077,0.049807685,0.035523537,0.049457647,0.057654165,0.064146142,0.058165033,0.117886827,0.072143843,0.133374471,0.115578273,0.12641037,0.118576741,0.087005186,0.074611355,0.104217014,0.10942359,0.097294995
74,12,0.004378303,0.002186814,0.001586226,0.003120601,0.004255564,0.006622951,0.008484894,0.00635537,0.007817385,0.007493186,0.006856286,0.009504963,0.00552159,0.004306942,0.012585325,0.008672661,0.012241972,0.01900447,0.015486655,0.019220707,0.066375536,0.041705503,0.041045771,0.030576247,0.020264889,0.007314736,0.004397078,0.008210238,0.002353976,0.003700557,0.0020255,0.066786974,0.003160446,0.006991977,0.008668733,0.02351465,0.00930637,0.009503796,0.010797244,0.043190039,0.022802661,0.019818901,0.019078813,0.020533011,0.073788542,0.023019566,0.035992623,0.103925292,0.043841686,0.009768634,0.010208031,0.007580401,0.00825939,0.006657757,0.005453347,0.005963833,0.006534458,0.005921783,0.005185889,0.006937285,0.00696602
74,13,7.44E-06,0.000253459,0.000185338,0.000397742,0.000461266,0.000324107,0.000931252,0.00037531,0.000305328,0.000173161,0.000287269,0.000260006,0.000255295,0.000161541,0.000389124,0.000223827,0.000369145,0.000560176,0.000970318,0.001548094,0.001708154,0.001476903,0.002400287,0.004921946,0.002892441,0.003488846,0.003204637,0.007872683,0.00880402,0.010540711,0.013889533,0.070178168,0.014280912,0.018300205,0.014384221,0.032696129,0.011026798,0.018429044,0.018279279,0.053440887,0.032665912,0.033847971,0.031099899,0.050407154,0.075565127,0.058657106,0.08767741,0.099752899,0.118519112,0.09832611,0.073165288,0.070432069,0.095559985,0.059364423,0.05025475,0.054424624,0.110205981,0.112431276,0.102959426,0.141881174,0.101192373
74,14,0.009727301,0.006883439,0.000319347,0.001345368,0.001213049,0.006589334,0.002573928,0.008546309,0.001451402,0.00059259,0.001402082,0.00179301,0.010193734,0.02190213,0.067748055,0.07354091,0.109935191,0.100206424,0.090803378,0.078057765,0.089923135,0.863091643,0.73214983,0.653551557,0.717714351,0.019122544,0.059024817,0.101715099,0.058649285,0.078613232,0.468473414,0.31415099,0.132498912,0.03586338,0.026513456,0.033462969,0.061279429,0.041882988,0.059775429,0.091451438,0.099186251,0.065195474,0.057870489,0.050913062,0.05045844,0.019491923,0.024652471,0.037049208,0.029649064,0.02454028,0.038823997,0.025228108,0.053282007,0.040332571,0.035747113,0.049920246,0.033153719,0.026229262,0.032500669,0.034260412,0.031960474
74,15,0.040607056,0.037585015,0.019694783,0.012521662,0.013805738,0.032986564,0.016574852,0.044560822,0.011886909,0.022926806,0.014459127,0.02360603,0.038444146,0.056487671,0.081004352,0.144779001,0.186690349,0.17906767,0.210540856,0.192472001,0.235646896,0.222149371,0.215685117,0.210689328,0.178363655,0.009453944,0.057965398,0.047284637,0.042767515,0.025030203,0.014258729,0.042075391,0.033770877,0.042441738,0.030128933,0.036309174,0.042221954,0.047851643,0.088853764,0.072257379,0.094085962,0.080246222,0.121548901,0.108089769,0.081937055,0.046590215,0.046499898,0.050752527,0.054163946,0.039842133,0.05419312,0.039791395,0.053927161,0.05774636,0.048811235,0.048790771,0.040377826,0.032600609,0.036979742,0.042168189,0.03730605
74,16,0.006249876,0.002999576,0.001829272,0.003599382,0.042651016,0.010125568,0.015052217,0.003926264,0.004955614,0.004884968,0.004712334,0.007363927,0.013924029,0.010271297,0.024032832,0.029489456,0.035539392,0.045423276,0.04579094,0.050095977,0.061111485,0.065726677,0.055768709,0.059651988,0.051651025,0.017413449,0.00938197,0.024761001,0.012672876,0.014548378,0.029166664,0.134490973,0.036885931,0.024610517,0.01793762,0.060275388,0.013022158,0.01550676,0.026961352,0.108385942,0.089903779,0.05183261,0.075639103,0.081557841,0.070412426,0.042215524,0.050488408,0.094075177,0.119733882,0.056606644,0.048883043,0.04463784,0.05261723,0.048788834,0.028516165,0.032887377,0.036214566,0.036533829,0.033597234,0.053278145,0.043224914
75,1,,,,,,,,,,,,3.83E-10,5.47E-10,7.17E-10,2.82E-09,4.20E-08,0.000651563,0.006738216,0.002392241,3.00E-08,0.173396472,0.027040923,0.009463294,0.000487099,0.002743005,0.004559683,0.004455442,0.032296407,0.034520266,0.038725681,0.050603052,0.041241395,0.034179084,0.017751987,0.008043643,0.013156036,0.017302808,0.033044793,0.028383429,0.013796376,0.02097649,0.018156003,0.013902538,0.000991089,0.004802221,0.010893928,0.002793028,0.004277848,0.005098816,0.01110861,0.037077455,0.036216751,0.117799772,0.121468772,0.064947875,0.173655396,0.333963774,0.244409467,0.362745145,0.332412823,0.354096026
75,2,,,,,,,,,,,,,,,,,,,,,,,,,,,,,,,,,6.04E-08,,3.36E-07,,,,,,,,,,,,,,,,,,,,,,,1.80E-08,,,
75,3,9.09E-12,1.08E-09,7.44E-11,7.93E-10,9.09E-10,1.77E-09,2.89E-09,1.45E-09,1.45E-11,1.21E-09,1.88E-07,4.32E-09,1.69E-10,1.82E-07,1.85E-07,3.01E-07,0.000244847,0.002892246,0.001304022,1.74E-07,0.135112076,0.025690461,0.009674647,0.000583556,0.003371145,0.005995868,0.005539506,0.041102947,0.028697988,0.030524033,0.038530224,0.038955604,0.036248359,0.019361128,0.00785377,0.014130133,0.013165891,0.018406982,0.015955174,0.00749659,0.007306763,0.007578906,0.010274558,0.003702652,0.006026502,0.008559556,0.007213698,0.004532949,0.007802469,0.006504857,0.018370779,0.022166089,0.050836649,0.054158665,0.025235467,0.030720945,0.047685517,0.031213179,0.044638664,0.034465657,0.038538717
75,4,,,,,,,,,,,,,,,,,,,,,,,,,,,,,,,,,,,,,,,,,,,,,,,1.29E-05,,1.40E-06,1.79E-07,1.06E-08,,,,,3.00E-08,,2.37E-08,5.03E-08,4.72E-09,1.45E-07
75,5,2.82E-10,8.52E-09,5.59E-10,3.57E-09,1.10E-09,5.57E-09,6.62E-10,2.42E-09,3.02E-09,3.11E-09,6.34E-10,4.72E-07,1.46E-06,5.27E-07,8.99E-07,8.98E-09,1.12E-07,5.10E-08,6.75E-09,2.65E-08,2.45E-07,6.46E-08,1.77E-07,1.47E-07,1.52E-07,6.61E-07,4.67E-06,1.10E-07,1.45E-07,3.34E-07,1.15E-06,1.48E-06,7.01E-06,5.04E-05,8.00E-06,1.57E-05,5.96E-05,5.65E-05,4.29E-05,2.50E-05,3.03E-05,2.53E-05,0.00033208,2.57E-05,4.25E-05,0.000358804,0.00038131,2.50E-05,0.001105776,0.000114968,0.000817821,0.000559767,0.007214295,0.005616181,0.0043959,0.001303762,0.000496272,0.000784002,3.98E-05,0.000851611,0.004204515
75,6,3.27E-11,9.55E-10,3.71E-11,2.83E-10,8.34E-11,3.65E-10,6.24E-08,3.15E-08,1.02E-07,5.13E-09,1.41E-07,6.13E-08,2.13E-06,2.16E-06,3.14E-06,1.79E-06,0.00017437,0.001829074,0.000659016,8.36E-06,0.060222587,0.010671315,0.003784513,0.00022963,0.001152084,0.00201302,0.002086347,0.016726266,0.012186447,0.011355896,0.014102914,0.013187303,0.012618888,0.007873119,0.00372512,0.005374915,0.005822939,0.009298243,0.007043669,0.00668096,0.005316138,0.005491139,0.006347155,0.003038927,0.003755117,0.008670232,0.005325635,0.003969676,0.006634337,0.004562503,0.018961933,0.021991371,0.051780652,0.055580669,0.040548616,0.082245919,0.059598106,0.051031905,0.063599235,0.05510054,0.057303424
75,7,,,,,,,4.49E-08,5.67E-09,3.56E-09,2.01E-09,3.74E-09,1.56E-09,2.67E-08,2.03E-08,3.33E-08,2.90E-08,3.54E-08,2.10E-08,3.05E-08,3.02E-08,5.28E-08,4.10E-08,4.83E-06,3.04E-05,3.87E-06,4.21E-06,1.65E-05,2.00E-05,1.90E-05,5.22E-05,3.39E-06,2.26E-05,1.18E-05,2.71E-05,1.70E-05,0.003660538,0.00027189,0.007604502,0.003063433,0.008973939,0.006617058,0.00251707,0.002479633,0.002377129,0.012085096,0.012635492,0.003133304,0.004331374,0.009236109,0.008493281,0.072978967,0.067168916,0.148991864,0.148776931,0.046197645,0.15049999,0.212425256,0.151361403,0.218961086,0.182253068,0.198428181
75,8,,,,,,,,,,,,,,,,,1.03E-06,2.42E-06,2.49E-07,9.48E-07,9.01E-06,1.68E-06,7.18E-07,5.56E-07,3.22E-07,4.69E-06,0.000150163,5.53E-07,7.59E-07,3.13E-06,3.70E-06,2.03E-05,0.000237009,0.002099678,0.000239836,0.00039983,0.000526445,0.001762782,0.000988025,0.000679349,0.000725601,0.000512717,0.000944892,0.000495436,0.000572931,2.74E-05,2.71E-05,5.78E-05,0.00022874,3.38E-07,0.000347599,0.000244243,6.22E-07,0.000538784,0.000512776,7.63E-07,0.000716995,0.006110528,0.000296961,0.006386601,7.71E-06
75,9,,,,,,,,,1.34E-12,,,1.58E-10,2.17E-10,2.90E-09,5.00E-09,5.03E-08,0.000323906,0.004187442,0.001805783,2.30E-08,0.171237069,0.033141721,0.014193451,0.000788824,0.004277154,0.007861795,0.006622899,0.041425898,0.033652695,0.039212758,0.058622987,0.056896335,0.05370661,0.027572535,0.011583073,0.025584718,0.028361042,0.041127153,0.035147473,0.011522114,0.015196044,0.014011459,0.016653884,0.002734302,0.006509747,0.012942786,0.006298376,0.009558571,0.009480532,0.012437179,0.023946239,0.026905703,0.067022907,0.044672668,0.040301631,0.024815627,0.037692493,0.040956396,0.053158073,0.044091908,0.034037706
75,10,,,,,,,2.01E-07,8.27E-08,6.68E-08,1.31E-07,3.81E-07,8.89E-08,6.14E-06,7.83E-06,1.03E-05,5.23E-06,3.33E-06,2.25E-06,3.36E-07,1.21E-07,1.99E-07,2.64E-07,1.91E-08,1.60E-05,3.63E-05,7.97E-07,1.02E-05,5.16E-07,6.29E-07,2.23E-07,0.001424031,0.012149564,0.030829327,0.044385627,0.035964441,0.041469559,0.048679026,0.051857926,0.061865679,0.069505791,0.042584213,0.040994852,0.053300918,0.032647685,0.036725949,5.38E-07,2.93E-06,1.39E-07,1.54E-06,2.58E-08,1.09E-09,5.29E-10,2.51E-09,,2.27E-09,0.007589032,,4.43E-05,5.42E-09,9.54E-05,6.42E-08
75,11,,5.13E-09,4.38E-10,4.09E-09,5.95E-09,1.06E-08,1.69E-07,6.59E-08,3.97E-07,3.77E-07,1.84E-06,9.15E-08,5.27E-06,7.64E-06,8.55E-06,5.52E-06,1.27E-05,1.05E-05,2.29E-06,1.25E-06,7.74E-06,7.28E-06,3.73E-06,6.57E-05,0.000142515,5.34E-06,4.74E-05,7.63E-06,7.77E-06,6.62E-06,0.007294935,0.008048792,0.016710123,0.02143571,0.018363803,0.019533384,0.023464938,0.027798244,0.023982648,0.026824318,0.016076622,0.023229598,0.023201864,0.014915909,0.01877543,5.88E-05,2.72E-05,0.002612618,0.000130248,0.002053492,0.002622916,0.003319936,0.004826643,0.005574359,0.008101166,0.010748006,0.002666352,0.002131711,0.004272643,0.00515791,0.013346106
75,12,8.62E-11,3.70E-09,2.78E-10,2.07E-09,1.45E-09,3.85E-09,2.13E-08,4.83E-09,2.57E-09,3.41E-09,2.35E-07,1.71E-07,5.23E-07,4.14E-07,5.62E-07,3.86E-07,4.86E-06,4.11E-05,1.63E-05,4.61E-07,0.0018045,0.000348683,9.24E-05,6.40E-06,3.27E-05,3.30E-05,7.23E-05,0.000416111,0.00029484,0.000270793,0.000326114,0.000346217,0.000356494,0.000799399,0.00015356,0.000105272,0.000287746,0.002275685,0.001295658,0.002475614,0.001912423,0.001007797,0.001374655,0.000306832,0.000534654,0.001864636,0.001909793,0.00278689,0.004856725,0.010818125,0.017529266,0.005916421,0.03486496,0.027220847,0.023391723,0.008007631,0.006716886,0.013787185,0.01201256,0.010878894,0.002957866
75,13,,,,,,,,,,,,,,,,,1.26E-07,8.28E-07,3.11E-06,2.01E-06,0.000813695,0.000278659,0.00036116,3.19E-05,0.000141346,0.000217151,0.000188276,0.001366059,0.001207029,0.001527067,0.003330536,0.003464692,0.003733722,0.001872589,0.000839219,0.001837483,0.00176135,0.003255097,0.002767021,0.001744989,0.001694791,0.001539144,0.00182083,0.000694182,0.000894961,0.003735613,0.001617895,0.001100432,0.002023324,0.0011022,0.006660658,0.009249039,0.020536811,0.02499368,0.008955114,0.040708535,0.053308077,0.035459738,0.053973989,0.042251421,0.046855557
75,14,8.06E-12,4.87E-10,3.39E-11,2.83E-10,2.57E-10,4.79E-10,3.70E-07,1.19E-07,6.60E-07,6.05E-07,1.32E-06,1.20E-07,9.47E-06,1.30E-05,1.47E-05,7.98E-06,3.11E-05,2.99E-05,4.47E-06,2.58E-06,1.34E-05,5.83E-06,1.60E-06,0.000213283,0.000486979,1.88E-06,0.000355673,6.86E-06,1.18E-05,5.92E-06,0.026188474,0.029417525,0.063482582,0.082825082,0.068097681,0.073893755,0.089952084,0.115868463,0.106990161,0.121917138,0.074893453,0.101990582,0.110440804,0.072546954,0.088884285,0.001040554,0.000365949,0.001125813,0.000932403,0.000692773,0.003957628,0.004762103,0.013976007,0.015598988,0.01337968,0.044713334,0.04670776,0.008642757,0.011949986,0.009660788,0.011752831
75,15,,,,,,,1.07E-09,3.91E-10,1.75E-09,1.48E-09,3.22E-09,1.21E-09,2.85E-08,4.28E-08,5.29E-08,1.12E-07,0.001686316,0.016606699,0.006221426,5.02E-07,0.580125868,0.109930035,0.040207185,0.002302203,0.013664517,0.025712585,0.021988011,0.168844004,0.130545549,0.130644679,0.182578097,0.172083585,0.146965778,0.086085957,0.038065093,0.066656214,0.070964383,0.089644014,0.07971873,0.031865575,0.043328677,0.039891466,0.051230386,0.014101188,0.023268802,0.039573966,0.026025546,0.016648396,0.024823493,0.029914609,0.032056822,0.026084682,0.057470005,0.02881308,0.034185621,0.019206995,0.014392262,0.010388158,0.01535764,0.008543133,0.006714212
75,16,1.56E-10,5.20E-09,3.12E-10,2.05E-09,9.10E-10,3.66E-09,2.71E-08,9.41E-09,3.34E-08,7.11E-09,8.61E-08,1.22E-07,7.60E-07,5.98E-07,8.14E-07,3.88E-07,0.000687997,0.006637795,0.002331952,1.19E-06,0.27282571,0.05443038,0.021845962,0.001429536,0.008179002,0.014654452,0.013800989,0.097278517,0.073782858,0.084421941,0.1115106,0.128906275,0.130993601,0.070428105,0.03058113,0.059014401,0.058720794,0.078117182,0.069104916,0.025736025,0.033533233,0.03157035,0.04297716,0.012768228,0.021154592,0.036601937,0.023548843,0.013119946,0.021794813,0.02307627,0.036275554,0.024135576,0.054061477,0.034970345,0.028791907,0.019554787,0.058907922,0.169483903,0.200230279,0.156744193,0.433447258
76,1,8.45E-06,6.12E-06,1.14E-05,1.24E-05,1.13E-05,1.68E-05,0.002162297,0.000713525,0.087544092,2.44E-05,0.000113679,1.23E-05,1.48E-05,0.008806784,0.035715821,0.026486965,0.025268265,0.02701139,0.04746331,0.405800423,0.019609152,0.030775913,0.036559385,0.056918255,0.027959485,0.02684841,0.062547589,0.052332003,0.034069911,0.022585984,0.025565378,0.02772034,0.024615546,0.011650542,0.018282086,0.015880635,0.018342199,0.045814302,0.07614953,0.040462954,0.045368058,0.046643122,0.059503854,0.060984057,0.089713297,0.050785304,0.038327287,0.087783468,0.256181731,0.131192261,0.04975046,0.115570566,0.149165879,0.166822185,0.198824085,0.228175224,0.228491987,0.141583027,0.169946596,0.168615977,0.673068325
76,2,,,,,,,,,,,,,,,,,,,0.000390172,,,,1.58E-05,0.000218668,0.001145677,,,2.21E-07,4.79E-07,2.28E-07,1.49E-08,,6.79E-07,,3.71E-07,1.05E-06,6.65E-07,9.53E-06,1.18E-05,9.02E-06,1.14E-05,2.19E-05,1.90E-05,1.33E-05,1.95E-05,2.67E-05,1.42E-05,2.01E-05,1.73E-05,6.91E-05,4.87E-05,0.001427984,0.0001351,0.000256467,0.000484848,0.032202193,0.059895413,0.021417552,0.041698401,0.03105909,0.014391919
76,3,0.012506693,0.013517074,0.01300091,0.015188624,0.017450526,0.019022165,0.022861099,0.024427727,0.043666007,0.033080745,0.034857357,0.037803976,0.040525411,0.049107302,0.06064357,0.060923738,0.0620558,0.065734912,0.068308939,0.086817004,0.070749054,0.075966646,0.08184576,0.07551944,0.187209427,0.211262559,0.08885566,0.135753951,0.071806834,0.102898061,0.094112268,0.099225252,0.095222879,0.128921856,0.271956367,0.203202023,0.111638059,0.143303491,0.108166753,0.116201364,0.091315843,0.08813242,0.096857708,0.113786248,0.128855402,0.130020575,0.167587087,0.156083516,0.148366499,0.194571149,0.233010651,0.197305581,0.178685748,0.187594736,0.144392211,0.153506583,0.180971883,0.294479289,0.202701397,0.432512694,0.189213036
76,4,,,,,3.43E-08,1.65E-07,5.80E-08,2.76E-05,1.84E-06,2.00E-07,3.82E-07,5.86E-07,0.000640419,1.59E-06,2.43E-05,2.90E-05,8.43E-05,9.55E-06,7.02E-06,9.23E-05,1.18E-06,0.001506578,0.001459832,3.28E-05,0.003320271,0.003789594,0.005257668,0.003870694,0.005585427,0.005732735,0.012439122,0.008228586,0.010562449,0.012733763,0.014168029,0.049139443,0.019081983,0.046697099,0.036399618,0.031999013,0.05595579,0.046324805,0.056261163,0.079581261,0.064057332,0.059924628,0.100143448,0.11225266,0.160873711,0.09880742,0.098216973,0.130856969,0.141163886,0.111597671,0.144452295,0.142923006,0.158760276,0.100363347,0.073262663,0.074454228,0.092060109
76,5,0.930930069,0.891174107,0.854892925,0.855790986,0.80952767,0.768560538,0.769281619,0.720563866,0.82542366,0.767596555,0.741466095,0.644444121,0.550128809,0.596038166,0.588482073,0.547019763,0.527395934,0.553636101,0.548502145,0.687124861,0.549782186,0.537515642,0.417392337,0.528629616,0.477696788,0.530791839,0.54350221,0.534497805,0.593569455,0.624829255,0.68544752,0.556721008,0.564376099,0.616565495,0.683799253,0.78405157,0.822302722,0.901108118,0.891872775,0.932943573,0.990705595,1.053921393,1.100652746,1.118128123,1.228688207,1.264157409,1.267878461,1.254508545,1.320422516,1.487428659,1.552931797,1.568156512,1.448218171,1.505349678,1.502588237,1.372546757,1.364315121,1.263858437,1.267708166,1.237078229,0.705339976
76,6,0.073773022,0.074505009,0.074000067,0.072955211,0.091056433,0.087699519,0.091610701,0.093205877,0.168966924,0.070696605,0.082709631,0.092663394,0.083810415,0.085345773,0.115987594,0.090731579,0.073184669,0.129657223,0.1369392,0.340015411,0.132252753,0.135635724,0.140134721,0.158046199,0.17651802,0.144706656,0.214333514,0.118839835,0.086764319,0.076180067,0.073680221,0.088000133,0.092520325,0.079105131,0.110453667,0.12592128,0.133952678,0.149779524,0.154644969,0.145803712,0.181457319,0.241946147,0.28280695,0.403362179,0.385926761,0.355154178,0.354942205,0.312812493,0.505163361,0.376459799,0.361664072,0.594238312,0.661267554,0.608951273,0.8348491,0.963942069,0.564394188,0.643840998,0.496776278,0.615282479,0.709003928
76,7,0.005091546,0.014580024,0.004190551,0.006977154,0.003958547,0.003536596,0.009890242,0.003470168,0.223156076,0.002915329,0.002507813,0.002425889,0.002437104,0.00238229,0.044651688,0.00754716,0.032040423,0.03573806,0.077161869,0.60414438,0.007732177,0.093669118,0.139326517,0.198944759,0.130994197,0.101706975,0.186730686,0.186002458,0.10025433,0.058052533,0.043371034,0.055693864,0.055039776,0.042831067,0.056789198,0.076089418,0.067702521,0.12139881,0.093105277,0.078289166,0.092699402,0.0916621,0.156290157,0.146341541,0.224889256,0.103498821,0.117596857,0.175676268,0.227045681,0.20134854,0.152874814,0.218873574,0.255341356,0.186677029,0.214893087,0.485125582,0.16978632,0.109046423,0.105756507,0.105992611,0.441389756
76,8,0.33959159,0.349026258,0.360813046,0.369026144,0.341700039,0.341908889,0.373798713,0.349626534,0.735183597,0.35861289,0.32784641,0.312077869,0.150439783,0.383803948,0.426289437,0.322658142,0.335166977,0.334893388,0.411643257,1.117974105,0.345945536,0.347648847,0.351427251,0.408138428,0.292906832,0.355330851,0.373212051,0.481156178,0.389562332,0.327931598,0.313905356,0.333586685,0.329386022,0.338907978,0.373776268,0.399342326,0.42079841,0.431743299,0.423151281,0.43666835,0.464872782,0.507274813,0.535807744,0.584795683,0.58774108,0.628192993,0.688258119,0.64416338,0.824561297,0.810220536,0.796882885,0.855183315,0.739799526,0.699601151,0.666843533,0.598879416,0.682526775,0.549400883,0.513832205,0.556557067,0.553072594
76,9,0.026665625,0.052431596,0.023853523,0.026592213,0.025479983,0.026466887,0.033940766,0.035099215,0.054324137,0.03950985,0.043471755,0.0436694,0.039833914,0.069120513,0.061294854,0.064361737,0.072510246,0.079860011,0.088730751,0.122463484,0.092786529,0.109655486,0.121468934,0.131255318,0.129963786,0.162205328,0.301479092,0.120023162,0.112746401,0.111845781,0.129691794,0.293642986,0.31159389,0.33936435,0.521295031,0.425002188,0.360534485,0.491941814,0.500886743,0.609094536,0.635704788,0.597402485,0.599702131,0.613642427,0.684800399,0.635146486,0.655709311,0.548538924,0.500021236,1.247312241,0.580749478,0.606881777,0.639477088,0.625866651,0.595961275,0.563211411,0.521118869,0.446132907,0.531948064,0.394665659,0.400149285
76,10,7.49E-05,5.35E-05,3.46E-05,3.27E-05,0.069991652,0.083146405,0.075016987,0.080680548,0.183000297,0.040739097,0.052381432,0.128986129,0.093616299,0.099843429,0.155701306,0.104290863,0.03035042,0.019147584,0.040611525,0.3090662,0.013404137,0.01373398,0.020830657,0.046983587,0.013809154,0.017702364,0.032181774,0.056644958,0.029984904,0.010104092,0.003774235,0.024979357,0.033985693,0.039480927,0.016112555,0.053728332,0.06455857,0.059437285,0.080768863,0.061893052,0.0628256,0.062581871,0.089759104,0.097993537,0.043372364,0.016178697,0.018622249,0.022505201,0.077720973,0.017228758,0.013994096,0.019057483,0.021444627,0.01732148,0.022740031,0.061496477,0.026245305,0.016522742,0.010185028,0.011762129,0.017232176
76,11,0.052842595,0.051283708,0.049597465,0.046613198,0.09789492,0.097019217,0.097807585,0.099940792,0.153640316,0.149592252,0.151869704,0.132095037,0.114650699,0.115594486,0.117705561,0.107241316,0.116990006,0.114708712,0.096035686,0.120473275,0.064371386,0.06022925,0.106891543,0.06907132,0.063054398,0.061420215,0.090924684,0.041534883,0.032840145,0.025412838,0.068255034,0.092577985,0.031347306,0.021808856,0.041650282,0.04436324,0.06146897,0.065216958,0.084661128,0.116125153,0.11899922,0.128053819,0.13602032,0.149727586,0.133582694,0.150693117,0.122258206,0.131829584,0.120207169,0.199226421,0.360258679,0.235877024,0.237126872,0.221072849,0.258691284,0.244445423,0.192503653,0.164776156,0.192776847,0.161542522,0.150959356
76,12,0.266105521,0.278859374,0.274180841,0.277298417,0.26229556,0.254952398,0.261987444,0.258295135,0.344722714,0.253354152,0.247296846,0.243666472,0.128609683,0.326294656,0.29326367,0.246829828,0.247985828,0.239204217,0.245767451,0.409801251,0.214509276,0.228605286,0.234823682,0.239341859,0.212974851,0.206657069,0.217388262,0.216790471,0.204041776,0.199068038,0.202035305,0.178532202,0.180022864,0.204386822,0.190191128,0.2244789,0.22301421,0.26542844,0.275196101,0.276870317,0.291426826,0.339925637,0.354774955,0.367531124,0.406071112,0.433237136,0.443227723,0.414726794,0.416758289,0.561179077,0.526895019,0.54890718,0.462437259,0.429873379,0.437296723,0.14637601,0.385933702,0.448807664,0.333883843,0.323337612,0.452313181
76,13,0.009316044,0.009368741,0.008988435,0.008925564,0.008655007,0.008692285,0.009213589,0.008063904,0.055086471,0.007499085,0.007427864,0.007063411,0.005290437,0.009772018,0.021586925,0.008581004,0.013078552,0.024153455,0.032108458,0.147488174,0.023894013,0.028324764,0.032605966,0.049288229,0.041272258,0.032123915,0.045983046,0.058732242,0.035174749,0.019545447,0.01525994,0.013638108,0.014663125,0.014245726,0.014862745,0.016206068,0.018272356,0.025847707,0.025546296,0.021726832,0.027965635,0.045256544,0.061918266,0.103762127,0.106056102,0.087629837,0.066961677,0.07779279,0.225664242,0.093881787,0.105418911,0.175762117,0.162490466,0.144750916,0.187457875,0.189531074,0.115121982,0.137864922,0.124090617,0.144020607,0.223212601
76,14,0.015760655,0.015607118,0.014971578,0.015224527,0.127539633,0.13186545,0.148867259,0.130088258,0.259107019,0.196866451,0.185847156,0.171664255,0.154508825,0.175766981,0.202986844,0.16719839,0.241016046,0.257450859,0.2214149,0.352712685,0.167206542,0.16573979,0.201549344,0.206714707,0.218976519,0.212320143,0.274374342,0.146567589,0.129679474,0.114307932,0.112343069,0.116686585,0.097053703,0.093815718,0.081242959,0.11630917,0.16744923,0.155398146,0.186282253,0.168403259,0.165813815,0.198843176,0.240472012,0.252776799,0.149585062,0.142294151,0.104724285,0.117572609,0.178606275,0.147306043,0.174610918,0.193566505,0.194486797,0.200777599,0.20947908,0.358484928,0.234281012,0.231602322,0.293902402,0.340281743,0.298475534
76,15,0.001155772,0.000735601,2.78E-05,2.30E-05,0.000428595,0.000400438,0.00172943,0.000430023,0.019300293,0.001557904,0.000732291,0.000566327,0.001039611,0.022651736,0.021778255,0.044387457,0.04143267,0.059813544,0.055420268,0.074591358,0.065940288,0.071535673,0.082974566,0.092543004,0.140353308,0.303849271,0.32995812,0.108114149,0.119637943,0.105146114,0.217866635,0.189295192,0.181146346,0.059528085,0.228099926,0.318361165,0.181980314,0.230505662,0.238223643,0.280674868,0.257851542,0.27645551,0.246636157,0.238967033,0.229077036,0.317781119,0.23292912,0.244705615,0.241335795,0.255152867,0.242943875,0.267031478,0.294430361,0.270808223,0.291293904,0.344213024,0.360652758,0.287120931,0.269118387,0.243664735,0.275370852
76,16,0.014569726,0.012774984,0.020771845,0.024631842,0.036567859,0.031457842,0.042383108,0.049124549,0.200086651,0.037790991,0.075807473,0.084384104,0.065199786,0.168769626,0.149620465,0.090340369,0.084741651,0.093026318,0.114918089,0.400062315,0.131753756,0.159893011,0.193614721,0.228614424,0.185601888,0.188334124,0.222838801,0.141204958,0.126857919,0.100223896,0.117036172,0.140082582,0.137281199,0.106883605,0.121884858,0.121654249,0.087952798,0.134898655,0.11744947,0.128324915,0.139927817,0.178024984,0.145185778,0.204763893,0.186178847,0.148264342,0.15398858,0.177176773,0.317670461,0.188651456,0.229016246,0.222688228,0.231862817,0.234085267,0.269943472,0.250227522,0.238399729,0.180753094,0.141504206,0.152162234,0.165670738
77,1,0.022822546,0.026609392,0.038642172,0.069812692,0.0585772,0.031470453,0.123022971,0.085295374,0.042596783,0.031363837,0.028935475,0.017500662,0.024967202,0.065634061,0.025380392,0.034226441,0.029890121,0.021652564,0.11390956,0.032302957,0.023620146,0.023849781,0.029217306,0.029613885,0.020854819,0.047844359,0.029208877,0.040948907,0.048689515,0.063626748,0.03868274,0.034606615,0.032712704,0.032868964,0.056605769,0.039295914,0.053182348,0.067134921,0.060537271,0.060109632,0.058196623,0.072114248,0.067067224,0.054367558,0.069781137,0.116410198,0.084111932,0.102372664,0.094582809,0.108154524,0.096457041,0.089377071,0.074656263,0.088204682,0.088986474,0.123066934,0.07374134,0.147619766,0.133356817,0.31831123,0.21240673
77,2,,,,,,,,,,,,,,,,,,,,,,,0.002099364,0.003038815,0.004912496,0.04459484,0.066693726,0.464171445,0.805603531,0.760386257,0.677099013,0.491185603,1.001793606,0.548418857,0.766632352,0.714314717,0.948048637,0.887147461,0.70106483,0.993604349,1.26863866,1.3229286,1.201295576,1.203269538,1.392371276,1.652267023,1.59069083,1.767616804,1.503916547,0.009849322,0.012793204,0.696501856,0.007712963,0.008602968,0.016485708,0.032759918,0.046774336,0.02342062,0.034318984,0.031022663,0.035556692
77,3,0.182485249,0.16135625,0.183094817,0.176985932,0.266994145,0.230067407,0.258939948,0.273128434,0.281758526,0.343679416,0.322726586,0.434311946,0.426221916,0.424338503,0.474170203,0.423412879,0.436880406,0.453307042,0.505037126,0.450728255,0.4304717,0.479596219,0.472732741,0.419616632,0.406761277,0.337801176,0.347573811,0.327994658,0.34975321,0.362966201,0.327803696,0.322070141,0.356896165,0.345577309,0.349639337,0.310862566,0.375287339,0.438085639,0.440408214,0.319126045,0.314553869,0.343300154,0.348129643,0.355814213,0.392426474,0.392804284,0.445074767,0.463380678,0.518168708,0.736237539,0.712037642,0.712232286,0.67889287,0.635677968,0.624605639,0.784288289,0.759586824,0.651976823,0.673319882,0.742557054,0.776075207
77,4,0.01533785,0.012804988,0.01371392,0.017662154,0.041850339,0.046233323,0.02702634,0.029850765,0.029434584,0.029773319,0.030593059,0.105929495,0.084545034,0.126638305,0.109167976,0.104970056,0.123220644,0.111813078,0.122110736,0.134618537,0.124668467,0.171188631,0.168058947,0.148407641,0.105957428,0.106296868,0.105616052,0.117740031,0.474255834,0.656376503,0.680031954,0.650857688,0.738809271,0.725085201,0.706137801,0.709259814,0.792613307,0.724581806,0.923035402,0.730382287,0.780114793,0.8652298,0.864186521,0.903876562,0.946116877,0.80849855,0.898630434,0.924614688,1.124829934,1.736647129,1.560969715,2.026866397,1.993812838,1.97837611,2.217977357,2.652963365,2.617308873,2.090342355,1.829918807,2.092584022,2.271318426
77,5,0.112800216,0.121538785,0.152938954,0.162722149,0.178805282,0.14720233,0.180978388,0.182294739,0.211686181,0.207920113,0.21251254,0.208281829,0.239960408,0.220117749,0.259445397,0.224834991,0.268928909,0.254152779,0.267419903,0.258471934,0.221907156,0.231042687,0.247317219,0.243739778,0.173704181,0.231639764,0.175808645,0.176403239,0.188357119,0.179619129,0.193066547,0.175602844,0.184108203,0.166230911,0.226427331,0.204786313,0.245934641,0.27664669,0.303020193,0.229525202,0.244724363,0.278484189,0.287761807,0.268216567,0.291714344,0.291426856,0.310386125,0.315628516,0.314836382,0.442854453,0.394544821,0.405270035,0.39052392,0.378978108,0.409269379,0.460801663,0.463683313,0.479673843,0.446310223,0.474746428,0.466353367
77,6,0.219019584,0.137545906,0.181067123,0.235716992,0.230444069,0.169835254,0.20911413,0.165057163,0.195240963,0.189018161,0.191290202,0.149987661,0.179095227,0.139605985,0.150511233,0.151859162,0.115164638,0.106387179,0.111879751,0.106247169,0.120571434,0.12330618,0.135391858,0.172873049,0.131339943,0.182353517,0.178070007,0.157255087,0.245025156,0.358114576,0.179069629,0.155033155,0.179065874,0.180353465,0.186085511,0.19925411,0.204127754,0.217427202,0.242280575,0.318990599,0.349316131,0.380043948,0.445252833,0.299899538,0.337751056,0.374568002,0.432490147,0.368437406,0.634638764,0.624290588,0.63602134,0.536916659,0.421735346,0.47306661,0.448454176,0.470940596,0.575275541,0.536598021,0.495662617,0.600256979,0.580798371
77,7,0.000848764,0.000656245,0.001031533,0.003147886,0.009462849,0.001253098,0.001514616,0.001293541,0.00156715,0.000963609,0.13621946,0.097405943,0.124054462,0.115370418,0.153340937,0.11484366,0.167523636,0.14319042,0.178635858,0.161878744,0.113203134,0.004147554,0.00260288,0.001674989,0.000771118,0.039179865,0.041199357,0.079193425,0.107715664,0.148878477,0.030958622,0.021255385,0.019968986,0.009947204,0.013969,0.012444118,0.010779194,0.040129623,0.04095184,0.075850336,0.057282843,0.041031806,0.045591261,0.022251838,0.055777625,0.14953427,0.103351451,0.106153304,0.080361953,0.112146127,0.131086348,0.098353364,0.070431142,0.065259353,0.074548058,0.072210793,0.075410815,0.055489219,0.057323302,0.116000746,0.12967979
77,8,0.269410632,0.342730758,0.513037393,0.609576716,0.47818713,0.368795473,0.5554477,0.457942283,0.556952553,0.378053704,0.41951145,0.318956951,0.386212627,0.361154694,0.486009225,0.416062389,0.603499704,0.533562277,0.674925721,0.608387627,0.506887388,0.613846554,0.679900131,0.753472475,0.566714827,1.229836705,1.333893905,1.004068936,1.444731226,1.820301462,1.610855574,1.414749344,1.691922194,1.585770982,1.829035317,1.390413783,1.528778582,1.509921899,1.514019471,1.252947399,1.249930355,1.358036528,1.376854847,1.219718235,1.213148628,1.565630114,1.597349905,1.592078997,1.296088967,1.399366668,0.920056528,1.18834794,1.168170929,1.1661266,1.391562421,1.362764293,1.812983364,1.695250285,1.656295001,1.691985065,1.49635646
77,9,0.060851956,0.063797428,0.071333055,0.073329957,0.089350453,0.087949519,0.095974438,0.099583341,0.112308422,0.10815122,0.106283616,0.145683531,0.191076601,0.161110314,0.193252263,0.13157734,0.139932651,0.2469714,0.186910914,0.153783207,0.158640965,0.162916503,0.204216897,0.17678914,0.112235377,0.151421282,0.139506909,0.13926032,0.151907786,0.147952096,0.143153188,0.131002231,0.157633262,0.139960874,0.226790649,0.173693675,0.207967654,0.133063027,0.269032907,0.268127199,0.297227452,0.369145147,0.376361188,0.395158787,0.453732694,0.47587043,0.661442223,0.662111907,0.715633295,0.885193104,1.05784883,1.147170278,1.089022071,1.195844718,1.256691709,1.364163336,0.836877117,1.36430517,1.5092389,1.91679231,1.609965655
77,10,0.032253014,0.045390587,0.155975064,0.157910921,0.15281062,0.144165731,0.169370412,0.159611545,0.147111623,0.116598976,0.150308368,0.152068249,0.159088036,0.166099436,0.219892451,0.237079378,0.175503588,0.160694204,0.166200291,0.170276306,0.186772411,0.191355267,0.966698289,0.213614501,0.143703836,0.206742601,0.151682384,0.158979986,0.176921635,0.138950169,0.139100699,0.326470561,0.427183621,0.418428081,0.482947701,0.483235739,0.707121785,0.559556005,0.630651895,0.615957476,0.716750034,1.002489107,1.289669818,0.960987906,1.06457716,1.090812519,1.309070616,1.429152893,1.559272897,1.506008899,1.741129739,1.764489539,1.794293392,1.70465351,1.715665649,1.729950413,1.146468843,1.780197265,1.773584913,2.135333273,1.966973086
77,11,0.063176608,0.17372782,0.262587971,0.706033316,0.393533824,0.273057511,0.465800389,0.142195762,0.173584857,0.164974898,0.172269921,0.159540726,0.191448787,0.166376288,0.206843853,0.214814043,0.200098514,0.244798647,0.201253518,0.178575865,0.202073258,0.161116974,0.621713291,0.174292917,0.119036018,0.120896241,0.121343151,0.109001311,0.157380855,0.159638545,0.125424694,0.121281623,0.124520669,0.123426991,0.137693931,0.110142477,0.129547392,0.108766923,0.134957095,0.110666419,0.110291215,0.139718122,0.135615304,0.152272065,0.149748449,0.221181226,0.186112128,0.210801873,0.209979414,0.240697944,0.337237713,0.354646155,0.427987848,0.347915495,0.37262096,0.453433284,0.253330841,0.489625446,0.548262524,0.600582801,0.510629552
77,12,0.05440151,0.105318056,0.119283212,0.124534436,0.082374549,0.141768186,0.156221301,0.161559422,0.176001835,0.124417561,0.125234104,0.129010237,0.14316421,0.143717234,0.151557776,0.131117956,0.172507128,0.168401424,0.151138542,0.175240183,0.123665174,0.104419965,0.154143518,0.146296313,0.163287873,0.224860063,0.203234682,0.208571643,0.225149312,0.224111346,0.207527292,0.192462141,0.208093484,0.214077239,0.22469504,0.22482894,0.198715263,0.218872711,0.225353402,0.203921806,0.27120844,0.328614001,0.312380346,0.306944711,0.332575207,0.359074372,0.404818414,0.42043867,0.469476151,0.413908139,0.779100071,0.868556731,0.854973142,0.915896096,0.901573734,0.393898263,0.51481921,0.498607934,0.609362344,0.74021706,0.593939082
77,13,0.319558731,0.431485304,0.481008525,0.490951974,0.667489439,0.592122622,0.651917324,0.677764698,0.709745577,0.904541313,0.751537142,0.859889116,0.927865591,0.949884347,0.937053179,0.809221824,0.952747764,0.905660439,0.909258351,0.865965641,0.917525238,0.874104986,0.875774861,0.791448566,0.747416823,0.636544145,0.60249295,0.587357469,0.599199225,0.614232673,0.587825022,0.560487308,0.600076653,0.574268936,0.605472754,0.590072296,0.607908966,0.923554164,0.886745416,0.646567926,0.698032329,0.708742567,0.723304554,0.680319934,0.713985711,0.653651858,0.749064169,0.705258053,0.841081184,1.006379688,1.012301054,1.105317957,1.022526859,1.043464612,1.018439888,1.084241949,1.201493471,1.128438334,1.019495538,1.178405493,0.996411414
77,14,0.008325082,0.016299476,0.163898817,0.144349791,0.14755624,0.133601722,0.1526614,0.167326762,0.178477942,0.17275149,0.193093311,0.145829747,0.171412093,0.168115993,0.217130397,0.262713891,0.299817888,0.28983391,0.272273064,0.232651254,0.22731042,0.193018097,0.179954402,0.226149522,0.2079069,0.193891399,0.220261886,0.19808773,0.313872663,0.346500318,0.30365642,0.205941272,0.399729983,0.347087436,0.384911887,0.235886583,0.303264182,0.20575491,0.248312356,0.328084154,0.294904284,0.370301326,0.236622608,0.24681794,0.228294591,0.181401061,0.227867413,0.288121783,0.2999635,0.405620654,0.402870567,0.657442507,0.514229591,0.455402699,0.401107062,0.612390776,0.471931975,0.487138611,0.452810739,0.680919859,0.481326357
77,15,0.002544174,0.008592993,0.015578595,0.014778963,0.031751375,0.020497531,0.037983928,0.046845732,0.030667228,0.055366088,0.050694532,0.053779801,0.073702935,0.086875315,0.085302771,0.07872337,0.080680618,0.091157563,0.140715535,0.105541456,0.106129067,0.141146424,0.140472572,0.126217755,0.119052754,0.123398707,0.261344801,0.352521657,0.660651046,0.59452388,0.613504966,0.539306949,0.732373272,0.711164843,0.623240028,0.577560029,0.762363012,0.738360835,0.663910664,1.009628776,1.162223219,1.128793918,0.969479293,1.023843307,1.093015646,1.001783278,1.134534795,1.184371953,1.185201845,0.474431879,0.528945231,0.775573572,0.585246064,0.568074556,0.545458694,0.632216912,0.590867921,0.573397084,0.515270182,0.502208774,0.472949519
77,16,0.049024696,0.063587868,0.110939842,0.091400174,0.107548324,0.087186298,0.110648548,0.1231456,0.132674091,0.109310813,0.106223241,0.114750082,0.136191999,0.131016135,0.145471625,0.133390773,0.14429701,0.155208578,0.185681954,0.15952458,0.145112269,0.196400834,0.189740833,0.193197976,0.157209693,0.201914611,0.143947543,0.170275136,0.170635518,0.165589144,0.148546931,0.150617367,0.14555834,0.150016311,0.194963822,0.181554099,0.238452793,0.272127038,0.293631633,0.263144584,0.289178374,0.303475879,0.371288335,0.324040172,0.386029463,0.365856702,0.413130406,0.435191201,0.527773322,0.588627797,0.60909692,0.619064126,0.734175467,0.754750566,0.723167264,0.719166399,0.738158624,0.873520974,0.858207478,0.890636615,0.883881612
78,1,5.13E-08,3.37E-07,3.05E-06,5.30E-06,6.26E-06,6.18E-06,5.68E-06,5.15E-06,7.47E-06,6.55E-07,2.71E-06,9.35E-07,1.28E-06,1.41E-06,1.28E-06,1.44E-06,2.54E-06,2.42E-06,1.96E-06,4.28E-06,8.46E-06,0.026830734,0.015823327,0.00170403,0.003238888,0.001999593,0.002602802,0.005882138,0.001882265,0.000470588,5.36E-05,0.000216995,0.001277788,0.00110624,0.001646546,4.01E-05,3.94E-05,0.000265682,0.000352387,0.000369745,0.000767446,0.001912274,0.000503124,0.00059516,0.001925349,0.001004003,0.000462949,0.030414624,0.048910811,0.02784286,0.048335356,0.078730494,0.042494198,0.076351935,0.027243949,0.07272497,0.038238898,0.03673351,0.053332761,0.049276165,0.045904255
78,2,,,,,,,,,,,,,,,,,,,,,,,0.000123629,9.80E-05,0.000127771,,,1.75E-05,1.33E-05,3.29E-05,6.88E-06,,4.36E-05,,1.32E-05,1.30E-05,4.44E-05,6.27E-06,1.70E-06,1.87E-05,2.01E-05,3.68E-05,3.69E-05,6.95E-05,1.22E-05,9.38E-05,6.52E-05,4.38E-05,8.17E-05,0.000372118,0.000135336,0.002205736,6.95E-05,0.000236611,0.000130635,0.000142019,0.000284904,0.000383601,0.00032453,0.000352966,0.000984361
78,3,2.16E-07,2.43E-06,4.26E-07,1.10E-05,1.87E-06,1.87E-06,1.52E-06,8.60E-07,1.02E-06,3.90E-07,4.24E-07,2.73E-07,8.38E-07,3.27E-05,3.86E-06,5.38E-07,0.000204272,1.44E-06,1.24E-06,2.25E-06,8.07E-06,0.025501628,0.016183854,0.00204203,0.003991135,0.002630137,0.002736206,0.005346828,0.001832995,0.000313575,5.22E-05,0.000756879,0.001381065,0.000978761,0.0014521,0.000332769,0.000248628,0.00034546,0.000583287,0.000462487,0.00065278,0.001530884,0.000954792,0.001348712,0.003768785,0.002763915,0.00262342,0.007901209,0.012701442,0.016403088,0.011931365,0.014725056,0.011175161,0.016045334,0.012224009,0.017562357,0.015993541,0.017035951,0.019251001,0.018956664,0.018011984
78,4,,,,,,,,,,,,2.02E-08,4.79E-08,1.80E-08,1.69E-08,1.67E-08,1.31E-08,2.91E-08,1.16E-08,3.91E-08,1.29E-08,3.00E-08,1.93E-08,4.00E-08,4.36E-08,1.78E-06,3.41E-06,2.30E-06,6.14E-06,3.89E-06,2.92E-06,1.55E-05,2.12E-05,1.12E-05,2.44E-05,4.12E-05,9.44E-06,3.94E-06,5.09E-06,8.01E-06,1.93E-05,1.66E-05,2.54E-05,1.25E-05,3.23E-05,2.97E-05,4.82E-05,3.72E-05,2.68E-05,5.36E-05,3.54E-05,5.21E-05,0.000183572,0.000214032,0.000304623,0.000235795,0.000189785,0.000198671,0.000429968,0.000713472,0.000689553
78,5,6.62E-06,4.69E-05,3.59E-05,7.61E-05,3.17E-05,8.95E-05,4.51E-05,0.000108751,5.38E-05,9.03E-06,2.86E-05,5.93E-05,0.000117535,0.000105079,8.98E-05,1.55E-05,0.000541498,2.22E-05,3.14E-06,1.63E-05,5.37E-06,9.82E-06,9.77E-06,1.27E-05,2.85E-06,3.33E-06,3.57E-05,1.18E-05,1.70E-06,6.65E-06,1.37E-05,1.98E-05,3.81E-05,1.31E-05,1.64E-05,1.13E-05,1.25E-05,9.78E-06,3.48E-06,2.26E-06,0.000271891,5.53E-05,0.000245644,0.000136903,9.93E-06,5.38E-06,0.003531061,0.047873103,0.06678421,0.036790009,0.053817658,0.072081798,0.046866229,0.072115498,0.034225958,0.059035689,0.048481592,0.025324415,0.027190535,0.040182141,0.040223612
78,6,7.85E-07,5.92E-06,4.16E-06,6.44E-06,1.44E-05,1.76E-05,1.42E-05,2.29E-05,1.68E-05,1.93E-06,1.65E-05,2.12E-05,2.65E-05,1.94E-05,1.55E-05,1.12E-05,1.13E-05,8.01E-06,9.68E-06,1.40E-05,1.10E-05,0.010595323,0.006320007,0.000760496,0.001356237,0.00096561,0.001046037,0.002250893,0.001319999,0.002107506,6.17E-05,0.000701766,0.002174018,0.001627781,0.002727321,0.000334269,0.000259595,0.000256349,0.000484348,0.000424249,0.000734411,0.001256396,0.000952342,0.001363858,0.003660016,0.002887584,0.00315853,0.023173176,0.035668456,0.02879408,0.030975308,0.041437049,0.034092138,0.046996734,0.026307217,0.043413844,0.038193201,0.031914774,0.039672591,0.042686523,0.038743706
78,7,,,2.86E-13,1.06E-10,7.99E-11,5.25E-11,1.75E-11,4.00E-11,2.24E-11,4.20E-11,1.48E-05,5.25E-06,6.86E-06,8.48E-06,7.52E-06,5.42E-06,5.67E-06,8.47E-06,8.35E-06,1.65E-05,2.16E-06,1.25E-05,1.10E-05,2.25E-05,1.52E-05,5.67E-06,7.05E-06,1.93E-05,7.91E-06,0.002270271,2.26E-05,0.006053314,0.011421513,0.008418738,0.012730023,0.002678739,0.001837015,0.001755086,0.003322757,0.002998715,0.003779337,0.008856673,0.006765807,0.010414268,0.028809022,0.02370837,0.019787185,0.01537026,0.031795102,0.111044593,0.036796559,0.060126997,0.03131361,0.042045887,0.049621107,0.051127242,0.053926148,0.061695245,0.068515078,0.07146546,0.06942465
78,8,6.66E-07,5.39E-06,4.22E-05,7.17E-05,8.23E-05,8.65E-05,7.65E-05,7.02E-05,0.000100893,9.15E-06,4.37E-05,1.53E-05,1.82E-05,3.09E-05,2.36E-05,8.16E-06,5.61E-06,3.63E-06,2.89E-06,1.09E-05,4.84E-06,1.13E-06,1.10E-06,2.84E-06,1.07E-06,8.38E-07,5.63E-05,1.40E-06,3.86E-06,1.18E-05,1.38E-05,7.24E-06,1.77E-05,8.49E-06,8.40E-06,5.91E-06,1.83E-05,1.43E-05,9.36E-06,3.54E-06,0.00156818,0.000128133,0.00143099,0.000744407,1.63E-05,1.13E-05,0.002167046,0.312184431,0.43590108,0.224872671,0.327119239,0.458406621,0.312688877,0.47711078,0.226234978,0.393703938,0.309148817,0.223126398,0.262558978,0.321124561,0.263950563
78,9,5.13E-09,8.81E-08,3.38E-07,5.67E-07,7.47E-07,7.12E-07,9.10E-07,1.02E-06,5.22E-06,4.64E-07,7.89E-07,7.25E-07,1.41E-06,1.12E-06,9.66E-07,9.02E-07,3.68E-06,2.06E-06,2.08E-06,3.17E-06,9.67E-06,0.032884033,0.023732751,0.002757928,0.005067645,0.003447909,0.003797435,0.007608568,0.002506515,0.002297376,7.45E-05,0.045695476,0.03630063,0.020500637,0.016051278,0.02117496,0.016018813,0.015084778,0.03006788,0.024017919,0.028055337,0.059982996,0.041274637,0.053658202,0.144542362,0.118144946,0.091277479,0.084621826,0.153412694,0.497211168,0.193789216,0.176403373,0.156504937,0.193766803,0.180456257,0.184826921,0.182530031,0.191943684,0.206966556,0.208433677,0.196500028
78,10,7.96E-08,5.84E-07,6.49E-06,1.01E-05,4.20E-05,4.86E-05,4.02E-05,4.88E-05,3.09E-05,2.43E-05,4.20E-05,6.34E-05,5.02E-05,4.17E-05,2.26E-05,2.70E-05,8.53E-06,3.27E-06,3.09E-06,4.20E-06,3.49E-06,1.56E-06,1.39E-06,1.90E-06,2.47E-05,0.000313605,0.000548821,0.002040649,0.002308399,0.004756541,4.09E-05,0.000197765,0.000185375,0.000156033,6.80E-05,7.11E-05,9.01E-05,7.77E-05,9.90E-06,0.000139712,0.000138926,4.93E-05,0.000159103,5.71E-05,0.00011002,9.06E-06,1.62E-05,0.004459587,0.00685417,0.00349582,0.01083477,0.011674525,0.003869576,0.003319061,0.002125009,0.006846946,0.002636244,0.00192402,0.00732355,0.004800497,0.003166407
78,11,1.92E-08,1.16E-07,1.46E-06,7.83E-05,2.32E-05,2.35E-05,2.14E-05,2.67E-05,3.98E-05,6.31E-05,7.76E-05,4.56E-05,4.10E-05,0.000268396,1.47E-05,2.03E-05,0.001798353,1.18E-05,1.14E-05,9.91E-06,1.72E-05,5.84E-05,2.03E-05,6.41E-06,0.000131491,0.001232704,0.002070102,0.007949282,0.011068384,0.024667518,0.000198356,0.000162068,0.000109216,7.73E-05,4.76E-05,3.88E-05,7.51E-05,6.59E-05,7.00E-05,9.53E-05,0.000626266,0.000101911,0.000133966,0.000149883,0.000162778,4.94E-05,9.42E-05,0.003767156,0.005509647,0.002949461,0.000382087,0.000891565,0.007254664,0.015089027,0.001970202,0.005870669,0.006887928,0.005163462,0.001537368,0.001837317,0.001442106
78,12,2.01E-06,1.41E-05,1.03E-05,1.36E-05,8.04E-06,2.81E-05,1.23E-05,3.54E-05,1.66E-05,2.74E-06,1.12E-05,2.12E-05,4.25E-05,1.69E-05,3.25E-05,5.96E-06,7.64E-06,9.37E-06,2.82E-06,8.89E-06,4.06E-06,0.000365587,0.000162753,2.82E-05,5.33E-05,1.67E-05,3.01E-05,3.82E-05,1.53E-05,0.000677854,1.05E-05,0.004798737,0.005006787,0.003725917,0.003857424,0.002932302,0.002096452,0.002086976,0.004296279,0.003400664,0.004282941,0.010793764,0.008027804,0.01209187,0.034059614,0.030706704,0.028475343,0.040521101,0.071418964,0.165248316,0.07960218,0.095185596,0.068427941,0.093673133,0.076870071,0.098609274,0.089718945,0.096588714,0.102585114,0.112837884,0.107118161
78,13,1.88E-08,6.05E-07,1.29E-06,1.96E-06,3.75E-06,2.69E-06,2.64E-06,2.42E-06,3.33E-06,4.13E-07,4.74E-06,3.51E-06,7.28E-06,1.05E-05,8.65E-06,4.79E-06,8.44E-06,4.97E-06,6.22E-06,8.09E-06,4.61E-06,0.000283426,0.000615961,0.000103716,0.000172624,9.74E-05,0.000104998,0.000217301,9.52E-05,0.000191527,1.53E-05,8.59E-05,0.000667128,0.000547382,0.000992408,2.93E-05,2.11E-05,3.95E-05,6.84E-05,6.24E-05,0.000166677,0.000210622,0.000188625,0.000178969,0.000343114,0.000155095,0.000840619,0.0231254,0.032949209,0.017277888,0.023215208,0.034311774,0.023154041,0.034992976,0.017112899,0.03098622,0.027523949,0.020356741,0.024106868,0.025925942,0.027438884
78,14,2.04E-07,1.56E-06,2.92E-06,1.69E-05,5.00E-05,5.17E-05,5.02E-05,5.59E-05,6.52E-05,0.000102893,0.000119646,8.03E-05,7.88E-05,9.43E-05,3.36E-05,4.30E-05,0.000246142,3.40E-05,3.44E-05,3.30E-05,3.70E-05,5.23E-05,2.96E-05,2.46E-05,0.000336004,0.004438038,0.007570695,0.027711949,0.039939692,0.089900496,0.000714348,0.000681684,0.0007012,0.00051688,0.000507136,0.000201471,0.000250308,0.00021494,0.000118797,0.000319011,0.000542752,0.000336636,0.000452575,0.000383142,0.001000484,0.000630214,0.001025532,0.010296812,0.015455506,0.010687818,0.012206905,0.017856322,0.013545896,0.017700169,0.00687916,0.008554644,0.008672826,0.007614285,0.009282316,0.009928102,0.014039262
78,15,2.61E-09,1.65E-08,2.95E-07,1.59E-05,4.71E-07,4.64E-07,4.41E-07,4.54E-07,7.39E-07,3.02E-07,5.03E-07,3.11E-07,5.46E-07,3.08E-05,3.53E-07,3.36E-07,0.000266302,1.92E-06,1.25E-06,1.09E-06,2.77E-05,0.10906831,0.067291393,0.008097795,0.016186765,0.011285049,0.011392559,0.023837613,0.007784115,0.000429395,0.000210225,0.000472391,0.000333544,0.000134294,0.00014066,0.000155704,0.000287089,0.000791091,0.001091723,0.000889045,0.002019166,0.004146865,0.001644253,0.002094749,0.006263868,0.002757328,0.00088365,0.003237576,0.004657907,0.004041048,0.004528306,0.00747734,0.004810499,0.007546825,0.00494898,0.007329281,0.006657994,0.005221997,0.005977223,0.006504868,0.005833452
78,16,3.65E-06,2.65E-05,1.88E-05,2.73E-05,1.88E-05,5.18E-05,2.78E-05,3.25E-05,2.23E-05,3.49E-06,1.09E-05,2.01E-05,3.34E-05,1.87E-05,2.52E-05,1.56E-05,6.15E-05,1.67E-05,2.79E-06,7.71E-06,1.73E-05,0.05401241,0.036526357,0.004972231,0.009654205,0.006445287,0.007576618,0.015697742,0.00538544,0.000540797,0.000158591,0.000232391,0.000324633,0.000173746,0.000186306,8.08E-05,9.57E-05,0.000662237,0.000844422,0.000653488,0.001153223,0.003229068,0.001386669,0.001679176,0.004834692,0.001946447,0.00154727,0.046548953,0.067548246,0.034451254,0.054022244,0.086696906,0.051264557,0.079595072,0.035654933,0.058684253,0.050228982,0.039599019,0.048064501,0.046870093,0.046142357
79,1,0.247087951,0.220576454,0.321290427,0.288799541,0.215635409,0.096727609,0.088420247,0.144747214,0.156182272,0.104175457,0.053852259,0.064348418,0.080947355,0.080893135,0.056167337,0.049306092,0.028873329,0.040215069,0.062734152,0.120859925,0.121240102,0.112999485,0.106986658,0.137927122,0.092086509,0.090524881,0.106099985,0.141142979,0.132805903,0.160068586,0.103508432,0.109037626,0.130440946,0.124376274,0.097430716,0.059889673,0.087661497,0.142676158,0.186507308,0.179912263,0.17634081,0.14730856,0.15137754,0.236101181,0.259226169,0.380915,0.556130037,0.380124025,0.518853581,0.209835097,0.35168089,0.477436425,0.391778928,0.379062205,0.246352349,0.466271629,0.509563203,0.703433502,0.765029827,0.726959223,0.943634611
79,2,,,,,,,,,,,,,,,,,,,,,3.27E-05,5.74E-05,0.000190126,0.000520708,0.000257716,1.12E-06,6.96E-05,0.000198345,6.54E-05,0.000231013,7.07E-05,0.000132073,8.33E-05,9.51E-05,0.000105641,1.84E-05,0.000139001,5.24E-05,8.66E-05,0.000140015,8.40E-05,0.000144704,0.000220533,0.000135202,0.000127313,0.000228,0.000280464,0.00025652,0.000170508,0.001060045,0.00077807,0.001102723,0.000885597,0.000794032,0.006533717,0.001067755,0.001570822,0.0008929,0.001194087,0.000938598,0.001773608
79,3,0.292751055,0.282809933,0.308381404,0.293455933,0.340880289,0.245488032,0.271527567,0.284706326,0.266564822,0.256373643,0.293034628,0.269062068,0.339662088,0.353292736,0.356150258,0.379993615,0.399832378,0.412675319,0.517145313,0.574309572,0.648448376,0.566336564,0.556799092,0.516727745,0.597710306,0.579075339,0.582513764,0.696351525,0.624460404,0.52272578,0.503668224,0.400761613,0.374759513,0.408166059,0.336858856,0.291603773,0.354688588,0.390235336,0.459786809,0.373744025,0.295241053,0.331649487,0.335475873,0.444839915,0.404538904,0.46578135,0.51446433,0.387729242,0.39413045,0.315776977,0.37666817,0.396125424,0.332977482,0.33527052,0.284467135,0.346061999,0.278601534,0.238147684,0.307439762,0.244756681,0.207360607
79,4,0.932235708,0.91470298,1.084066814,1.158700851,1.786295088,2.117693426,1.438317441,1.390670755,1.273526822,1.198480278,1.487562184,1.270374067,1.651585117,1.787474179,1.74317374,1.892211453,1.933341794,1.913527155,2.213116564,2.457837456,2.583925597,2.578387709,2.068584632,1.952071743,2.160448766,2.405595496,2.33171968,2.30972501,1.647405221,1.601939064,1.554076044,1.118774407,0.942028989,0.900761469,0.868861345,0.822232381,0.993554275,0.569302581,0.770634062,0.63837474,0.670713258,0.668674321,0.644691601,0.791296348,0.778101794,0.756452094,0.465449918,0.460499024,0.414316041,0.462066339,0.340388495,0.316966992,0.337651824,0.292803071,0.292249974,0.487367468,0.278127305,0.258455885,0.25317715,0.280282531,0.250651297
79,5,1.208566196,1.037088227,1.162692111,1.070189049,1.281036924,0.938359662,1.056414533,1.030475449,0.99036107,0.995478246,1.170356002,0.9793675,1.352197134,1.352350815,1.489219946,1.644804137,1.68661664,1.715649337,2.108035184,2.233238794,2.443646321,2.128520248,1.948344801,1.743773186,1.972483086,2.001856768,1.946558449,2.088057391,1.911793648,1.814076622,1.891885962,1.000528503,0.965367302,0.966105133,0.963783829,0.871423221,1.14220135,1.18380978,1.194213262,0.927832056,0.785622266,0.955801819,0.952421678,1.192854541,1.244356062,1.174738713,0.878603294,1.010315639,1.129725112,0.619286392,0.57682949,0.519458301,0.605835653,0.471880567,0.575238473,1.140496243,0.913715128,1.077623037,0.982899854,0.742775447,0.936782438
79,6,0.926311118,0.791442896,0.937823506,0.88228401,0.995963618,0.752359686,0.845698945,0.912315775,0.779302497,0.573682812,0.766004487,0.76601797,0.969957397,0.968537011,1.074326857,1.188074471,0.873018872,0.89140275,1.137065014,1.225899306,1.333306931,1.257286604,1.110612116,0.979092964,1.075471271,1.059891736,1.044735347,1.154826443,0.927546571,0.962504204,0.92384367,0.70739659,0.660594118,0.604391541,0.66260458,0.597079216,0.724432249,0.699334301,0.766232487,0.677948821,0.635518455,0.626213377,0.72976513,0.971199974,1.0720779,1.127082107,1.372223784,1.033989837,1.269432313,0.780537128,0.820430727,0.704468399,0.672047955,0.724604622,0.86320751,1.254394202,0.958647507,0.960677116,0.832228367,1.178772121,2.268047892
79,7,0.10642051,0.163430371,0.13091947,0.13728297,0.130267651,0.111340744,0.068609788,0.052545757,0.04992086,0.042253153,0.039660095,0.034714548,0.043850396,0.063045394,0.043679196,0.053958542,0.057833308,0.057533714,0.089669628,0.233030227,0.35084442,0.464893899,0.499817098,0.581345339,0.48756613,0.486219438,0.548421221,0.708221548,0.666718751,0.74199438,0.483315169,0.643707874,0.768046713,0.734789878,0.646969614,0.494487782,0.574634734,0.60117309,0.893711041,0.863811458,0.657977304,0.541212907,0.64185159,0.902332214,0.939816332,1.182909791,2.138659827,1.126390221,1.584868968,0.634637243,0.915161791,1.179689528,0.856078643,0.687208395,0.478011806,0.53274663,0.450577059,0.564781263,0.592408581,0.520854831,0.567289579
79,8,0.000241748,0.001292565,0.000442797,0.002110658,0.00074122,0.001137015,0.000903388,0.003189031,0.001115591,0.001421607,0.001566341,0.005371639,0.001150513,0.02706797,0.001397946,0.001347866,0.001474796,0.002239812,0.002669366,0.001775388,0.148330172,0.111773768,0.11427172,0.2208219,0.078917637,0.105766503,0.077649593,0.07760493,0.084085392,0.042266324,0.088211011,0.036582889,0.170122646,0.043872182,0.090040366,0.045865644,0.040437289,0.107997978,0.042495912,0.031101959,0.160298694,0.068267605,0.035695241,0.107059254,0.024112125,0.058412125,0.021368294,0.033917945,0.03781467,0.039572718,0.060350349,0.055273409,0.018768964,0.024169527,0.024656035,0.057266863,0.030732446,0.025658964,0.021587324,0.045246108,0.260043741
79,9,0.422092169,0.378808348,0.460518796,0.427077612,0.466627099,0.312035189,0.338111594,0.360253188,0.362574509,0.331206842,0.36256546,0.311053352,0.448278973,0.46092742,0.470335185,0.535937406,0.557689459,0.586276545,0.753724778,0.81537109,0.891568895,0.854337129,0.76053755,0.692351083,0.81228825,0.818116599,0.823662891,0.892039763,0.697769971,0.731010349,0.744852577,0.522653589,0.467780324,0.417339035,0.416188086,0.354276469,0.493608675,0.453320819,0.47683817,0.387544031,0.32036984,0.377065713,0.412188699,0.579088831,0.640298987,0.249055302,0.44522855,0.259777477,0.366660705,0.134046978,0.182214376,0.206374602,0.157632199,0.088230891,0.074166552,0.584660844,0.070490436,0.090459077,0.095368235,0.083915663,0.091800238
79,10,0.987226532,0.867810452,1.186795403,1.056924352,1.237457832,1.09210685,0.992255847,0.986316251,0.194812982,0.407929688,0.517155103,0.926190944,0.985514339,1.066009425,1.20523565,1.349406875,0.293239507,0.220847586,0.280326501,0.282047136,0.345456666,0.248043405,0.214923624,0.247387668,0.220237898,0.256175578,0.201091608,0.255586829,0.162927707,0.152009877,0.168548242,0.822691078,0.595126066,0.6405158,0.633405435,0.436477315,0.676476143,0.599455435,0.632791968,0.424086309,0.290345423,0.265618985,0.308435162,0.559173559,0.478110039,0.04801968,0.04779655,0.023222802,0.043201291,0.017542193,0.030046437,0.058896087,0.025509702,0.035274952,0.020812783,0.253609321,0.039056797,0.042970223,0.032855822,0.065012281,0.06690889
79,11,1.054387744,0.70969487,0.886452821,0.750770851,0.877336525,0.697077331,0.763690645,0.735764297,1.061064769,1.136733284,1.168387841,0.829096593,1.005481064,1.094700871,1.103045066,1.333280638,1.315757046,1.239704355,1.493427786,1.501858575,1.940767922,1.153983279,1.32254333,1.359034839,1.47563735,1.535325103,1.31419655,2.009616504,2.126281998,1.475687294,1.46280542,1.281194496,1.111031399,1.562030568,1.145307732,1.008226813,1.237058773,1.518153864,1.72758095,1.343359967,1.057354976,1.209619428,1.158764671,1.291902623,1.321859417,1.087353479,1.186973995,1.156260977,1.050009565,1.053676658,1.028783151,0.88749225,0.906833514,0.843342638,1.163460432,1.241641074,1.148625688,0.930749191,1.631227471,1.175532817,0.846886698
79,12,0.016031931,0.023275886,0.02022102,0.021205542,0.019420976,0.009082833,0.007817922,0.008434201,0.007077588,0.005179123,0.005024228,0.005263027,0.00670549,0.015455986,0.006290585,0.008412578,0.007183455,0.008066842,0.016345109,0.046192302,0.078706074,0.087129973,0.096928483,0.111471244,0.088943716,0.080719079,0.090703472,0.125881429,0.123050798,0.138934712,0.106776954,0.112428519,0.13600669,0.134217586,0.109244263,0.083499137,0.097419739,0.122523445,0.201586048,0.190263377,0.148345154,0.118810213,0.141958394,0.19705172,0.211184076,0.302495639,0.573198139,0.297917235,0.413620602,0.100997201,0.067265384,0.039203492,0.016311007,0.016813095,0.011923839,0.01355586,0.007614909,0.007212581,0.0069263,0.013464279,0.076027711
79,13,0.515916321,0.491688491,0.583513926,0.550000421,0.661399881,0.681005418,0.59327613,0.534765201,0.525079126,0.513218909,0.568106533,0.479217284,0.624942141,0.652957841,0.682545696,0.699476716,0.772083733,0.76046359,0.936062751,0.997711669,1.081743155,1.037272693,0.944819621,0.901413653,0.95870887,0.890992225,0.885320978,0.898490707,0.741484526,0.797516718,0.804132279,0.62293262,0.534721792,0.46093575,0.501540399,0.458282897,0.555169713,0.485475203,0.526008432,0.452209305,0.453171126,0.447145183,0.485787932,0.6433362,0.6942654,0.470725666,1.071393211,0.790317803,0.636214982,0.494347186,0.490882344,0.58308506,0.802424815,0.649991956,0.548446817,0.887227776,0.712457919,0.701815591,0.770237393,0.81670272,1.016568953
79,14,2.087362801,1.640329273,2.043769437,1.812783226,2.007971146,1.600539869,1.819220885,1.440402101,1.700973512,1.776786026,1.648033252,1.184927274,1.542475423,1.768959063,1.743609152,2.089941644,2.502519512,2.461199033,3.29696393,3.278779666,3.677592153,2.670689614,2.386818979,2.347815665,2.686012062,3.269811037,2.524684646,3.301673446,2.567622707,2.76162934,2.74164143,2.095031578,1.218841239,1.342125584,1.276896093,0.918180982,1.397079674,1.451410786,1.391574362,1.014142146,0.735770101,0.903047124,0.873667978,1.482103835,1.428729862,4.659746651,6.966799126,7.396673641,7.72164447,3.668866624,6.182653251,5.80885222,6.023793353,4.878771656,4.761621949,1.17749474,5.451623239,4.81785937,5.44570983,4.313371314,4.615714409
79,15,0.289427808,0.242526803,0.367976993,0.326756855,0.275505073,0.242300814,0.203190946,0.298832373,0.33887419,0.2508725,0.141838451,0.182705693,0.216604917,0.223945153,0.170451902,0.145253463,0.15202659,0.173815819,0.222823842,0.257106257,0.318797115,0.244056499,0.278355186,0.289126556,0.3034385,0.31252364,0.308395662,0.434170712,0.466396109,0.297775632,0.264902062,0.262523285,0.272410766,0.3527707,0.269750877,0.263648196,0.25653047,0.297004306,0.385556499,0.293328199,0.258312783,0.260381104,0.249372452,0.260180605,0.262652087,0.274918855,0.280872625,0.263979505,0.237827777,0.248399422,0.221270256,0.195478446,0.221562263,0.225839286,0.271198712,0.276734217,0.297116198,0.245511611,0.37181701,0.287792047,0.242037056
79,16,0.451444837,0.377675441,0.465701294,0.41251083,0.477886608,0.335364313,0.37819263,0.421419547,0.414471219,0.328482692,0.349358999,0.383954224,0.484212521,0.50208449,0.520184997,0.545970803,0.52183325,0.547323821,0.707012828,0.773296877,0.90136772,0.854369396,0.775068596,0.778370938,0.796467287,0.805262591,0.804761712,0.885614232,0.719166771,0.670846176,0.687743959,0.52918395,0.545630532,0.421410783,0.446535377,0.383425684,0.499853254,0.49416496,0.448918461,0.350644738,0.378488771,0.372066429,0.383694756,0.522371471,0.522833023,0.209479827,0.283869543,0.214904812,0.195130063,0.2033743,0.218134626,0.188382735,0.173979784,0.227434401,0.226689806,0.534079599,0.21665696,0.176456502,0.209033756,0.249701035,0.44844955
80,1,0.098393841,0.096285742,0.101547714,0.100506302,0.119961625,0.499211938,0.710687357,0.515150486,0.104859698,0.74215074,0.519683391,1.022528035,0.941830838,0.831614692,0.813489863,0.707140904,0.470438314,0.318153351,0.290363704,0.202742468,0.241414029,0.254155955,0.375118341,0.327916005,0.392137412,0.513204596,0.5912054,0.606358155,0.559978731,0.230938595,0.329423595,0.441596571,0.400582804,0.471436655,0.51873761,0.421733595,0.48045078,0.594153191,0.675597537,0.470161159,0.676973907,0.560450911,0.659022167,0.626509803,0.546885719,0.560442776,0.69528646,0.534104783,0.561774043,0.498427741,0.451489198,0.48017331,0.458608488,0.412811727,0.51913108,0.350900906,0.432521431,0.365370719,0.391130728,0.273389348,0.368934697
80,2,,,,,,,,,,,,,,,,,,,,,,,,,,,,,,,,,,,,,,,,,1.67E-05,3.77E-05,6.99E-05,5.92E-05,,,,,,,,4.11E-07,,,,,,,,,
80,3,0.108850942,0.090470587,0.10594971,0.127625054,0.135618177,0.159490748,0.116148956,0.098705509,0.120133808,0.132460245,0.141288449,0.157311495,0.14682394,0.126596261,0.169734748,0.164315771,0.158080414,0.141607332,0.200761343,0.145765144,0.177601464,0.186580337,0.092618292,0.087727896,0.105857312,0.096994038,0.102869399,0.106314147,0.099705187,0.116893672,0.111757583,0.106823728,0.121534526,0.140203865,0.163058244,0.161626921,0.196099907,0.202974304,0.207251736,0.195344544,0.237158784,0.210303252,0.21888404,0.224968866,0.198226765,0.189094687,0.188082929,0.15975253,0.167464068,0.145677324,0.126216357,0.133810158,0.131968208,0.106082277,0.134788534,0.125072856,0.1354996,0.123406971,0.123117119,0.11630601,0.133590599
80,4,4.58E-06,3.90E-06,3.86E-06,5.37E-06,8.71E-06,1.17E-05,2.61E-06,6.06E-06,1.01E-05,1.49E-05,8.91E-06,1.50E-05,1.57E-05,1.32E-05,1.48E-05,1.28E-05,1.64E-05,1.81E-05,1.56E-05,8.92E-06,2.72E-05,2.85E-05,2.71E-05,2.35E-05,3.16E-05,3.48E-05,2.51E-05,6.93E-05,1.51E-05,5.62E-05,3.56E-05,1.56E-05,2.34E-05,2.63E-05,3.28E-05,4.83E-05,4.68E-05,,5.04E-05,3.81E-05,3.35E-05,3.19E-05,3.91E-05,2.84E-05,4.93E-05,4.30E-05,1.99E-05,2.45E-05,2.26E-05,2.62E-05,6.92E-06,1.79E-05,1.17E-05,1.72E-05,1.20E-05,1.86E-05,2.81E-05,4.17E-05,1.57E-05,2.30E-05,3.33E-05
80,5,0.248952478,0.332609627,0.237685681,0.214990249,0.056087662,0.359331778,0.424332712,0.351675855,0.15623978,0.265845708,0.176933104,0.23591094,0.204411478,0.20624203,0.194540621,0.272036214,0.087175739,0.191742049,0.056046941,0.17735393,0.186727272,0.125685969,0.144045207,0.12749196,0.150588053,0.151046675,0.168837922,0.171327451,0.157205609,0.1467204,0.126814805,0.132213474,0.114840782,0.172453877,0.155611773,0.159067598,0.189626234,0.200364205,0.206435594,0.172452448,0.203454708,0.159591009,0.190033681,0.200959581,0.180092388,0.159521152,0.16981094,0.150456846,0.164709246,0.143452886,0.135054626,0.139406443,0.148414472,0.117493409,0.140050045,0.145793694,0.147638855,0.123478196,0.120735144,0.113738435,0.127015259
80,6,0.214159694,0.508805843,0.279581451,0.222184942,0.174467887,0.284226763,0.322990971,0.328052106,0.144577298,0.247627767,0.297258028,0.277386455,0.242376811,0.23319665,0.249063313,0.261507808,0.152446749,0.226387165,0.128273032,0.194045441,0.312876578,0.188913944,0.215592969,0.186528859,0.215606298,0.2244284,0.249213202,0.251453076,0.213954965,0.209290531,0.207774839,0.214914777,0.208302024,0.241950357,0.260938285,0.2727709,0.307727757,0.3237168,0.332298945,0.285248212,0.340541846,0.289817135,0.305133443,0.320617535,0.286886431,0.272287433,0.272531159,0.23314814,0.258038838,0.228992935,0.187982777,0.19329329,0.190014562,0.156033858,0.186061766,0.170476672,0.181721643,0.151070603,0.164648766,0.159976418,0.180319593
80,7,0.00191517,0.000379259,9.18E-05,0.000730972,5.05E-05,1.03E-05,2.02E-05,3.59E-05,1.50E-05,7.41E-06,0.000142039,0.000111787,0.000263297,3.02E-05,6.07E-06,1.54E-05,9.38E-06,3.14E-05,3.96E-05,0.001884319,0.0004337,0.000923737,0.000458754,0.000380722,0.000444406,0.0033936,0.032804989,0.060960682,0.003819409,0.003459452,0.011232837,0.021707806,0.050809449,0.06793179,0.082562903,0.066504369,0.07611713,0.069735029,0.064368262,0.00196168,0.000810243,0.000787243,0.001110584,0.004937126,0.000350334,0.001078723,0.001855892,0.002307423,0.002435873,0.003173193,0.000250951,0.000288838,0.001301934,0.000920783,0.001089121,0.000379004,0.001270854,0.000135238,0.001368597,0.001291991,0.00603434
80,8,,,,4.79E-05,,,,,,,,,,,,,,,5.44E-06,0.002119453,,,2.15E-07,1.15E-07,1.66E-06,0.000571659,0.000661306,0.000652632,0.000276302,0.000211692,6.35E-05,6.75E-05,6.13E-05,0.000107906,0.000142625,0.000150503,0.000242973,0.00026497,0.00029591,0.000340178,0.000423965,0.000477651,0.000330526,0.000282874,0.000190665,0.001157533,0.002958815,0.002297927,0.000635645,0.004159479,0.000471165,0.000700267,0.000513466,0.000538245,0.002246337,0.000350836,0.0002694,0.00027308,0.002983558,0.001508749,0.000419794
80,9,0.064633677,0.110093563,0.068917067,0.041828883,0.040056134,0.040212613,0.042948971,0.037783395,0.056259744,0.040283857,0.06197055,0.066754447,0.065521415,0.069876303,0.08228888,0.052143448,0.051007843,0.083690067,0.059189923,0.05221188,0.027093362,0.027294418,0.133013503,0.125698526,0.148539185,0.131322459,0.143534937,0.155053457,0.136658412,0.148384805,0.14477553,0.144264377,0.151507934,0.180033175,0.211240148,0.221915299,0.266456061,0.271366302,0.279327305,0.263856532,0.321351475,0.289740971,0.314833688,0.310780394,0.282519768,0.277955779,0.285413585,0.238520713,0.253152836,0.222813269,0.193422899,0.181491803,0.189914103,0.148424044,0.175228761,0.148465889,0.160408404,0.124943021,0.123145669,0.120806937,0.142844482
80,10,0.121904428,0.120928774,0.152521276,0.136420817,0.092704975,0.899249593,1.312075974,0.867454557,0.007846409,1.440220419,0.649127284,1.120317958,1.081790707,1.233739269,1.093295946,0.766788926,0.631274336,0.417952708,0.256543064,0.172831337,0.216252459,0.228539555,0.019001476,0.017157734,0.016935693,0.496142736,0.625529146,0.638547782,0.514345651,0.006351812,0.006681514,0.296481406,0.185594816,0.320992047,0.303469216,0.18781233,0.043843726,0.312400204,0.157464653,0.141281853,0.001040125,0.0015671,0.00206955,0.000819514,0.000604965,6.64E-06,2.00E-06,2.72E-06,2.34E-06,3.05E-06,7.13E-07,1.90E-06,1.42E-06,1.81E-06,1.74E-06,7.87E-05,3.30E-06,5.17E-06,1.68E-06,4.07E-06,6.49E-06
80,11,0.129926536,0.103076452,0.116490974,0.098279986,0.066666149,0.655571389,0.924597959,0.698465403,0.046707815,0.922337936,0.464244324,1.074929773,0.985622711,1.096772169,0.919616072,0.631298577,0.447115873,0.305141582,0.206013951,0.162280938,0.194628035,0.192356697,0.074823731,0.068156992,0.066282843,0.33582888,0.397784066,0.39698979,0.376592387,0.033731011,0.034572765,0.187555757,0.162761509,0.221389245,0.194328741,0.085040808,0.02152846,0.14923385,0.095814501,0.05524533,0.001307559,0.001670521,0.001305376,0.001051083,0.000781637,0.000448686,0.000281639,0.000474328,0.001118559,0.000340756,0.000264941,0.000460895,0.000218332,0.000688041,0.000292179,0.000758961,0.000730514,0.001230614,0.000470817,0.002216004,0.000518507
80,12,0.044051571,0.047296868,0.134272621,0.123767554,0.146185117,0.065957617,0.076101633,0.328170315,0.196857084,0.147853891,0.162641772,0.219190495,0.369037429,0.217839245,0.304358142,0.299243881,0.378010509,0.245876733,0.251945935,0.194320518,0.293865051,0.200301217,0.199338568,0.182927095,0.217402721,0.237598958,0.268579239,0.278806213,0.209870602,0.233005919,0.231419194,0.270615454,0.265359067,0.270924756,0.330199087,0.306960922,0.354933095,0.413704514,0.424635665,0.349925055,0.410671018,0.377785162,0.389213498,0.396191766,0.354001243,0.344105514,0.359958611,0.302378242,0.325054632,0.296021027,0.266852195,0.27646388,0.278911025,0.221229561,0.267801295,0.261572,0.259397186,0.220705901,0.211231226,0.204162298,0.229443961
80,13,0.218402727,0.233433787,0.175089152,0.282932336,0.379105961,0.253868433,0.237397596,0.21881716,0.299082615,0.190279884,0.223086484,0.190337856,0.17319506,0.191776433,0.180158714,0.284328458,0.23458792,0.207423859,0.268198367,0.186002149,0.251085487,0.228903386,0.085276182,0.083121088,0.101856359,0.095205159,0.110059072,0.115581237,0.086415129,0.091710814,0.092366403,0.082153814,0.095169678,0.127179705,0.132559045,0.190139079,0.22623336,0.157527535,0.145015878,0.232035634,0.219651949,0.287183308,0.266115659,0.257546643,0.241829293,0.243007256,0.167705173,0.187996475,0.176476791,0.161349816,0.110396033,0.108478898,0.125183431,0.109129327,0.091503952,0.120647285,0.097745616,0.069125715,0.070706917,0.067044386,0.066978266
80,14,0.322976401,0.301343453,0.318148075,0.308552423,0.233361777,0.152508653,0.14042677,0.142482775,0.162844721,0.130546573,0.120962056,0.131822271,0.119097092,0.139722287,0.148434535,0.174718482,0.191195264,0.238873582,0.255407223,0.288478129,0.317079236,0.295335648,0.278935038,0.263688881,0.275110007,0.254971817,0.269084694,0.214215277,0.164916217,0.164123893,0.164135433,0.159825222,0.179720847,0.168241653,0.163483384,0.430252205,0.179227951,0.182213623,0.103076966,0.378563991,0.140008856,0.13791949,0.218878193,0.186550115,0.248778732,0.179224084,0.183417185,0.187326821,0.174005581,0.161936283,0.123804063,0.116140024,0.154461253,0.099003335,0.163410142,0.121302376,0.132541136,0.083086363,0.101664982,0.094787745,0.080957178
80,15,0.030189255,0.026920203,0.026746095,0.024914964,0.029364197,0.024607314,0.026840208,0.023217107,0.022439345,0.02543535,0.126221056,0.176537616,0.16881681,0.16083609,0.192364847,0.131519922,0.116531787,0.122006175,0.112041335,0.097092781,0.08120111,0.07501436,0.087280017,0.08055991,0.091421293,0.086601679,0.081669887,0.096827197,0.075260191,0.067678536,0.068305713,0.065918893,0.07557281,0.095509328,0.079267826,0.081186069,0.11195359,0.110584151,0.10624884,0.084153735,0.100052363,0.096093048,0.096022528,0.113135354,0.104690678,0.10332876,0.095739806,0.094027143,0.095469702,0.088857744,0.069703056,0.06527565,0.076452115,0.051335842,0.048935419,0.044177869,0.044958288,0.040502866,0.042385791,0.041822135,0.050999382
80,16,0.023505996,0.021484213,0.023060579,0.020760081,0.021783892,0.017141798,0.018027206,0.017367346,0.016270757,0.013672573,0.043770202,0.091093353,0.080067428,0.071262076,0.088483444,0.057039326,0.051886344,0.050029984,0.045212251,0.044765627,0.039506095,0.039281341,0.048255379,0.051549272,0.050502591,0.044946702,0.041335033,0.049971645,0.034946281,0.031174675,0.052086047,0.030027295,0.037967649,0.052415388,0.064329959,0.048972946,0.056135818,0.051010471,0.059122102,0.036622017,0.033902658,0.038066227,0.035384321,0.043296938,0.042498694,0.040737222,0.039010802,0.028012304,0.032643869,0.026519092,0.029972927,0.033415107,0.037693209,0.028877801,0.03606337,0.061737501,0.060278839,0.041607605,0.044712933,0.037788841,0.039953835
81,1,0.268730055,0.197655628,0.267381904,0.261404359,0.317734085,0.292983536,0.289984432,0.271832289,0.215998701,0.204199345,0.167763122,0.14867802,0.885619134,0.169669121,0.168749692,0.482411103,0.206392129,0.17214392,0.177354157,0.180612285,0.224479052,0.231383498,0.319600385,0.243466484,0.224030202,0.189895411,0.062416011,0.054980912,0.064368037,0.104591276,0.143624766,0.134400471,0.140556409,0.200608315,0.151421069,0.148134723,0.163520466,0.249172059,0.218886933,0.205047799,0.30213955,0.403478607,0.414362447,0.307711416,0.431268598,0.428792667,0.246624588,0.384704616,0.30085591,0.320499339,0.382375085,0.394916538,0.731730307,0.569332208,0.693830951,0.822579588,0.126515168,0.156689314,0.155726932,0.281566797,0.253605885
81,2,,,,,,,,,,,,,,,,,,,1.01E-06,,0.002635429,0.000925618,0.002599154,0.004926999,0.004281405,0.065626757,0.092153563,0.977816284,1.004196008,1.340502171,0.972780535,0.743324035,1.545649695,0.741183202,1.4365941,1.15018086,1.408968555,1.296965084,1.322889586,1.903349236,2.227146428,2.506437092,2.370121047,2.059877161,2.028399185,2.584397235,2.530973175,2.521715558,2.15719454,0.024460695,0.022294596,0.027080748,0.020074106,0.067007237,0.025560448,0.084461442,0.091475022,0.03083204,0.028538211,0.028123914,0.047046399
81,3,0.156346631,0.223823407,0.250309937,0.243781394,0.275492909,0.312021049,0.33265952,0.369510771,0.35239898,0.360026503,0.331183147,0.436126571,0.44984586,0.465062269,0.449051768,0.410457369,0.48578503,0.475391164,0.451031311,0.418370873,0.489543586,0.502631082,0.554496924,0.484951879,0.400841487,0.507200189,0.497879783,0.545722591,0.463871598,0.511019738,0.49062332,0.519521594,0.523858719,0.597305598,0.577743157,0.524683527,0.607562871,0.570458015,0.59690594,0.569504704,0.573923187,0.617762285,0.656335708,0.64960698,0.673774406,0.791175668,0.789493538,0.876345567,0.843380787,1.002458275,1.045603767,1.084400939,1.125614243,1.225445562,1.031431373,0.99454194,0.764320569,0.774860391,0.739148729,0.795628041,0.867623116
81,4,2.220489696,2.750080017,2.75952358,4.505137736,3.461654914,3.537642691,4.309450043,4.443237424,3.217556304,3.827914901,3.734817834,4.206745913,4.079264623,5.255077414,5.096186978,5.073324399,5.051476808,5.12467135,5.24524566,5.959019597,6.984699298,6.605367967,6.137977995,6.462555302,6.4452779,7.745574542,7.84772926,7.646664824,7.665547315,7.692337793,6.826154389,7.47571424,6.957727217,7.75993315,7.209920973,5.863925161,7.107287946,4.878653309,5.709745793,5.673525048,5.780309884,5.967802534,5.832122785,5.927362911,5.470964492,5.517532879,5.038345181,5.166559135,5.395792053,5.707043908,5.330039989,5.813185101,5.37052633,6.943164609,6.005951879,6.127991727,5.383139079,5.598400478,5.238739202,5.238607813,5.632921406
81,5,1.468890858,1.423369414,1.557475439,1.515209026,1.646659742,1.689669389,1.654413447,1.577150651,1.50351865,1.477455872,1.494454774,1.497997664,2.163942106,1.549728923,1.540813101,1.6548309,1.623482532,1.597702503,1.536167468,1.506591098,1.623379114,1.530041521,1.670589359,1.549849251,1.49946572,1.390492464,1.045856328,1.037218439,1.121184306,1.189511601,1.153664867,0.95114349,1.028392049,1.053959021,1.147192253,1.241720301,1.275555278,1.314514884,1.31655017,1.268114984,1.315334634,1.379810866,1.337136826,1.331757743,1.40103821,1.769907682,2.000752584,2.056632387,1.887050097,2.167723356,1.895679986,1.889899313,1.634232146,1.944876872,1.722550184,1.800878494,2.072349277,2.076345723,1.806362439,1.622891937,1.741576937
81,6,1.110304142,1.063808619,1.103239455,1.145177785,1.114577987,1.058803226,1.161876425,1.061004006,1.035678503,0.918244355,0.849888227,0.81857428,1.66835154,0.84530103,0.81257719,0.91892924,0.897729053,0.905914123,0.925349068,0.923864615,1.019198068,1.032296436,1.119606569,1.098005665,1.077641415,1.055332413,0.923444099,1.111558091,1.005985265,1.01793532,1.074291094,0.979487793,1.070403046,1.087231956,1.03501516,1.185937128,1.19521083,1.34258011,1.261467256,1.533081612,2.050457768,1.912336803,2.177708641,2.120130841,2.435353214,2.537540716,2.220024621,2.693710657,2.93911075,3.700635593,4.01298353,3.854557662,4.147080207,4.098238954,4.359237456,3.765215886,3.118622176,3.050370832,3.190851015,2.972559782,2.9040359
81,7,0.347446606,0.40613508,0.429378157,0.495025622,0.369541824,0.289078835,0.396814341,0.372823841,0.309172109,0.350333878,1.084104191,1.112484238,3.055845444,1.372936929,1.333144445,1.618301765,1.530721828,1.569321475,1.570146311,1.503384859,1.903547354,0.676178181,0.884723124,0.747959817,0.710814373,0.849076212,0.90006581,0.937242171,0.953466465,0.910706137,0.879287396,1.250316933,1.08198303,1.118067109,1.142153766,1.67128743,1.464382994,1.643166713,1.725008567,1.7514318,1.999125622,2.379309084,2.465072296,2.103384912,2.891341921,3.003591105,2.388970803,2.601388086,2.443248227,2.963051146,3.368482756,3.130244448,3.442010845,3.042392649,2.824164282,2.554806012,5.721390599,5.920085146,4.533802552,4.219913933,4.228929986
81,8,3.573664783,2.841764601,3.813219785,3.645288833,4.273635318,4.190986644,3.890163166,3.753533362,3.032370303,2.863309698,2.489918198,2.507164983,6.041406558,2.999089448,2.693251163,3.373968964,3.652080206,3.525542859,3.466936608,3.287870876,4.074153947,4.208744461,4.562307435,3.930106032,4.059028385,3.623071597,0.710182369,0.601909548,0.805841463,0.849541011,0.829010634,0.946618739,0.959693404,0.810252421,0.909371359,0.900335182,0.804554105,0.79370679,0.860363709,0.806656288,0.808448954,0.848956229,0.967595035,0.941872936,0.988524361,1.111174707,1.030768536,1.133061015,1.118482727,1.195423244,1.223689031,1.210932312,1.205449771,1.172056283,1.336708073,1.684841389,1.51840369,1.428461361,1.422228055,1.383617974,1.247057434
81,9,0.147877213,0.145136281,0.166648612,0.183113872,0.190655985,0.187219464,0.229587047,0.211219138,0.24286087,0.288484405,0.244185422,0.295873821,0.426591918,0.320610055,0.324734344,0.369737593,0.379907229,0.353574074,0.388087372,0.408444776,0.463613336,0.468147027,0.47727642,0.460047334,0.453477241,0.472014247,0.46093055,0.48433567,0.48080736,0.540152072,0.550043816,0.55218722,0.600912817,0.652065338,0.605702285,0.698390806,0.737289212,0.719015268,0.900611597,0.823253855,0.924827214,1.088054554,1.135429664,1.132805024,1.224066117,1.272677386,1.244614009,1.3733438,1.412778251,1.695760263,1.882932898,2.059104642,2.018206646,2.453029864,2.166690445,2.647162034,2.262561596,2.233886996,2.522062468,2.816076881,2.999227894
81,10,0.690247131,0.697339023,0.787125757,0.740336973,0.998967803,1.023480557,1.019685857,0.937068833,0.782136686,0.787037685,0.616718657,0.645632382,1.938941048,0.694377983,0.634016006,0.757656571,0.792392913,0.749204954,0.691801973,0.655229436,0.837150253,1.014676626,1.078690206,0.956561084,0.96969291,0.746439189,0.278041791,0.251193613,0.252543598,0.201865586,0.171390006,0.889135823,1.491948268,1.678276038,1.251229105,1.315169893,2.105617848,1.14664934,1.273393724,1.272666011,1.417634622,1.933675428,2.326991367,1.889090903,1.922964358,1.906790055,1.990913133,2.242265635,2.253683547,2.678493639,2.272259937,2.438679874,2.379830896,4.473166619,2.432235627,2.853806523,2.691039713,2.914995616,2.791341718,3.018516025,3.511628393
81,11,0.506742061,0.822869588,0.784918596,1.789084937,0.837979943,0.804921717,1.357608438,0.418033689,0.581436631,0.662364794,0.401414373,0.41872368,0.561813529,0.377814101,0.327722821,0.356323823,0.3688981,0.317920429,0.338655863,0.317172377,0.428446471,0.42970525,0.449505916,0.452830046,0.42498892,0.387152449,0.399196383,0.422340969,0.450562728,0.45397485,0.395914433,0.446375314,0.587965643,0.623169364,0.386758422,0.427183892,0.57612201,0.327439591,0.313950177,0.417192024,0.331683488,0.362282779,0.365451023,0.395879182,0.564371522,1.345265553,1.792113268,2.017955521,1.635899371,1.771241487,1.256126787,1.037035131,0.887280848,0.925010628,0.781562343,0.907786043,0.834672204,0.825638969,0.892341073,0.997861129,1.041943411
81,12,0.244042382,0.223927818,0.267180384,0.257837922,0.315263582,0.310597386,0.286195417,0.300149889,0.291983995,0.361852573,0.441878862,0.483837147,1.562237675,0.569575995,0.53743543,0.682689538,0.622402671,0.665885365,0.561080276,0.591284662,0.637780666,0.456684392,0.598667787,0.535654456,0.499559403,0.436719862,0.378749506,0.379471542,0.382618419,0.415179037,0.473261684,0.440151,0.741938577,0.792834497,0.481566214,0.538166237,0.430843316,0.502613094,0.518627037,0.482985293,0.665215998,0.865763851,0.82088774,0.741049341,0.825813778,0.853815564,0.766309737,0.880631548,0.873774878,0.826395343,1.152076907,1.265472176,1.229049517,2.720510376,1.337977366,0.654865563,1.229733042,1.201221611,1.319284489,1.403926968,1.608570048
81,13,1.317811748,1.470543856,1.681507401,2.053700551,1.687199331,1.517008167,1.906338708,1.857444936,1.709224676,1.954685542,1.670679338,1.89454287,2.306564179,2.032190643,2.177611609,2.072153379,2.205108566,2.20637258,2.274174614,2.280514038,2.401589347,2.266721322,2.375767512,2.337982488,2.21980149,1.986280344,1.999285893,1.877634974,1.934375268,1.96627415,1.791207,2.023139257,1.925231503,1.989004047,2.063431228,2.419065531,1.967945194,1.564228413,1.862591496,1.914225864,2.079674035,2.010799174,2.090966467,2.139808695,2.140386081,2.143696025,2.431934143,2.414893281,2.561103508,3.150842885,3.185666356,2.911856066,3.00726586,4.575137487,3.213971762,3.586101885,3.538790563,3.539224865,3.489548165,3.664888045,3.728818671
81,14,1.291735534,1.380537691,1.262553762,1.310844412,1.376539939,1.243104769,1.424722739,1.416445803,1.31041768,1.396051738,1.08866889,1.258252867,2.224224954,1.235691609,1.211056793,1.330174999,1.185564465,1.154330531,1.18416786,1.203197141,1.648201206,1.628412453,1.755688577,1.772267809,1.765478178,1.711242132,1.779396654,1.917298818,1.890186886,2.033640109,1.965395549,1.981357753,2.763318227,2.823602088,1.958321053,2.133701448,2.910729312,2.408347441,1.990769914,2.289777339,2.574217148,2.746197262,2.595852285,2.868042841,2.694055984,2.761439516,2.724435572,2.693322329,2.673045776,2.839586476,2.697572147,2.829163698,2.954690458,3.369507466,2.786459939,3.013503397,3.057160368,3.445821508,3.976439524,4.481581055,4.327920545
81,15,0.28486346,0.338247726,0.385773037,0.45401051,0.336760192,0.268044663,0.347804592,0.386672419,0.335339514,0.407523741,0.363233726,0.351942124,0.50477805,0.429120793,0.433021213,0.484337022,0.504330536,0.531695495,0.556283298,0.586131795,0.663990658,0.638484224,0.731723357,0.668486011,0.707796067,0.810355694,0.997681892,1.390673869,1.575920926,1.857760292,1.591812673,1.659778078,1.941942393,1.933574954,2.094369674,1.829075427,1.834939894,1.925546416,1.937103671,2.55077984,2.717259725,2.755286838,2.500008431,2.43815847,2.268651773,2.484275788,2.602282109,2.59221603,2.493915486,1.609427844,1.408513414,1.347162497,1.371717841,1.668469024,1.38080816,1.624897739,1.558369411,1.510918973,1.506566736,1.50895541,1.507031978
81,16,0.39338467,0.309704347,0.406040289,0.359652897,0.504334342,0.47667137,0.447072587,0.470038995,0.434154896,0.369013248,0.336841533,0.34498682,1.68178294,0.41771071,0.445789935,0.616221111,0.481396479,0.500591596,0.496479057,0.484532459,0.626296202,0.669911358,0.825668692,0.707354848,0.685114289,0.589110261,0.259531234,0.266508395,0.265209405,0.319645585,0.249661952,0.266938503,0.315620229,0.316102304,0.324604794,0.331556616,0.365469805,0.361239527,0.38732814,0.389488267,0.43140233,0.404118806,0.489783164,0.484003707,0.517785568,0.529769001,0.45897131,0.559079545,0.572198994,0.854930609,0.800354651,0.825819705,0.972959142,1.36602159,1.022111776,0.92875777,0.929000881,1.004202173,1.119500682,1.263848311,1.242797717
82,1,0.002451742,0.00398568,0.007638984,0.002772312,0.003869087,0.016581091,0.031149703,0.019860517,0.128236761,0.033102106,0.108139,0.061251278,0.075675063,0.052296696,0.062017134,0.029059586,0.047656106,0.017956922,0.028855295,0.037241899,0.146230787,0.23128648,0.410272286,0.40306052,0.532765253,0.595487314,0.664883009,0.524537049,0.483236875,0.375189693,0.30720562,0.340753019,0.295595652,0.456507079,0.377971494,0.346948856,0.431179803,0.464508454,0.382736685,0.35603428,0.48638245,0.508488047,0.471735131,0.521521651,0.526421672,0.408145246,0.371317137,0.536963445,0.576280987,0.663011111,0.541583524,0.567842974,0.733735934,0.574975046,1.189972061,0.823499595,0.220258219,0.151329044,0.15246522,0.203195231,0.257193878
82,2,,,,,,,,,,,,,,,,,,,,,,,,,0.000139695,,,,,,,,1.01E-06,,2.00E-07,,,,,,,,2.56E-09,1.56E-09,,,,,,8.86E-05,,1.68E-10,5.90E-07,1.65E-09,,0.000108782,5.25E-05,5.03E-07,1.33E-06,3.87E-05,2.41E-06
82,3,0.032656015,0.022649954,0.043273895,0.022357104,0.024902946,0.048072872,0.082037339,0.036139977,0.038052982,0.057600728,0.091967428,0.075145948,0.066303123,0.095808999,0.07863082,0.07407501,0.070075944,0.070185648,0.051643485,0.076238965,0.135794075,0.152313582,0.403772366,0.427116699,0.530916513,0.508317692,0.580659733,0.475859638,0.382782447,0.319174551,0.282324776,0.31642756,0.270337348,0.373428305,0.381915999,0.409008519,0.43631077,0.386099913,0.373366291,0.361116027,0.427420947,0.420106699,0.412657522,0.422224238,0.404275023,0.347555141,0.308024583,0.366281764,0.378674971,0.50399841,0.418968986,0.42852552,0.457679759,0.393114549,0.634405739,0.242490947,0.222536052,0.198506476,0.185613159,0.24206826,0.257999372
82,4,5.38E-05,5.11E-05,0.00025018,9.03E-05,0.000205106,0.000120202,0.000114391,0.000106424,0.000220555,0.000256062,0.000212693,9.48E-05,0.000187025,0.000283514,0.00010223,0.000147215,0.000113394,0.000122037,0.000134353,0.000240804,0.000187826,0.000168108,0.000953821,0.000346162,0.000237249,0.000600178,0.000632903,0.001295092,0.002125353,0.000412583,0.000236415,0.000290974,0.000262017,0.000268916,0.000332094,0.000428596,0.000388612,1.55E-06,0.000312694,0.00032615,0.000344139,0.000507873,0.000404273,0.000340364,0.000387082,0.000379855,0.000416757,0.000506929,0.000458807,0.000197823,0.0003788,0.000584682,0.000192,0.000484415,0.000590043,0.000169421,0.000531969,0.00047592,0.000455288,0.000223946,0.000201164
82,5,2.087805526,1.868783393,1.782136687,1.875726686,1.918853405,1.884129109,1.599899986,1.494991314,1.606549791,1.59629426,1.815086819,1.746374263,1.5799957,1.328120929,1.480471309,1.312773296,1.410159959,1.299110635,1.158514491,1.08268956,1.147265571,1.293335433,0.217761773,0.224103358,0.280163398,0.30403524,0.350989936,0.323441387,0.382165605,0.306645498,0.204114508,0.164907417,0.165021925,0.250932938,0.246649971,0.264842607,0.272265139,0.255421801,0.23360495,0.237911263,0.270949373,0.257905756,0.215915994,0.223650607,0.282513581,0.184201932,0.13382346,0.160095274,0.157908381,0.267935224,0.207261704,0.182413058,0.273120162,0.207717941,0.278117006,0.304667472,0.297115548,0.39663616,0.37636966,0.432242204,0.468339761
82,6,1.215580452,1.086312829,1.160821578,1.188419474,1.127882972,1.115332696,0.967682594,0.912081902,1.254076187,1.0608856,1.094681373,1.054943188,1.389816808,0.869614651,1.189822284,0.862033921,0.935986421,0.872416237,0.801770173,0.716830734,1.009183814,1.188374594,1.056402737,1.171654845,1.461355511,0.873940928,0.918789417,0.78517774,0.667304416,0.795035719,0.465789951,0.459631548,0.449662427,0.511095924,0.495826494,0.5987708,0.650794939,0.599340429,0.603258729,0.537338948,0.672417516,0.810063438,0.870150906,1.11375612,0.706052103,0.746499669,0.600585282,0.722194274,0.79328998,0.978468999,0.807118908,0.884734113,0.932833776,0.879188065,1.166329284,0.677375618,0.814741251,0.574870128,1.185918689,0.961049653,1.100583757
82,7,0.002596399,0.002233473,0.002195443,0.002376357,0.002126629,0.003332859,0.001851823,0.001664675,0.001630084,0.001444134,0.003633728,0.005493162,0.001036296,0.00196515,0.001092288,0.007922964,0.005198515,0.001066412,0.010173851,0.001584698,0.184849667,0.338297584,0.17957301,0.221343933,0.330161312,0.439018342,0.298173437,0.318716759,0.258874927,0.106525218,0.193510906,0.282786941,0.399906225,0.212696906,0.210222716,0.287918349,0.397877124,0.276275068,0.574687029,0.518540567,0.635585068,0.810670446,0.977312765,1.159177924,0.245951653,0.551257783,0.871076811,1.107484548,1.203767755,0.921202428,0.889109872,1.068034981,2.015025015,1.671373175,2.914309075,1.3281533,0.930451007,0.105977411,0.893968994,1.256341849,1.430981089
82,8,0.034121032,0.03543168,0.0374679,0.036840406,0.030494815,0.036090563,0.02658344,0.023367075,0.021660742,0.025138926,0.040635443,0.026752475,0.015962933,0.022350059,0.021013878,0.0336033,0.035688597,0.026433588,0.037000616,0.027731807,0.061110633,0.249919393,0.051436362,0.055967205,0.040616281,0.054635453,0.075835075,0.113103985,0.08174307,0.055085098,0.08195702,0.077642928,0.108392737,0.142074549,0.140445302,0.147692562,0.155495762,0.22182565,0.232941364,0.271103812,0.271772365,0.264001873,0.270723991,0.226040388,0.1829365,0.170824308,0.052040477,0.042233251,0.04497737,0.277044398,0.350514409,0.390400035,0.380232509,0.444616901,0.232227433,0.19547943,0.214576736,0.178602154,0.20927322,0.261968779,0.337391037
82,9,0.308692493,0.165379225,0.140357747,0.305175512,0.181656649,0.351137159,0.202716432,0.317869478,0.464990427,0.383564622,0.273446162,0.341265558,0.230985595,0.196455983,0.178311595,0.174602526,0.271426235,0.063722515,0.253919171,0.087375408,0.313591317,0.571379225,0.702847527,0.453619874,0.86060672,0.827746634,0.635188059,0.53520611,0.489309879,0.321734628,0.408541247,0.490891007,0.425545355,0.414801263,0.403398659,0.559105223,0.635456717,0.572561209,0.528148283,0.484055203,0.602236769,0.616463387,0.476908532,0.636538349,0.600534794,0.576029699,0.571795705,0.617350414,0.635873634,0.741036511,0.64641515,0.550572116,0.577944909,0.451270004,0.507875944,0.342228893,0.328993072,0.289984565,0.306739311,0.36021403,0.381646347
82,10,0.002879313,0.003785932,0.009815295,0.00868743,0.013797043,0.013699222,0.013736461,0.01549206,0.006847751,0.010185744,0.01063947,0.01852567,0.01619493,0.015976021,0.181714533,0.173694494,0.047041241,0.027352985,0.033043839,0.029376888,0.109766796,0.247996767,0.032010793,0.040423646,0.041545064,0.179181878,0.188524972,0.135984348,0.115302322,0.025524954,0.024087454,0.112409706,0.140188708,0.167317712,0.172816456,0.595820547,0.157379699,0.106494045,0.145560122,0.123026856,0.104498301,0.124423133,0.121992023,0.088776939,0.091218657,0.009900815,0.002782261,0.004072091,0.002394584,0.004472682,0.003089871,0.003126068,0.004867718,0.003866182,0.007067713,0.057217094,0.007184655,0.004467035,0.003058834,0.005096154,0.006742926
82,11,0.001597917,0.001518565,0.004541245,0.004049526,0.006169927,0.004906465,0.006645878,0.006338534,0.011112192,0.011375841,0.009865671,0.009494798,0.01141867,0.014674092,0.142809614,0.131169507,0.145064351,0.109996987,0.107395884,0.081180264,0.124891065,0.178375666,0.097222894,0.113107912,0.128879773,0.180576861,0.233693099,0.163924706,0.153401285,0.079900437,0.114911097,0.115134001,0.102743824,0.085986096,0.092660944,0.318110182,0.126014857,0.128566451,0.155305085,0.125853038,0.142751617,0.192631798,0.051918206,0.148708138,0.146831356,0.123710865,0.134552297,0.142850489,0.139675789,0.206362885,0.244760496,0.234678062,0.262451501,0.252128122,0.228803986,0.217672344,0.162276847,0.130587022,0.15829884,0.166420536,0.170428169
82,12,0.022323688,0.020804667,0.016854143,0.017074434,0.019073214,0.022271913,0.017406542,0.013564737,0.012431946,0.01402983,0.020480045,0.015789817,0.016433938,0.011030727,0.010932607,0.014020822,0.009520466,0.011289418,0.011209327,0.009900314,0.034676672,0.066677641,0.434400356,0.442369112,0.589495382,0.610382043,0.693268841,0.576642423,0.549802846,0.46073654,0.357668238,0.318414602,0.284228324,0.493827132,0.41971825,0.465193396,0.480418189,0.460124226,0.414564752,0.385900642,0.488453361,0.512552787,0.459218954,0.485449614,0.467936993,0.371590972,0.433536091,0.558037797,0.537036832,0.628212473,0.37259211,0.354003262,0.270604758,0.180562266,0.242425713,0.366548873,0.349036091,0.387320539,0.217880544,0.423653473,0.393331225
82,13,0.034341459,0.038202353,0.0314476,0.010682139,0.018458752,0.019127356,0.031247508,0.043331543,0.018530692,0.022146999,0.047396313,0.038360279,0.039462387,0.025596938,0.020221377,0.009720397,0.008315181,0.007002358,0.010691053,0.009698631,0.04182209,0.068776201,0.101819948,0.112908293,0.150823109,0.168091185,0.169372366,0.149526543,0.144894041,0.111518538,0.098712153,0.101586445,0.107550755,0.126682708,0.114173032,0.124886107,0.145396217,0.142475329,0.156369005,0.139109973,0.17576948,0.207419566,0.251703186,0.325123676,0.140142119,0.186570164,0.11025853,0.139468656,0.158258762,0.204692086,0.173766838,0.210585655,0.240517773,0.232736067,0.415325821,0.25789429,0.238195205,0.086088938,0.207238083,0.190714559,0.181812406
82,14,0.269246681,0.252498419,0.233062497,0.184123877,0.28975693,0.366747809,0.544138135,0.335682107,0.249818866,0.259353717,0.318688769,0.418581503,0.328857683,0.38278166,0.57795684,0.528915464,0.566247285,0.457318822,0.446631578,0.4109228,0.401732223,0.455166572,0.729278104,0.896999574,0.956288313,0.804483947,1.041700465,0.874930516,0.678850675,0.58107011,0.566500128,0.578428979,0.575800284,0.638859765,0.72557023,1.661521096,0.952445196,0.861530249,0.952434996,0.96556772,1.051372121,1.220073712,1.08132645,1.037795902,0.931640566,0.781601166,0.61177475,0.723816871,0.838613571,1.066891459,0.836507004,0.773876222,0.83667746,0.76040373,0.909982189,1.368390234,0.838247056,0.881062247,0.691125229,0.887105389,0.836076355
82,15,0.000960172,0.001858186,0.003572915,0.0010889,0.00130381,0.006425443,0.009787768,0.006384266,0.024979336,0.009266957,0.018984189,0.01426762,0.01448066,0.013486761,0.01472977,0.011841014,0.012685567,0.00852465,0.044280986,0.051960258,0.104449875,0.086310995,0.311220442,0.344844726,0.489802235,0.385683878,0.481593596,0.422935603,0.366017906,0.161159315,0.286178707,0.405075041,0.31157154,0.22647277,0.20717664,0.341238417,0.436794938,0.342540445,0.307662779,0.257776589,0.352526985,0.27960326,0.159482817,0.262742631,0.241059204,0.220233385,0.199485201,0.21226731,0.224988874,0.3194808,0.22912835,0.247909508,0.358959184,0.384269861,0.244086348,0.256618131,0.254181016,0.293612324,0.293022919,0.287918448,0.256509408
82,16,0.002961355,0.004049188,0.007575911,0.004896156,0.012426446,0.028630191,0.054688871,0.017816599,0.035637586,0.028252369,0.047523841,0.040455148,0.033749022,0.049361484,0.054305574,0.05051124,0.038871007,0.02669985,0.042116558,0.050574869,0.107327863,0.168606889,0.171862827,0.204921847,0.21560742,0.221165366,0.220975232,0.205952555,0.167609216,0.107824061,0.105236115,0.171518978,0.178899544,0.150455084,0.179529227,0.185504421,0.241536836,0.195845868,0.235063762,0.229997222,0.263261873,0.297981031,0.324905814,0.376331913,0.240559137,0.322440734,0.183788963,0.190054966,0.190964213,0.381039508,0.298204733,0.295153261,0.269449032,0.309025688,0.507718194,0.235413147,0.39355835,0.248993163,0.437664143,0.462999816,0.43235259
83,1,0.033132993,0.049196856,0.055591392,0.05627837,0.057423436,0.042435086,0.043762025,0.042549107,0.058398568,0.040936584,0.037633604,0.029929651,0.329896685,0.023580601,0.031791681,0.038958094,0.047691041,0.048037702,0.047034896,0.067531935,0.035131128,0.0421863,0.056230611,0.055588599,0.064739851,0.060508246,0.050570466,0.072992576,0.073234576,0.08657786,0.126450167,0.131148855,0.14240466,0.116128466,0.083217915,0.079019401,0.113884873,0.14798594,0.140343928,0.106003302,0.093985756,0.134801008,0.097598191,0.102124241,0.125919031,0.12629886,0.097554491,0.127203011,0.142953171,0.134087779,0.214711573,0.159084189,0.239439941,0.240456349,0.246066004,0.334819426,0.138829441,0.112062284,0.327550872,0.232450624,0.218273554
83,2,,,,,,,,,,,,,,,,,,,,,1.21E-07,1.82E-07,1.06E-05,5.78E-06,4.05E-05,,8.78E-09,4.31E-05,7.60E-05,1.68E-06,2.31E-05,8.43E-08,3.49E-05,2.19E-08,0.000150484,0.000542463,2.25E-05,0.000234015,1.52E-05,2.59E-05,0.000453564,0.000101034,0.001099546,5.02E-05,0.000274748,2.92E-05,6.01E-05,6.60E-05,2.17E-05,0.000153639,0.000144642,0.000974108,0.000238967,0.000281772,0.000114542,0.000414108,0.000310996,0.000914878,0.000693083,0.000488898,0.000716492
83,3,0.025798563,0.024193825,0.027301933,0.039731317,0.03020205,0.025856102,0.022728816,0.018759037,0.019771355,0.018818305,0.017672633,0.060835267,0.105196311,0.10097606,0.059773043,0.058724861,0.072895802,0.088435627,0.086517523,0.128369168,0.098046949,0.126693765,0.121258697,0.113518164,0.125462511,0.118290561,0.099540503,0.125199477,0.135099416,0.127617771,0.19236636,0.160337763,0.175504135,0.138938755,0.111280365,0.109524234,0.115707868,0.116209386,0.121640002,0.107067868,0.088922829,0.098835087,0.099702273,0.121099606,0.120212721,0.105841345,0.098106514,0.104423729,0.102736267,0.108230242,0.131611019,0.119734824,0.139388904,0.118395437,0.128239405,0.110938211,0.077926073,0.078416608,0.097019428,0.071067492,0.083345583
83,4,0.000440368,0.000102493,9.04E-05,0.00010074,0.000114587,6.35E-05,3.47E-05,0.000199435,5.93E-05,0.000286802,0.000430957,0.000261316,0.000165051,0.000247585,0.000141313,0.000255872,0.00019002,0.000409844,0.000204903,0.000167963,0.00026667,0.00040566,0.000301456,0.000400781,0.000724095,0.000710884,0.000261823,0.000588306,0.000175141,0.000308802,0.000161031,0.00016022,0.000344933,0.000160569,0.000349435,0.000967925,0.000381457,7.08E-06,0.001886623,0.000219312,0.000662289,0.000355724,0.000312082,0.000485522,0.000289226,0.000347643,0.000348192,0.000370728,0.000486297,0.000298662,8.97E-05,0.001130592,0.000233642,0.000427884,0.000282803,0.000248466,0.000669268,0.000673546,0.000221877,0.000871418,0.000537314
83,5,0.06341323,0.092044466,0.089683531,0.112087508,0.10141134,0.071554242,0.06726957,0.087848507,0.099211574,0.079662625,0.075215633,0.072798258,0.070646188,0.067492022,0.09312782,0.083377447,0.090159954,0.104101797,0.097994453,0.102124645,0.102430618,0.083308148,0.093179325,0.105951295,0.122042598,0.148808249,0.126720666,0.140807667,0.107253281,0.109780844,0.135284789,0.154930661,0.214652579,0.124397165,0.114655209,0.130770416,0.168737055,0.179249054,0.246227578,0.175425928,0.141446405,0.196413855,0.147115719,0.126620075,0.144695188,0.144163067,0.127097814,0.124768877,0.117287347,0.090534305,0.10055524,0.092949328,0.106692945,0.120047934,0.117872609,0.136792381,0.1183211,0.056419795,0.079028018,0.097760895,0.124785502
83,6,0.016289539,0.025090516,0.023638528,0.029491374,0.027596737,0.019075259,0.025879128,0.0359758,0.032310279,0.024145081,0.034600504,0.036097245,0.02876127,0.028911373,0.066026716,0.057967152,0.035629045,0.072476623,0.063376098,0.098484723,0.067429525,0.067556366,0.107239785,0.088549904,0.132459102,0.126888509,0.091061637,0.162646781,0.086807324,0.091322769,0.181793826,0.177852834,0.165892189,0.182090497,0.161181426,0.151451994,0.136529942,0.144784058,0.151576429,0.196027104,0.222188929,0.196811267,0.226719291,0.265277107,0.275494491,0.294949713,0.413809475,0.300214047,0.42616867,0.335834207,0.490808866,0.355930109,0.357476382,0.279719633,0.475062744,0.473964531,0.626808268,0.462511151,0.247439116,0.28767231,0.28623955
83,7,0.002140079,0.001722793,0.001240481,0.001159503,0.001065783,0.000772753,0.000746637,0.000787066,0.000700408,0.000720019,0.140652973,0.126166112,0.121878041,0.113563623,0.184168725,0.157171276,0.176290394,0.225834643,0.227146651,0.246498017,0.204491705,0.070549388,0.132782497,0.084938258,0.109630549,0.037268844,0.025389688,0.103024632,0.112335266,0.084800141,0.132973186,0.17077113,0.07140465,0.076026383,0.099907323,0.086524073,0.070691293,0.070405197,0.019812361,0.043605139,0.035711792,0.03795787,0.013342382,0.064267697,0.068715187,0.044875747,0.039814355,0.076820744,0.147362792,0.187698214,0.328977801,0.177691424,0.295444965,0.112237793,0.178295555,0.137630603,0.142983261,0.09075549,0.147394623,0.071844254,0.066342824
83,8,0.500202997,0.682635762,0.713073229,0.90487204,0.733803414,0.56528032,0.511942332,0.621239764,0.666434035,0.566811074,0.506911147,0.575760132,0.659686977,0.636758941,0.783286527,0.773824858,0.900767417,1.034439082,1.113197353,1.23731884,0.930464863,0.719302063,0.777147408,0.824104043,1.082778095,1.305788457,1.272114001,1.212881189,1.054599675,0.911178009,0.926968266,1.406539373,1.417482618,0.881302521,1.170419393,0.969651782,1.486332072,1.344851369,1.645831277,1.251078147,1.016557431,1.328191575,1.142521278,1.118656792,1.136597351,1.008282544,0.939602044,1.018178789,0.882861722,0.728246956,0.776336011,0.675993613,0.772009199,0.907642379,0.916049418,0.879172999,0.758413858,0.399629177,0.845012035,0.729337744,0.749768035
83,9,0.008612918,0.009599768,0.013159462,0.016061283,0.01334201,0.012103409,0.011203785,0.011112562,0.012730191,0.011861159,0.012790751,0.017559161,0.045833709,0.023763973,0.024004146,0.023864054,0.031894602,0.036724803,0.037943408,0.044547842,0.027322256,0.032437194,0.045532446,0.040058993,0.048996165,0.038330509,0.042636952,0.049316226,0.053676858,0.040514709,0.097085716,0.111954901,0.094993934,0.065941943,0.061887605,0.051448886,0.07189501,0.07593885,0.096163008,0.087525911,0.075460226,0.098162656,0.089439828,0.094171212,0.105061091,0.091093914,0.100226946,0.12407852,0.145966157,0.120365205,0.140222268,0.112601676,0.134568836,0.123158342,0.118949692,0.118863005,0.09084461,0.062667733,0.114131158,0.102805542,0.108440512
83,10,0.039546173,0.068428893,0.070287735,0.087714161,0.08729223,0.068166971,0.096079869,0.126102669,0.139477174,0.128242467,0.113837188,0.12551702,0.083754937,0.095930838,0.213747322,0.169567281,0.116131488,0.127589164,0.116650393,0.116100897,0.114631885,0.110535342,0.112171626,0.138929868,0.163160634,0.179789168,0.155653408,0.17990791,0.147128765,0.125473912,0.123590272,0.219542845,0.270705587,0.167720931,0.192496509,0.18832715,0.298778155,0.303739835,0.521438456,0.376697577,0.393007142,0.141476649,0.262141603,0.107194257,0.096299416,0.014905725,0.019968148,0.009956543,0.010288656,0.007298727,0.01674161,0.011720367,0.006684251,0.004674759,0.006215207,0.033750501,0.005125727,0.002252997,0.017314462,0.009830824,0.008203812
83,11,0.011010314,0.014868895,0.012526267,0.015577074,0.015785176,0.01087547,0.029869714,0.036034619,0.032161382,0.079552319,0.096356478,0.060693336,0.033706151,0.045234869,0.109670664,0.089109474,0.093920173,0.09737146,0.072319102,0.064443409,0.06003861,0.056449574,0.04106036,0.063454379,0.06361265,0.056106908,0.071514016,0.105347778,0.067667634,0.04546783,0.059557004,0.100042658,0.091277405,0.082731117,0.100609387,0.099209642,0.146182624,0.163393355,0.214995274,0.159345816,0.160502755,0.083904083,0.137366027,0.062176175,0.071258185,0.027638691,0.033037202,0.030651175,0.061421912,0.023327808,0.014879393,0.031766679,0.053829015,0.042533483,0.018746725,0.075230781,0.044920642,0.045825896,0.012087363,0.011424954,0.037645582
83,12,0.017087817,0.022394019,0.018667148,0.023517075,0.021762691,0.01453719,0.014280593,0.01894705,0.021426061,0.017435651,0.038682496,0.035811195,0.03983336,0.031649807,0.049450986,0.043045547,0.048531369,0.057936599,0.057735135,0.061763542,0.051298642,0.031771041,0.048001833,0.040803595,0.049917834,0.04229121,0.034360062,0.052569612,0.044652054,0.039264272,0.117417488,0.119283915,0.114771041,0.076721221,0.047609748,0.055171065,0.068033251,0.07329419,0.081045899,0.066656214,0.057201855,0.082373294,0.055655646,0.061157656,0.058783019,0.066125563,0.059353277,0.068646162,0.087388096,0.065256054,0.062862282,0.048547526,0.050744855,0.06271846,0.063064904,0.073086073,0.056336541,0.027970571,0.069390797,0.059784644,0.070374469
83,13,0.016898876,0.02092437,0.019795376,0.024893975,0.026143158,0.016853129,0.015164837,0.019289659,0.020552241,0.017625822,0.015665598,0.012864546,0.012563608,0.014612397,0.017134276,0.015177313,0.021803728,0.032516958,0.035109649,0.042340457,0.034195722,0.035986554,0.049079027,0.047719916,0.063470591,0.057871183,0.049929651,0.077605201,0.053591899,0.058271628,0.080177737,0.085737791,0.086673163,0.084560127,0.085669452,0.092297841,0.093205567,0.100995139,0.133322205,0.105296558,0.09161189,0.116691164,0.110516926,0.126984528,0.136038348,0.135430393,0.16182343,0.135187336,0.169541303,0.125942559,0.160858637,0.120846594,0.130379359,0.126429245,0.123732311,0.135969883,0.164727328,0.076009539,0.127499181,0.132641255,0.141103414
83,14,0.012810178,0.017463911,0.017727961,0.022497365,0.020574935,0.015497839,0.06093493,0.062367792,0.045983118,0.123744801,0.142778083,0.099219019,0.058618872,0.085300876,0.20712605,0.169090229,0.227104465,0.245489629,0.193317758,0.185379497,0.173032928,0.168357847,0.127013983,0.200436549,0.204029376,0.183731362,0.246344495,0.321950548,0.205440832,0.139401213,0.209112418,0.359845103,0.307933747,0.298343491,0.350837638,0.323107366,0.520111189,0.608559503,0.85806456,0.643236307,0.66942525,0.307443889,0.542773966,0.240365435,0.232216524,0.054541248,0.046761421,0.04806208,0.058323417,0.039396633,0.046878983,0.050530851,0.060857314,0.048106581,0.035170042,0.114787867,0.037197897,0.026452273,0.034076901,0.0281957,0.046469048
83,15,0.001586646,0.00218826,0.003891717,0.002753379,0.002472044,0.001728772,0.002057567,0.002523443,0.003845828,0.003232611,0.002426161,0.001905445,0.010908797,0.001766521,0.002383136,0.002206077,0.002818851,0.004449627,0.003322629,0.003542752,0.003161499,0.004263493,0.016241257,0.018118972,0.01894855,0.011740223,0.014064026,0.028603785,0.038743449,0.01449773,0.05113323,0.05268945,0.048942569,0.027407503,0.025244656,0.022736043,0.039266364,0.04772845,0.043511865,0.032755377,0.027957232,0.041325147,0.038215914,0.03124981,0.045127128,0.033581498,0.036118037,0.049162208,0.048899868,0.035010251,0.037143869,0.032324866,0.052475249,0.081763787,0.0629393,0.083349797,0.040561976,0.038585378,0.04966511,0.046591672,0.030548
83,16,0.050041876,0.064513538,0.067001522,0.081135827,0.074670569,0.056412503,0.054344896,0.066818623,0.073011226,0.059605935,0.053518704,0.060022097,0.051474476,0.056220818,0.074559709,0.068927125,0.065449608,0.082008848,0.08486297,0.094733281,0.088987646,0.080503568,0.100193635,0.11203417,0.138437801,0.144597822,0.134346438,0.158664048,0.14462759,0.136797511,0.180669528,0.215604852,0.261215647,0.19929411,0.194993438,0.199008131,0.242456563,0.254070827,0.307770313,0.260266247,0.252399873,0.308777873,0.282909838,0.304511777,0.291012211,0.23833586,0.240449389,0.229324037,0.255272702,0.174437928,0.210466671,0.180935451,0.207954944,0.265817615,0.225808041,0.236363812,0.220239147,0.13883088,0.225149449,0.196859463,0.197710521
84,1,0.000537933,1.85E-09,3.15E-10,0.000158415,0.00013226,6.63E-10,1.25E-11,2.77E-06,9.07E-07,2.16E-06,6.69E-07,2.33E-07,7.01E-07,9.38E-05,5.24E-06,8.82E-06,0.001374014,1.11E-05,2.63E-05,1.93E-05,0.029500058,0.03228202,0.086762866,0.084512799,0.008808372,0.151859299,0.16454602,0.132554071,0.178492476,0.183923323,0.101784106,0.104084661,0.103746977,0.024649868,0.132355928,0.011675987,0.086755173,0.115957844,0.12127466,0.125153652,0.050858929,0.171754461,0.142016285,0.024475726,0.030239829,0.027912582,0.099329618,0.127595289,0.130849849,0.059601882,0.159538927,0.171225324,0.299902136,0.110582213,0.342331814,0.544614772,1.173358971,1.195128672,1.091584138,1.119495304,0.784302861
84,2,,,,,,,,,,,,,,,,,,,,,,,,,,,,8.50E-05,8.98E-06,6.97E-05,3.25E-07,,1.77E-05,,8.81E-05,9.25E-08,4.68E-05,3.80E-08,2.09E-05,,,,,,,8.27E-05,6.98E-05,9.09E-05,9.49E-05,,,6.73E-10,2.23E-09,,2.04E-09,1.58E-06,3.34E-06,,1.37E-09,6.70E-09,1.23E-07
84,3,0.006508539,0.010473306,0.011287173,0.014517168,0.015385547,0.014786731,0.014133386,0.008865182,0.012880807,0.014835363,0.015003474,0.02010661,0.017591024,0.016659094,0.013652739,0.017666993,0.02131809,0.022059126,0.022978479,0.023030662,0.031632185,0.025600374,0.114702999,0.118063408,0.046483962,0.16792541,0.186761776,0.167898362,0.207698902,0.201577597,0.182325595,0.182585048,0.167649419,0.096490339,0.208116137,0.087904112,0.1549959,0.157484087,0.188249005,0.185557206,0.128262936,0.210143038,0.201313303,0.116379944,0.117611273,0.108199638,0.158244357,0.168732715,0.160424681,0.149538599,0.224639157,0.225337663,0.308665161,0.286544669,0.450220019,0.303985315,0.347437249,0.318958765,0.351284216,0.294628954,0.393577481
84,4,,,,6.62E-12,,1.32E-06,,,8.91E-06,1.18E-05,3.78E-09,,,,,1.12E-10,,2.15E-11,2.28E-10,1.97E-11,9.00E-05,0.000211186,0.000123844,2.97E-05,0.000153581,2.98E-05,1.52E-06,3.38E-05,2.31E-06,,0.000100799,9.45E-05,1.41E-06,0.000305501,0.000134681,9.29E-07,8.16E-10,3.99E-09,2.19E-05,4.49E-09,1.72E-05,2.38E-06,2.26E-06,1.07E-05,6.15E-05,2.48E-05,1.68E-05,1.88E-05,5.82E-06,7.83E-06,6.22E-06,4.67E-06,6.84E-05,1.54E-05,6.51E-06,1.34E-05,1.17E-05,1.43E-05,7.91E-05,2.93E-05,0.00017712
84,5,0.033178739,0.043435841,0.036876614,0.042751097,0.05359684,0.055808089,0.051043184,0.040983112,0.04588911,0.038654228,0.055392932,0.063017228,0.056808738,0.055304889,0.052311653,0.058130272,0.045794791,0.053498161,0.044553107,0.051423314,0.064040785,0.04166916,0.09464997,0.11865637,0.061045739,0.124844298,0.150640419,0.214792242,0.272992279,0.2117299,0.160097511,0.094699131,0.106511759,0.092057155,0.151195609,0.104521809,0.133162332,0.135542782,0.153844171,0.162934513,0.154594525,0.284461265,0.179222385,0.161093037,0.181704816,0.169161508,0.255008427,0.217796734,0.249052251,0.472639681,0.721363027,0.463266751,0.586786555,0.831909722,1.216946546,0.953273824,0.944499513,0.978663873,1.19685639,1.183501097,1.637162131
84,6,0.03994505,0.051853137,0.049520533,0.056786641,0.058471175,0.057769985,0.056058137,0.070964914,0.08494343,0.088185218,0.110564543,0.19966625,0.185002333,0.192888437,0.188547165,0.220301817,0.213815335,0.231864944,0.236590076,0.253411396,0.338614563,0.280401829,0.595459947,0.580623064,0.557036659,0.480832538,0.50489094,0.537866739,0.641170296,0.780031352,0.75735389,0.359851741,0.415609704,0.238196564,0.394527728,0.266526894,0.377492294,0.35769961,0.413460738,0.405090282,0.343409172,0.444043146,0.51778624,0.404343508,0.437587726,0.508000087,0.629441084,0.626711559,0.688315069,0.77872907,0.977625366,0.844324936,0.783308083,1.057132727,1.647196831,1.14558122,1.399124346,1.17055918,1.377098573,1.558901677,1.819916075
84,7,0.001651405,0.001251216,0.000809531,0.000975664,0.000793629,0.001279076,0.00086567,0.000965034,0.001229606,0.000890673,0.000950685,0.000200093,0.000952543,0.000917212,0.001770764,0.000989113,0.000606623,0.001005115,0.001374732,0.00087384,0.144804402,0.113331451,0.069213708,0.059337547,0.098996033,0.129371148,0.101872026,0.107582529,0.253600569,0.309714141,0.455004317,0.466529488,0.453880757,0.385968655,0.193931949,0.127597884,0.193420388,0.16746624,0.220859449,0.219900933,0.312860079,0.304746665,0.401837804,0.290243997,0.094858844,0.280817676,0.014604594,0.076527946,0.066078888,0.196468019,0.344172302,0.31956594,0.558089944,0.237772286,0.941210733,0.482846433,1.079627653,0.725434091,1.168899365,1.03565612,1.191384599
84,8,0.013026237,0.022895684,0.191327656,0.179333501,0.204044369,0.205599329,0.183560609,0.133963246,0.126122425,0.089126128,0.050868033,0.033729618,0.032886707,0.014941092,0.086334772,0.060116504,0.032847914,0.071006226,0.04113646,0.059423365,0.096925133,0.052825284,0.079154662,0.093794598,0.11793002,0.137809643,0.173838584,0.324687649,0.49525103,0.346349823,0.685190565,0.780341769,0.666381738,0.662269595,0.606239975,0.355633852,0.326964862,0.476310201,0.43403257,0.505382937,0.709379329,0.720648417,0.573547212,0.516458252,0.465683232,0.404427022,0.369823751,0.354218946,0.379691342,0.359955557,0.490976039,0.653026096,0.527525541,0.706784507,0.427657086,0.373340462,0.443614624,0.348279125,0.284895341,0.34035259,0.398083928
84,9,0.001885877,0.001213663,0.004078119,0.003920044,0.004310684,0.004208704,0.003854939,0.002988603,0.003127609,0.002611383,0.001671139,0.001380981,0.001360488,0.001101998,0.002116796,0.001966542,0.001467168,0.005341589,0.001499251,0.002623495,0.047091659,0.147359709,0.102861245,0.245288408,0.151611736,0.163426282,0.20050733,0.181805551,0.222366436,0.247107835,0.198211744,0.241394905,0.195770292,0.035868977,0.189026865,0.033445561,0.171124699,0.171004355,0.190299283,0.225869957,0.257614941,0.356384276,0.293964857,0.156995182,0.186107626,0.153209069,0.229078589,0.219886177,0.198006377,0.152465548,0.207746636,0.202798013,0.236972156,0.18834617,0.202704521,0.159815517,0.265844194,0.265754642,0.240009236,0.223996692,0.198369979
84,10,,3.84E-07,1.19E-05,1.91E-05,1.54E-05,3.25E-05,4.42E-05,2.86E-05,8.02E-06,3.07E-05,2.56E-05,4.57E-05,3.88E-05,3.97E-05,0.061503893,0.047277685,0.010383806,0.005467509,0.005630086,0.005643182,0.062385352,0.057592724,0.00481435,0.005347495,0.005194965,0.074458129,0.070102128,0.053347963,0.159649545,0.096081159,0.004771946,0.037133141,0.045876375,0.057552419,0.437253605,0.050026551,0.053874253,0.039759679,0.047034395,0.038679483,0.131267582,0.038204432,0.042029736,0.043161847,0.042823055,2.41E-05,2.63E-05,1.25E-05,1.11E-05,1.88E-05,0.011843166,3.59E-05,0.064532151,0.048562251,2.49E-05,0.027839419,0.000441711,0.000432919,1.34E-05,7.87E-05,1.67E-05
84,11,8.88E-06,1.39E-05,2.88E-05,0.000182078,1.11E-05,3.21E-05,5.48E-05,1.88E-05,3.00E-05,5.10E-05,0.001745592,3.35E-05,0.001042941,0.000700328,0.046273284,0.039044126,0.037479456,0.02487349,0.025043113,0.022860177,0.057669907,0.054142534,0.024401005,0.030087454,0.030482761,0.064341262,0.066826909,0.065413303,0.536634916,0.528528612,0.045397299,0.058512329,0.053017398,0.031443302,0.238527701,0.023816884,0.043933883,0.048978259,0.057361765,0.051777118,0.099450781,0.113485108,0.120677996,0.101022653,0.110766995,0.075544468,0.081020927,0.09198458,0.092426417,0.129090762,0.119291495,0.259060629,0.636766958,0.813485389,1.586472175,1.071257667,0.916933903,0.68727242,1.027427011,0.645240294,1.506985025
84,12,0.010570187,0.013581078,0.013335282,0.016690265,0.016092523,0.018071628,0.021015247,0.017250979,0.015543923,0.014471023,0.015088438,0.017387144,0.016233628,0.014681762,0.010132165,0.015407203,0.012903477,0.014305795,0.014026304,0.015327899,0.030601396,0.02805528,0.132622889,0.13839972,0.03232188,0.217427811,0.248772673,0.267474808,0.427004726,0.348698331,0.512918866,0.435929798,0.415805882,0.218707043,0.284386329,0.061914721,0.144555565,0.189662971,0.234513892,0.280096401,0.242821285,0.406642789,0.250781176,0.130938973,0.122646447,0.139315029,0.291967934,0.348150375,0.281181084,0.353099923,0.430366886,0.525384296,0.333686182,0.442477824,0.69831278,0.605115034,0.575765175,0.501447321,0.532133621,0.369277054,0.336951231
84,13,0.001811713,0.003027761,0.004455002,0.00533471,0.006342699,0.006946366,0.005674768,0.025906548,0.026863939,0.022073279,0.033991082,0.037054119,0.046927581,0.047606942,0.049146502,0.049821386,0.059225463,0.07087851,0.072692106,0.092931566,0.115334303,0.088776932,0.099307009,0.11387236,0.10177476,0.13215364,0.133976595,0.136703343,0.164155762,0.16000703,0.157024899,0.096726982,0.123488438,0.130027491,0.147015702,0.122393709,0.103677931,0.115023374,0.129005114,0.137511498,0.1493258,0.166851379,0.152373579,0.113636615,0.104099893,0.138634969,0.124763672,0.137720293,0.160672,0.168069526,0.21251338,0.181443088,0.158052894,0.185470112,0.403832406,0.299432411,0.395515697,0.266468169,0.320021701,0.332009536,0.380644994
84,14,0.0221671,0.030784269,0.050856422,0.059151448,0.075805008,0.081256185,0.065699021,0.160069228,0.190878445,0.165777371,0.291753436,0.414137998,0.386841376,0.389842969,0.542436913,0.579814691,0.460245919,0.516971321,0.544709651,0.619398241,0.683242718,0.579724499,0.658123722,0.844873151,0.805464547,0.872347557,0.979188254,1.272618785,2.983109868,2.861491819,1.079980153,0.827377447,0.930164547,0.847373397,1.820027943,0.932969818,0.884366561,0.989691697,1.075247966,1.017655322,1.464151235,1.610620708,1.32390242,1.353661036,1.244293216,1.212919448,1.207588031,1.365843201,1.319702145,3.208228118,1.20009499,1.504504614,1.229062231,1.468901483,1.444088148,1.326055824,1.259980655,1.093636355,1.00126862,0.922874386,1.037643286
84,15,0.002304526,3.48E-06,1.60E-06,0.000170727,0.000152984,1.32E-06,4.24E-07,0.187862479,0.254808599,0.288343393,0.376036315,0.488713325,0.458944438,0.511478167,0.476097551,0.64391253,0.64273472,0.749519636,0.758198692,0.817122903,0.952080774,0.839901133,0.858153208,0.868827799,0.913478897,0.969530057,1.00659145,1.015592555,0.9996032,1.042932693,0.978836863,0.59900643,0.625957133,0.430620002,0.58659231,0.341456784,0.449662829,0.418285162,0.42897992,0.435645529,0.537230105,0.527052613,0.31402561,0.235369132,0.216627451,0.189631896,0.278512123,0.292806745,0.228256801,0.321829624,0.345043374,0.320364798,0.228994235,0.300200447,0.515874974,0.539868456,0.517993809,0.504091306,0.446990621,0.381310463,0.536164226
84,16,0.000249622,0.001225396,0.001809999,0.003281554,0.003257651,0.0030751,0.003421608,0.00160974,0.002704755,0.002104707,0.001150584,0.001033238,0.001784216,0.002894807,0.005923516,0.006737349,0.004292993,0.005674855,0.005677218,0.005947238,0.041166689,0.028462194,0.037451022,0.047507813,0.046242049,0.074296081,0.074455317,0.09686911,0.196635298,0.171504584,0.255335736,0.299070774,0.298308347,0.230025751,0.226822138,0.157862495,0.179115498,0.188592687,0.245566817,0.313722837,0.516366862,0.450948935,0.317831779,0.265053102,0.197276258,0.275182584,0.211575775,0.242909053,0.237917772,0.311176743,0.312988925,0.369791513,0.276115999,0.388468035,0.575866135,0.328238525,0.500698702,0.352117075,0.380416905,0.399637689,0.428113993
85,1,1.12E-24,1.05E-24,1.05E-24,1.04E-24,9.89E-25,9.30E-25,9.51E-25,8.94E-25,8.57E-25,8.36E-25,8.18E-25,7.66E-25,7.67E-25,6.82E-25,6.94E-25,9.21E-25,6.36E-25,6.15E-25,5.91E-25,7.25E-25,4.37E-25,4.32E-25,4.26E-25,3.89E-25,5.58E-08,8.70E-08,4.64E-09,2.72E-05,7.78E-07,3.39E-05,1.95E-06,7.62E-05,8.64E-05,3.69E-05,2.95E-05,,8.87E-05,0.000118037,5.56E-07,1.09E-06,3.50E-06,2.86E-06,1.77E-06,,,2.41E-06,6.15E-07,4.36E-06,2.02E-06,1.54E-05,2.06E-05,8.46E-06,3.45E-05,1.81E-05,2.83E-05,4.09E-05,0.000142429,0.000453976,0.000291053,0.000180978,0.000134504
85,3,7.69E-25,7.47E-25,7.31E-25,7.44E-25,7.26E-25,6.97E-25,6.84E-25,6.69E-25,6.45E-25,6.21E-25,6.03E-25,5.67E-25,5.55E-25,5.37E-25,5.06E-25,4.92E-25,4.80E-25,4.56E-25,4.45E-25,4.33E-25,4.17E-25,4.00E-25,3.87E-25,3.69E-25,6.86E-08,1.14E-07,8.72E-09,2.47E-05,8.25E-07,2.73E-05,1.84E-06,7.29E-05,8.43E-05,3.42E-05,2.41E-05,,6.77E-05,6.38E-05,3.40E-07,1.02E-06,1.95E-06,1.17E-06,1.57E-06,2.71E-07,3.79E-07,1.55E-06,4.04E-07,1.16E-06,1.23E-06,3.37E-06,1.81E-05,5.12E-06,2.06E-05,3.76E-05,9.10E-06,8.26E-06,8.22E-06,0.000153658,9.57E-05,1.67E-05,1.46E-05
85,5,4.36E-27,4.22E-27,4.09E-27,4.03E-27,3.83E-27,3.62E-27,3.61E-27,3.40E-27,3.32E-27,3.30E-27,3.20E-27,3.00E-27,2.88E-27,2.71E-27,2.66E-27,2.57E-27,2.46E-27,2.34E-27,2.25E-27,2.18E-27,2.06E-27,1.95E-27,1.86E-27,1.72E-27,,,1.68E-08,,5.98E-13,,,9.05E-08,1.40E-07,,1.99E-08,5.74E-08,2.89E-08,2.89E-09,4.60E-08,3.86E-07,9.65E-08,1.23E-07,1.08E-08,4.08E-08,5.28E-08,,3.48E-09,1.29E-06,1.09E-06,1.52E-06,2.62E-06,7.30E-06,8.82E-05,0.000157565,9.42E-05,6.16E-06,7.54E-05,0.000301345,1.17E-05,4.13E-05,2.92E-05
85,6,1.14E-24,1.12E-24,1.11E-24,1.08E-24,1.04E-24,9.74E-25,9.60E-25,8.93E-25,8.95E-25,9.41E-25,8.57E-25,7.93E-25,7.85E-25,7.55E-25,7.08E-25,6.69E-25,7.12E-25,6.88E-25,6.62E-25,6.38E-25,6.04E-25,5.89E-25,5.65E-25,5.22E-25,2.30E-08,3.84E-08,6.64E-06,1.39E-05,5.32E-05,2.89E-05,4.27E-05,4.01E-05,4.00E-05,2.61E-05,1.39E-05,1.17E-05,1.99E-05,1.81E-05,9.13E-07,1.63E-06,5.41E-06,1.00E-05,1.08E-06,4.87E-07,2.51E-07,5.76E-07,1.54E-07,8.72E-07,1.86E-06,2.07E-06,1.17E-05,3.40E-06,1.56E-05,8.14E-06,1.31E-05,1.20E-05,1.27E-05,8.81E-05,4.60E-05,3.03E-05,1.96E-05
85,7,7.97E-25,7.54E-25,6.64E-25,6.62E-25,6.20E-25,5.62E-25,5.43E-25,5.23E-25,4.75E-25,4.46E-25,3.87E-25,3.59E-25,3.56E-25,3.35E-25,3.35E-25,3.18E-25,3.07E-25,3.15E-25,3.11E-25,3.03E-25,2.93E-25,3.22E-25,3.04E-25,2.99E-25,,,,,,3.03E-05,,9.91E-07,9.40E-06,1.05E-08,,,2.87E-08,4.67E-07,8.80E-06,2.72E-06,1.36E-05,9.16E-06,8.09E-06,2.12E-06,4.53E-06,,,8.19E-06,1.05E-05,2.91E-05,5.68E-05,4.50E-06,6.86E-05,2.00E-05,2.55E-05,4.54E-05,3.73E-05,0.000294699,0.000132536,9.02E-05,4.81E-05
85,8,8.61E-26,8.81E-26,8.73E-26,8.74E-26,7.86E-26,7.88E-26,7.68E-26,7.26E-26,6.83E-26,7.02E-26,6.27E-26,5.79E-26,5.31E-26,5.23E-26,4.94E-26,5.05E-26,5.20E-26,5.15E-26,5.09E-26,5.09E-26,4.84E-26,4.81E-26,4.49E-26,4.20E-26,,,5.57E-07,,,,,2.92E-06,4.21E-06,,8.19E-07,2.35E-06,1.35E-06,1.30E-07,1.55E-06,1.03E-05,2.48E-06,2.96E-06,2.75E-07,1.21E-06,1.40E-06,,2.32E-08,1.96E-07,2.35E-07,1.75E-08,3.02E-06,3.58E-06,2.29E-06,2.09E-06,2.87E-06,2.25E-06,3.08E-06,1.93E-06,4.72E-06,4.18E-06,2.98E-06
85,9,1.36E-24,1.35E-24,1.34E-24,1.35E-24,1.30E-24,1.24E-24,1.22E-24,1.17E-24,1.17E-24,1.12E-24,1.11E-24,1.07E-24,1.07E-24,1.05E-24,9.79E-25,1.00E-24,9.83E-25,9.55E-25,9.33E-25,9.22E-25,9.05E-25,8.82E-25,8.56E-25,8.26E-25,8.70E-08,1.50E-07,7.31E-09,3.51E-05,1.04E-06,3.46E-05,2.72E-06,0.000114562,0.000165876,5.57E-05,4.31E-05,,0.000146153,0.000150999,5.47E-07,1.25E-06,3.12E-06,1.90E-06,1.99E-06,5.76E-08,7.38E-09,2.78E-06,8.07E-07,4.53E-06,1.44E-06,1.91E-06,8.00E-06,3.97E-06,9.28E-06,7.12E-06,9.97E-06,5.71E-06,4.97E-05,7.55E-05,0.000248931,4.13E-05,5.42E-05
85,10,8.97E-25,9.78E-25,1.06E-24,1.03E-24,1.06E-24,1.15E-24,1.26E-24,1.17E-24,1.44E-24,1.39E-24,1.31E-24,9.94E-25,1.01E-24,9.77E-25,9.44E-25,8.98E-25,1.20E-24,1.19E-24,1.11E-24,1.09E-24,1.04E-24,9.87E-25,9.04E-25,8.76E-25,,,2.74E-05,2.49E-05,0.000178121,6.30E-05,0.000134037,0.000517358,2.49E-05,0.000628556,0.000254104,0.000432804,6.19E-06,2.19E-06,8.07E-06,2.93E-06,6.05E-05,0.000263241,1.41E-08,7.84E-06,1.67E-06,,6.87E-10,2.79E-09,3.63E-09,2.72E-10,1.00E-07,9.11E-08,2.83E-08,1.44E-08,2.61E-08,2.05E-06,2.23E-08,1.65E-08,8.59E-08,1.71E-08,7.36E-09
85,11,1.37E-23,1.18E-23,1.14E-23,1.07E-23,1.09E-23,1.03E-23,1.00E-23,1.01E-23,8.53E-24,8.04E-24,7.90E-24,8.24E-24,7.64E-24,7.00E-24,6.34E-24,5.90E-24,5.73E-24,5.35E-24,5.02E-24,4.61E-24,4.44E-24,4.18E-24,3.85E-24,3.65E-24,,,0.000105386,9.71E-05,0.000854568,0.000327096,0.000686175,0.000342275,2.34E-05,0.000303251,0.000129612,0.000203805,2.98E-06,1.24E-06,3.12E-06,1.13E-06,2.28E-05,0.00014298,6.12E-09,3.58E-06,8.49E-07,,4.94E-10,2.34E-09,1.85E-08,2.26E-10,2.83E-09,6.10E-07,3.72E-08,0.000229573,2.85E-07,1.92E-06,1.34E-06,0.000728823,1.11E-05,3.18E-05,4.47E-05
85,12,1.03E-25,1.03E-25,1.02E-25,1.01E-25,9.80E-26,9.25E-26,9.26E-26,9.00E-26,8.86E-26,8.48E-26,8.10E-26,7.73E-26,7.63E-26,7.18E-26,6.89E-26,6.67E-26,6.53E-26,6.36E-26,6.07E-26,5.93E-26,5.61E-26,5.42E-26,5.28E-26,4.99E-26,6.52E-10,5.91E-10,1.03E-07,1.39E-07,6.04E-09,1.58E-07,1.31E-08,2.19E-06,4.56E-06,2.83E-07,3.71E-07,4.39E-07,2.26E-07,1.38E-05,7.57E-07,5.69E-06,4.29E-06,1.63E-06,7.68E-07,2.54E-07,2.53E-06,9.07E-09,2.26E-08,2.44E-06,2.92E-06,1.36E-05,8.60E-06,5.69E-06,1.13E-06,5.52E-06,6.80E-06,6.97E-06,3.28E-05,3.51E-05,1.82E-05,8.62E-06,3.88E-05
85,13,9.45E-26,9.29E-26,9.22E-26,9.20E-26,8.77E-26,8.65E-26,8.42E-26,8.09E-26,7.65E-26,7.42E-26,7.29E-26,6.70E-26,6.55E-26,6.26E-26,6.01E-26,5.59E-26,5.58E-26,5.36E-26,5.34E-26,5.06E-26,4.88E-26,4.74E-26,4.54E-26,4.38E-26,2.81E-09,4.13E-09,2.43E-10,9.76E-07,3.81E-08,1.30E-06,1.69E-07,7.03E-06,1.00E-05,3.64E-06,2.94E-06,,9.51E-06,9.40E-06,1.77E-07,1.33E-07,1.69E-06,4.38E-07,4.36E-07,1.56E-08,,2.53E-07,8.19E-08,3.15E-07,6.60E-07,4.78E-07,4.84E-06,7.52E-07,8.50E-06,4.11E-06,3.57E-06,1.06E-05,8.28E-06,6.49E-05,2.18E-05,1.93E-05,8.71E-06
85,14,3.97E-23,3.88E-23,3.76E-23,3.69E-23,3.56E-23,3.33E-23,3.03E-23,3.14E-23,2.43E-23,2.22E-23,2.21E-23,2.51E-23,2.28E-23,2.02E-23,1.92E-23,1.89E-23,1.45E-23,1.42E-23,1.40E-23,1.35E-23,1.32E-23,1.29E-23,1.25E-23,1.19E-23,,,0.000386388,0.000338623,0.003083841,0.001191343,0.002464469,0.001252248,6.27E-05,0.001127493,0.000479646,0.000767502,1.36E-05,5.36E-06,1.63E-05,1.09E-05,0.000107295,0.000654813,4.64E-06,2.12E-05,1.12E-05,2.30E-08,7.44E-09,4.50E-06,3.25E-06,4.02E-06,7.82E-06,4.70E-06,4.52E-06,5.20E-05,6.35E-06,1.25E-05,1.01E-05,0.00017101,1.15E-05,2.04E-05,1.99E-05
85,15,4.44E-24,4.06E-24,4.11E-24,4.13E-24,3.94E-24,3.40E-24,3.36E-24,3.28E-24,3.16E-24,3.09E-24,2.87E-24,2.66E-24,2.61E-24,2.50E-24,2.27E-24,2.42E-24,2.34E-24,2.24E-24,2.20E-24,2.10E-24,2.05E-24,2.04E-24,2.00E-24,1.84E-24,2.78E-07,4.90E-07,8.97E-07,0.000110442,1.02E-05,0.00010643,1.34E-05,0.000313813,0.000372763,0.000156772,0.000119491,1.59E-06,0.000357769,0.000325769,8.22E-07,3.21E-06,2.08E-06,5.79E-06,4.55E-06,3.83E-07,6.94E-09,8.56E-06,2.25E-06,4.21E-06,5.24E-07,1.43E-05,6.25E-06,4.28E-06,2.75E-07,5.35E-05,1.33E-05,4.24E-06,7.65E-05,0.000320854,0.0006428,2.31E-05,9.97E-05
85,16,1.72E-24,1.65E-24,1.62E-24,1.54E-24,1.56E-24,1.52E-24,1.51E-24,1.46E-24,1.43E-24,1.40E-24,1.36E-24,1.24E-24,1.24E-24,1.23E-24,1.22E-24,1.19E-24,1.19E-24,1.17E-24,1.16E-24,1.15E-24,1.13E-24,1.12E-24,1.10E-24,1.05E-24,1.66E-07,2.79E-07,1.69E-06,7.33E-05,1.51E-05,7.87E-05,1.55E-05,0.000257535,0.000303253,0.000137067,0.000105404,4.24E-06,0.000311882,0.000291413,3.59E-06,5.53E-06,2.83E-06,9.42E-06,5.71E-06,1.64E-06,2.49E-06,7.09E-06,2.21E-06,5.64E-06,3.57E-06,2.23E-05,1.50E-05,2.27E-05,9.88E-06,2.47E-05,5.50E-05,3.74E-05,2.74E-05,0.000246948,0.000729211,2.21E-05,2.47E-05
