Predator,Prey,PredIndex,PreyIndex,Interacts,Mean
"Baleen whales",Imports, 1,0,0,0
"Baleen whales","Baleen whales",1,1,0,0
"Baleen whales","Toothed whales",1,2,0,0
"Baleen whales","Seals",1,3,0,0
"Baleen whales","Seabirds",1,4,0,0
"Baleen whales","Juvenile sharks",1,5,0,0
"Baleen whales","Spurdog",1,6,0,0
"Baleen whales","Large piscivorous sharks",1,7,0,0
"Baleen whales","Small sharks",1,8,0,0
"Baleen whales","Juvenile rays",1,9,0,0
"Baleen whales","Starry ray + others",1,10,0,0
"Baleen whales","Thornback & Spotted ray",1,11,0,0
"Baleen whales","Skate + cuckoo ray",1,12,0,0
"Baleen whales","Juvenile Cod(0-2, 0-40cm)",1,13,0,0
"Baleen whales","Cod (adult)",1,14,0,0
"Baleen whales","Juvenile Whiting (0-1, 0-20cm)",1,15,1,0.002055382
"Baleen whales","Whiting (adult)",1,16,0,0
"Baleen whales","Juvenile Haddock (0-1, 0-20cm)",1,17,0,0
"Baleen whales","Haddock (adult)",1,18,0,0
"Baleen whales","Juvenile Saithe (0-3, 0-40cm)",1,19,0,0
"Baleen whales","Saithe (adult)",1,20,0,0
"Baleen whales","Hake",1,21,0,0
"Baleen whales","Blue whiting",1,22,0,0
"Baleen whales","Norway pout",1,23,1,0.005370846
"Baleen whales","Other gadoids (large)",1,24,0,0
"Baleen whales","Other gadoids (small)",1,25,0,0
"Baleen whales","Monkfish",1,26,0,0
"Baleen whales","Gurnards",1,27,0,0
"Baleen whales","Herring (juvenile 0, 1)",1,28,1,0.0009295695
"Baleen whales","Herring (adult)",1,29,0,0
"Baleen whales","Sprat",1,30,1,0.01043184
"Baleen whales","Mackerel",1,31,1,0.09688181
"Baleen whales","Horse mackerel",1,32,0,0
"Baleen whales","Sandeels",1,33,1,0.6762102
"Baleen whales","Plaice",1,34,0,0
"Baleen whales","Dab",1,35,0,0
"Baleen whales","Long-rough dab",1,36,0,0
"Baleen whales","Flounder",1,37,0,0
"Baleen whales","Sole",1,38,0,0
"Baleen whales","Lemon sole",1,39,0,0
"Baleen whales","Witch",1,40,0,0
"Baleen whales","Turbot and brill",1,41,0,0
"Baleen whales","Megrim",1,42,0,0
"Baleen whales","Halibut",1,43,0,0
"Baleen whales","Dragonets",1,44,0,0
"Baleen whales","Catfish (Wolf-fish)",1,45,0,0
"Baleen whales","Large demersal fish",1,46,0,0
"Baleen whales","Small demersal fish",1,47,0,0
"Baleen whales","Miscellaneous filterfeeding pelagic fish",1,48,1,0.02602795
"Baleen whales","Squid & cuttlefish",1,49,1,0.02602795
"Baleen whales","Fish larvae",1,50,0,0
"Baleen whales","Carnivorous zooplankton",1,51,1,0.0520559
"Baleen whales","Herbivorous & Omnivorous zooplankton (copepods)",1,52,0,0
"Baleen whales","Gelatinous zooplankton",1,53,1,0.1040085
"Baleen whales","Large crabs",1,54,0,0
"Baleen whales","Nephrops",1,55,0,0
"Baleen whales","Epifaunal macrobenthos (mobile grazers)",1,56,0,0
"Baleen whales","Infaunal macrobenthos",1,57,0,0
"Baleen whales","Shrimp",1,58,0,0
"Baleen whales","Small mobile epifauna (swarming crustaceans)",1,59,0,0
"Baleen whales","Small infauna (polychaetes)",1,60,0,0
"Baleen whales","Sessile epifauna",1,61,0,0
"Baleen whales","Meiofauna",1,62,0,0
"Baleen whales","Benthic microflora (incl. Bacteria, protozoa))",1,63,0,0
"Baleen whales","Planktonic microflora (incl. Bacteria, protozoa)",1,64,0,0
"Baleen whales","Phytoplankton",1,65,0,0
"Baleen whales","Detritus - DOM -water column",1,66,0,0
"Baleen whales","Detritus - POM - sediment",1,67,0,0
"Baleen whales","Discards",1,68,0,0
"Toothed whales",Imports, 2,0,0,0
"Toothed whales","Baleen whales",2,1,0,0
"Toothed whales","Toothed whales",2,2,0,0
"Toothed whales","Seals",2,3,0,0
"Toothed whales","Seabirds",2,4,0,0
"Toothed whales","Juvenile sharks",2,5,0,0
"Toothed whales","Spurdog",2,6,0,0
"Toothed whales","Large piscivorous sharks",2,7,0,0
"Toothed whales","Small sharks",2,8,0,0
"Toothed whales","Juvenile rays",2,9,0,0
"Toothed whales","Starry ray + others",2,10,0,0
"Toothed whales","Thornback & Spotted ray",2,11,0,0
"Toothed whales","Skate + cuckoo ray",2,12,0,0
"Toothed whales","Juvenile Cod(0-2, 0-40cm)",2,13,1,0.02489587
"Toothed whales","Cod (adult)",2,14,0,0
"Toothed whales","Juvenile Whiting (0-1, 0-20cm)",2,15,1,0.02069657
"Toothed whales","Whiting (adult)",2,16,1,0.06368943
"Toothed whales","Juvenile Haddock (0-1, 0-20cm)",2,17,1,0.001399768
"Toothed whales","Haddock (adult)",2,18,1,0.003699386
"Toothed whales","Juvenile Saithe (0-3, 0-40cm)",2,19,1,0.05559077
"Toothed whales","Saithe (adult)",2,20,1,0.01259791
"Toothed whales","Hake",2,21,1,0.005599071
"Toothed whales","Blue whiting",2,22,1,0.002499585
"Toothed whales","Norway pout",2,23,1,0.2237629
"Toothed whales","Other gadoids (large)",2,24,1,0.01449759
"Toothed whales","Other gadoids (small)",2,25,1,0.04729215
"Toothed whales","Monkfish",2,26,0,0
"Toothed whales","Gurnards",2,27,0,0
"Toothed whales","Herring (juvenile 0, 1)",2,28,1,0.001099817
"Toothed whales","Herring (adult)",2,29,1,0.003299452
"Toothed whales","Sprat",2,30,1,0.1043827
"Toothed whales","Mackerel",2,31,1,0.01959675
"Toothed whales","Horse mackerel",2,32,1,0.01229796
"Toothed whales","Sandeels",2,33,1,0.2730547
"Toothed whales","Plaice",2,34,0,0
"Toothed whales","Dab",2,35,0,0
"Toothed whales","Long-rough dab",2,36,1,6.598905E-05
"Toothed whales","Flounder",2,37,0,0
"Toothed whales","Sole",2,38,0,0
"Toothed whales","Lemon sole",2,39,0,0
"Toothed whales","Witch",2,40,0,0
"Toothed whales","Turbot and brill",2,41,0,0
"Toothed whales","Megrim",2,42,0,0
"Toothed whales","Halibut",2,43,0,0
"Toothed whales","Dragonets",2,44,1,9.998341E-05
"Toothed whales","Catfish (Wolf-fish)",2,45,0,0
"Toothed whales","Large demersal fish",2,46,0,0
"Toothed whales","Small demersal fish",2,47,1,0.0002999502
"Toothed whales","Miscellaneous filterfeeding pelagic fish",2,48,0,0
"Toothed whales","Squid & cuttlefish",2,49,1,0.1095818
"Toothed whales","Fish larvae",2,50,0,0
"Toothed whales","Carnivorous zooplankton",2,51,0,0
"Toothed whales","Herbivorous & Omnivorous zooplankton (copepods)",2,52,0,0
"Toothed whales","Gelatinous zooplankton",2,53,0,0
"Toothed whales","Large crabs",2,54,0,0
"Toothed whales","Nephrops",2,55,0,0
"Toothed whales","Epifaunal macrobenthos (mobile grazers)",2,56,0,0
"Toothed whales","Infaunal macrobenthos",2,57,0,0
"Toothed whales","Shrimp",2,58,0,0
"Toothed whales","Small mobile epifauna (swarming crustaceans)",2,59,0,0
"Toothed whales","Small infauna (polychaetes)",2,60,0,0
"Toothed whales","Sessile epifauna",2,61,0,0
"Toothed whales","Meiofauna",2,62,0,0
"Toothed whales","Benthic microflora (incl. Bacteria, protozoa))",2,63,0,0
"Toothed whales","Planktonic microflora (incl. Bacteria, protozoa)",2,64,0,0
"Toothed whales","Phytoplankton",2,65,0,0
"Toothed whales","Detritus - DOM -water column",2,66,0,0
"Toothed whales","Detritus - POM - sediment",2,67,0,0
"Toothed whales","Discards",2,68,0,0
"Seals",Imports, 3,0,0,0
"Seals","Baleen whales",3,1,0,0
"Seals","Toothed whales",3,2,0,0
"Seals","Seals",3,3,0,0
"Seals","Seabirds",3,4,0,0
"Seals","Juvenile sharks",3,5,0,0
"Seals","Spurdog",3,6,0,0
"Seals","Large piscivorous sharks",3,7,0,0
"Seals","Small sharks",3,8,0,0
"Seals","Juvenile rays",3,9,0,0
"Seals","Starry ray + others",3,10,0,0
"Seals","Thornback & Spotted ray",3,11,0,0
"Seals","Skate + cuckoo ray",3,12,0,0
"Seals","Juvenile Cod(0-2, 0-40cm)",3,13,1,0.03160289
"Seals","Cod (adult)",3,14,1,0.06360583
"Seals","Juvenile Whiting (0-1, 0-20cm)",3,15,1,0.004300394
"Seals","Whiting (adult)",3,16,1,0.06890631
"Seals","Juvenile Haddock (0-1, 0-20cm)",3,17,1,0.0003000275
"Seals","Haddock (adult)",3,18,1,0.01180108
"Seals","Juvenile Saithe (0-3, 0-40cm)",3,19,1,0.003300302
"Seals","Saithe (adult)",3,20,1,0.03130287
"Seals","Hake",3,21,0,0
"Seals","Blue whiting",3,22,0,0
"Seals","Norway pout",3,23,0,0
"Seals","Other gadoids (large)",3,24,1,0.06970639
"Seals","Other gadoids (small)",3,25,1,0.02780255
"Seals","Monkfish",3,26,1,0.01040095
"Seals","Gurnards",3,27,0,0
"Seals","Herring (juvenile 0, 1)",3,28,1,8.600788E-06
"Seals","Herring (adult)",3,29,1,0.006100558
"Seals","Sprat",3,30,1,0.002800256
"Seals","Mackerel",3,31,0,0
"Seals","Horse mackerel",3,32,1,0.01240114
"Seals","Sandeels",3,33,1,0.3013276
"Seals","Plaice",3,34,1,0.06150563
"Seals","Dab",3,35,1,0.04940452
"Seals","Long-rough dab",3,36,1,0.01060097
"Seals","Flounder",3,37,1,0.01140104
"Seals","Sole",3,38,1,0.03670336
"Seals","Lemon sole",3,39,1,0.0240022
"Seals","Witch",3,40,1,0.02500229
"Seals","Turbot and brill",3,41,1,0.01060097
"Seals","Megrim",3,42,1,0.01100101
"Seals","Halibut",3,43,0,0
"Seals","Dragonets",3,44,1,0.01060097
"Seals","Catfish (Wolf-fish)",3,45,0,0
"Seals","Large demersal fish",3,46,0,0
"Seals","Small demersal fish",3,47,1,0.1035095
"Seals","Miscellaneous filterfeeding pelagic fish",3,48,0,0
"Seals","Squid & cuttlefish",3,49,0,0
"Seals","Fish larvae",3,50,0,0
"Seals","Carnivorous zooplankton",3,51,0,0
"Seals","Herbivorous & Omnivorous zooplankton (copepods)",3,52,0,0
"Seals","Gelatinous zooplankton",3,53,0,0
"Seals","Large crabs",3,54,0,0
"Seals","Nephrops",3,55,0,0
"Seals","Epifaunal macrobenthos (mobile grazers)",3,56,0,0
"Seals","Infaunal macrobenthos",3,57,0,0
"Seals","Shrimp",3,58,0,0
"Seals","Small mobile epifauna (swarming crustaceans)",3,59,0,0
"Seals","Small infauna (polychaetes)",3,60,0,0
"Seals","Sessile epifauna",3,61,0,0
"Seals","Meiofauna",3,62,0,0
"Seals","Benthic microflora (incl. Bacteria, protozoa))",3,63,0,0
"Seals","Planktonic microflora (incl. Bacteria, protozoa)",3,64,0,0
"Seals","Phytoplankton",3,65,0,0
"Seals","Detritus - DOM -water column",3,66,0,0
"Seals","Detritus - POM - sediment",3,67,0,0
"Seals","Discards",3,68,0,0
"Seabirds",Imports, 4,0,1,0.3366663
"Seabirds","Baleen whales",4,1,0,0
"Seabirds","Toothed whales",4,2,0,0
"Seabirds","Seals",4,3,0,0
"Seabirds","Seabirds",4,4,0,0
"Seabirds","Juvenile sharks",4,5,0,0
"Seabirds","Spurdog",4,6,0,0
"Seabirds","Large piscivorous sharks",4,7,0,0
"Seabirds","Small sharks",4,8,0,0
"Seabirds","Juvenile rays",4,9,0,0
"Seabirds","Starry ray + others",4,10,0,0
"Seabirds","Thornback & Spotted ray",4,11,0,0
"Seabirds","Skate + cuckoo ray",4,12,0,0
"Seabirds","Juvenile Cod(0-2, 0-40cm)",4,13,1,0.00319968
"Seabirds","Cod (adult)",4,14,0,0
"Seabirds","Juvenile Whiting (0-1, 0-20cm)",4,15,1,0.00079992
"Seabirds","Whiting (adult)",4,16,0,0
"Seabirds","Juvenile Haddock (0-1, 0-20cm)",4,17,1,0.00049995
"Seabirds","Haddock (adult)",4,18,0,0
"Seabirds","Juvenile Saithe (0-3, 0-40cm)",4,19,0,0
"Seabirds","Saithe (adult)",4,20,0,0
"Seabirds","Hake",4,21,0,0
"Seabirds","Blue whiting",4,22,0,0
"Seabirds","Norway pout",4,23,0,0
"Seabirds","Other gadoids (large)",4,24,0,0
"Seabirds","Other gadoids (small)",4,25,1,0.00239976
"Seabirds","Monkfish",4,26,0,0
"Seabirds","Gurnards",4,27,0,0
"Seabirds","Herring (juvenile 0, 1)",4,28,1,0.00179982
"Seabirds","Herring (adult)",4,29,1,0.01549845
"Seabirds","Sprat",4,30,1,0.03509649
"Seabirds","Mackerel",4,31,1,0.01549845
"Seabirds","Horse mackerel",4,32,1,0.00709929
"Seabirds","Sandeels",4,33,1,0.230377
"Seabirds","Plaice",4,34,0,0
"Seabirds","Dab",4,35,0,0
"Seabirds","Long-rough dab",4,36,0,0
"Seabirds","Flounder",4,37,0,0
"Seabirds","Sole",4,38,0,0
"Seabirds","Lemon sole",4,39,0,0
"Seabirds","Witch",4,40,0,0
"Seabirds","Turbot and brill",4,41,0,0
"Seabirds","Megrim",4,42,0,0
"Seabirds","Halibut",4,43,0,0
"Seabirds","Dragonets",4,44,0,0
"Seabirds","Catfish (Wolf-fish)",4,45,0,0
"Seabirds","Large demersal fish",4,46,0,0
"Seabirds","Small demersal fish",4,47,0,0
"Seabirds","Miscellaneous filterfeeding pelagic fish",4,48,0,0
"Seabirds","Squid & cuttlefish",4,49,0,0
"Seabirds","Fish larvae",4,50,0,0
"Seabirds","Carnivorous zooplankton",4,51,1,0.04909509
"Seabirds","Herbivorous & Omnivorous zooplankton (copepods)",4,52,1,0.09129088
"Seabirds","Gelatinous zooplankton",4,53,0,0
"Seabirds","Large crabs",4,54,0,0
"Seabirds","Nephrops",4,55,0,0
"Seabirds","Epifaunal macrobenthos (mobile grazers)",4,56,0,0
"Seabirds","Infaunal macrobenthos",4,57,0,0
"Seabirds","Shrimp",4,58,0,0
"Seabirds","Small mobile epifauna (swarming crustaceans)",4,59,0,0
"Seabirds","Small infauna (polychaetes)",4,60,0,0
"Seabirds","Sessile epifauna",4,61,0,0
"Seabirds","Meiofauna",4,62,0,0
"Seabirds","Benthic microflora (incl. Bacteria, protozoa))",4,63,0,0
"Seabirds","Planktonic microflora (incl. Bacteria, protozoa)",4,64,0,0
"Seabirds","Phytoplankton",4,65,0,0
"Seabirds","Detritus - DOM -water column",4,66,0,0
"Seabirds","Detritus - POM - sediment",4,67,0,0
"Seabirds","Discards",4,68,1,0.2106789
"Juvenile sharks",Imports, 5,0,0,0
"Juvenile sharks","Baleen whales",5,1,0,0
"Juvenile sharks","Toothed whales",5,2,0,0
"Juvenile sharks","Seals",5,3,0,0
"Juvenile sharks","Seabirds",5,4,0,0
"Juvenile sharks","Juvenile sharks",5,5,0,0
"Juvenile sharks","Spurdog",5,6,0,0
"Juvenile sharks","Large piscivorous sharks",5,7,0,0
"Juvenile sharks","Small sharks",5,8,0,0
"Juvenile sharks","Juvenile rays",5,9,0,0
"Juvenile sharks","Starry ray + others",5,10,0,0
"Juvenile sharks","Thornback & Spotted ray",5,11,0,0
"Juvenile sharks","Skate + cuckoo ray",5,12,0,0
"Juvenile sharks","Juvenile Cod(0-2, 0-40cm)",5,13,0,0
"Juvenile sharks","Cod (adult)",5,14,0,0
"Juvenile sharks","Juvenile Whiting (0-1, 0-20cm)",5,15,1,0.0004000399
"Juvenile sharks","Whiting (adult)",5,16,1,0.01920192
"Juvenile sharks","Juvenile Haddock (0-1, 0-20cm)",5,17,0,0
"Juvenile sharks","Haddock (adult)",5,18,0,0
"Juvenile sharks","Juvenile Saithe (0-3, 0-40cm)",5,19,0,0
"Juvenile sharks","Saithe (adult)",5,20,0,0
"Juvenile sharks","Hake",5,21,0,0
"Juvenile sharks","Blue whiting",5,22,1,0.00350035
"Juvenile sharks","Norway pout",5,23,1,0.0731073
"Juvenile sharks","Other gadoids (large)",5,24,0,0
"Juvenile sharks","Other gadoids (small)",5,25,1,0.00260026
"Juvenile sharks","Monkfish",5,26,0,0
"Juvenile sharks","Gurnards",5,27,0,0
"Juvenile sharks","Herring (juvenile 0, 1)",5,28,1,0.00050005
"Juvenile sharks","Herring (adult)",5,29,1,0.06260625
"Juvenile sharks","Sprat",5,30,1,0.02310231
"Juvenile sharks","Mackerel",5,31,1,0.01370137
"Juvenile sharks","Horse mackerel",5,32,0,0
"Juvenile sharks","Sandeels",5,33,1,0.01440144
"Juvenile sharks","Plaice",5,34,0,0
"Juvenile sharks","Dab",5,35,1,0.006700669
"Juvenile sharks","Long-rough dab",5,36,0,0
"Juvenile sharks","Flounder",5,37,0,0
"Juvenile sharks","Sole",5,38,0,0
"Juvenile sharks","Lemon sole",5,39,0,0
"Juvenile sharks","Witch",5,40,0,0
"Juvenile sharks","Turbot and brill",5,41,0,0
"Juvenile sharks","Megrim",5,42,0,0
"Juvenile sharks","Halibut",5,43,0,0
"Juvenile sharks","Dragonets",5,44,1,0.0010001
"Juvenile sharks","Catfish (Wolf-fish)",5,45,0,0
"Juvenile sharks","Large demersal fish",5,46,0,0
"Juvenile sharks","Small demersal fish",5,47,1,0.010001
"Juvenile sharks","Miscellaneous filterfeeding pelagic fish",5,48,1,0.00370037
"Juvenile sharks","Squid & cuttlefish",5,49,1,0.01230123
"Juvenile sharks","Fish larvae",5,50,0,0
"Juvenile sharks","Carnivorous zooplankton",5,51,1,0.01990199
"Juvenile sharks","Herbivorous & Omnivorous zooplankton (copepods)",5,52,0,0
"Juvenile sharks","Gelatinous zooplankton",5,53,1,0.02690269
"Juvenile sharks","Large crabs",5,54,1,0.02810281
"Juvenile sharks","Nephrops",5,55,1,0.007400739
"Juvenile sharks","Epifaunal macrobenthos (mobile grazers)",5,56,1,0.3341334
"Juvenile sharks","Infaunal macrobenthos",5,57,1,0.05970597
"Juvenile sharks","Shrimp",5,58,1,0.0781078
"Juvenile sharks","Small mobile epifauna (swarming crustaceans)",5,59,1,0.06910691
"Juvenile sharks","Small infauna (polychaetes)",5,60,1,0.1207121
"Juvenile sharks","Sessile epifauna",5,61,1,0.00860086
"Juvenile sharks","Meiofauna",5,62,1,0.00050005
"Juvenile sharks","Benthic microflora (incl. Bacteria, protozoa))",5,63,0,0
"Juvenile sharks","Planktonic microflora (incl. Bacteria, protozoa)",5,64,0,0
"Juvenile sharks","Phytoplankton",5,65,0,0
"Juvenile sharks","Detritus - DOM -water column",5,66,0,0
"Juvenile sharks","Detritus - POM - sediment",5,67,0,0
"Juvenile sharks","Discards",5,68,0,0
"Spurdog",Imports, 6,0,0,0
"Spurdog","Baleen whales",6,1,0,0
"Spurdog","Toothed whales",6,2,0,0
"Spurdog","Seals",6,3,0,0
"Spurdog","Seabirds",6,4,0,0
"Spurdog","Juvenile sharks",6,5,0,0
"Spurdog","Spurdog",6,6,1,0.02104882
"Spurdog","Large piscivorous sharks",6,7,0,0
"Spurdog","Small sharks",6,8,0,0
"Spurdog","Juvenile rays",6,9,0,0
"Spurdog","Starry ray + others",6,10,0,0
"Spurdog","Thornback & Spotted ray",6,11,0,0
"Spurdog","Skate + cuckoo ray",6,12,0,0
"Spurdog","Juvenile Cod(0-2, 0-40cm)",6,13,0,0
"Spurdog","Cod (adult)",6,14,0,0
"Spurdog","Juvenile Whiting (0-1, 0-20cm)",6,15,1,0.002473236
"Spurdog","Whiting (adult)",6,16,1,0.1188206
"Spurdog","Juvenile Haddock (0-1, 0-20cm)",6,17,1,0.0002546907
"Spurdog","Haddock (adult)",6,18,1,0.006104157
"Spurdog","Juvenile Saithe (0-3, 0-40cm)",6,19,0,0
"Spurdog","Saithe (adult)",6,20,0,0
"Spurdog","Hake",6,21,0,0
"Spurdog","Blue whiting",6,22,1,0.0214698
"Spurdog","Norway pout",6,23,1,0.09892945
"Spurdog","Other gadoids (large)",6,24,0,0
"Spurdog","Other gadoids (small)",6,25,1,0.1317656
"Spurdog","Monkfish",6,26,0,0
"Spurdog","Gurnards",6,27,0,0
"Spurdog","Herring (juvenile 0, 1)",6,28,1,0.001768101
"Spurdog","Herring (adult)",6,29,1,0.1873345
"Spurdog","Sprat",6,30,1,0.04083471
"Spurdog","Mackerel",6,31,1,0.08187991
"Spurdog","Horse mackerel",6,32,1,0.01936491
"Spurdog","Sandeels",6,33,1,0.03862458
"Spurdog","Plaice",6,34,1,0.04746509
"Spurdog","Dab",6,35,1,0.006840867
"Spurdog","Long-rough dab",6,36,0,0
"Spurdog","Flounder",6,37,0,0
"Spurdog","Sole",6,38,0,0
"Spurdog","Lemon sole",6,39,0,0
"Spurdog","Witch",6,40,1,0.006840867
"Spurdog","Turbot and brill",6,41,0,0
"Spurdog","Megrim",6,42,0,0
"Spurdog","Halibut",6,43,0,0
"Spurdog","Dragonets",6,44,1,0.02694249
"Spurdog","Catfish (Wolf-fish)",6,45,0,0
"Spurdog","Large demersal fish",6,46,0,0
"Spurdog","Small demersal fish",6,47,1,0.01062965
"Spurdog","Miscellaneous filterfeeding pelagic fish",6,48,0,0
"Spurdog","Squid & cuttlefish",6,49,1,0.0231537
"Spurdog","Fish larvae",6,50,0,0
"Spurdog","Carnivorous zooplankton",6,51,1,0.005577937
"Spurdog","Herbivorous & Omnivorous zooplankton (copepods)",6,52,0,0
"Spurdog","Gelatinous zooplankton",6,53,1,0.03757214
"Spurdog","Large crabs",6,54,1,0.01399746
"Spurdog","Nephrops",6,55,1,0.0107349
"Spurdog","Epifaunal macrobenthos (mobile grazers)",6,56,1,0.009366725
"Spurdog","Infaunal macrobenthos",6,57,1,0.008314284
"Spurdog","Shrimp",6,58,1,0.02031211
"Spurdog","Small mobile epifauna (swarming crustaceans)",6,59,0,0
"Spurdog","Small infauna (polychaetes)",6,60,1,0.001578661
"Spurdog","Sessile epifauna",6,61,0,0
"Spurdog","Meiofauna",6,62,0,0
"Spurdog","Benthic microflora (incl. Bacteria, protozoa))",6,63,0,0
"Spurdog","Planktonic microflora (incl. Bacteria, protozoa)",6,64,0,0
"Spurdog","Phytoplankton",6,65,0,0
"Spurdog","Detritus - DOM -water column",6,66,0,0
"Spurdog","Detritus - POM - sediment",6,67,0,0
"Spurdog","Discards",6,68,0,0
"Large piscivorous sharks",Imports, 7,0,0,0
"Large piscivorous sharks","Baleen whales",7,1,0,0
"Large piscivorous sharks","Toothed whales",7,2,0,0
"Large piscivorous sharks","Seals",7,3,0,0
"Large piscivorous sharks","Seabirds",7,4,0,0
"Large piscivorous sharks","Juvenile sharks",7,5,1,0.06071215
"Large piscivorous sharks","Spurdog",7,6,1,0.01010202
"Large piscivorous sharks","Large piscivorous sharks",7,7,0,0
"Large piscivorous sharks","Small sharks",7,8,1,0.05061013
"Large piscivorous sharks","Juvenile rays",7,9,1,0.06071215
"Large piscivorous sharks","Starry ray + others",7,10,0,0
"Large piscivorous sharks","Thornback & Spotted ray",7,11,0,0
"Large piscivorous sharks","Skate + cuckoo ray",7,12,0,0
"Large piscivorous sharks","Juvenile Cod(0-2, 0-40cm)",7,13,0,0
"Large piscivorous sharks","Cod (adult)",7,14,0,0
"Large piscivorous sharks","Juvenile Whiting (0-1, 0-20cm)",7,15,0,0
"Large piscivorous sharks","Whiting (adult)",7,16,0,0
"Large piscivorous sharks","Juvenile Haddock (0-1, 0-20cm)",7,17,0,0
"Large piscivorous sharks","Haddock (adult)",7,18,0,0
"Large piscivorous sharks","Juvenile Saithe (0-3, 0-40cm)",7,19,0,0
"Large piscivorous sharks","Saithe (adult)",7,20,0,0
"Large piscivorous sharks","Hake",7,21,0,0
"Large piscivorous sharks","Blue whiting",7,22,0,0
"Large piscivorous sharks","Norway pout",7,23,1,0.1013203
"Large piscivorous sharks","Other gadoids (large)",7,24,0,0
"Large piscivorous sharks","Other gadoids (small)",7,25,1,0.009801961
"Large piscivorous sharks","Monkfish",7,26,0,0
"Large piscivorous sharks","Gurnards",7,27,1,0.04880977
"Large piscivorous sharks","Herring (juvenile 0, 1)",7,28,1,0.0009001801
"Large piscivorous sharks","Herring (adult)",7,29,1,0.1018204
"Large piscivorous sharks","Sprat",7,30,0,0
"Large piscivorous sharks","Mackerel",7,31,1,0.1542309
"Large piscivorous sharks","Horse mackerel",7,32,0,0
"Large piscivorous sharks","Sandeels",7,33,0,0
"Large piscivorous sharks","Plaice",7,34,1,0.06161233
"Large piscivorous sharks","Dab",7,35,1,0.06161233
"Large piscivorous sharks","Long-rough dab",7,36,0,0
"Large piscivorous sharks","Flounder",7,37,0,0
"Large piscivorous sharks","Sole",7,38,0,0
"Large piscivorous sharks","Lemon sole",7,39,0,0
"Large piscivorous sharks","Witch",7,40,0,0
"Large piscivorous sharks","Turbot and brill",7,41,0,0
"Large piscivorous sharks","Megrim",7,42,0,0
"Large piscivorous sharks","Halibut",7,43,0,0
"Large piscivorous sharks","Dragonets",7,44,1,0.05431087
"Large piscivorous sharks","Catfish (Wolf-fish)",7,45,0,0
"Large piscivorous sharks","Large demersal fish",7,46,0,0
"Large piscivorous sharks","Small demersal fish",7,47,1,0.01080216
"Large piscivorous sharks","Miscellaneous filterfeeding pelagic fish",7,48,0,0
"Large piscivorous sharks","Squid & cuttlefish",7,49,1,0.2052411
"Large piscivorous sharks","Fish larvae",7,50,0,0
"Large piscivorous sharks","Carnivorous zooplankton",7,51,0,0
"Large piscivorous sharks","Herbivorous & Omnivorous zooplankton (copepods)",7,52,0,0
"Large piscivorous sharks","Gelatinous zooplankton",7,53,0,0
"Large piscivorous sharks","Large crabs",7,54,0,0
"Large piscivorous sharks","Nephrops",7,55,0,0
"Large piscivorous sharks","Epifaunal macrobenthos (mobile grazers)",7,56,1,0.007401481
"Large piscivorous sharks","Infaunal macrobenthos",7,57,0,0
"Large piscivorous sharks","Shrimp",7,58,0,0
"Large piscivorous sharks","Small mobile epifauna (swarming crustaceans)",7,59,0,0
"Large piscivorous sharks","Small infauna (polychaetes)",7,60,0,0
"Large piscivorous sharks","Sessile epifauna",7,61,0,0
"Large piscivorous sharks","Meiofauna",7,62,0,0
"Large piscivorous sharks","Benthic microflora (incl. Bacteria, protozoa))",7,63,0,0
"Large piscivorous sharks","Planktonic microflora (incl. Bacteria, protozoa)",7,64,0,0
"Large piscivorous sharks","Phytoplankton",7,65,0,0
"Large piscivorous sharks","Detritus - DOM -water column",7,66,0,0
"Large piscivorous sharks","Detritus - POM - sediment",7,67,0,0
"Large piscivorous sharks","Discards",7,68,0,0
"Small sharks",Imports, 8,0,0,0
"Small sharks","Baleen whales",8,1,0,0
"Small sharks","Toothed whales",8,2,0,0
"Small sharks","Seals",8,3,0,0
"Small sharks","Seabirds",8,4,0,0
"Small sharks","Juvenile sharks",8,5,0,0
"Small sharks","Spurdog",8,6,0,0
"Small sharks","Large piscivorous sharks",8,7,0,0
"Small sharks","Small sharks",8,8,0,0
"Small sharks","Juvenile rays",8,9,0,0
"Small sharks","Starry ray + others",8,10,0,0
"Small sharks","Thornback & Spotted ray",8,11,0,0
"Small sharks","Skate + cuckoo ray",8,12,0,0
"Small sharks","Juvenile Cod(0-2, 0-40cm)",8,13,0,0
"Small sharks","Cod (adult)",8,14,0,0
"Small sharks","Juvenile Whiting (0-1, 0-20cm)",8,15,1,0.00010001
"Small sharks","Whiting (adult)",8,16,1,0.00590059
"Small sharks","Juvenile Haddock (0-1, 0-20cm)",8,17,0,0
"Small sharks","Haddock (adult)",8,18,0,0
"Small sharks","Juvenile Saithe (0-3, 0-40cm)",8,19,0,0
"Small sharks","Saithe (adult)",8,20,0,0
"Small sharks","Hake",8,21,0,0
"Small sharks","Blue whiting",8,22,1,0.0740074
"Small sharks","Norway pout",8,23,1,0.02110211
"Small sharks","Other gadoids (large)",8,24,0,0
"Small sharks","Other gadoids (small)",8,25,1,0.01030103
"Small sharks","Monkfish",8,26,0,0
"Small sharks","Gurnards",8,27,1,0.00040004
"Small sharks","Herring (juvenile 0, 1)",8,28,0,0
"Small sharks","Herring (adult)",8,29,1,0.00540054
"Small sharks","Sprat",8,30,1,0.01380138
"Small sharks","Mackerel",8,31,1,0.00470047
"Small sharks","Horse mackerel",8,32,0,0
"Small sharks","Sandeels",8,33,1,0.01110111
"Small sharks","Plaice",8,34,1,0.0020002
"Small sharks","Dab",8,35,1,0.00590059
"Small sharks","Long-rough dab",8,36,1,0.00210021
"Small sharks","Flounder",8,37,0,0
"Small sharks","Sole",8,38,1,0.0020002
"Small sharks","Lemon sole",8,39,0,0
"Small sharks","Witch",8,40,0,0
"Small sharks","Turbot and brill",8,41,0,0
"Small sharks","Megrim",8,42,0,0
"Small sharks","Halibut",8,43,0,0
"Small sharks","Dragonets",8,44,1,0.01660166
"Small sharks","Catfish (Wolf-fish)",8,45,0,0
"Small sharks","Large demersal fish",8,46,0,0
"Small sharks","Small demersal fish",8,47,1,0.00250025
"Small sharks","Miscellaneous filterfeeding pelagic fish",8,48,1,0.00410041
"Small sharks","Squid & cuttlefish",8,49,1,0.0260026
"Small sharks","Fish larvae",8,50,0,0
"Small sharks","Carnivorous zooplankton",8,51,1,0.00120012
"Small sharks","Herbivorous & Omnivorous zooplankton (copepods)",8,52,0,0
"Small sharks","Gelatinous zooplankton",8,53,0,0
"Small sharks","Large crabs",8,54,1,0.1142114
"Small sharks","Nephrops",8,55,1,0.01880188
"Small sharks","Epifaunal macrobenthos (mobile grazers)",8,56,1,0.3033303
"Small sharks","Infaunal macrobenthos",8,57,1,0.1820182
"Small sharks","Shrimp",8,58,1,0.0370037
"Small sharks","Small mobile epifauna (swarming crustaceans)",8,59,1,0.04130413
"Small sharks","Small infauna (polychaetes)",8,60,1,0.07530753
"Small sharks","Sessile epifauna",8,61,1,0.00870087
"Small sharks","Meiofauna",8,62,1,0.01010101
"Small sharks","Benthic microflora (incl. Bacteria, protozoa))",8,63,0,0
"Small sharks","Planktonic microflora (incl. Bacteria, protozoa)",8,64,0,0
"Small sharks","Phytoplankton",8,65,0,0
"Small sharks","Detritus - DOM -water column",8,66,0,0
"Small sharks","Detritus - POM - sediment",8,67,0,0
"Small sharks","Discards",8,68,0,0
"Juvenile rays",Imports, 9,0,0,0
"Juvenile rays","Baleen whales",9,1,0,0
"Juvenile rays","Toothed whales",9,2,0,0
"Juvenile rays","Seals",9,3,0,0
"Juvenile rays","Seabirds",9,4,0,0
"Juvenile rays","Juvenile sharks",9,5,0,0
"Juvenile rays","Spurdog",9,6,0,0
"Juvenile rays","Large piscivorous sharks",9,7,0,0
"Juvenile rays","Small sharks",9,8,0,0
"Juvenile rays","Juvenile rays",9,9,0,0
"Juvenile rays","Starry ray + others",9,10,0,0
"Juvenile rays","Thornback & Spotted ray",9,11,0,0
"Juvenile rays","Skate + cuckoo ray",9,12,0,0
"Juvenile rays","Juvenile Cod(0-2, 0-40cm)",9,13,1,0.002
"Juvenile rays","Cod (adult)",9,14,0,0
"Juvenile rays","Juvenile Whiting (0-1, 0-20cm)",9,15,0,0
"Juvenile rays","Whiting (adult)",9,16,0,0
"Juvenile rays","Juvenile Haddock (0-1, 0-20cm)",9,17,0,0
"Juvenile rays","Haddock (adult)",9,18,0,0
"Juvenile rays","Juvenile Saithe (0-3, 0-40cm)",9,19,0,0
"Juvenile rays","Saithe (adult)",9,20,0,0
"Juvenile rays","Hake",9,21,0,0
"Juvenile rays","Blue whiting",9,22,0,0
"Juvenile rays","Norway pout",9,23,1,0.0106
"Juvenile rays","Other gadoids (large)",9,24,0,0
"Juvenile rays","Other gadoids (small)",9,25,1,0.015
"Juvenile rays","Monkfish",9,26,0,0
"Juvenile rays","Gurnards",9,27,0,0
"Juvenile rays","Herring (juvenile 0, 1)",9,28,0,0
"Juvenile rays","Herring (adult)",9,29,0,0
"Juvenile rays","Sprat",9,30,1,0.0001
"Juvenile rays","Mackerel",9,31,0,0
"Juvenile rays","Horse mackerel",9,32,0,0
"Juvenile rays","Sandeels",9,33,1,0.3959
"Juvenile rays","Plaice",9,34,0,0
"Juvenile rays","Dab",9,35,1,0.0029
"Juvenile rays","Long-rough dab",9,36,1,0.0012
"Juvenile rays","Flounder",9,37,0,0
"Juvenile rays","Sole",9,38,0,0
"Juvenile rays","Lemon sole",9,39,0,0
"Juvenile rays","Witch",9,40,0,0
"Juvenile rays","Turbot and brill",9,41,0,0
"Juvenile rays","Megrim",9,42,0,0
"Juvenile rays","Halibut",9,43,0,0
"Juvenile rays","Dragonets",9,44,0,0
"Juvenile rays","Catfish (Wolf-fish)",9,45,0,0
"Juvenile rays","Large demersal fish",9,46,0,0
"Juvenile rays","Small demersal fish",9,47,1,0.0009
"Juvenile rays","Miscellaneous filterfeeding pelagic fish",9,48,0,0
"Juvenile rays","Squid & cuttlefish",9,49,1,0.0005000001
"Juvenile rays","Fish larvae",9,50,0,0
"Juvenile rays","Carnivorous zooplankton",9,51,1,0.008200001
"Juvenile rays","Herbivorous & Omnivorous zooplankton (copepods)",9,52,0,0
"Juvenile rays","Gelatinous zooplankton",9,53,0,0
"Juvenile rays","Large crabs",9,54,1,0.09600001
"Juvenile rays","Nephrops",9,55,0,0
"Juvenile rays","Epifaunal macrobenthos (mobile grazers)",9,56,1,0.06570001
"Juvenile rays","Infaunal macrobenthos",9,57,1,0.0032
"Juvenile rays","Shrimp",9,58,1,0.0526
"Juvenile rays","Small mobile epifauna (swarming crustaceans)",9,59,1,0.2394
"Juvenile rays","Small infauna (polychaetes)",9,60,1,0.1016
"Juvenile rays","Sessile epifauna",9,61,0,0
"Juvenile rays","Meiofauna",9,62,1,0.0042
"Juvenile rays","Benthic microflora (incl. Bacteria, protozoa))",9,63,0,0
"Juvenile rays","Planktonic microflora (incl. Bacteria, protozoa)",9,64,0,0
"Juvenile rays","Phytoplankton",9,65,0,0
"Juvenile rays","Detritus - DOM -water column",9,66,0,0
"Juvenile rays","Detritus - POM - sediment",9,67,0,0
"Juvenile rays","Discards",9,68,0,0
"Starry ray + others",Imports, 10,0,0,0
"Starry ray + others","Baleen whales",10,1,0,0
"Starry ray + others","Toothed whales",10,2,0,0
"Starry ray + others","Seals",10,3,0,0
"Starry ray + others","Seabirds",10,4,0,0
"Starry ray + others","Juvenile sharks",10,5,0,0
"Starry ray + others","Spurdog",10,6,0,0
"Starry ray + others","Large piscivorous sharks",10,7,0,0
"Starry ray + others","Small sharks",10,8,0,0
"Starry ray + others","Juvenile rays",10,9,1,0.00019998
"Starry ray + others","Starry ray + others",10,10,0,0
"Starry ray + others","Thornback & Spotted ray",10,11,0,0
"Starry ray + others","Skate + cuckoo ray",10,12,0,0
"Starry ray + others","Juvenile Cod(0-2, 0-40cm)",10,13,1,0.02809719
"Starry ray + others","Cod (adult)",10,14,0,0
"Starry ray + others","Juvenile Whiting (0-1, 0-20cm)",10,15,1,0.00279972
"Starry ray + others","Whiting (adult)",10,16,1,0.00449955
"Starry ray + others","Juvenile Haddock (0-1, 0-20cm)",10,17,1,0.0005999401
"Starry ray + others","Haddock (adult)",10,18,0,0
"Starry ray + others","Juvenile Saithe (0-3, 0-40cm)",10,19,0,0
"Starry ray + others","Saithe (adult)",10,20,0,0
"Starry ray + others","Hake",10,21,0,0
"Starry ray + others","Blue whiting",10,22,0,0
"Starry ray + others","Norway pout",10,23,1,0.110589
"Starry ray + others","Other gadoids (large)",10,24,0,0
"Starry ray + others","Other gadoids (small)",10,25,1,0.04689531
"Starry ray + others","Monkfish",10,26,0,0
"Starry ray + others","Gurnards",10,27,1,0.00039996
"Starry ray + others","Herring (juvenile 0, 1)",10,28,1,0.00029997
"Starry ray + others","Herring (adult)",10,29,1,0.008399161
"Starry ray + others","Sprat",10,30,1,0.00019998
"Starry ray + others","Mackerel",10,31,0,0
"Starry ray + others","Horse mackerel",10,32,0,0
"Starry ray + others","Sandeels",10,33,1,0.4936507
"Starry ray + others","Plaice",10,34,0,0
"Starry ray + others","Dab",10,35,1,0.02769723
"Starry ray + others","Long-rough dab",10,36,1,0.01949805
"Starry ray + others","Flounder",10,37,0,0
"Starry ray + others","Sole",10,38,1,0.00129987
"Starry ray + others","Lemon sole",10,39,0,0
"Starry ray + others","Witch",10,40,1,9.999001E-05
"Starry ray + others","Turbot and brill",10,41,0,0
"Starry ray + others","Megrim",10,42,0,0
"Starry ray + others","Halibut",10,43,1,0.00019998
"Starry ray + others","Dragonets",10,44,1,0.00549945
"Starry ray + others","Catfish (Wolf-fish)",10,45,0,0
"Starry ray + others","Large demersal fish",10,46,1,0.00019998
"Starry ray + others","Small demersal fish",10,47,1,0.009399061
"Starry ray + others","Miscellaneous filterfeeding pelagic fish",10,48,0,0
"Starry ray + others","Squid & cuttlefish",10,49,1,0.00169983
"Starry ray + others","Fish larvae",10,50,0,0
"Starry ray + others","Carnivorous zooplankton",10,51,1,0.00019998
"Starry ray + others","Herbivorous & Omnivorous zooplankton (copepods)",10,52,0,0
"Starry ray + others","Gelatinous zooplankton",10,53,0,0
"Starry ray + others","Large crabs",10,54,1,0.06439357
"Starry ray + others","Nephrops",10,55,0,0
"Starry ray + others","Epifaunal macrobenthos (mobile grazers)",10,56,1,0.04689531
"Starry ray + others","Infaunal macrobenthos",10,57,1,0.0019998
"Starry ray + others","Shrimp",10,58,1,0.01079892
"Starry ray + others","Small mobile epifauna (swarming crustaceans)",10,59,1,0.08129188
"Starry ray + others","Small infauna (polychaetes)",10,60,1,0.03219679
"Starry ray + others","Sessile epifauna",10,61,0,0
"Starry ray + others","Meiofauna",10,62,0,0
"Starry ray + others","Benthic microflora (incl. Bacteria, protozoa))",10,63,0,0
"Starry ray + others","Planktonic microflora (incl. Bacteria, protozoa)",10,64,0,0
"Starry ray + others","Phytoplankton",10,65,0,0
"Starry ray + others","Detritus - DOM -water column",10,66,0,0
"Starry ray + others","Detritus - POM - sediment",10,67,0,0
"Starry ray + others","Discards",10,68,0,0
"Thornback & Spotted ray",Imports, 11,0,0,0
"Thornback & Spotted ray","Baleen whales",11,1,0,0
"Thornback & Spotted ray","Toothed whales",11,2,0,0
"Thornback & Spotted ray","Seals",11,3,0,0
"Thornback & Spotted ray","Seabirds",11,4,0,0
"Thornback & Spotted ray","Juvenile sharks",11,5,0,0
"Thornback & Spotted ray","Spurdog",11,6,0,0
"Thornback & Spotted ray","Large piscivorous sharks",11,7,0,0
"Thornback & Spotted ray","Small sharks",11,8,0,0
"Thornback & Spotted ray","Juvenile rays",11,9,0,0
"Thornback & Spotted ray","Starry ray + others",11,10,0,0
"Thornback & Spotted ray","Thornback & Spotted ray",11,11,0,0
"Thornback & Spotted ray","Skate + cuckoo ray",11,12,0,0
"Thornback & Spotted ray","Juvenile Cod(0-2, 0-40cm)",11,13,0,0
"Thornback & Spotted ray","Cod (adult)",11,14,0,0
"Thornback & Spotted ray","Juvenile Whiting (0-1, 0-20cm)",11,15,1,0.00160016
"Thornback & Spotted ray","Whiting (adult)",11,16,0,0
"Thornback & Spotted ray","Juvenile Haddock (0-1, 0-20cm)",11,17,1,0.00010001
"Thornback & Spotted ray","Haddock (adult)",11,18,0,0
"Thornback & Spotted ray","Juvenile Saithe (0-3, 0-40cm)",11,19,0,0
"Thornback & Spotted ray","Saithe (adult)",11,20,0,0
"Thornback & Spotted ray","Hake",11,21,0,0
"Thornback & Spotted ray","Blue whiting",11,22,0,0
"Thornback & Spotted ray","Norway pout",11,23,1,0.00140014
"Thornback & Spotted ray","Other gadoids (large)",11,24,0,0
"Thornback & Spotted ray","Other gadoids (small)",11,25,1,0.03270327
"Thornback & Spotted ray","Monkfish",11,26,0,0
"Thornback & Spotted ray","Gurnards",11,27,0,0
"Thornback & Spotted ray","Herring (juvenile 0, 1)",11,28,1,0.00320032
"Thornback & Spotted ray","Herring (adult)",11,29,0,0
"Thornback & Spotted ray","Sprat",11,30,1,0.01920192
"Thornback & Spotted ray","Mackerel",11,31,0,0
"Thornback & Spotted ray","Horse mackerel",11,32,0,0
"Thornback & Spotted ray","Sandeels",11,33,1,0.03630364
"Thornback & Spotted ray","Plaice",11,34,1,0.009200921
"Thornback & Spotted ray","Dab",11,35,0,0
"Thornback & Spotted ray","Long-rough dab",11,36,0,0
"Thornback & Spotted ray","Flounder",11,37,0,0
"Thornback & Spotted ray","Sole",11,38,1,0.004500451
"Thornback & Spotted ray","Lemon sole",11,39,0,0
"Thornback & Spotted ray","Witch",11,40,0,0
"Thornback & Spotted ray","Turbot and brill",11,41,0,0
"Thornback & Spotted ray","Megrim",11,42,0,0
"Thornback & Spotted ray","Halibut",11,43,0,0
"Thornback & Spotted ray","Dragonets",11,44,0,0
"Thornback & Spotted ray","Catfish (Wolf-fish)",11,45,0,0
"Thornback & Spotted ray","Large demersal fish",11,46,0,0
"Thornback & Spotted ray","Small demersal fish",11,47,1,0.06960697
"Thornback & Spotted ray","Miscellaneous filterfeeding pelagic fish",11,48,0,0
"Thornback & Spotted ray","Squid & cuttlefish",11,49,1,0.0050005
"Thornback & Spotted ray","Fish larvae",11,50,0,0
"Thornback & Spotted ray","Carnivorous zooplankton",11,51,1,0.00160016
"Thornback & Spotted ray","Herbivorous & Omnivorous zooplankton (copepods)",11,52,0,0
"Thornback & Spotted ray","Gelatinous zooplankton",11,53,0,0
"Thornback & Spotted ray","Large crabs",11,54,1,0.3827383
"Thornback & Spotted ray","Nephrops",11,55,0,0
"Thornback & Spotted ray","Epifaunal macrobenthos (mobile grazers)",11,56,1,0.2056206
"Thornback & Spotted ray","Infaunal macrobenthos",11,57,1,0.0020002
"Thornback & Spotted ray","Shrimp",11,58,1,0.1166117
"Thornback & Spotted ray","Small mobile epifauna (swarming crustaceans)",11,59,1,0.09650967
"Thornback & Spotted ray","Small infauna (polychaetes)",11,60,1,0.01210121
"Thornback & Spotted ray","Sessile epifauna",11,61,0,0
"Thornback & Spotted ray","Meiofauna",11,62,0,0
"Thornback & Spotted ray","Benthic microflora (incl. Bacteria, protozoa))",11,63,0,0
"Thornback & Spotted ray","Planktonic microflora (incl. Bacteria, protozoa)",11,64,0,0
"Thornback & Spotted ray","Phytoplankton",11,65,0,0
"Thornback & Spotted ray","Detritus - DOM -water column",11,66,0,0
"Thornback & Spotted ray","Detritus - POM - sediment",11,67,0,0
"Thornback & Spotted ray","Discards",11,68,0,0
"Skate + cuckoo ray",Imports, 12,0,0,0
"Skate + cuckoo ray","Baleen whales",12,1,0,0
"Skate + cuckoo ray","Toothed whales",12,2,0,0
"Skate + cuckoo ray","Seals",12,3,0,0
"Skate + cuckoo ray","Seabirds",12,4,0,0
"Skate + cuckoo ray","Juvenile sharks",12,5,0,0
"Skate + cuckoo ray","Spurdog",12,6,0,0
"Skate + cuckoo ray","Large piscivorous sharks",12,7,0,0
"Skate + cuckoo ray","Small sharks",12,8,0,0
"Skate + cuckoo ray","Juvenile rays",12,9,0,0
"Skate + cuckoo ray","Starry ray + others",12,10,0,0
"Skate + cuckoo ray","Thornback & Spotted ray",12,11,0,0
"Skate + cuckoo ray","Skate + cuckoo ray",12,12,0,0
"Skate + cuckoo ray","Juvenile Cod(0-2, 0-40cm)",12,13,0,0
"Skate + cuckoo ray","Cod (adult)",12,14,0,0
"Skate + cuckoo ray","Juvenile Whiting (0-1, 0-20cm)",12,15,1,0.001441025
"Skate + cuckoo ray","Whiting (adult)",12,16,0,0
"Skate + cuckoo ray","Juvenile Haddock (0-1, 0-20cm)",12,17,1,0.0002682884
"Skate + cuckoo ray","Haddock (adult)",12,18,0,0
"Skate + cuckoo ray","Juvenile Saithe (0-3, 0-40cm)",12,19,0,0
"Skate + cuckoo ray","Saithe (adult)",12,20,0,0
"Skate + cuckoo ray","Hake",12,21,1,0.0009372521
"Skate + cuckoo ray","Blue whiting",12,22,1,0.001757348
"Skate + cuckoo ray","Norway pout",12,23,1,0.05471209
"Skate + cuckoo ray","Other gadoids (large)",12,24,0,0
"Skate + cuckoo ray","Other gadoids (small)",12,25,1,0.06677921
"Skate + cuckoo ray","Monkfish",12,26,1,0.0009372521
"Skate + cuckoo ray","Gurnards",12,27,1,0.002811756
"Skate + cuckoo ray","Herring (juvenile 0, 1)",12,28,1,0.01359016
"Skate + cuckoo ray","Herring (adult)",12,29,0,0
"Skate + cuckoo ray","Sprat",12,30,0,0
"Skate + cuckoo ray","Mackerel",12,31,0,0
"Skate + cuckoo ray","Horse mackerel",12,32,0,0
"Skate + cuckoo ray","Sandeels",12,33,1,0.3901312
"Skate + cuckoo ray","Plaice",12,34,0,0
"Skate + cuckoo ray","Dab",12,35,1,0.002928913
"Skate + cuckoo ray","Long-rough dab",12,36,1,0.001874504
"Skate + cuckoo ray","Flounder",12,37,0,0
"Skate + cuckoo ray","Sole",12,38,1,0.02788325
"Skate + cuckoo ray","Lemon sole",12,39,0,0
"Skate + cuckoo ray","Witch",12,40,1,0.0009372521
"Skate + cuckoo ray","Turbot and brill",12,41,0,0
"Skate + cuckoo ray","Megrim",12,42,0,0
"Skate + cuckoo ray","Halibut",12,43,0,0
"Skate + cuckoo ray","Dragonets",12,44,1,0.08048653
"Skate + cuckoo ray","Catfish (Wolf-fish)",12,45,0,0
"Skate + cuckoo ray","Large demersal fish",12,46,1,0.001757348
"Skate + cuckoo ray","Small demersal fish",12,47,1,0.01253575
"Skate + cuckoo ray","Miscellaneous filterfeeding pelagic fish",12,48,0,0
"Skate + cuckoo ray","Squid & cuttlefish",12,49,1,0.009255365
"Skate + cuckoo ray","Fish larvae",12,50,0,0
"Skate + cuckoo ray","Carnivorous zooplankton",12,51,1,0.003983322
"Skate + cuckoo ray","Herbivorous & Omnivorous zooplankton (copepods)",12,52,0,0
"Skate + cuckoo ray","Gelatinous zooplankton",12,53,0,0
"Skate + cuckoo ray","Large crabs",12,54,1,0.0638503
"Skate + cuckoo ray","Nephrops",12,55,1,0.001757348
"Skate + cuckoo ray","Epifaunal macrobenthos (mobile grazers)",12,56,1,0.02143964
"Skate + cuckoo ray","Infaunal macrobenthos",12,57,1,0.0007029391
"Skate + cuckoo ray","Shrimp",12,58,1,0.09852863
"Skate + cuckoo ray","Small mobile epifauna (swarming crustaceans)",12,59,1,0.08622719
"Skate + cuckoo ray","Small infauna (polychaetes)",12,60,1,0.05248612
"Skate + cuckoo ray","Sessile epifauna",12,61,0,0
"Skate + cuckoo ray","Meiofauna",12,62,0,0
"Skate + cuckoo ray","Benthic microflora (incl. Bacteria, protozoa))",12,63,0,0
"Skate + cuckoo ray","Planktonic microflora (incl. Bacteria, protozoa)",12,64,0,0
"Skate + cuckoo ray","Phytoplankton",12,65,0,0
"Skate + cuckoo ray","Detritus - DOM -water column",12,66,0,0
"Skate + cuckoo ray","Detritus - POM - sediment",12,67,0,0
"Skate + cuckoo ray","Discards",12,68,0,0
"Juvenile Cod(0-2, 0-40cm)",Imports, 13,0,0,0
"Juvenile Cod(0-2, 0-40cm)","Baleen whales",13,1,0,0
"Juvenile Cod(0-2, 0-40cm)","Toothed whales",13,2,0,0
"Juvenile Cod(0-2, 0-40cm)","Seals",13,3,0,0
"Juvenile Cod(0-2, 0-40cm)","Seabirds",13,4,0,0
"Juvenile Cod(0-2, 0-40cm)","Juvenile sharks",13,5,0,0
"Juvenile Cod(0-2, 0-40cm)","Spurdog",13,6,0,0
"Juvenile Cod(0-2, 0-40cm)","Large piscivorous sharks",13,7,0,0
"Juvenile Cod(0-2, 0-40cm)","Small sharks",13,8,0,0
"Juvenile Cod(0-2, 0-40cm)","Juvenile rays",13,9,0,0
"Juvenile Cod(0-2, 0-40cm)","Starry ray + others",13,10,0,0
"Juvenile Cod(0-2, 0-40cm)","Thornback & Spotted ray",13,11,0,0
"Juvenile Cod(0-2, 0-40cm)","Skate + cuckoo ray",13,12,0,0
"Juvenile Cod(0-2, 0-40cm)","Juvenile Cod(0-2, 0-40cm)",13,13,1,9.980985E-05
"Juvenile Cod(0-2, 0-40cm)","Cod (adult)",13,14,0,0
"Juvenile Cod(0-2, 0-40cm)","Juvenile Whiting (0-1, 0-20cm)",13,15,1,0.002000197
"Juvenile Cod(0-2, 0-40cm)","Whiting (adult)",13,16,0,0
"Juvenile Cod(0-2, 0-40cm)","Juvenile Haddock (0-1, 0-20cm)",13,17,1,0.001100108
"Juvenile Cod(0-2, 0-40cm)","Haddock (adult)",13,18,0,0
"Juvenile Cod(0-2, 0-40cm)","Juvenile Saithe (0-3, 0-40cm)",13,19,0,0
"Juvenile Cod(0-2, 0-40cm)","Saithe (adult)",13,20,0,0
"Juvenile Cod(0-2, 0-40cm)","Hake",13,21,0,0
"Juvenile Cod(0-2, 0-40cm)","Blue whiting",13,22,0,0
"Juvenile Cod(0-2, 0-40cm)","Norway pout",13,23,1,0.1269125
"Juvenile Cod(0-2, 0-40cm)","Other gadoids (large)",13,24,0,0
"Juvenile Cod(0-2, 0-40cm)","Other gadoids (small)",13,25,1,0.03700365
"Juvenile Cod(0-2, 0-40cm)","Monkfish",13,26,0,0
"Juvenile Cod(0-2, 0-40cm)","Gurnards",13,27,1,0.002100207
"Juvenile Cod(0-2, 0-40cm)","Herring (juvenile 0, 1)",13,28,1,0.050705
"Juvenile Cod(0-2, 0-40cm)","Herring (adult)",13,29,1,0.002100207
"Juvenile Cod(0-2, 0-40cm)","Sprat",13,30,1,0.03060302
"Juvenile Cod(0-2, 0-40cm)","Mackerel",13,31,0,0
"Juvenile Cod(0-2, 0-40cm)","Horse mackerel",13,32,1,0.000801079
"Juvenile Cod(0-2, 0-40cm)","Sandeels",13,33,1,0.152315
"Juvenile Cod(0-2, 0-40cm)","Plaice",13,34,1,2.100207E-05
"Juvenile Cod(0-2, 0-40cm)","Dab",13,35,1,0.006390631
"Juvenile Cod(0-2, 0-40cm)","Long-rough dab",13,36,1,0.02270224
"Juvenile Cod(0-2, 0-40cm)","Flounder",13,37,0,0
"Juvenile Cod(0-2, 0-40cm)","Sole",13,38,1,0.003790374
"Juvenile Cod(0-2, 0-40cm)","Lemon sole",13,39,0,0
"Juvenile Cod(0-2, 0-40cm)","Witch",13,40,1,9.980985E-05
"Juvenile Cod(0-2, 0-40cm)","Turbot and brill",13,41,0,0
"Juvenile Cod(0-2, 0-40cm)","Megrim",13,42,0,0
"Juvenile Cod(0-2, 0-40cm)","Halibut",13,43,0,0
"Juvenile Cod(0-2, 0-40cm)","Dragonets",13,44,1,0.005290522
"Juvenile Cod(0-2, 0-40cm)","Catfish (Wolf-fish)",13,45,0,0
"Juvenile Cod(0-2, 0-40cm)","Large demersal fish",13,46,0,0
"Juvenile Cod(0-2, 0-40cm)","Small demersal fish",13,47,1,0.07040694
"Juvenile Cod(0-2, 0-40cm)","Miscellaneous filterfeeding pelagic fish",13,48,1,9.980985E-05
"Juvenile Cod(0-2, 0-40cm)","Squid & cuttlefish",13,49,1,0.004510445
"Juvenile Cod(0-2, 0-40cm)","Fish larvae",13,50,0,0
"Juvenile Cod(0-2, 0-40cm)","Carnivorous zooplankton",13,51,1,0.005290522
"Juvenile Cod(0-2, 0-40cm)","Herbivorous & Omnivorous zooplankton (copepods)",13,52,1,0.07420732
"Juvenile Cod(0-2, 0-40cm)","Gelatinous zooplankton",13,53,0,0
"Juvenile Cod(0-2, 0-40cm)","Large crabs",13,54,1,0.04020397
"Juvenile Cod(0-2, 0-40cm)","Nephrops",13,55,1,0.002010198
"Juvenile Cod(0-2, 0-40cm)","Epifaunal macrobenthos (mobile grazers)",13,56,1,0.1297128
"Juvenile Cod(0-2, 0-40cm)","Infaunal macrobenthos",13,57,1,0.1006099
"Juvenile Cod(0-2, 0-40cm)","Shrimp",13,58,1,0.05290522
"Juvenile Cod(0-2, 0-40cm)","Small mobile epifauna (swarming crustaceans)",13,59,1,0.02460243
"Juvenile Cod(0-2, 0-40cm)","Small infauna (polychaetes)",13,60,1,0.05030496
"Juvenile Cod(0-2, 0-40cm)","Sessile epifauna",13,61,1,0.001100108
"Juvenile Cod(0-2, 0-40cm)","Meiofauna",13,62,0,0
"Juvenile Cod(0-2, 0-40cm)","Benthic microflora (incl. Bacteria, protozoa))",13,63,0,0
"Juvenile Cod(0-2, 0-40cm)","Planktonic microflora (incl. Bacteria, protozoa)",13,64,0,0
"Juvenile Cod(0-2, 0-40cm)","Phytoplankton",13,65,0,0
"Juvenile Cod(0-2, 0-40cm)","Detritus - DOM -water column",13,66,0,0
"Juvenile Cod(0-2, 0-40cm)","Detritus - POM - sediment",13,67,0,0
"Juvenile Cod(0-2, 0-40cm)","Discards",13,68,0,0
"Cod (adult)",Imports, 14,0,0,0
"Cod (adult)","Baleen whales",14,1,0,0
"Cod (adult)","Toothed whales",14,2,0,0
"Cod (adult)","Seals",14,3,0,0
"Cod (adult)","Seabirds",14,4,0,0
"Cod (adult)","Juvenile sharks",14,5,0,0
"Cod (adult)","Spurdog",14,6,1,0.00010004
"Cod (adult)","Large piscivorous sharks",14,7,0,0
"Cod (adult)","Small sharks",14,8,0,0
"Cod (adult)","Juvenile rays",14,9,1,0.00010004
"Cod (adult)","Starry ray + others",14,10,0,0
"Cod (adult)","Thornback & Spotted ray",14,11,0,0
"Cod (adult)","Skate + cuckoo ray",14,12,0,0
"Cod (adult)","Juvenile Cod(0-2, 0-40cm)",14,13,1,0.0120048
"Cod (adult)","Cod (adult)",14,14,1,0.0080032
"Cod (adult)","Juvenile Whiting (0-1, 0-20cm)",14,15,1,0.00420168
"Cod (adult)","Whiting (adult)",14,16,1,0.09933972
"Cod (adult)","Juvenile Haddock (0-1, 0-20cm)",14,17,1,0.00090036
"Cod (adult)","Haddock (adult)",14,18,1,0.02110844
"Cod (adult)","Juvenile Saithe (0-3, 0-40cm)",14,19,0,0
"Cod (adult)","Saithe (adult)",14,20,0,0
"Cod (adult)","Hake",14,21,0,0
"Cod (adult)","Blue whiting",14,22,1,0.0205082
"Cod (adult)","Norway pout",14,23,1,0.07362945
"Cod (adult)","Other gadoids (large)",14,24,0,0
"Cod (adult)","Other gadoids (small)",14,25,1,0.02260904
"Cod (adult)","Monkfish",14,26,0,0
"Cod (adult)","Gurnards",14,27,1,0.00640256
"Cod (adult)","Herring (juvenile 0, 1)",14,28,1,0.00220088
"Cod (adult)","Herring (adult)",14,29,1,0.0615246
"Cod (adult)","Sprat",14,30,1,0.0145058
"Cod (adult)","Mackerel",14,31,1,0.0135054
"Cod (adult)","Horse mackerel",14,32,1,0.00310124
"Cod (adult)","Sandeels",14,33,1,0.05362144
"Cod (adult)","Plaice",14,34,1,0.01920768
"Cod (adult)","Dab",14,35,1,0.1856743
"Cod (adult)","Long-rough dab",14,36,1,0.05602241
"Cod (adult)","Flounder",14,37,1,0.00360144
"Cod (adult)","Sole",14,38,1,0.01880752
"Cod (adult)","Lemon sole",14,39,0,0
"Cod (adult)","Witch",14,40,1,0.00120048
"Cod (adult)","Turbot and brill",14,41,0,0
"Cod (adult)","Megrim",14,42,0,0
"Cod (adult)","Halibut",14,43,0,0
"Cod (adult)","Dragonets",14,44,1,0.01530612
"Cod (adult)","Catfish (Wolf-fish)",14,45,0,0
"Cod (adult)","Large demersal fish",14,46,1,0.00010004
"Cod (adult)","Small demersal fish",14,47,1,0.01580632
"Cod (adult)","Miscellaneous filterfeeding pelagic fish",14,48,0,0
"Cod (adult)","Squid & cuttlefish",14,49,1,0.00240096
"Cod (adult)","Fish larvae",14,50,0,0
"Cod (adult)","Carnivorous zooplankton",14,51,1,0.0010004
"Cod (adult)","Herbivorous & Omnivorous zooplankton (copepods)",14,52,0,0
"Cod (adult)","Gelatinous zooplankton",14,53,1,0.00010004
"Cod (adult)","Large crabs",14,54,1,0.102441
"Cod (adult)","Nephrops",14,55,1,0.0515206
"Cod (adult)","Epifaunal macrobenthos (mobile grazers)",14,56,1,0.07222889
"Cod (adult)","Infaunal macrobenthos",14,57,1,0.0260104
"Cod (adult)","Shrimp",14,58,1,0.0090036
"Cod (adult)","Small mobile epifauna (swarming crustaceans)",14,59,1,0.00140056
"Cod (adult)","Small infauna (polychaetes)",14,60,1,0.00070028
"Cod (adult)","Sessile epifauna",14,61,1,0.00010004
"Cod (adult)","Meiofauna",14,62,0,0
"Cod (adult)","Benthic microflora (incl. Bacteria, protozoa))",14,63,0,0
"Cod (adult)","Planktonic microflora (incl. Bacteria, protozoa)",14,64,0,0
"Cod (adult)","Phytoplankton",14,65,0,0
"Cod (adult)","Detritus - DOM -water column",14,66,0,0
"Cod (adult)","Detritus - POM - sediment",14,67,0,0
"Cod (adult)","Discards",14,68,0,0
"Juvenile Whiting (0-1, 0-20cm)",Imports, 15,0,0,0
"Juvenile Whiting (0-1, 0-20cm)","Baleen whales",15,1,0,0
"Juvenile Whiting (0-1, 0-20cm)","Toothed whales",15,2,0,0
"Juvenile Whiting (0-1, 0-20cm)","Seals",15,3,0,0
"Juvenile Whiting (0-1, 0-20cm)","Seabirds",15,4,0,0
"Juvenile Whiting (0-1, 0-20cm)","Juvenile sharks",15,5,0,0
"Juvenile Whiting (0-1, 0-20cm)","Spurdog",15,6,0,0
"Juvenile Whiting (0-1, 0-20cm)","Large piscivorous sharks",15,7,0,0
"Juvenile Whiting (0-1, 0-20cm)","Small sharks",15,8,0,0
"Juvenile Whiting (0-1, 0-20cm)","Juvenile rays",15,9,0,0
"Juvenile Whiting (0-1, 0-20cm)","Starry ray + others",15,10,0,0
"Juvenile Whiting (0-1, 0-20cm)","Thornback & Spotted ray",15,11,0,0
"Juvenile Whiting (0-1, 0-20cm)","Skate + cuckoo ray",15,12,0,0
"Juvenile Whiting (0-1, 0-20cm)","Juvenile Cod(0-2, 0-40cm)",15,13,1,0.00379962
"Juvenile Whiting (0-1, 0-20cm)","Cod (adult)",15,14,0,0
"Juvenile Whiting (0-1, 0-20cm)","Juvenile Whiting (0-1, 0-20cm)",15,15,1,0.00059994
"Juvenile Whiting (0-1, 0-20cm)","Whiting (adult)",15,16,0,0
"Juvenile Whiting (0-1, 0-20cm)","Juvenile Haddock (0-1, 0-20cm)",15,17,1,0.0003999599
"Juvenile Whiting (0-1, 0-20cm)","Haddock (adult)",15,18,0,0
"Juvenile Whiting (0-1, 0-20cm)","Juvenile Saithe (0-3, 0-40cm)",15,19,0,0
"Juvenile Whiting (0-1, 0-20cm)","Saithe (adult)",15,20,0,0
"Juvenile Whiting (0-1, 0-20cm)","Hake",15,21,0,0
"Juvenile Whiting (0-1, 0-20cm)","Blue whiting",15,22,0,0
"Juvenile Whiting (0-1, 0-20cm)","Norway pout",15,23,1,0.1371863
"Juvenile Whiting (0-1, 0-20cm)","Other gadoids (large)",15,24,0,0
"Juvenile Whiting (0-1, 0-20cm)","Other gadoids (small)",15,25,1,0.01309869
"Juvenile Whiting (0-1, 0-20cm)","Monkfish",15,26,0,0
"Juvenile Whiting (0-1, 0-20cm)","Gurnards",15,27,0,0
"Juvenile Whiting (0-1, 0-20cm)","Herring (juvenile 0, 1)",15,28,1,0.00029997
"Juvenile Whiting (0-1, 0-20cm)","Herring (adult)",15,29,0,0
"Juvenile Whiting (0-1, 0-20cm)","Sprat",15,30,1,0.01449855
"Juvenile Whiting (0-1, 0-20cm)","Mackerel",15,31,0,0
"Juvenile Whiting (0-1, 0-20cm)","Horse mackerel",15,32,1,0.00159984
"Juvenile Whiting (0-1, 0-20cm)","Sandeels",15,33,1,0.3088691
"Juvenile Whiting (0-1, 0-20cm)","Plaice",15,34,0,0
"Juvenile Whiting (0-1, 0-20cm)","Dab",15,35,1,0.00029997
"Juvenile Whiting (0-1, 0-20cm)","Long-rough dab",15,36,1,0.004299569
"Juvenile Whiting (0-1, 0-20cm)","Flounder",15,37,0,0
"Juvenile Whiting (0-1, 0-20cm)","Sole",15,38,1,0.00179982
"Juvenile Whiting (0-1, 0-20cm)","Lemon sole",15,39,0,0
"Juvenile Whiting (0-1, 0-20cm)","Witch",15,40,0,0
"Juvenile Whiting (0-1, 0-20cm)","Turbot and brill",15,41,0,0
"Juvenile Whiting (0-1, 0-20cm)","Megrim",15,42,0,0
"Juvenile Whiting (0-1, 0-20cm)","Halibut",15,43,0,0
"Juvenile Whiting (0-1, 0-20cm)","Dragonets",15,44,0,0
"Juvenile Whiting (0-1, 0-20cm)","Catfish (Wolf-fish)",15,45,0,0
"Juvenile Whiting (0-1, 0-20cm)","Large demersal fish",15,46,0,0
"Juvenile Whiting (0-1, 0-20cm)","Small demersal fish",15,47,1,0.02789721
"Juvenile Whiting (0-1, 0-20cm)","Miscellaneous filterfeeding pelagic fish",15,48,1,0.00049995
"Juvenile Whiting (0-1, 0-20cm)","Squid & cuttlefish",15,49,1,0.02129787
"Juvenile Whiting (0-1, 0-20cm)","Fish larvae",15,50,0,0
"Juvenile Whiting (0-1, 0-20cm)","Carnivorous zooplankton",15,51,1,0.1020898
"Juvenile Whiting (0-1, 0-20cm)","Herbivorous & Omnivorous zooplankton (copepods)",15,52,1,0.07159283
"Juvenile Whiting (0-1, 0-20cm)","Gelatinous zooplankton",15,53,0,0
"Juvenile Whiting (0-1, 0-20cm)","Large crabs",15,54,1,0.02039796
"Juvenile Whiting (0-1, 0-20cm)","Nephrops",15,55,0,0
"Juvenile Whiting (0-1, 0-20cm)","Epifaunal macrobenthos (mobile grazers)",15,56,1,0.1020898
"Juvenile Whiting (0-1, 0-20cm)","Infaunal macrobenthos",15,57,1,0.08169182
"Juvenile Whiting (0-1, 0-20cm)","Shrimp",15,58,1,0.03059694
"Juvenile Whiting (0-1, 0-20cm)","Small mobile epifauna (swarming crustaceans)",15,59,1,0.02179782
"Juvenile Whiting (0-1, 0-20cm)","Small infauna (polychaetes)",15,60,1,0.03329667
"Juvenile Whiting (0-1, 0-20cm)","Sessile epifauna",15,61,0,0
"Juvenile Whiting (0-1, 0-20cm)","Meiofauna",15,62,0,0
"Juvenile Whiting (0-1, 0-20cm)","Benthic microflora (incl. Bacteria, protozoa))",15,63,0,0
"Juvenile Whiting (0-1, 0-20cm)","Planktonic microflora (incl. Bacteria, protozoa)",15,64,0,0
"Juvenile Whiting (0-1, 0-20cm)","Phytoplankton",15,65,0,0
"Juvenile Whiting (0-1, 0-20cm)","Detritus - DOM -water column",15,66,0,0
"Juvenile Whiting (0-1, 0-20cm)","Detritus - POM - sediment",15,67,0,0
"Juvenile Whiting (0-1, 0-20cm)","Discards",15,68,0,0
"Whiting (adult)",Imports, 16,0,0,0
"Whiting (adult)","Baleen whales",16,1,0,0
"Whiting (adult)","Toothed whales",16,2,0,0
"Whiting (adult)","Seals",16,3,0,0
"Whiting (adult)","Seabirds",16,4,0,0
"Whiting (adult)","Juvenile sharks",16,5,0,0
"Whiting (adult)","Spurdog",16,6,0,0
"Whiting (adult)","Large piscivorous sharks",16,7,0,0
"Whiting (adult)","Small sharks",16,8,0,0
"Whiting (adult)","Juvenile rays",16,9,0,0
"Whiting (adult)","Starry ray + others",16,10,0,0
"Whiting (adult)","Thornback & Spotted ray",16,11,0,0
"Whiting (adult)","Skate + cuckoo ray",16,12,0,0
"Whiting (adult)","Juvenile Cod(0-2, 0-40cm)",16,13,1,0.00460046
"Whiting (adult)","Cod (adult)",16,14,0,0
"Whiting (adult)","Juvenile Whiting (0-1, 0-20cm)",16,15,1,0.00210021
"Whiting (adult)","Whiting (adult)",16,16,1,0.00170017
"Whiting (adult)","Juvenile Haddock (0-1, 0-20cm)",16,17,1,0.0007000699
"Whiting (adult)","Haddock (adult)",16,18,0,0
"Whiting (adult)","Juvenile Saithe (0-3, 0-40cm)",16,19,1,0.00020002
"Whiting (adult)","Saithe (adult)",16,20,0,0
"Whiting (adult)","Hake",16,21,0,0
"Whiting (adult)","Blue whiting",16,22,0,0
"Whiting (adult)","Norway pout",16,23,1,0.2048205
"Whiting (adult)","Other gadoids (large)",16,24,0,0
"Whiting (adult)","Other gadoids (small)",16,25,1,0.02070207
"Whiting (adult)","Monkfish",16,26,0,0
"Whiting (adult)","Gurnards",16,27,1,0.00030003
"Whiting (adult)","Herring (juvenile 0, 1)",16,28,1,0.00490049
"Whiting (adult)","Herring (adult)",16,29,0,0
"Whiting (adult)","Sprat",16,30,1,0.1752175
"Whiting (adult)","Mackerel",16,31,0,0
"Whiting (adult)","Horse mackerel",16,32,1,0.01110111
"Whiting (adult)","Sandeels",16,33,1,0.3624362
"Whiting (adult)","Plaice",16,34,0,0
"Whiting (adult)","Dab",16,35,1,0.00010001
"Whiting (adult)","Long-rough dab",16,36,1,0.006700669
"Whiting (adult)","Flounder",16,37,0,0
"Whiting (adult)","Sole",16,38,1,0.00340034
"Whiting (adult)","Lemon sole",16,39,0,0
"Whiting (adult)","Witch",16,40,0,0
"Whiting (adult)","Turbot and brill",16,41,0,0
"Whiting (adult)","Megrim",16,42,0,0
"Whiting (adult)","Halibut",16,43,0,0
"Whiting (adult)","Dragonets",16,44,1,0.00040004
"Whiting (adult)","Catfish (Wolf-fish)",16,45,0,0
"Whiting (adult)","Large demersal fish",16,46,1,0.00040004
"Whiting (adult)","Small demersal fish",16,47,1,0.0140014
"Whiting (adult)","Miscellaneous filterfeeding pelagic fish",16,48,1,0.00310031
"Whiting (adult)","Squid & cuttlefish",16,49,1,0.00840084
"Whiting (adult)","Fish larvae",16,50,0,0
"Whiting (adult)","Carnivorous zooplankton",16,51,1,0.05070507
"Whiting (adult)","Herbivorous & Omnivorous zooplankton (copepods)",16,52,0,0
"Whiting (adult)","Gelatinous zooplankton",16,53,0,0
"Whiting (adult)","Large crabs",16,54,1,0.01580158
"Whiting (adult)","Nephrops",16,55,1,0.00060006
"Whiting (adult)","Epifaunal macrobenthos (mobile grazers)",16,56,1,0.02380238
"Whiting (adult)","Infaunal macrobenthos",16,57,1,0.03960396
"Whiting (adult)","Shrimp",16,58,1,0.02810281
"Whiting (adult)","Small mobile epifauna (swarming crustaceans)",16,59,1,0.0030003
"Whiting (adult)","Small infauna (polychaetes)",16,60,1,0.01290129
"Whiting (adult)","Sessile epifauna",16,61,1,0.00020002
"Whiting (adult)","Meiofauna",16,62,0,0
"Whiting (adult)","Benthic microflora (incl. Bacteria, protozoa))",16,63,0,0
"Whiting (adult)","Planktonic microflora (incl. Bacteria, protozoa)",16,64,0,0
"Whiting (adult)","Phytoplankton",16,65,0,0
"Whiting (adult)","Detritus - DOM -water column",16,66,0,0
"Whiting (adult)","Detritus - POM - sediment",16,67,0,0
"Whiting (adult)","Discards",16,68,0,0
"Juvenile Haddock (0-1, 0-20cm)",Imports, 17,0,0,0
"Juvenile Haddock (0-1, 0-20cm)","Baleen whales",17,1,0,0
"Juvenile Haddock (0-1, 0-20cm)","Toothed whales",17,2,0,0
"Juvenile Haddock (0-1, 0-20cm)","Seals",17,3,0,0
"Juvenile Haddock (0-1, 0-20cm)","Seabirds",17,4,0,0
"Juvenile Haddock (0-1, 0-20cm)","Juvenile sharks",17,5,0,0
"Juvenile Haddock (0-1, 0-20cm)","Spurdog",17,6,0,0
"Juvenile Haddock (0-1, 0-20cm)","Large piscivorous sharks",17,7,0,0
"Juvenile Haddock (0-1, 0-20cm)","Small sharks",17,8,0,0
"Juvenile Haddock (0-1, 0-20cm)","Juvenile rays",17,9,0,0
"Juvenile Haddock (0-1, 0-20cm)","Starry ray + others",17,10,0,0
"Juvenile Haddock (0-1, 0-20cm)","Thornback & Spotted ray",17,11,0,0
"Juvenile Haddock (0-1, 0-20cm)","Skate + cuckoo ray",17,12,0,0
"Juvenile Haddock (0-1, 0-20cm)","Juvenile Cod(0-2, 0-40cm)",17,13,0,0
"Juvenile Haddock (0-1, 0-20cm)","Cod (adult)",17,14,0,0
"Juvenile Haddock (0-1, 0-20cm)","Juvenile Whiting (0-1, 0-20cm)",17,15,0,0
"Juvenile Haddock (0-1, 0-20cm)","Whiting (adult)",17,16,0,0
"Juvenile Haddock (0-1, 0-20cm)","Juvenile Haddock (0-1, 0-20cm)",17,17,0,0
"Juvenile Haddock (0-1, 0-20cm)","Haddock (adult)",17,18,0,0
"Juvenile Haddock (0-1, 0-20cm)","Juvenile Saithe (0-3, 0-40cm)",17,19,0,0
"Juvenile Haddock (0-1, 0-20cm)","Saithe (adult)",17,20,0,0
"Juvenile Haddock (0-1, 0-20cm)","Hake",17,21,0,0
"Juvenile Haddock (0-1, 0-20cm)","Blue whiting",17,22,0,0
"Juvenile Haddock (0-1, 0-20cm)","Norway pout",17,23,1,0.01020104
"Juvenile Haddock (0-1, 0-20cm)","Other gadoids (large)",17,24,0,0
"Juvenile Haddock (0-1, 0-20cm)","Other gadoids (small)",17,25,1,0.001200122
"Juvenile Haddock (0-1, 0-20cm)","Monkfish",17,26,0,0
"Juvenile Haddock (0-1, 0-20cm)","Gurnards",17,27,1,9.90101E-05
"Juvenile Haddock (0-1, 0-20cm)","Herring (juvenile 0, 1)",17,28,0,0
"Juvenile Haddock (0-1, 0-20cm)","Herring (adult)",17,29,0,0
"Juvenile Haddock (0-1, 0-20cm)","Sprat",17,30,0,0
"Juvenile Haddock (0-1, 0-20cm)","Mackerel",17,31,0,0
"Juvenile Haddock (0-1, 0-20cm)","Horse mackerel",17,32,0,0
"Juvenile Haddock (0-1, 0-20cm)","Sandeels",17,33,1,0.1285131
"Juvenile Haddock (0-1, 0-20cm)","Plaice",17,34,0,0
"Juvenile Haddock (0-1, 0-20cm)","Dab",17,35,0,0
"Juvenile Haddock (0-1, 0-20cm)","Long-rough dab",17,36,1,0.0206021
"Juvenile Haddock (0-1, 0-20cm)","Flounder",17,37,0,0
"Juvenile Haddock (0-1, 0-20cm)","Sole",17,38,1,0.0003000306
"Juvenile Haddock (0-1, 0-20cm)","Lemon sole",17,39,0,0
"Juvenile Haddock (0-1, 0-20cm)","Witch",17,40,0,0
"Juvenile Haddock (0-1, 0-20cm)","Turbot and brill",17,41,0,0
"Juvenile Haddock (0-1, 0-20cm)","Megrim",17,42,0,0
"Juvenile Haddock (0-1, 0-20cm)","Halibut",17,43,0,0
"Juvenile Haddock (0-1, 0-20cm)","Dragonets",17,44,1,9.90101E-05
"Juvenile Haddock (0-1, 0-20cm)","Catfish (Wolf-fish)",17,45,0,0
"Juvenile Haddock (0-1, 0-20cm)","Large demersal fish",17,46,0,0
"Juvenile Haddock (0-1, 0-20cm)","Small demersal fish",17,47,1,0.002100214
"Juvenile Haddock (0-1, 0-20cm)","Miscellaneous filterfeeding pelagic fish",17,48,0,0
"Juvenile Haddock (0-1, 0-20cm)","Squid & cuttlefish",17,49,1,0.01310134
"Juvenile Haddock (0-1, 0-20cm)","Fish larvae",17,50,0,0
"Juvenile Haddock (0-1, 0-20cm)","Carnivorous zooplankton",17,51,1,0.1003102
"Juvenile Haddock (0-1, 0-20cm)","Herbivorous & Omnivorous zooplankton (copepods)",17,52,1,0.05020512
"Juvenile Haddock (0-1, 0-20cm)","Gelatinous zooplankton",17,53,0,0
"Juvenile Haddock (0-1, 0-20cm)","Large crabs",17,54,1,0.004100418
"Juvenile Haddock (0-1, 0-20cm)","Nephrops",17,55,1,0.0002000204
"Juvenile Haddock (0-1, 0-20cm)","Epifaunal macrobenthos (mobile grazers)",17,56,1,0.1130115
"Juvenile Haddock (0-1, 0-20cm)","Infaunal macrobenthos",17,57,1,0.2510256
"Juvenile Haddock (0-1, 0-20cm)","Shrimp",17,58,1,0.03950403
"Juvenile Haddock (0-1, 0-20cm)","Small mobile epifauna (swarming crustaceans)",17,59,1,0.04070415
"Juvenile Haddock (0-1, 0-20cm)","Small infauna (polychaetes)",17,60,1,0.2193224
"Juvenile Haddock (0-1, 0-20cm)","Sessile epifauna",17,61,1,0.00520053
"Juvenile Haddock (0-1, 0-20cm)","Meiofauna",17,62,1,0.0002000204
"Juvenile Haddock (0-1, 0-20cm)","Benthic microflora (incl. Bacteria, protozoa))",17,63,0,0
"Juvenile Haddock (0-1, 0-20cm)","Planktonic microflora (incl. Bacteria, protozoa)",17,64,0,0
"Juvenile Haddock (0-1, 0-20cm)","Phytoplankton",17,65,0,0
"Juvenile Haddock (0-1, 0-20cm)","Detritus - DOM -water column",17,66,0,0
"Juvenile Haddock (0-1, 0-20cm)","Detritus - POM - sediment",17,67,0,0
"Juvenile Haddock (0-1, 0-20cm)","Discards",17,68,0,0
"Haddock (adult)",Imports, 18,0,0,0
"Haddock (adult)","Baleen whales",18,1,0,0
"Haddock (adult)","Toothed whales",18,2,0,0
"Haddock (adult)","Seals",18,3,0,0
"Haddock (adult)","Seabirds",18,4,0,0
"Haddock (adult)","Juvenile sharks",18,5,0,0
"Haddock (adult)","Spurdog",18,6,0,0
"Haddock (adult)","Large piscivorous sharks",18,7,0,0
"Haddock (adult)","Small sharks",18,8,0,0
"Haddock (adult)","Juvenile rays",18,9,0,0
"Haddock (adult)","Starry ray + others",18,10,0,0
"Haddock (adult)","Thornback & Spotted ray",18,11,0,0
"Haddock (adult)","Skate + cuckoo ray",18,12,0,0
"Haddock (adult)","Juvenile Cod(0-2, 0-40cm)",18,13,1,0.0001000062
"Haddock (adult)","Cod (adult)",18,14,0,0
"Haddock (adult)","Juvenile Whiting (0-1, 0-20cm)",18,15,0,0
"Haddock (adult)","Whiting (adult)",18,16,0,0
"Haddock (adult)","Juvenile Haddock (0-1, 0-20cm)",18,17,1,0.0005000311
"Haddock (adult)","Haddock (adult)",18,18,0,0
"Haddock (adult)","Juvenile Saithe (0-3, 0-40cm)",18,19,0,0
"Haddock (adult)","Saithe (adult)",18,20,0,0
"Haddock (adult)","Hake",18,21,0,0
"Haddock (adult)","Blue whiting",18,22,0,0
"Haddock (adult)","Norway pout",18,23,1,0.09080564
"Haddock (adult)","Other gadoids (large)",18,24,1,0.003900242
"Haddock (adult)","Other gadoids (small)",18,25,1,0.003800236
"Haddock (adult)","Monkfish",18,26,0,0
"Haddock (adult)","Gurnards",18,27,0,0
"Haddock (adult)","Herring (juvenile 0, 1)",18,28,1,0.001300081
"Haddock (adult)","Herring (adult)",18,29,0,0
"Haddock (adult)","Sprat",18,30,1,0.001000062
"Haddock (adult)","Mackerel",18,31,0,0
"Haddock (adult)","Horse mackerel",18,32,0,0
"Haddock (adult)","Sandeels",18,33,1,0.2955184
"Haddock (adult)","Plaice",18,34,1,3.800236E-05
"Haddock (adult)","Dab",18,35,1,0.0002000124
"Haddock (adult)","Long-rough dab",18,36,1,0.003300205
"Haddock (adult)","Flounder",18,37,0,0
"Haddock (adult)","Sole",18,38,1,0.0002000124
"Haddock (adult)","Lemon sole",18,39,0,0
"Haddock (adult)","Witch",18,40,1,0.0001000062
"Haddock (adult)","Turbot and brill",18,41,0,0
"Haddock (adult)","Megrim",18,42,0,0
"Haddock (adult)","Halibut",18,43,0,0
"Haddock (adult)","Dragonets",18,44,1,0.0005000311
"Haddock (adult)","Catfish (Wolf-fish)",18,45,0,0
"Haddock (adult)","Large demersal fish",18,46,1,0.0001000062
"Haddock (adult)","Small demersal fish",18,47,1,0.001200075
"Haddock (adult)","Miscellaneous filterfeeding pelagic fish",18,48,1,0.0003000186
"Haddock (adult)","Squid & cuttlefish",18,49,1,0.002500155
"Haddock (adult)","Fish larvae",18,50,0,0
"Haddock (adult)","Carnivorous zooplankton",18,51,1,0.05940369
"Haddock (adult)","Herbivorous & Omnivorous zooplankton (copepods)",18,52,0,0
"Haddock (adult)","Gelatinous zooplankton",18,53,0,0
"Haddock (adult)","Large crabs",18,54,1,0.02020125
"Haddock (adult)","Nephrops",18,55,1,0.05030312
"Haddock (adult)","Epifaunal macrobenthos (mobile grazers)",18,56,1,0.2014125
"Haddock (adult)","Infaunal macrobenthos",18,57,1,0.1511094
"Haddock (adult)","Shrimp",18,58,1,0.008800547
"Haddock (adult)","Small mobile epifauna (swarming crustaceans)",18,59,1,0.009400584
"Haddock (adult)","Small infauna (polychaetes)",18,60,1,0.08540531
"Haddock (adult)","Sessile epifauna",18,61,1,0.007300454
"Haddock (adult)","Meiofauna",18,62,1,0.001300081
"Haddock (adult)","Benthic microflora (incl. Bacteria, protozoa))",18,63,0,0
"Haddock (adult)","Planktonic microflora (incl. Bacteria, protozoa)",18,64,0,0
"Haddock (adult)","Phytoplankton",18,65,0,0
"Haddock (adult)","Detritus - DOM -water column",18,66,0,0
"Haddock (adult)","Detritus - POM - sediment",18,67,0,0
"Haddock (adult)","Discards",18,68,0,0
"Juvenile Saithe (0-3, 0-40cm)",Imports, 19,0,0,0
"Juvenile Saithe (0-3, 0-40cm)","Baleen whales",19,1,0,0
"Juvenile Saithe (0-3, 0-40cm)","Toothed whales",19,2,0,0
"Juvenile Saithe (0-3, 0-40cm)","Seals",19,3,0,0
"Juvenile Saithe (0-3, 0-40cm)","Seabirds",19,4,0,0
"Juvenile Saithe (0-3, 0-40cm)","Juvenile sharks",19,5,0,0
"Juvenile Saithe (0-3, 0-40cm)","Spurdog",19,6,0,0
"Juvenile Saithe (0-3, 0-40cm)","Large piscivorous sharks",19,7,0,0
"Juvenile Saithe (0-3, 0-40cm)","Small sharks",19,8,0,0
"Juvenile Saithe (0-3, 0-40cm)","Juvenile rays",19,9,0,0
"Juvenile Saithe (0-3, 0-40cm)","Starry ray + others",19,10,0,0
"Juvenile Saithe (0-3, 0-40cm)","Thornback & Spotted ray",19,11,0,0
"Juvenile Saithe (0-3, 0-40cm)","Skate + cuckoo ray",19,12,0,0
"Juvenile Saithe (0-3, 0-40cm)","Juvenile Cod(0-2, 0-40cm)",19,13,0,0
"Juvenile Saithe (0-3, 0-40cm)","Cod (adult)",19,14,0,0
"Juvenile Saithe (0-3, 0-40cm)","Juvenile Whiting (0-1, 0-20cm)",19,15,1,0.0005999899
"Juvenile Saithe (0-3, 0-40cm)","Whiting (adult)",19,16,0,0
"Juvenile Saithe (0-3, 0-40cm)","Juvenile Haddock (0-1, 0-20cm)",19,17,1,9.99983E-05
"Juvenile Saithe (0-3, 0-40cm)","Haddock (adult)",19,18,0,0
"Juvenile Saithe (0-3, 0-40cm)","Juvenile Saithe (0-3, 0-40cm)",19,19,0,0
"Juvenile Saithe (0-3, 0-40cm)","Saithe (adult)",19,20,0,0
"Juvenile Saithe (0-3, 0-40cm)","Hake",19,21,0,0
"Juvenile Saithe (0-3, 0-40cm)","Blue whiting",19,22,0,0
"Juvenile Saithe (0-3, 0-40cm)","Norway pout",19,23,1,0.238796
"Juvenile Saithe (0-3, 0-40cm)","Other gadoids (large)",19,24,0,0
"Juvenile Saithe (0-3, 0-40cm)","Other gadoids (small)",19,25,1,0.02089965
"Juvenile Saithe (0-3, 0-40cm)","Monkfish",19,26,0,0
"Juvenile Saithe (0-3, 0-40cm)","Gurnards",19,27,0,0
"Juvenile Saithe (0-3, 0-40cm)","Herring (juvenile 0, 1)",19,28,1,1.699971E-05
"Juvenile Saithe (0-3, 0-40cm)","Herring (adult)",19,29,0,0
"Juvenile Saithe (0-3, 0-40cm)","Sprat",19,30,1,0.115398
"Juvenile Saithe (0-3, 0-40cm)","Mackerel",19,31,0,0
"Juvenile Saithe (0-3, 0-40cm)","Horse mackerel",19,32,0,0
"Juvenile Saithe (0-3, 0-40cm)","Sandeels",19,33,1,0.009499839
"Juvenile Saithe (0-3, 0-40cm)","Plaice",19,34,0,0
"Juvenile Saithe (0-3, 0-40cm)","Dab",19,35,0,0
"Juvenile Saithe (0-3, 0-40cm)","Long-rough dab",19,36,0,0
"Juvenile Saithe (0-3, 0-40cm)","Flounder",19,37,0,0
"Juvenile Saithe (0-3, 0-40cm)","Sole",19,38,0,0
"Juvenile Saithe (0-3, 0-40cm)","Lemon sole",19,39,0,0
"Juvenile Saithe (0-3, 0-40cm)","Witch",19,40,0,0
"Juvenile Saithe (0-3, 0-40cm)","Turbot and brill",19,41,0,0
"Juvenile Saithe (0-3, 0-40cm)","Megrim",19,42,0,0
"Juvenile Saithe (0-3, 0-40cm)","Halibut",19,43,0,0
"Juvenile Saithe (0-3, 0-40cm)","Dragonets",19,44,0,0
"Juvenile Saithe (0-3, 0-40cm)","Catfish (Wolf-fish)",19,45,0,0
"Juvenile Saithe (0-3, 0-40cm)","Large demersal fish",19,46,0,0
"Juvenile Saithe (0-3, 0-40cm)","Small demersal fish",19,47,0,0
"Juvenile Saithe (0-3, 0-40cm)","Miscellaneous filterfeeding pelagic fish",19,48,1,0.01059982
"Juvenile Saithe (0-3, 0-40cm)","Squid & cuttlefish",19,49,1,0.00649989
"Juvenile Saithe (0-3, 0-40cm)","Fish larvae",19,50,0,0
"Juvenile Saithe (0-3, 0-40cm)","Carnivorous zooplankton",19,51,1,0.3370943
"Juvenile Saithe (0-3, 0-40cm)","Herbivorous & Omnivorous zooplankton (copepods)",19,52,1,0.2324961
"Juvenile Saithe (0-3, 0-40cm)","Gelatinous zooplankton",19,53,0,0
"Juvenile Saithe (0-3, 0-40cm)","Large crabs",19,54,0,0
"Juvenile Saithe (0-3, 0-40cm)","Nephrops",19,55,0,0
"Juvenile Saithe (0-3, 0-40cm)","Epifaunal macrobenthos (mobile grazers)",19,56,1,0.0001999966
"Juvenile Saithe (0-3, 0-40cm)","Infaunal macrobenthos",19,57,1,0.007299877
"Juvenile Saithe (0-3, 0-40cm)","Shrimp",19,58,1,0.005199912
"Juvenile Saithe (0-3, 0-40cm)","Small mobile epifauna (swarming crustaceans)",19,59,1,0.01419976
"Juvenile Saithe (0-3, 0-40cm)","Small infauna (polychaetes)",19,60,1,0.001099981
"Juvenile Saithe (0-3, 0-40cm)","Sessile epifauna",19,61,0,0
"Juvenile Saithe (0-3, 0-40cm)","Meiofauna",19,62,0,0
"Juvenile Saithe (0-3, 0-40cm)","Benthic microflora (incl. Bacteria, protozoa))",19,63,0,0
"Juvenile Saithe (0-3, 0-40cm)","Planktonic microflora (incl. Bacteria, protozoa)",19,64,0,0
"Juvenile Saithe (0-3, 0-40cm)","Phytoplankton",19,65,0,0
"Juvenile Saithe (0-3, 0-40cm)","Detritus - DOM -water column",19,66,0,0
"Juvenile Saithe (0-3, 0-40cm)","Detritus - POM - sediment",19,67,0,0
"Juvenile Saithe (0-3, 0-40cm)","Discards",19,68,0,0
"Saithe (adult)",Imports, 20,0,0,0
"Saithe (adult)","Baleen whales",20,1,0,0
"Saithe (adult)","Toothed whales",20,2,0,0
"Saithe (adult)","Seals",20,3,0,0
"Saithe (adult)","Seabirds",20,4,0,0
"Saithe (adult)","Juvenile sharks",20,5,0,0
"Saithe (adult)","Spurdog",20,6,0,0
"Saithe (adult)","Large piscivorous sharks",20,7,0,0
"Saithe (adult)","Small sharks",20,8,0,0
"Saithe (adult)","Juvenile rays",20,9,0,0
"Saithe (adult)","Starry ray + others",20,10,0,0
"Saithe (adult)","Thornback & Spotted ray",20,11,0,0
"Saithe (adult)","Skate + cuckoo ray",20,12,0,0
"Saithe (adult)","Juvenile Cod(0-2, 0-40cm)",20,13,0,0
"Saithe (adult)","Cod (adult)",20,14,0,0
"Saithe (adult)","Juvenile Whiting (0-1, 0-20cm)",20,15,1,0.0003548272
"Saithe (adult)","Whiting (adult)",20,16,1,0.02088473
"Saithe (adult)","Juvenile Haddock (0-1, 0-20cm)",20,17,1,0.0006968679
"Saithe (adult)","Haddock (adult)",20,18,1,0.002131095
"Saithe (adult)","Juvenile Saithe (0-3, 0-40cm)",20,19,0,0
"Saithe (adult)","Saithe (adult)",20,20,0,0
"Saithe (adult)","Hake",20,21,0,0
"Saithe (adult)","Blue whiting",20,22,1,0.03622861
"Saithe (adult)","Norway pout",20,23,1,0.3428931
"Saithe (adult)","Other gadoids (large)",20,24,0,0
"Saithe (adult)","Other gadoids (small)",20,25,1,0.03857281
"Saithe (adult)","Monkfish",20,26,0,0
"Saithe (adult)","Gurnards",20,27,1,0.0003196642
"Saithe (adult)","Herring (juvenile 0, 1)",20,28,1,0.004155634
"Saithe (adult)","Herring (adult)",20,29,1,0.202454
"Saithe (adult)","Sprat",20,30,1,0.06041653
"Saithe (adult)","Mackerel",20,31,1,0.004049079
"Saithe (adult)","Horse mackerel",20,32,0,0
"Saithe (adult)","Sandeels",20,33,1,0.0214175
"Saithe (adult)","Plaice",20,34,0,0
"Saithe (adult)","Dab",20,35,1,0.0006393284
"Saithe (adult)","Long-rough dab",20,36,1,0.0004262189
"Saithe (adult)","Flounder",20,37,0,0
"Saithe (adult)","Sole",20,38,0,0
"Saithe (adult)","Lemon sole",20,39,0,0
"Saithe (adult)","Witch",20,40,0,0
"Saithe (adult)","Turbot and brill",20,41,0,0
"Saithe (adult)","Megrim",20,42,0,0
"Saithe (adult)","Halibut",20,43,0,0
"Saithe (adult)","Dragonets",20,44,0,0
"Saithe (adult)","Catfish (Wolf-fish)",20,45,0,0
"Saithe (adult)","Large demersal fish",20,46,1,0.0001054892
"Saithe (adult)","Small demersal fish",20,47,1,0.0001054892
"Saithe (adult)","Miscellaneous filterfeeding pelagic fish",20,48,1,0.01097514
"Saithe (adult)","Squid & cuttlefish",20,49,1,0.002557314
"Saithe (adult)","Fish larvae",20,50,0,0
"Saithe (adult)","Carnivorous zooplankton",20,51,1,0.132341
"Saithe (adult)","Herbivorous & Omnivorous zooplankton (copepods)",20,52,1,0.1102841
"Saithe (adult)","Gelatinous zooplankton",20,53,0,0
"Saithe (adult)","Large crabs",20,54,0,0
"Saithe (adult)","Nephrops",20,55,0,0
"Saithe (adult)","Epifaunal macrobenthos (mobile grazers)",20,56,1,0.0002131094
"Saithe (adult)","Infaunal macrobenthos",20,57,0,0
"Saithe (adult)","Shrimp",20,58,1,0.001278657
"Saithe (adult)","Small mobile epifauna (swarming crustaceans)",20,59,1,0.006073619
"Saithe (adult)","Small infauna (polychaetes)",20,60,1,0.0004262189
"Saithe (adult)","Sessile epifauna",20,61,0,0
"Saithe (adult)","Meiofauna",20,62,0,0
"Saithe (adult)","Benthic microflora (incl. Bacteria, protozoa))",20,63,0,0
"Saithe (adult)","Planktonic microflora (incl. Bacteria, protozoa)",20,64,0,0
"Saithe (adult)","Phytoplankton",20,65,0,0
"Saithe (adult)","Detritus - DOM -water column",20,66,0,0
"Saithe (adult)","Detritus - POM - sediment",20,67,0,0
"Saithe (adult)","Discards",20,68,0,0
"Hake",Imports, 21,0,0,0
"Hake","Baleen whales",21,1,0,0
"Hake","Toothed whales",21,2,0,0
"Hake","Seals",21,3,0,0
"Hake","Seabirds",21,4,0,0
"Hake","Juvenile sharks",21,5,0,0
"Hake","Spurdog",21,6,0,0
"Hake","Large piscivorous sharks",21,7,0,0
"Hake","Small sharks",21,8,0,0
"Hake","Juvenile rays",21,9,0,0
"Hake","Starry ray + others",21,10,0,0
"Hake","Thornback & Spotted ray",21,11,0,0
"Hake","Skate + cuckoo ray",21,12,0,0
"Hake","Juvenile Cod(0-2, 0-40cm)",21,13,0,0
"Hake","Cod (adult)",21,14,0,0
"Hake","Juvenile Whiting (0-1, 0-20cm)",21,15,1,0.00259974
"Hake","Whiting (adult)",21,16,0,0
"Hake","Juvenile Haddock (0-1, 0-20cm)",21,17,0,0
"Hake","Haddock (adult)",21,18,0,0
"Hake","Juvenile Saithe (0-3, 0-40cm)",21,19,0,0
"Hake","Saithe (adult)",21,20,0,0
"Hake","Hake",21,21,1,0.007399261
"Hake","Blue whiting",21,22,1,0.3256675
"Hake","Norway pout",21,23,1,0.1085892
"Hake","Other gadoids (large)",21,24,0,0
"Hake","Other gadoids (small)",21,25,1,0.0489951
"Hake","Monkfish",21,26,0,0
"Hake","Gurnards",21,27,1,0.0029997
"Hake","Herring (juvenile 0, 1)",21,28,1,0.00229977
"Hake","Herring (adult)",21,29,0,0
"Hake","Sprat",21,30,1,0.1085892
"Hake","Mackerel",21,31,1,0.1731827
"Hake","Horse mackerel",21,32,1,0.1891811
"Hake","Sandeels",21,33,0,0
"Hake","Plaice",21,34,0,0
"Hake","Dab",21,35,0,0
"Hake","Long-rough dab",21,36,0,0
"Hake","Flounder",21,37,0,0
"Hake","Sole",21,38,0,0
"Hake","Lemon sole",21,39,0,0
"Hake","Witch",21,40,0,0
"Hake","Turbot and brill",21,41,0,0
"Hake","Megrim",21,42,0,0
"Hake","Halibut",21,43,0,0
"Hake","Dragonets",21,44,0,0
"Hake","Catfish (Wolf-fish)",21,45,0,0
"Hake","Large demersal fish",21,46,0,0
"Hake","Small demersal fish",21,47,1,0.01679832
"Hake","Miscellaneous filterfeeding pelagic fish",21,48,1,0.01109889
"Hake","Squid & cuttlefish",21,49,1,0.00119988
"Hake","Fish larvae",21,50,0,0
"Hake","Carnivorous zooplankton",21,51,0,0
"Hake","Herbivorous & Omnivorous zooplankton (copepods)",21,52,0,0
"Hake","Gelatinous zooplankton",21,53,0,0
"Hake","Large crabs",21,54,1,0.00019998
"Hake","Nephrops",21,55,0,0
"Hake","Epifaunal macrobenthos (mobile grazers)",21,56,1,0.00109989
"Hake","Infaunal macrobenthos",21,57,0,0
"Hake","Shrimp",21,58,1,9.999001E-05
"Hake","Small mobile epifauna (swarming crustaceans)",21,59,0,0
"Hake","Small infauna (polychaetes)",21,60,0,0
"Hake","Sessile epifauna",21,61,0,0
"Hake","Meiofauna",21,62,0,0
"Hake","Benthic microflora (incl. Bacteria, protozoa))",21,63,0,0
"Hake","Planktonic microflora (incl. Bacteria, protozoa)",21,64,0,0
"Hake","Phytoplankton",21,65,0,0
"Hake","Detritus - DOM -water column",21,66,0,0
"Hake","Detritus - POM - sediment",21,67,0,0
"Hake","Discards",21,68,0,0
"Blue whiting",Imports, 22,0,0,0
"Blue whiting","Baleen whales",22,1,0,0
"Blue whiting","Toothed whales",22,2,0,0
"Blue whiting","Seals",22,3,0,0
"Blue whiting","Seabirds",22,4,0,0
"Blue whiting","Juvenile sharks",22,5,0,0
"Blue whiting","Spurdog",22,6,0,0
"Blue whiting","Large piscivorous sharks",22,7,0,0
"Blue whiting","Small sharks",22,8,0,0
"Blue whiting","Juvenile rays",22,9,0,0
"Blue whiting","Starry ray + others",22,10,0,0
"Blue whiting","Thornback & Spotted ray",22,11,0,0
"Blue whiting","Skate + cuckoo ray",22,12,0,0
"Blue whiting","Juvenile Cod(0-2, 0-40cm)",22,13,0,0
"Blue whiting","Cod (adult)",22,14,0,0
"Blue whiting","Juvenile Whiting (0-1, 0-20cm)",22,15,0,0
"Blue whiting","Whiting (adult)",22,16,0,0
"Blue whiting","Juvenile Haddock (0-1, 0-20cm)",22,17,0,0
"Blue whiting","Haddock (adult)",22,18,0,0
"Blue whiting","Juvenile Saithe (0-3, 0-40cm)",22,19,0,0
"Blue whiting","Saithe (adult)",22,20,0,0
"Blue whiting","Hake",22,21,0,0
"Blue whiting","Blue whiting",22,22,0,0
"Blue whiting","Norway pout",22,23,1,0.094
"Blue whiting","Other gadoids (large)",22,24,0,0
"Blue whiting","Other gadoids (small)",22,25,0,0
"Blue whiting","Monkfish",22,26,0,0
"Blue whiting","Gurnards",22,27,0,0
"Blue whiting","Herring (juvenile 0, 1)",22,28,0,0
"Blue whiting","Herring (adult)",22,29,0,0
"Blue whiting","Sprat",22,30,1,0.0102
"Blue whiting","Mackerel",22,31,0,0
"Blue whiting","Horse mackerel",22,32,0,0
"Blue whiting","Sandeels",22,33,0,0
"Blue whiting","Plaice",22,34,0,0
"Blue whiting","Dab",22,35,0,0
"Blue whiting","Long-rough dab",22,36,0,0
"Blue whiting","Flounder",22,37,0,0
"Blue whiting","Sole",22,38,0,0
"Blue whiting","Lemon sole",22,39,0,0
"Blue whiting","Witch",22,40,0,0
"Blue whiting","Turbot and brill",22,41,0,0
"Blue whiting","Megrim",22,42,0,0
"Blue whiting","Halibut",22,43,0,0
"Blue whiting","Dragonets",22,44,0,0
"Blue whiting","Catfish (Wolf-fish)",22,45,0,0
"Blue whiting","Large demersal fish",22,46,0,0
"Blue whiting","Small demersal fish",22,47,0,0
"Blue whiting","Miscellaneous filterfeeding pelagic fish",22,48,1,0.0102
"Blue whiting","Squid & cuttlefish",22,49,0,0
"Blue whiting","Fish larvae",22,50,0,0
"Blue whiting","Carnivorous zooplankton",22,51,1,0.6051
"Blue whiting","Herbivorous & Omnivorous zooplankton (copepods)",22,52,1,0.1311
"Blue whiting","Gelatinous zooplankton",22,53,0,0
"Blue whiting","Large crabs",22,54,0,0
"Blue whiting","Nephrops",22,55,0,0
"Blue whiting","Epifaunal macrobenthos (mobile grazers)",22,56,1,0.04830001
"Blue whiting","Infaunal macrobenthos",22,57,0,0
"Blue whiting","Shrimp",22,58,1,0.1009
"Blue whiting","Small mobile epifauna (swarming crustaceans)",22,59,0,0
"Blue whiting","Small infauna (polychaetes)",22,60,1,0.0002
"Blue whiting","Sessile epifauna",22,61,0,0
"Blue whiting","Meiofauna",22,62,0,0
"Blue whiting","Benthic microflora (incl. Bacteria, protozoa))",22,63,0,0
"Blue whiting","Planktonic microflora (incl. Bacteria, protozoa)",22,64,0,0
"Blue whiting","Phytoplankton",22,65,0,0
"Blue whiting","Detritus - DOM -water column",22,66,0,0
"Blue whiting","Detritus - POM - sediment",22,67,0,0
"Blue whiting","Discards",22,68,0,0
"Norway pout",Imports, 23,0,0,0
"Norway pout","Baleen whales",23,1,0,0
"Norway pout","Toothed whales",23,2,0,0
"Norway pout","Seals",23,3,0,0
"Norway pout","Seabirds",23,4,0,0
"Norway pout","Juvenile sharks",23,5,0,0
"Norway pout","Spurdog",23,6,0,0
"Norway pout","Large piscivorous sharks",23,7,0,0
"Norway pout","Small sharks",23,8,0,0
"Norway pout","Juvenile rays",23,9,0,0
"Norway pout","Starry ray + others",23,10,0,0
"Norway pout","Thornback & Spotted ray",23,11,0,0
"Norway pout","Skate + cuckoo ray",23,12,0,0
"Norway pout","Juvenile Cod(0-2, 0-40cm)",23,13,0,0
"Norway pout","Cod (adult)",23,14,0,0
"Norway pout","Juvenile Whiting (0-1, 0-20cm)",23,15,0,0
"Norway pout","Whiting (adult)",23,16,0,0
"Norway pout","Juvenile Haddock (0-1, 0-20cm)",23,17,0,0
"Norway pout","Haddock (adult)",23,18,0,0
"Norway pout","Juvenile Saithe (0-3, 0-40cm)",23,19,0,0
"Norway pout","Saithe (adult)",23,20,0,0
"Norway pout","Hake",23,21,0,0
"Norway pout","Blue whiting",23,22,0,0
"Norway pout","Norway pout",23,23,0,0
"Norway pout","Other gadoids (large)",23,24,0,0
"Norway pout","Other gadoids (small)",23,25,0,0
"Norway pout","Monkfish",23,26,0,0
"Norway pout","Gurnards",23,27,0,0
"Norway pout","Herring (juvenile 0, 1)",23,28,0,0
"Norway pout","Herring (adult)",23,29,0,0
"Norway pout","Sprat",23,30,0,0
"Norway pout","Mackerel",23,31,0,0
"Norway pout","Horse mackerel",23,32,0,0
"Norway pout","Sandeels",23,33,0,0
"Norway pout","Plaice",23,34,0,0
"Norway pout","Dab",23,35,0,0
"Norway pout","Long-rough dab",23,36,0,0
"Norway pout","Flounder",23,37,0,0
"Norway pout","Sole",23,38,0,0
"Norway pout","Lemon sole",23,39,0,0
"Norway pout","Witch",23,40,0,0
"Norway pout","Turbot and brill",23,41,0,0
"Norway pout","Megrim",23,42,0,0
"Norway pout","Halibut",23,43,0,0
"Norway pout","Dragonets",23,44,0,0
"Norway pout","Catfish (Wolf-fish)",23,45,0,0
"Norway pout","Large demersal fish",23,46,0,0
"Norway pout","Small demersal fish",23,47,0,0
"Norway pout","Miscellaneous filterfeeding pelagic fish",23,48,0,0
"Norway pout","Squid & cuttlefish",23,49,0,0
"Norway pout","Fish larvae",23,50,0,0
"Norway pout","Carnivorous zooplankton",23,51,1,0.2857
"Norway pout","Herbivorous & Omnivorous zooplankton (copepods)",23,52,1,0.4762
"Norway pout","Gelatinous zooplankton",23,53,0,0
"Norway pout","Large crabs",23,54,0,0
"Norway pout","Nephrops",23,55,0,0
"Norway pout","Epifaunal macrobenthos (mobile grazers)",23,56,0,0
"Norway pout","Infaunal macrobenthos",23,57,1,0.1905
"Norway pout","Shrimp",23,58,0,0
"Norway pout","Small mobile epifauna (swarming crustaceans)",23,59,1,0.0476
"Norway pout","Small infauna (polychaetes)",23,60,0,0
"Norway pout","Sessile epifauna",23,61,0,0
"Norway pout","Meiofauna",23,62,0,0
"Norway pout","Benthic microflora (incl. Bacteria, protozoa))",23,63,0,0
"Norway pout","Planktonic microflora (incl. Bacteria, protozoa)",23,64,0,0
"Norway pout","Phytoplankton",23,65,0,0
"Norway pout","Detritus - DOM -water column",23,66,0,0
"Norway pout","Detritus - POM - sediment",23,67,0,0
"Norway pout","Discards",23,68,0,0
"Other gadoids (large)",Imports, 24,0,0,0
"Other gadoids (large)","Baleen whales",24,1,0,0
"Other gadoids (large)","Toothed whales",24,2,0,0
"Other gadoids (large)","Seals",24,3,0,0
"Other gadoids (large)","Seabirds",24,4,0,0
"Other gadoids (large)","Juvenile sharks",24,5,0,0
"Other gadoids (large)","Spurdog",24,6,0,0
"Other gadoids (large)","Large piscivorous sharks",24,7,0,0
"Other gadoids (large)","Small sharks",24,8,0,0
"Other gadoids (large)","Juvenile rays",24,9,0,0
"Other gadoids (large)","Starry ray + others",24,10,0,0
"Other gadoids (large)","Thornback & Spotted ray",24,11,0,0
"Other gadoids (large)","Skate + cuckoo ray",24,12,0,0
"Other gadoids (large)","Juvenile Cod(0-2, 0-40cm)",24,13,1,0.0273
"Other gadoids (large)","Cod (adult)",24,14,0,0
"Other gadoids (large)","Juvenile Whiting (0-1, 0-20cm)",24,15,1,0.0046
"Other gadoids (large)","Whiting (adult)",24,16,0,0
"Other gadoids (large)","Juvenile Haddock (0-1, 0-20cm)",24,17,1,0.0002
"Other gadoids (large)","Haddock (adult)",24,18,0,0
"Other gadoids (large)","Juvenile Saithe (0-3, 0-40cm)",24,19,0,0
"Other gadoids (large)","Saithe (adult)",24,20,1,0.0271
"Other gadoids (large)","Hake",24,21,0,0
"Other gadoids (large)","Blue whiting",24,22,1,0.0412
"Other gadoids (large)","Norway pout",24,23,1,0.1106
"Other gadoids (large)","Other gadoids (large)",24,24,1,0.0262
"Other gadoids (large)","Other gadoids (small)",24,25,1,0.0145
"Other gadoids (large)","Monkfish",24,26,0,0
"Other gadoids (large)","Gurnards",24,27,0,0
"Other gadoids (large)","Herring (juvenile 0, 1)",24,28,1,0.0297
"Other gadoids (large)","Herring (adult)",24,29,1,0.1561
"Other gadoids (large)","Sprat",24,30,0,0
"Other gadoids (large)","Mackerel",24,31,0,0
"Other gadoids (large)","Horse mackerel",24,32,0,0
"Other gadoids (large)","Sandeels",24,33,1,0.3821999
"Other gadoids (large)","Plaice",24,34,0,0
"Other gadoids (large)","Dab",24,35,0,0
"Other gadoids (large)","Long-rough dab",24,36,1,0.0169
"Other gadoids (large)","Flounder",24,37,0,0
"Other gadoids (large)","Sole",24,38,0,0
"Other gadoids (large)","Lemon sole",24,39,0,0
"Other gadoids (large)","Witch",24,40,0,0
"Other gadoids (large)","Turbot and brill",24,41,0,0
"Other gadoids (large)","Megrim",24,42,0,0
"Other gadoids (large)","Halibut",24,43,0,0
"Other gadoids (large)","Dragonets",24,44,0,0
"Other gadoids (large)","Catfish (Wolf-fish)",24,45,0,0
"Other gadoids (large)","Large demersal fish",24,46,0,0
"Other gadoids (large)","Small demersal fish",24,47,1,0.006999999
"Other gadoids (large)","Miscellaneous filterfeeding pelagic fish",24,48,0,0
"Other gadoids (large)","Squid & cuttlefish",24,49,1,0.05079999
"Other gadoids (large)","Fish larvae",24,50,0,0
"Other gadoids (large)","Carnivorous zooplankton",24,51,1,0.0111
"Other gadoids (large)","Herbivorous & Omnivorous zooplankton (copepods)",24,52,1,0.0199
"Other gadoids (large)","Gelatinous zooplankton",24,53,0,0
"Other gadoids (large)","Large crabs",24,54,1,0.0115
"Other gadoids (large)","Nephrops",24,55,0,0
"Other gadoids (large)","Epifaunal macrobenthos (mobile grazers)",24,56,0,0
"Other gadoids (large)","Infaunal macrobenthos",24,57,0,0
"Other gadoids (large)","Shrimp",24,58,1,0.0425
"Other gadoids (large)","Small mobile epifauna (swarming crustaceans)",24,59,1,0.008599999
"Other gadoids (large)","Small infauna (polychaetes)",24,60,1,0.012
"Other gadoids (large)","Sessile epifauna",24,61,0,0
"Other gadoids (large)","Meiofauna",24,62,0,0
"Other gadoids (large)","Benthic microflora (incl. Bacteria, protozoa))",24,63,0,0
"Other gadoids (large)","Planktonic microflora (incl. Bacteria, protozoa)",24,64,0,0
"Other gadoids (large)","Phytoplankton",24,65,0,0
"Other gadoids (large)","Detritus - DOM -water column",24,66,0,0
"Other gadoids (large)","Detritus - POM - sediment",24,67,0,0
"Other gadoids (large)","Discards",24,68,0,0
"Other gadoids (small)",Imports, 25,0,0,0
"Other gadoids (small)","Baleen whales",25,1,0,0
"Other gadoids (small)","Toothed whales",25,2,0,0
"Other gadoids (small)","Seals",25,3,0,0
"Other gadoids (small)","Seabirds",25,4,0,0
"Other gadoids (small)","Juvenile sharks",25,5,0,0
"Other gadoids (small)","Spurdog",25,6,0,0
"Other gadoids (small)","Large piscivorous sharks",25,7,0,0
"Other gadoids (small)","Small sharks",25,8,0,0
"Other gadoids (small)","Juvenile rays",25,9,0,0
"Other gadoids (small)","Starry ray + others",25,10,0,0
"Other gadoids (small)","Thornback & Spotted ray",25,11,0,0
"Other gadoids (small)","Skate + cuckoo ray",25,12,0,0
"Other gadoids (small)","Juvenile Cod(0-2, 0-40cm)",25,13,0,0
"Other gadoids (small)","Cod (adult)",25,14,0,0
"Other gadoids (small)","Juvenile Whiting (0-1, 0-20cm)",25,15,1,0.0002990114
"Other gadoids (small)","Whiting (adult)",25,16,0,0
"Other gadoids (small)","Juvenile Haddock (0-1, 0-20cm)",25,17,0,0
"Other gadoids (small)","Haddock (adult)",25,18,0,0
"Other gadoids (small)","Juvenile Saithe (0-3, 0-40cm)",25,19,0,0
"Other gadoids (small)","Saithe (adult)",25,20,0,0
"Other gadoids (small)","Hake",25,21,0,0
"Other gadoids (small)","Blue whiting",25,22,0,0
"Other gadoids (small)","Norway pout",25,23,1,0.0003990152
"Other gadoids (small)","Other gadoids (large)",25,24,0,0
"Other gadoids (small)","Other gadoids (small)",25,25,1,0.01690064
"Other gadoids (small)","Monkfish",25,26,0,0
"Other gadoids (small)","Gurnards",25,27,0,0
"Other gadoids (small)","Herring (juvenile 0, 1)",25,28,0,0
"Other gadoids (small)","Herring (adult)",25,29,0,0
"Other gadoids (small)","Sprat",25,30,1,0.003890148
"Other gadoids (small)","Mackerel",25,31,0,0
"Other gadoids (small)","Horse mackerel",25,32,0,0
"Other gadoids (small)","Sandeels",25,33,1,0.000998038
"Other gadoids (small)","Plaice",25,34,0,0
"Other gadoids (small)","Dab",25,35,1,0.004990189
"Other gadoids (small)","Long-rough dab",25,36,0,0
"Other gadoids (small)","Flounder",25,37,0,0
"Other gadoids (small)","Sole",25,38,0,0
"Other gadoids (small)","Lemon sole",25,39,0,0
"Other gadoids (small)","Witch",25,40,0,0
"Other gadoids (small)","Turbot and brill",25,41,0,0
"Other gadoids (small)","Megrim",25,42,0,0
"Other gadoids (small)","Halibut",25,43,0,0
"Other gadoids (small)","Dragonets",25,44,1,0.004990189
"Other gadoids (small)","Catfish (Wolf-fish)",25,45,0,0
"Other gadoids (small)","Large demersal fish",25,46,0,0
"Other gadoids (small)","Small demersal fish",25,47,1,0.01380052
"Other gadoids (small)","Miscellaneous filterfeeding pelagic fish",25,48,0,0
"Other gadoids (small)","Squid & cuttlefish",25,49,1,0.0007980303
"Other gadoids (small)","Fish larvae",25,50,0,0
"Other gadoids (small)","Carnivorous zooplankton",25,51,1,0.1003038
"Other gadoids (small)","Herbivorous & Omnivorous zooplankton (copepods)",25,52,1,0.2996114
"Other gadoids (small)","Gelatinous zooplankton",25,53,0,0
"Other gadoids (small)","Large crabs",25,54,1,0.01640062
"Other gadoids (small)","Nephrops",25,55,1,0.03990152
"Other gadoids (small)","Epifaunal macrobenthos (mobile grazers)",25,56,1,0.1297049
"Other gadoids (small)","Infaunal macrobenthos",25,57,1,0.1697064
"Other gadoids (small)","Shrimp",25,58,1,0.000998038
"Other gadoids (small)","Small mobile epifauna (swarming crustaceans)",25,59,1,0.02750104
"Other gadoids (small)","Small infauna (polychaetes)",25,60,1,0.1688064
"Other gadoids (small)","Sessile epifauna",25,61,0,0
"Other gadoids (small)","Meiofauna",25,62,0,0
"Other gadoids (small)","Benthic microflora (incl. Bacteria, protozoa))",25,63,0,0
"Other gadoids (small)","Planktonic microflora (incl. Bacteria, protozoa)",25,64,0,0
"Other gadoids (small)","Phytoplankton",25,65,0,0
"Other gadoids (small)","Detritus - DOM -water column",25,66,0,0
"Other gadoids (small)","Detritus - POM - sediment",25,67,0,0
"Other gadoids (small)","Discards",25,68,0,0
"Monkfish",Imports, 26,0,0,0
"Monkfish","Baleen whales",26,1,0,0
"Monkfish","Toothed whales",26,2,0,0
"Monkfish","Seals",26,3,0,0
"Monkfish","Seabirds",26,4,0,0
"Monkfish","Juvenile sharks",26,5,0,0
"Monkfish","Spurdog",26,6,0,0
"Monkfish","Large piscivorous sharks",26,7,0,0
"Monkfish","Small sharks",26,8,0,0
"Monkfish","Juvenile rays",26,9,1,0.007599239
"Monkfish","Starry ray + others",26,10,0,0
"Monkfish","Thornback & Spotted ray",26,11,0,0
"Monkfish","Skate + cuckoo ray",26,12,0,0
"Monkfish","Juvenile Cod(0-2, 0-40cm)",26,13,1,0.01149885
"Monkfish","Cod (adult)",26,14,1,0.01149885
"Monkfish","Juvenile Whiting (0-1, 0-20cm)",26,15,1,0.009799019
"Monkfish","Whiting (adult)",26,16,1,0.1170883
"Monkfish","Juvenile Haddock (0-1, 0-20cm)",26,17,1,0.00279972
"Monkfish","Haddock (adult)",26,18,1,0.0658934
"Monkfish","Juvenile Saithe (0-3, 0-40cm)",26,19,1,0.00369963
"Monkfish","Saithe (adult)",26,20,0,0
"Monkfish","Hake",26,21,1,0.007599239
"Monkfish","Blue whiting",26,22,0,0
"Monkfish","Norway pout",26,23,1,0.1320868
"Monkfish","Other gadoids (large)",26,24,0,0
"Monkfish","Other gadoids (small)",26,25,0,0
"Monkfish","Monkfish",26,26,1,0.00369963
"Monkfish","Gurnards",26,27,0,0
"Monkfish","Herring (juvenile 0, 1)",26,28,1,0.009899009
"Monkfish","Herring (adult)",26,29,1,0.1189881
"Monkfish","Sprat",26,30,1,0.00369963
"Monkfish","Mackerel",26,31,1,0.06799319
"Monkfish","Horse mackerel",26,32,0,0
"Monkfish","Sandeels",26,33,1,0.169983
"Monkfish","Plaice",26,34,1,0.00369963
"Monkfish","Dab",26,35,1,0.03019698
"Monkfish","Long-rough dab",26,36,1,0.04519548
"Monkfish","Flounder",26,37,0,0
"Monkfish","Sole",26,38,0,0
"Monkfish","Lemon sole",26,39,1,0.01129887
"Monkfish","Witch",26,40,1,0.00369963
"Monkfish","Turbot and brill",26,41,0,0
"Monkfish","Megrim",26,42,1,0.00369963
"Monkfish","Halibut",26,43,0,0
"Monkfish","Dragonets",26,44,1,0.00369963
"Monkfish","Catfish (Wolf-fish)",26,45,0,0
"Monkfish","Large demersal fish",26,46,0,0
"Monkfish","Small demersal fish",26,47,1,0.04149584
"Monkfish","Miscellaneous filterfeeding pelagic fish",26,48,1,0.00369963
"Monkfish","Squid & cuttlefish",26,49,1,0.09059092
"Monkfish","Fish larvae",26,50,0,0
"Monkfish","Carnivorous zooplankton",26,51,0,0
"Monkfish","Herbivorous & Omnivorous zooplankton (copepods)",26,52,0,0
"Monkfish","Gelatinous zooplankton",26,53,0,0
"Monkfish","Large crabs",26,54,0,0
"Monkfish","Nephrops",26,55,1,0.007599239
"Monkfish","Epifaunal macrobenthos (mobile grazers)",26,56,1,0.01129887
"Monkfish","Infaunal macrobenthos",26,57,0,0
"Monkfish","Shrimp",26,58,0,0
"Monkfish","Small mobile epifauna (swarming crustaceans)",26,59,0,0
"Monkfish","Small infauna (polychaetes)",26,60,0,0
"Monkfish","Sessile epifauna",26,61,0,0
"Monkfish","Meiofauna",26,62,0,0
"Monkfish","Benthic microflora (incl. Bacteria, protozoa))",26,63,0,0
"Monkfish","Planktonic microflora (incl. Bacteria, protozoa)",26,64,0,0
"Monkfish","Phytoplankton",26,65,0,0
"Monkfish","Detritus - DOM -water column",26,66,0,0
"Monkfish","Detritus - POM - sediment",26,67,0,0
"Monkfish","Discards",26,68,0,0
"Gurnards",Imports, 27,0,0,0
"Gurnards","Baleen whales",27,1,0,0
"Gurnards","Toothed whales",27,2,0,0
"Gurnards","Seals",27,3,0,0
"Gurnards","Seabirds",27,4,0,0
"Gurnards","Juvenile sharks",27,5,0,0
"Gurnards","Spurdog",27,6,0,0
"Gurnards","Large piscivorous sharks",27,7,0,0
"Gurnards","Small sharks",27,8,0,0
"Gurnards","Juvenile rays",27,9,1,0.0003000198
"Gurnards","Starry ray + others",27,10,0,0
"Gurnards","Thornback & Spotted ray",27,11,0,0
"Gurnards","Skate + cuckoo ray",27,12,0,0
"Gurnards","Juvenile Cod(0-2, 0-40cm)",27,13,1,0.02860189
"Gurnards","Cod (adult)",27,14,0,0
"Gurnards","Juvenile Whiting (0-1, 0-20cm)",27,15,1,0.008000528
"Gurnards","Whiting (adult)",27,16,0,0
"Gurnards","Juvenile Haddock (0-1, 0-20cm)",27,17,1,0.0003000198
"Gurnards","Haddock (adult)",27,18,0,0
"Gurnards","Juvenile Saithe (0-3, 0-40cm)",27,19,1,0.0001000066
"Gurnards","Saithe (adult)",27,20,0,0
"Gurnards","Hake",27,21,0,0
"Gurnards","Blue whiting",27,22,1,0.0001000066
"Gurnards","Norway pout",27,23,1,0.07110469
"Gurnards","Other gadoids (large)",27,24,0,0
"Gurnards","Other gadoids (small)",27,25,1,0.07520496
"Gurnards","Monkfish",27,26,0,0
"Gurnards","Gurnards",27,27,1,0.0001000066
"Gurnards","Herring (juvenile 0, 1)",27,28,1,0.0001000066
"Gurnards","Herring (adult)",27,29,0,0
"Gurnards","Sprat",27,30,1,0.01560103
"Gurnards","Mackerel",27,31,1,0.0008000528
"Gurnards","Horse mackerel",27,32,1,0.001300086
"Gurnards","Sandeels",27,33,1,0.4512298
"Gurnards","Plaice",27,34,1,3.400225E-05
"Gurnards","Dab",27,35,1,0.00940062
"Gurnards","Long-rough dab",27,36,1,0.01660109
"Gurnards","Flounder",27,37,0,0
"Gurnards","Sole",27,38,0,0
"Gurnards","Lemon sole",27,39,0,0
"Gurnards","Witch",27,40,1,0.0001000066
"Gurnards","Turbot and brill",27,41,0,0
"Gurnards","Megrim",27,42,0,0
"Gurnards","Halibut",27,43,0,0
"Gurnards","Dragonets",27,44,1,0.02350155
"Gurnards","Catfish (Wolf-fish)",27,45,0,0
"Gurnards","Large demersal fish",27,46,0,0
"Gurnards","Small demersal fish",27,47,1,0.01890125
"Gurnards","Miscellaneous filterfeeding pelagic fish",27,48,1,0.0002000132
"Gurnards","Squid & cuttlefish",27,49,1,0.01640108
"Gurnards","Fish larvae",27,50,0,0
"Gurnards","Carnivorous zooplankton",27,51,1,0.01050069
"Gurnards","Herbivorous & Omnivorous zooplankton (copepods)",27,52,0,0
"Gurnards","Gelatinous zooplankton",27,53,0,0
"Gurnards","Large crabs",27,54,1,0.06740445
"Gurnards","Nephrops",27,55,1,0.0008000528
"Gurnards","Epifaunal macrobenthos (mobile grazers)",27,56,1,0.01000066
"Gurnards","Infaunal macrobenthos",27,57,1,0.002900191
"Gurnards","Shrimp",27,58,1,0.02980197
"Gurnards","Small mobile epifauna (swarming crustaceans)",27,59,1,0.1402093
"Gurnards","Small infauna (polychaetes)",27,60,1,0.0004000264
"Gurnards","Sessile epifauna",27,61,0,0
"Gurnards","Meiofauna",27,62,0,0
"Gurnards","Benthic microflora (incl. Bacteria, protozoa))",27,63,0,0
"Gurnards","Planktonic microflora (incl. Bacteria, protozoa)",27,64,0,0
"Gurnards","Phytoplankton",27,65,0,0
"Gurnards","Detritus - DOM -water column",27,66,0,0
"Gurnards","Detritus - POM - sediment",27,67,0,0
"Gurnards","Discards",27,68,0,0
"Herring (juvenile 0, 1)",Imports, 28,0,0,0
"Herring (juvenile 0, 1)","Baleen whales",28,1,0,0
"Herring (juvenile 0, 1)","Toothed whales",28,2,0,0
"Herring (juvenile 0, 1)","Seals",28,3,0,0
"Herring (juvenile 0, 1)","Seabirds",28,4,0,0
"Herring (juvenile 0, 1)","Juvenile sharks",28,5,0,0
"Herring (juvenile 0, 1)","Spurdog",28,6,0,0
"Herring (juvenile 0, 1)","Large piscivorous sharks",28,7,0,0
"Herring (juvenile 0, 1)","Small sharks",28,8,0,0
"Herring (juvenile 0, 1)","Juvenile rays",28,9,0,0
"Herring (juvenile 0, 1)","Starry ray + others",28,10,0,0
"Herring (juvenile 0, 1)","Thornback & Spotted ray",28,11,0,0
"Herring (juvenile 0, 1)","Skate + cuckoo ray",28,12,0,0
"Herring (juvenile 0, 1)","Juvenile Cod(0-2, 0-40cm)",28,13,0,0
"Herring (juvenile 0, 1)","Cod (adult)",28,14,0,0
"Herring (juvenile 0, 1)","Juvenile Whiting (0-1, 0-20cm)",28,15,0,0
"Herring (juvenile 0, 1)","Whiting (adult)",28,16,0,0
"Herring (juvenile 0, 1)","Juvenile Haddock (0-1, 0-20cm)",28,17,0,0
"Herring (juvenile 0, 1)","Haddock (adult)",28,18,0,0
"Herring (juvenile 0, 1)","Juvenile Saithe (0-3, 0-40cm)",28,19,0,0
"Herring (juvenile 0, 1)","Saithe (adult)",28,20,0,0
"Herring (juvenile 0, 1)","Hake",28,21,0,0
"Herring (juvenile 0, 1)","Blue whiting",28,22,0,0
"Herring (juvenile 0, 1)","Norway pout",28,23,0,0
"Herring (juvenile 0, 1)","Other gadoids (large)",28,24,0,0
"Herring (juvenile 0, 1)","Other gadoids (small)",28,25,0,0
"Herring (juvenile 0, 1)","Monkfish",28,26,0,0
"Herring (juvenile 0, 1)","Gurnards",28,27,0,0
"Herring (juvenile 0, 1)","Herring (juvenile 0, 1)",28,28,0,0
"Herring (juvenile 0, 1)","Herring (adult)",28,29,0,0
"Herring (juvenile 0, 1)","Sprat",28,30,0,0
"Herring (juvenile 0, 1)","Mackerel",28,31,0,0
"Herring (juvenile 0, 1)","Horse mackerel",28,32,0,0
"Herring (juvenile 0, 1)","Sandeels",28,33,0,0
"Herring (juvenile 0, 1)","Plaice",28,34,0,0
"Herring (juvenile 0, 1)","Dab",28,35,0,0
"Herring (juvenile 0, 1)","Long-rough dab",28,36,0,0
"Herring (juvenile 0, 1)","Flounder",28,37,0,0
"Herring (juvenile 0, 1)","Sole",28,38,0,0
"Herring (juvenile 0, 1)","Lemon sole",28,39,0,0
"Herring (juvenile 0, 1)","Witch",28,40,0,0
"Herring (juvenile 0, 1)","Turbot and brill",28,41,0,0
"Herring (juvenile 0, 1)","Megrim",28,42,0,0
"Herring (juvenile 0, 1)","Halibut",28,43,0,0
"Herring (juvenile 0, 1)","Dragonets",28,44,0,0
"Herring (juvenile 0, 1)","Catfish (Wolf-fish)",28,45,0,0
"Herring (juvenile 0, 1)","Large demersal fish",28,46,0,0
"Herring (juvenile 0, 1)","Small demersal fish",28,47,0,0
"Herring (juvenile 0, 1)","Miscellaneous filterfeeding pelagic fish",28,48,0,0
"Herring (juvenile 0, 1)","Squid & cuttlefish",28,49,0,0
"Herring (juvenile 0, 1)","Fish larvae",28,50,0,0
"Herring (juvenile 0, 1)","Carnivorous zooplankton",28,51,1,0.2733
"Herring (juvenile 0, 1)","Herbivorous & Omnivorous zooplankton (copepods)",28,52,1,0.6748
"Herring (juvenile 0, 1)","Gelatinous zooplankton",28,53,0,0
"Herring (juvenile 0, 1)","Large crabs",28,54,0,0
"Herring (juvenile 0, 1)","Nephrops",28,55,0,0
"Herring (juvenile 0, 1)","Epifaunal macrobenthos (mobile grazers)",28,56,0,0
"Herring (juvenile 0, 1)","Infaunal macrobenthos",28,57,0,0
"Herring (juvenile 0, 1)","Shrimp",28,58,0,0
"Herring (juvenile 0, 1)","Small mobile epifauna (swarming crustaceans)",28,59,1,0.0519
"Herring (juvenile 0, 1)","Small infauna (polychaetes)",28,60,0,0
"Herring (juvenile 0, 1)","Sessile epifauna",28,61,0,0
"Herring (juvenile 0, 1)","Meiofauna",28,62,0,0
"Herring (juvenile 0, 1)","Benthic microflora (incl. Bacteria, protozoa))",28,63,0,0
"Herring (juvenile 0, 1)","Planktonic microflora (incl. Bacteria, protozoa)",28,64,0,0
"Herring (juvenile 0, 1)","Phytoplankton",28,65,0,0
"Herring (juvenile 0, 1)","Detritus - DOM -water column",28,66,0,0
"Herring (juvenile 0, 1)","Detritus - POM - sediment",28,67,0,0
"Herring (juvenile 0, 1)","Discards",28,68,0,0
"Herring (adult)",Imports, 29,0,0,0
"Herring (adult)","Baleen whales",29,1,0,0
"Herring (adult)","Toothed whales",29,2,0,0
"Herring (adult)","Seals",29,3,0,0
"Herring (adult)","Seabirds",29,4,0,0
"Herring (adult)","Juvenile sharks",29,5,0,0
"Herring (adult)","Spurdog",29,6,0,0
"Herring (adult)","Large piscivorous sharks",29,7,0,0
"Herring (adult)","Small sharks",29,8,0,0
"Herring (adult)","Juvenile rays",29,9,0,0
"Herring (adult)","Starry ray + others",29,10,0,0
"Herring (adult)","Thornback & Spotted ray",29,11,0,0
"Herring (adult)","Skate + cuckoo ray",29,12,0,0
"Herring (adult)","Juvenile Cod(0-2, 0-40cm)",29,13,0,0
"Herring (adult)","Cod (adult)",29,14,0,0
"Herring (adult)","Juvenile Whiting (0-1, 0-20cm)",29,15,0,0
"Herring (adult)","Whiting (adult)",29,16,0,0
"Herring (adult)","Juvenile Haddock (0-1, 0-20cm)",29,17,0,0
"Herring (adult)","Haddock (adult)",29,18,0,0
"Herring (adult)","Juvenile Saithe (0-3, 0-40cm)",29,19,0,0
"Herring (adult)","Saithe (adult)",29,20,0,0
"Herring (adult)","Hake",29,21,0,0
"Herring (adult)","Blue whiting",29,22,0,0
"Herring (adult)","Norway pout",29,23,0,0
"Herring (adult)","Other gadoids (large)",29,24,0,0
"Herring (adult)","Other gadoids (small)",29,25,0,0
"Herring (adult)","Monkfish",29,26,0,0
"Herring (adult)","Gurnards",29,27,0,0
"Herring (adult)","Herring (juvenile 0, 1)",29,28,0,0
"Herring (adult)","Herring (adult)",29,29,0,0
"Herring (adult)","Sprat",29,30,0,0
"Herring (adult)","Mackerel",29,31,0,0
"Herring (adult)","Horse mackerel",29,32,0,0
"Herring (adult)","Sandeels",29,33,0,0
"Herring (adult)","Plaice",29,34,0,0
"Herring (adult)","Dab",29,35,0,0
"Herring (adult)","Long-rough dab",29,36,0,0
"Herring (adult)","Flounder",29,37,0,0
"Herring (adult)","Sole",29,38,0,0
"Herring (adult)","Lemon sole",29,39,0,0
"Herring (adult)","Witch",29,40,0,0
"Herring (adult)","Turbot and brill",29,41,0,0
"Herring (adult)","Megrim",29,42,0,0
"Herring (adult)","Halibut",29,43,0,0
"Herring (adult)","Dragonets",29,44,0,0
"Herring (adult)","Catfish (Wolf-fish)",29,45,0,0
"Herring (adult)","Large demersal fish",29,46,0,0
"Herring (adult)","Small demersal fish",29,47,0,0
"Herring (adult)","Miscellaneous filterfeeding pelagic fish",29,48,0,0
"Herring (adult)","Squid & cuttlefish",29,49,0,0
"Herring (adult)","Fish larvae",29,50,0,0
"Herring (adult)","Carnivorous zooplankton",29,51,1,0.3093
"Herring (adult)","Herbivorous & Omnivorous zooplankton (copepods)",29,52,1,0.6701
"Herring (adult)","Gelatinous zooplankton",29,53,0,0
"Herring (adult)","Large crabs",29,54,0,0
"Herring (adult)","Nephrops",29,55,0,0
"Herring (adult)","Epifaunal macrobenthos (mobile grazers)",29,56,0,0
"Herring (adult)","Infaunal macrobenthos",29,57,0,0
"Herring (adult)","Shrimp",29,58,0,0
"Herring (adult)","Small mobile epifauna (swarming crustaceans)",29,59,1,0.0206
"Herring (adult)","Small infauna (polychaetes)",29,60,0,0
"Herring (adult)","Sessile epifauna",29,61,0,0
"Herring (adult)","Meiofauna",29,62,0,0
"Herring (adult)","Benthic microflora (incl. Bacteria, protozoa))",29,63,0,0
"Herring (adult)","Planktonic microflora (incl. Bacteria, protozoa)",29,64,0,0
"Herring (adult)","Phytoplankton",29,65,0,0
"Herring (adult)","Detritus - DOM -water column",29,66,0,0
"Herring (adult)","Detritus - POM - sediment",29,67,0,0
"Herring (adult)","Discards",29,68,0,0
"Sprat",Imports, 30,0,0,0
"Sprat","Baleen whales",30,1,0,0
"Sprat","Toothed whales",30,2,0,0
"Sprat","Seals",30,3,0,0
"Sprat","Seabirds",30,4,0,0
"Sprat","Juvenile sharks",30,5,0,0
"Sprat","Spurdog",30,6,0,0
"Sprat","Large piscivorous sharks",30,7,0,0
"Sprat","Small sharks",30,8,0,0
"Sprat","Juvenile rays",30,9,0,0
"Sprat","Starry ray + others",30,10,0,0
"Sprat","Thornback & Spotted ray",30,11,0,0
"Sprat","Skate + cuckoo ray",30,12,0,0
"Sprat","Juvenile Cod(0-2, 0-40cm)",30,13,0,0
"Sprat","Cod (adult)",30,14,0,0
"Sprat","Juvenile Whiting (0-1, 0-20cm)",30,15,0,0
"Sprat","Whiting (adult)",30,16,0,0
"Sprat","Juvenile Haddock (0-1, 0-20cm)",30,17,0,0
"Sprat","Haddock (adult)",30,18,0,0
"Sprat","Juvenile Saithe (0-3, 0-40cm)",30,19,0,0
"Sprat","Saithe (adult)",30,20,0,0
"Sprat","Hake",30,21,0,0
"Sprat","Blue whiting",30,22,0,0
"Sprat","Norway pout",30,23,0,0
"Sprat","Other gadoids (large)",30,24,0,0
"Sprat","Other gadoids (small)",30,25,0,0
"Sprat","Monkfish",30,26,0,0
"Sprat","Gurnards",30,27,0,0
"Sprat","Herring (juvenile 0, 1)",30,28,0,0
"Sprat","Herring (adult)",30,29,0,0
"Sprat","Sprat",30,30,0,0
"Sprat","Mackerel",30,31,0,0
"Sprat","Horse mackerel",30,32,0,0
"Sprat","Sandeels",30,33,0,0
"Sprat","Plaice",30,34,0,0
"Sprat","Dab",30,35,0,0
"Sprat","Long-rough dab",30,36,0,0
"Sprat","Flounder",30,37,0,0
"Sprat","Sole",30,38,0,0
"Sprat","Lemon sole",30,39,0,0
"Sprat","Witch",30,40,0,0
"Sprat","Turbot and brill",30,41,0,0
"Sprat","Megrim",30,42,0,0
"Sprat","Halibut",30,43,0,0
"Sprat","Dragonets",30,44,0,0
"Sprat","Catfish (Wolf-fish)",30,45,0,0
"Sprat","Large demersal fish",30,46,0,0
"Sprat","Small demersal fish",30,47,0,0
"Sprat","Miscellaneous filterfeeding pelagic fish",30,48,0,0
"Sprat","Squid & cuttlefish",30,49,0,0
"Sprat","Fish larvae",30,50,0,0
"Sprat","Carnivorous zooplankton",30,51,0,0
"Sprat","Herbivorous & Omnivorous zooplankton (copepods)",30,52,1,0.8
"Sprat","Gelatinous zooplankton",30,53,0,0
"Sprat","Large crabs",30,54,0,0
"Sprat","Nephrops",30,55,0,0
"Sprat","Epifaunal macrobenthos (mobile grazers)",30,56,0,0
"Sprat","Infaunal macrobenthos",30,57,0,0
"Sprat","Shrimp",30,58,0,0
"Sprat","Small mobile epifauna (swarming crustaceans)",30,59,0,0
"Sprat","Small infauna (polychaetes)",30,60,0,0
"Sprat","Sessile epifauna",30,61,0,0
"Sprat","Meiofauna",30,62,0,0
"Sprat","Benthic microflora (incl. Bacteria, protozoa))",30,63,0,0
"Sprat","Planktonic microflora (incl. Bacteria, protozoa)",30,64,1,0.1
"Sprat","Phytoplankton",30,65,1,0.1
"Sprat","Detritus - DOM -water column",30,66,0,0
"Sprat","Detritus - POM - sediment",30,67,0,0
"Sprat","Discards",30,68,0,0
"Mackerel",Imports, 31,0,0,0
"Mackerel","Baleen whales",31,1,0,0
"Mackerel","Toothed whales",31,2,0,0
"Mackerel","Seals",31,3,0,0
"Mackerel","Seabirds",31,4,0,0
"Mackerel","Juvenile sharks",31,5,0,0
"Mackerel","Spurdog",31,6,0,0
"Mackerel","Large piscivorous sharks",31,7,0,0
"Mackerel","Small sharks",31,8,0,0
"Mackerel","Juvenile rays",31,9,0,0
"Mackerel","Starry ray + others",31,10,0,0
"Mackerel","Thornback & Spotted ray",31,11,0,0
"Mackerel","Skate + cuckoo ray",31,12,0,0
"Mackerel","Juvenile Cod(0-2, 0-40cm)",31,13,1,9.999916E-05
"Mackerel","Cod (adult)",31,14,0,0
"Mackerel","Juvenile Whiting (0-1, 0-20cm)",31,15,1,8.39993E-06
"Mackerel","Whiting (adult)",31,16,0,0
"Mackerel","Juvenile Haddock (0-1, 0-20cm)",31,17,0,0
"Mackerel","Haddock (adult)",31,18,0,0
"Mackerel","Juvenile Saithe (0-3, 0-40cm)",31,19,0,0
"Mackerel","Saithe (adult)",31,20,0,0
"Mackerel","Hake",31,21,0,0
"Mackerel","Blue whiting",31,22,1,0.0004999958
"Mackerel","Norway pout",31,23,1,0.009399922
"Mackerel","Other gadoids (large)",31,24,0,0
"Mackerel","Other gadoids (small)",31,25,1,0.01139991
"Mackerel","Monkfish",31,26,0,0
"Mackerel","Gurnards",31,27,0,0
"Mackerel","Herring (juvenile 0, 1)",31,28,1,0.0009999917
"Mackerel","Herring (adult)",31,29,0,0
"Mackerel","Sprat",31,30,1,0.0603995
"Mackerel","Mackerel",31,31,0,0
"Mackerel","Horse mackerel",31,32,1,0.006299947
"Mackerel","Sandeels",31,33,1,0.2653978
"Mackerel","Plaice",31,34,0,0
"Mackerel","Dab",31,35,0,0
"Mackerel","Long-rough dab",31,36,0,0
"Mackerel","Flounder",31,37,0,0
"Mackerel","Sole",31,38,0,0
"Mackerel","Lemon sole",31,39,0,0
"Mackerel","Witch",31,40,0,0
"Mackerel","Turbot and brill",31,41,0,0
"Mackerel","Megrim",31,42,0,0
"Mackerel","Halibut",31,43,0,0
"Mackerel","Dragonets",31,44,0,0
"Mackerel","Catfish (Wolf-fish)",31,45,0,0
"Mackerel","Large demersal fish",31,46,0,0
"Mackerel","Small demersal fish",31,47,1,0.0001999983
"Mackerel","Miscellaneous filterfeeding pelagic fish",31,48,1,0.0001999983
"Mackerel","Squid & cuttlefish",31,49,1,0.01699986
"Mackerel","Fish larvae",31,50,0,0
"Mackerel","Carnivorous zooplankton",31,51,1,0.1715986
"Mackerel","Herbivorous & Omnivorous zooplankton (copepods)",31,52,1,0.114499
"Mackerel","Gelatinous zooplankton",31,53,0,0
"Mackerel","Large crabs",31,54,0,0
"Mackerel","Nephrops",31,55,0,0
"Mackerel","Epifaunal macrobenthos (mobile grazers)",31,56,1,0.004499962
"Mackerel","Infaunal macrobenthos",31,57,1,9.999916E-05
"Mackerel","Shrimp",31,58,1,0.0001999983
"Mackerel","Small mobile epifauna (swarming crustaceans)",31,59,1,0.03199973
"Mackerel","Small infauna (polychaetes)",31,60,1,0.120399
"Mackerel","Sessile epifauna",31,61,1,0.002599978
"Mackerel","Meiofauna",31,62,0,0
"Mackerel","Benthic microflora (incl. Bacteria, protozoa))",31,63,0,0
"Mackerel","Planktonic microflora (incl. Bacteria, protozoa)",31,64,1,0.1821985
"Mackerel","Phytoplankton",31,65,0,0
"Mackerel","Detritus - DOM -water column",31,66,0,0
"Mackerel","Detritus - POM - sediment",31,67,0,0
"Mackerel","Discards",31,68,0,0
"Horse mackerel",Imports, 32,0,0,0
"Horse mackerel","Baleen whales",32,1,0,0
"Horse mackerel","Toothed whales",32,2,0,0
"Horse mackerel","Seals",32,3,0,0
"Horse mackerel","Seabirds",32,4,0,0
"Horse mackerel","Juvenile sharks",32,5,0,0
"Horse mackerel","Spurdog",32,6,0,0
"Horse mackerel","Large piscivorous sharks",32,7,0,0
"Horse mackerel","Small sharks",32,8,0,0
"Horse mackerel","Juvenile rays",32,9,0,0
"Horse mackerel","Starry ray + others",32,10,0,0
"Horse mackerel","Thornback & Spotted ray",32,11,0,0
"Horse mackerel","Skate + cuckoo ray",32,12,0,0
"Horse mackerel","Juvenile Cod(0-2, 0-40cm)",32,13,1,0.00560056
"Horse mackerel","Cod (adult)",32,14,0,0
"Horse mackerel","Juvenile Whiting (0-1, 0-20cm)",32,15,1,0.00280028
"Horse mackerel","Whiting (adult)",32,16,0,0
"Horse mackerel","Juvenile Haddock (0-1, 0-20cm)",32,17,1,0.00090009
"Horse mackerel","Haddock (adult)",32,18,0,0
"Horse mackerel","Juvenile Saithe (0-3, 0-40cm)",32,19,1,0.00110011
"Horse mackerel","Saithe (adult)",32,20,0,0
"Horse mackerel","Hake",32,21,0,0
"Horse mackerel","Blue whiting",32,22,1,0.01680168
"Horse mackerel","Norway pout",32,23,1,0.2235224
"Horse mackerel","Other gadoids (large)",32,24,0,0
"Horse mackerel","Other gadoids (small)",32,25,1,0.0340034
"Horse mackerel","Monkfish",32,26,0,0
"Horse mackerel","Gurnards",32,27,1,0.00490049
"Horse mackerel","Herring (juvenile 0, 1)",32,28,1,0.0040004
"Horse mackerel","Herring (adult)",32,29,0,0
"Horse mackerel","Sprat",32,30,1,0.00610061
"Horse mackerel","Mackerel",32,31,0,0
"Horse mackerel","Horse mackerel",32,32,0,0
"Horse mackerel","Sandeels",32,33,1,0.04230423
"Horse mackerel","Plaice",32,34,0,0
"Horse mackerel","Dab",32,35,0,0
"Horse mackerel","Long-rough dab",32,36,0,0
"Horse mackerel","Flounder",32,37,0,0
"Horse mackerel","Sole",32,38,0,0
"Horse mackerel","Lemon sole",32,39,0,0
"Horse mackerel","Witch",32,40,0,0
"Horse mackerel","Turbot and brill",32,41,0,0
"Horse mackerel","Megrim",32,42,0,0
"Horse mackerel","Halibut",32,43,0,0
"Horse mackerel","Dragonets",32,44,0,0
"Horse mackerel","Catfish (Wolf-fish)",32,45,0,0
"Horse mackerel","Large demersal fish",32,46,0,0
"Horse mackerel","Small demersal fish",32,47,1,0.00670067
"Horse mackerel","Miscellaneous filterfeeding pelagic fish",32,48,0,0
"Horse mackerel","Squid & cuttlefish",32,49,0,0
"Horse mackerel","Fish larvae",32,50,1,0.1192119
"Horse mackerel","Carnivorous zooplankton",32,51,1,0.4369437
"Horse mackerel","Herbivorous & Omnivorous zooplankton (copepods)",32,52,0,0
"Horse mackerel","Gelatinous zooplankton",32,53,0,0
"Horse mackerel","Large crabs",32,54,0,0
"Horse mackerel","Nephrops",32,55,1,0.03350335
"Horse mackerel","Epifaunal macrobenthos (mobile grazers)",32,56,0,0
"Horse mackerel","Infaunal macrobenthos",32,57,1,0.0140014
"Horse mackerel","Shrimp",32,58,0,0
"Horse mackerel","Small mobile epifauna (swarming crustaceans)",32,59,0,0
"Horse mackerel","Small infauna (polychaetes)",32,60,0,0
"Horse mackerel","Sessile epifauna",32,61,0,0
"Horse mackerel","Meiofauna",32,62,0,0
"Horse mackerel","Benthic microflora (incl. Bacteria, protozoa))",32,63,0,0
"Horse mackerel","Planktonic microflora (incl. Bacteria, protozoa)",32,64,1,0.04760476
"Horse mackerel","Phytoplankton",32,65,0,0
"Horse mackerel","Detritus - DOM -water column",32,66,0,0
"Horse mackerel","Detritus - POM - sediment",32,67,0,0
"Horse mackerel","Discards",32,68,0,0
"Sandeels",Imports, 33,0,0,0
"Sandeels","Baleen whales",33,1,0,0
"Sandeels","Toothed whales",33,2,0,0
"Sandeels","Seals",33,3,0,0
"Sandeels","Seabirds",33,4,0,0
"Sandeels","Juvenile sharks",33,5,0,0
"Sandeels","Spurdog",33,6,0,0
"Sandeels","Large piscivorous sharks",33,7,0,0
"Sandeels","Small sharks",33,8,0,0
"Sandeels","Juvenile rays",33,9,0,0
"Sandeels","Starry ray + others",33,10,0,0
"Sandeels","Thornback & Spotted ray",33,11,0,0
"Sandeels","Skate + cuckoo ray",33,12,0,0
"Sandeels","Juvenile Cod(0-2, 0-40cm)",33,13,0,0
"Sandeels","Cod (adult)",33,14,0,0
"Sandeels","Juvenile Whiting (0-1, 0-20cm)",33,15,0,0
"Sandeels","Whiting (adult)",33,16,0,0
"Sandeels","Juvenile Haddock (0-1, 0-20cm)",33,17,0,0
"Sandeels","Haddock (adult)",33,18,0,0
"Sandeels","Juvenile Saithe (0-3, 0-40cm)",33,19,0,0
"Sandeels","Saithe (adult)",33,20,0,0
"Sandeels","Hake",33,21,0,0
"Sandeels","Blue whiting",33,22,0,0
"Sandeels","Norway pout",33,23,0,0
"Sandeels","Other gadoids (large)",33,24,0,0
"Sandeels","Other gadoids (small)",33,25,0,0
"Sandeels","Monkfish",33,26,0,0
"Sandeels","Gurnards",33,27,0,0
"Sandeels","Herring (juvenile 0, 1)",33,28,0,0
"Sandeels","Herring (adult)",33,29,0,0
"Sandeels","Sprat",33,30,0,0
"Sandeels","Mackerel",33,31,0,0
"Sandeels","Horse mackerel",33,32,0,0
"Sandeels","Sandeels",33,33,0,0
"Sandeels","Plaice",33,34,0,0
"Sandeels","Dab",33,35,0,0
"Sandeels","Long-rough dab",33,36,0,0
"Sandeels","Flounder",33,37,0,0
"Sandeels","Sole",33,38,0,0
"Sandeels","Lemon sole",33,39,0,0
"Sandeels","Witch",33,40,0,0
"Sandeels","Turbot and brill",33,41,0,0
"Sandeels","Megrim",33,42,0,0
"Sandeels","Halibut",33,43,0,0
"Sandeels","Dragonets",33,44,0,0
"Sandeels","Catfish (Wolf-fish)",33,45,0,0
"Sandeels","Large demersal fish",33,46,0,0
"Sandeels","Small demersal fish",33,47,0,0
"Sandeels","Miscellaneous filterfeeding pelagic fish",33,48,0,0
"Sandeels","Squid & cuttlefish",33,49,0,0
"Sandeels","Fish larvae",33,50,0,0
"Sandeels","Carnivorous zooplankton",33,51,1,0.0631
"Sandeels","Herbivorous & Omnivorous zooplankton (copepods)",33,52,1,0.6104
"Sandeels","Gelatinous zooplankton",33,53,0,0
"Sandeels","Large crabs",33,54,0,0
"Sandeels","Nephrops",33,55,0,0
"Sandeels","Epifaunal macrobenthos (mobile grazers)",33,56,1,0.0008
"Sandeels","Infaunal macrobenthos",33,57,1,0.0056
"Sandeels","Shrimp",33,58,0,0
"Sandeels","Small mobile epifauna (swarming crustaceans)",33,59,1,0.0155
"Sandeels","Small infauna (polychaetes)",33,60,1,0.1875
"Sandeels","Sessile epifauna",33,61,0,0
"Sandeels","Meiofauna",33,62,1,0.0478
"Sandeels","Benthic microflora (incl. Bacteria, protozoa))",33,63,0,0
"Sandeels","Planktonic microflora (incl. Bacteria, protozoa)",33,64,1,0.0476
"Sandeels","Phytoplankton",33,65,1,0.0217
"Sandeels","Detritus - DOM -water column",33,66,0,0
"Sandeels","Detritus - POM - sediment",33,67,0,0
"Sandeels","Discards",33,68,0,0
"Plaice",Imports, 34,0,0,0
"Plaice","Baleen whales",34,1,0,0
"Plaice","Toothed whales",34,2,0,0
"Plaice","Seals",34,3,0,0
"Plaice","Seabirds",34,4,0,0
"Plaice","Juvenile sharks",34,5,0,0
"Plaice","Spurdog",34,6,0,0
"Plaice","Large piscivorous sharks",34,7,0,0
"Plaice","Small sharks",34,8,0,0
"Plaice","Juvenile rays",34,9,0,0
"Plaice","Starry ray + others",34,10,0,0
"Plaice","Thornback & Spotted ray",34,11,0,0
"Plaice","Skate + cuckoo ray",34,12,0,0
"Plaice","Juvenile Cod(0-2, 0-40cm)",34,13,0,0
"Plaice","Cod (adult)",34,14,0,0
"Plaice","Juvenile Whiting (0-1, 0-20cm)",34,15,0,0
"Plaice","Whiting (adult)",34,16,0,0
"Plaice","Juvenile Haddock (0-1, 0-20cm)",34,17,0,0
"Plaice","Haddock (adult)",34,18,0,0
"Plaice","Juvenile Saithe (0-3, 0-40cm)",34,19,0,0
"Plaice","Saithe (adult)",34,20,0,0
"Plaice","Hake",34,21,0,0
"Plaice","Blue whiting",34,22,0,0
"Plaice","Norway pout",34,23,0,0
"Plaice","Other gadoids (large)",34,24,0,0
"Plaice","Other gadoids (small)",34,25,0,0
"Plaice","Monkfish",34,26,0,0
"Plaice","Gurnards",34,27,0,0
"Plaice","Herring (juvenile 0, 1)",34,28,1,0.00020002
"Plaice","Herring (adult)",34,29,0,0
"Plaice","Sprat",34,30,0,0
"Plaice","Mackerel",34,31,0,0
"Plaice","Horse mackerel",34,32,0,0
"Plaice","Sandeels",34,33,1,0.00750075
"Plaice","Plaice",34,34,0,0
"Plaice","Dab",34,35,0,0
"Plaice","Long-rough dab",34,36,0,0
"Plaice","Flounder",34,37,0,0
"Plaice","Sole",34,38,1,0.00250025
"Plaice","Lemon sole",34,39,0,0
"Plaice","Witch",34,40,0,0
"Plaice","Turbot and brill",34,41,0,0
"Plaice","Megrim",34,42,0,0
"Plaice","Halibut",34,43,0,0
"Plaice","Dragonets",34,44,0,0
"Plaice","Catfish (Wolf-fish)",34,45,0,0
"Plaice","Large demersal fish",34,46,0,0
"Plaice","Small demersal fish",34,47,0,0
"Plaice","Miscellaneous filterfeeding pelagic fish",34,48,0,0
"Plaice","Squid & cuttlefish",34,49,0,0
"Plaice","Fish larvae",34,50,0,0
"Plaice","Carnivorous zooplankton",34,51,0,0
"Plaice","Herbivorous & Omnivorous zooplankton (copepods)",34,52,0,0
"Plaice","Gelatinous zooplankton",34,53,1,0.00340034
"Plaice","Large crabs",34,54,1,0.01590159
"Plaice","Nephrops",34,55,0,0
"Plaice","Epifaunal macrobenthos (mobile grazers)",34,56,1,0.1032103
"Plaice","Infaunal macrobenthos",34,57,1,0.1718172
"Plaice","Shrimp",34,58,1,0.01490149
"Plaice","Small mobile epifauna (swarming crustaceans)",34,59,1,0.1932193
"Plaice","Small infauna (polychaetes)",34,60,1,0.469947
"Plaice","Sessile epifauna",34,61,1,0.0140014
"Plaice","Meiofauna",34,62,1,0.00340034
"Plaice","Benthic microflora (incl. Bacteria, protozoa))",34,63,0,0
"Plaice","Planktonic microflora (incl. Bacteria, protozoa)",34,64,0,0
"Plaice","Phytoplankton",34,65,0,0
"Plaice","Detritus - DOM -water column",34,66,0,0
"Plaice","Detritus - POM - sediment",34,67,0,0
"Plaice","Discards",34,68,0,0
"Dab",Imports, 35,0,0,0
"Dab","Baleen whales",35,1,0,0
"Dab","Toothed whales",35,2,0,0
"Dab","Seals",35,3,0,0
"Dab","Seabirds",35,4,0,0
"Dab","Juvenile sharks",35,5,0,0
"Dab","Spurdog",35,6,0,0
"Dab","Large piscivorous sharks",35,7,0,0
"Dab","Small sharks",35,8,0,0
"Dab","Juvenile rays",35,9,0,0
"Dab","Starry ray + others",35,10,0,0
"Dab","Thornback & Spotted ray",35,11,0,0
"Dab","Skate + cuckoo ray",35,12,0,0
"Dab","Juvenile Cod(0-2, 0-40cm)",35,13,0,0
"Dab","Cod (adult)",35,14,0,0
"Dab","Juvenile Whiting (0-1, 0-20cm)",35,15,0,0
"Dab","Whiting (adult)",35,16,0,0
"Dab","Juvenile Haddock (0-1, 0-20cm)",35,17,0,0
"Dab","Haddock (adult)",35,18,0,0
"Dab","Juvenile Saithe (0-3, 0-40cm)",35,19,0,0
"Dab","Saithe (adult)",35,20,0,0
"Dab","Hake",35,21,0,0
"Dab","Blue whiting",35,22,0,0
"Dab","Norway pout",35,23,0,0
"Dab","Other gadoids (large)",35,24,0,0
"Dab","Other gadoids (small)",35,25,0,0
"Dab","Monkfish",35,26,0,0
"Dab","Gurnards",35,27,0,0
"Dab","Herring (juvenile 0, 1)",35,28,0,0
"Dab","Herring (adult)",35,29,0,0
"Dab","Sprat",35,30,0,0
"Dab","Mackerel",35,31,0,0
"Dab","Horse mackerel",35,32,0,0
"Dab","Sandeels",35,33,0,0
"Dab","Plaice",35,34,0,0
"Dab","Dab",35,35,0,0
"Dab","Long-rough dab",35,36,0,0
"Dab","Flounder",35,37,0,0
"Dab","Sole",35,38,0,0
"Dab","Lemon sole",35,39,0,0
"Dab","Witch",35,40,0,0
"Dab","Turbot and brill",35,41,0,0
"Dab","Megrim",35,42,0,0
"Dab","Halibut",35,43,0,0
"Dab","Dragonets",35,44,0,0
"Dab","Catfish (Wolf-fish)",35,45,0,0
"Dab","Large demersal fish",35,46,0,0
"Dab","Small demersal fish",35,47,0,0
"Dab","Miscellaneous filterfeeding pelagic fish",35,48,0,0
"Dab","Squid & cuttlefish",35,49,0,0
"Dab","Fish larvae",35,50,0,0
"Dab","Carnivorous zooplankton",35,51,0,0
"Dab","Herbivorous & Omnivorous zooplankton (copepods)",35,52,1,0.0125
"Dab","Gelatinous zooplankton",35,53,0,0
"Dab","Large crabs",35,54,1,0.01
"Dab","Nephrops",35,55,0,0
"Dab","Epifaunal macrobenthos (mobile grazers)",35,56,1,0.2582
"Dab","Infaunal macrobenthos",35,57,1,0.2397
"Dab","Shrimp",35,58,1,0.001
"Dab","Small mobile epifauna (swarming crustaceans)",35,59,1,0.3288
"Dab","Small infauna (polychaetes)",35,60,1,0.1379
"Dab","Sessile epifauna",35,61,1,0.011
"Dab","Meiofauna",35,62,1,0.0009000001
"Dab","Benthic microflora (incl. Bacteria, protozoa))",35,63,0,0
"Dab","Planktonic microflora (incl. Bacteria, protozoa)",35,64,0,0
"Dab","Phytoplankton",35,65,0,0
"Dab","Detritus - DOM -water column",35,66,0,0
"Dab","Detritus - POM - sediment",35,67,0,0
"Dab","Discards",35,68,0,0
"Long-rough dab",Imports, 36,0,0,0
"Long-rough dab","Baleen whales",36,1,0,0
"Long-rough dab","Toothed whales",36,2,0,0
"Long-rough dab","Seals",36,3,0,0
"Long-rough dab","Seabirds",36,4,0,0
"Long-rough dab","Juvenile sharks",36,5,0,0
"Long-rough dab","Spurdog",36,6,0,0
"Long-rough dab","Large piscivorous sharks",36,7,0,0
"Long-rough dab","Small sharks",36,8,0,0
"Long-rough dab","Juvenile rays",36,9,0,0
"Long-rough dab","Starry ray + others",36,10,0,0
"Long-rough dab","Thornback & Spotted ray",36,11,0,0
"Long-rough dab","Skate + cuckoo ray",36,12,0,0
"Long-rough dab","Juvenile Cod(0-2, 0-40cm)",36,13,0,0
"Long-rough dab","Cod (adult)",36,14,0,0
"Long-rough dab","Juvenile Whiting (0-1, 0-20cm)",36,15,1,0.00039996
"Long-rough dab","Whiting (adult)",36,16,0,0
"Long-rough dab","Juvenile Haddock (0-1, 0-20cm)",36,17,0,0
"Long-rough dab","Haddock (adult)",36,18,0,0
"Long-rough dab","Juvenile Saithe (0-3, 0-40cm)",36,19,0,0
"Long-rough dab","Saithe (adult)",36,20,0,0
"Long-rough dab","Hake",36,21,0,0
"Long-rough dab","Blue whiting",36,22,0,0
"Long-rough dab","Norway pout",36,23,1,0.00539946
"Long-rough dab","Other gadoids (large)",36,24,0,0
"Long-rough dab","Other gadoids (small)",36,25,1,0.02659734
"Long-rough dab","Monkfish",36,26,0,0
"Long-rough dab","Gurnards",36,27,0,0
"Long-rough dab","Herring (juvenile 0, 1)",36,28,0,0
"Long-rough dab","Herring (adult)",36,29,0,0
"Long-rough dab","Sprat",36,30,0,0
"Long-rough dab","Mackerel",36,31,0,0
"Long-rough dab","Horse mackerel",36,32,0,0
"Long-rough dab","Sandeels",36,33,1,0.02329767
"Long-rough dab","Plaice",36,34,0,0
"Long-rough dab","Dab",36,35,1,0.03789621
"Long-rough dab","Long-rough dab",36,36,0,0
"Long-rough dab","Flounder",36,37,0,0
"Long-rough dab","Sole",36,38,0,0
"Long-rough dab","Lemon sole",36,39,0,0
"Long-rough dab","Witch",36,40,0,0
"Long-rough dab","Turbot and brill",36,41,0,0
"Long-rough dab","Megrim",36,42,0,0
"Long-rough dab","Halibut",36,43,0,0
"Long-rough dab","Dragonets",36,44,0,0
"Long-rough dab","Catfish (Wolf-fish)",36,45,0,0
"Long-rough dab","Large demersal fish",36,46,0,0
"Long-rough dab","Small demersal fish",36,47,1,0.03759624
"Long-rough dab","Miscellaneous filterfeeding pelagic fish",36,48,0,0
"Long-rough dab","Squid & cuttlefish",36,49,1,0.0029997
"Long-rough dab","Fish larvae",36,50,0,0
"Long-rough dab","Carnivorous zooplankton",36,51,0,0
"Long-rough dab","Herbivorous & Omnivorous zooplankton (copepods)",36,52,0,0
"Long-rough dab","Gelatinous zooplankton",36,53,0,0
"Long-rough dab","Large crabs",36,54,1,0.04259574
"Long-rough dab","Nephrops",36,55,1,0.01389861
"Long-rough dab","Epifaunal macrobenthos (mobile grazers)",36,56,1,0.2104789
"Long-rough dab","Infaunal macrobenthos",36,57,1,0.2720728
"Long-rough dab","Shrimp",36,58,1,0.04059594
"Long-rough dab","Small mobile epifauna (swarming crustaceans)",36,59,1,0.00329967
"Long-rough dab","Small infauna (polychaetes)",36,60,1,0.2828717
"Long-rough dab","Sessile epifauna",36,61,0,0
"Long-rough dab","Meiofauna",36,62,0,0
"Long-rough dab","Benthic microflora (incl. Bacteria, protozoa))",36,63,0,0
"Long-rough dab","Planktonic microflora (incl. Bacteria, protozoa)",36,64,0,0
"Long-rough dab","Phytoplankton",36,65,0,0
"Long-rough dab","Detritus - DOM -water column",36,66,0,0
"Long-rough dab","Detritus - POM - sediment",36,67,0,0
"Long-rough dab","Discards",36,68,0,0
"Flounder",Imports, 37,0,0,0
"Flounder","Baleen whales",37,1,0,0
"Flounder","Toothed whales",37,2,0,0
"Flounder","Seals",37,3,0,0
"Flounder","Seabirds",37,4,0,0
"Flounder","Juvenile sharks",37,5,0,0
"Flounder","Spurdog",37,6,0,0
"Flounder","Large piscivorous sharks",37,7,0,0
"Flounder","Small sharks",37,8,0,0
"Flounder","Juvenile rays",37,9,0,0
"Flounder","Starry ray + others",37,10,0,0
"Flounder","Thornback & Spotted ray",37,11,0,0
"Flounder","Skate + cuckoo ray",37,12,0,0
"Flounder","Juvenile Cod(0-2, 0-40cm)",37,13,0,0
"Flounder","Cod (adult)",37,14,0,0
"Flounder","Juvenile Whiting (0-1, 0-20cm)",37,15,0,0
"Flounder","Whiting (adult)",37,16,0,0
"Flounder","Juvenile Haddock (0-1, 0-20cm)",37,17,0,0
"Flounder","Haddock (adult)",37,18,0,0
"Flounder","Juvenile Saithe (0-3, 0-40cm)",37,19,0,0
"Flounder","Saithe (adult)",37,20,0,0
"Flounder","Hake",37,21,0,0
"Flounder","Blue whiting",37,22,0,0
"Flounder","Norway pout",37,23,1,0.0440044
"Flounder","Other gadoids (large)",37,24,0,0
"Flounder","Other gadoids (small)",37,25,0,0
"Flounder","Monkfish",37,26,0,0
"Flounder","Gurnards",37,27,0,0
"Flounder","Herring (juvenile 0, 1)",37,28,0,0
"Flounder","Herring (adult)",37,29,0,0
"Flounder","Sprat",37,30,0,0
"Flounder","Mackerel",37,31,0,0
"Flounder","Horse mackerel",37,32,0,0
"Flounder","Sandeels",37,33,0,0
"Flounder","Plaice",37,34,0,0
"Flounder","Dab",37,35,1,0.06060606
"Flounder","Long-rough dab",37,36,1,0.0440044
"Flounder","Flounder",37,37,0,0
"Flounder","Sole",37,38,0,0
"Flounder","Lemon sole",37,39,1,0.0440044
"Flounder","Witch",37,40,0,0
"Flounder","Turbot and brill",37,41,0,0
"Flounder","Megrim",37,42,0,0
"Flounder","Halibut",37,43,0,0
"Flounder","Dragonets",37,44,0,0
"Flounder","Catfish (Wolf-fish)",37,45,0,0
"Flounder","Large demersal fish",37,46,0,0
"Flounder","Small demersal fish",37,47,1,0.01010101
"Flounder","Miscellaneous filterfeeding pelagic fish",37,48,0,0
"Flounder","Squid & cuttlefish",37,49,0,0
"Flounder","Fish larvae",37,50,0,0
"Flounder","Carnivorous zooplankton",37,51,1,0.05160516
"Flounder","Herbivorous & Omnivorous zooplankton (copepods)",37,52,0,0
"Flounder","Gelatinous zooplankton",37,53,1,0.07130713
"Flounder","Large crabs",37,54,1,0.04890489
"Flounder","Nephrops",37,55,1,0.1220122
"Flounder","Epifaunal macrobenthos (mobile grazers)",37,56,1,0.2240224
"Flounder","Infaunal macrobenthos",37,57,1,0.07130713
"Flounder","Shrimp",37,58,1,0.00660066
"Flounder","Small mobile epifauna (swarming crustaceans)",37,59,1,0.1526153
"Flounder","Small infauna (polychaetes)",37,60,0,0
"Flounder","Sessile epifauna",37,61,1,0.04890489
"Flounder","Meiofauna",37,62,0,0
"Flounder","Benthic microflora (incl. Bacteria, protozoa))",37,63,0,0
"Flounder","Planktonic microflora (incl. Bacteria, protozoa)",37,64,0,0
"Flounder","Phytoplankton",37,65,0,0
"Flounder","Detritus - DOM -water column",37,66,0,0
"Flounder","Detritus - POM - sediment",37,67,0,0
"Flounder","Discards",37,68,0,0
"Sole",Imports, 38,0,0,0
"Sole","Baleen whales",38,1,0,0
"Sole","Toothed whales",38,2,0,0
"Sole","Seals",38,3,0,0
"Sole","Seabirds",38,4,0,0
"Sole","Juvenile sharks",38,5,0,0
"Sole","Spurdog",38,6,0,0
"Sole","Large piscivorous sharks",38,7,0,0
"Sole","Small sharks",38,8,0,0
"Sole","Juvenile rays",38,9,0,0
"Sole","Starry ray + others",38,10,0,0
"Sole","Thornback & Spotted ray",38,11,0,0
"Sole","Skate + cuckoo ray",38,12,0,0
"Sole","Juvenile Cod(0-2, 0-40cm)",38,13,0,0
"Sole","Cod (adult)",38,14,0,0
"Sole","Juvenile Whiting (0-1, 0-20cm)",38,15,0,0
"Sole","Whiting (adult)",38,16,0,0
"Sole","Juvenile Haddock (0-1, 0-20cm)",38,17,0,0
"Sole","Haddock (adult)",38,18,0,0
"Sole","Juvenile Saithe (0-3, 0-40cm)",38,19,0,0
"Sole","Saithe (adult)",38,20,0,0
"Sole","Hake",38,21,0,0
"Sole","Blue whiting",38,22,0,0
"Sole","Norway pout",38,23,0,0
"Sole","Other gadoids (large)",38,24,0,0
"Sole","Other gadoids (small)",38,25,0,0
"Sole","Monkfish",38,26,0,0
"Sole","Gurnards",38,27,0,0
"Sole","Herring (juvenile 0, 1)",38,28,0,0
"Sole","Herring (adult)",38,29,0,0
"Sole","Sprat",38,30,0,0
"Sole","Mackerel",38,31,0,0
"Sole","Horse mackerel",38,32,0,0
"Sole","Sandeels",38,33,0,0
"Sole","Plaice",38,34,0,0
"Sole","Dab",38,35,0,0
"Sole","Long-rough dab",38,36,0,0
"Sole","Flounder",38,37,0,0
"Sole","Sole",38,38,0,0
"Sole","Lemon sole",38,39,0,0
"Sole","Witch",38,40,0,0
"Sole","Turbot and brill",38,41,0,0
"Sole","Megrim",38,42,0,0
"Sole","Halibut",38,43,0,0
"Sole","Dragonets",38,44,0,0
"Sole","Catfish (Wolf-fish)",38,45,0,0
"Sole","Large demersal fish",38,46,0,0
"Sole","Small demersal fish",38,47,1,0.0128
"Sole","Miscellaneous filterfeeding pelagic fish",38,48,0,0
"Sole","Squid & cuttlefish",38,49,0,0
"Sole","Fish larvae",38,50,0,0
"Sole","Carnivorous zooplankton",38,51,0,0
"Sole","Herbivorous & Omnivorous zooplankton (copepods)",38,52,0,0
"Sole","Gelatinous zooplankton",38,53,0,0
"Sole","Large crabs",38,54,0,0
"Sole","Nephrops",38,55,0,0
"Sole","Epifaunal macrobenthos (mobile grazers)",38,56,1,0.0128
"Sole","Infaunal macrobenthos",38,57,1,0.1154
"Sole","Shrimp",38,58,0,0
"Sole","Small mobile epifauna (swarming crustaceans)",38,59,0,0
"Sole","Small infauna (polychaetes)",38,60,1,0.4231
"Sole","Sessile epifauna",38,61,0,0
"Sole","Meiofauna",38,62,1,0.4359
"Sole","Benthic microflora (incl. Bacteria, protozoa))",38,63,0,0
"Sole","Planktonic microflora (incl. Bacteria, protozoa)",38,64,0,0
"Sole","Phytoplankton",38,65,0,0
"Sole","Detritus - DOM -water column",38,66,0,0
"Sole","Detritus - POM - sediment",38,67,0,0
"Sole","Discards",38,68,0,0
"Lemon sole",Imports, 39,0,0,0
"Lemon sole","Baleen whales",39,1,0,0
"Lemon sole","Toothed whales",39,2,0,0
"Lemon sole","Seals",39,3,0,0
"Lemon sole","Seabirds",39,4,0,0
"Lemon sole","Juvenile sharks",39,5,0,0
"Lemon sole","Spurdog",39,6,0,0
"Lemon sole","Large piscivorous sharks",39,7,0,0
"Lemon sole","Small sharks",39,8,0,0
"Lemon sole","Juvenile rays",39,9,0,0
"Lemon sole","Starry ray + others",39,10,0,0
"Lemon sole","Thornback & Spotted ray",39,11,0,0
"Lemon sole","Skate + cuckoo ray",39,12,0,0
"Lemon sole","Juvenile Cod(0-2, 0-40cm)",39,13,0,0
"Lemon sole","Cod (adult)",39,14,0,0
"Lemon sole","Juvenile Whiting (0-1, 0-20cm)",39,15,0,0
"Lemon sole","Whiting (adult)",39,16,0,0
"Lemon sole","Juvenile Haddock (0-1, 0-20cm)",39,17,0,0
"Lemon sole","Haddock (adult)",39,18,0,0
"Lemon sole","Juvenile Saithe (0-3, 0-40cm)",39,19,0,0
"Lemon sole","Saithe (adult)",39,20,0,0
"Lemon sole","Hake",39,21,0,0
"Lemon sole","Blue whiting",39,22,0,0
"Lemon sole","Norway pout",39,23,0,0
"Lemon sole","Other gadoids (large)",39,24,0,0
"Lemon sole","Other gadoids (small)",39,25,0,0
"Lemon sole","Monkfish",39,26,0,0
"Lemon sole","Gurnards",39,27,0,0
"Lemon sole","Herring (juvenile 0, 1)",39,28,0,0
"Lemon sole","Herring (adult)",39,29,0,0
"Lemon sole","Sprat",39,30,0,0
"Lemon sole","Mackerel",39,31,0,0
"Lemon sole","Horse mackerel",39,32,0,0
"Lemon sole","Sandeels",39,33,0,0
"Lemon sole","Plaice",39,34,0,0
"Lemon sole","Dab",39,35,0,0
"Lemon sole","Long-rough dab",39,36,0,0
"Lemon sole","Flounder",39,37,0,0
"Lemon sole","Sole",39,38,0,0
"Lemon sole","Lemon sole",39,39,0,0
"Lemon sole","Witch",39,40,0,0
"Lemon sole","Turbot and brill",39,41,0,0
"Lemon sole","Megrim",39,42,0,0
"Lemon sole","Halibut",39,43,0,0
"Lemon sole","Dragonets",39,44,0,0
"Lemon sole","Catfish (Wolf-fish)",39,45,0,0
"Lemon sole","Large demersal fish",39,46,0,0
"Lemon sole","Small demersal fish",39,47,1,0.0068
"Lemon sole","Miscellaneous filterfeeding pelagic fish",39,48,0,0
"Lemon sole","Squid & cuttlefish",39,49,0,0
"Lemon sole","Fish larvae",39,50,0,0
"Lemon sole","Carnivorous zooplankton",39,51,0,0
"Lemon sole","Herbivorous & Omnivorous zooplankton (copepods)",39,52,0,0
"Lemon sole","Gelatinous zooplankton",39,53,0,0
"Lemon sole","Large crabs",39,54,0,0
"Lemon sole","Nephrops",39,55,0,0
"Lemon sole","Epifaunal macrobenthos (mobile grazers)",39,56,1,0.0411
"Lemon sole","Infaunal macrobenthos",39,57,1,0.0993
"Lemon sole","Shrimp",39,58,0,0
"Lemon sole","Small mobile epifauna (swarming crustaceans)",39,59,0,0
"Lemon sole","Small infauna (polychaetes)",39,60,1,0.6576
"Lemon sole","Sessile epifauna",39,61,1,0.1952
"Lemon sole","Meiofauna",39,62,0,0
"Lemon sole","Benthic microflora (incl. Bacteria, protozoa))",39,63,0,0
"Lemon sole","Planktonic microflora (incl. Bacteria, protozoa)",39,64,0,0
"Lemon sole","Phytoplankton",39,65,0,0
"Lemon sole","Detritus - DOM -water column",39,66,0,0
"Lemon sole","Detritus - POM - sediment",39,67,0,0
"Lemon sole","Discards",39,68,0,0
"Witch",Imports, 40,0,0,0
"Witch","Baleen whales",40,1,0,0
"Witch","Toothed whales",40,2,0,0
"Witch","Seals",40,3,0,0
"Witch","Seabirds",40,4,0,0
"Witch","Juvenile sharks",40,5,0,0
"Witch","Spurdog",40,6,0,0
"Witch","Large piscivorous sharks",40,7,0,0
"Witch","Small sharks",40,8,0,0
"Witch","Juvenile rays",40,9,0,0
"Witch","Starry ray + others",40,10,0,0
"Witch","Thornback & Spotted ray",40,11,0,0
"Witch","Skate + cuckoo ray",40,12,0,0
"Witch","Juvenile Cod(0-2, 0-40cm)",40,13,0,0
"Witch","Cod (adult)",40,14,0,0
"Witch","Juvenile Whiting (0-1, 0-20cm)",40,15,0,0
"Witch","Whiting (adult)",40,16,0,0
"Witch","Juvenile Haddock (0-1, 0-20cm)",40,17,0,0
"Witch","Haddock (adult)",40,18,0,0
"Witch","Juvenile Saithe (0-3, 0-40cm)",40,19,0,0
"Witch","Saithe (adult)",40,20,0,0
"Witch","Hake",40,21,0,0
"Witch","Blue whiting",40,22,0,0
"Witch","Norway pout",40,23,0,0
"Witch","Other gadoids (large)",40,24,0,0
"Witch","Other gadoids (small)",40,25,0,0
"Witch","Monkfish",40,26,0,0
"Witch","Gurnards",40,27,0,0
"Witch","Herring (juvenile 0, 1)",40,28,0,0
"Witch","Herring (adult)",40,29,0,0
"Witch","Sprat",40,30,0,0
"Witch","Mackerel",40,31,0,0
"Witch","Horse mackerel",40,32,0,0
"Witch","Sandeels",40,33,0,0
"Witch","Plaice",40,34,0,0
"Witch","Dab",40,35,0,0
"Witch","Long-rough dab",40,36,0,0
"Witch","Flounder",40,37,0,0
"Witch","Sole",40,38,0,0
"Witch","Lemon sole",40,39,0,0
"Witch","Witch",40,40,0,0
"Witch","Turbot and brill",40,41,0,0
"Witch","Megrim",40,42,0,0
"Witch","Halibut",40,43,0,0
"Witch","Dragonets",40,44,0,0
"Witch","Catfish (Wolf-fish)",40,45,0,0
"Witch","Large demersal fish",40,46,0,0
"Witch","Small demersal fish",40,47,1,0.0082
"Witch","Miscellaneous filterfeeding pelagic fish",40,48,0,0
"Witch","Squid & cuttlefish",40,49,0,0
"Witch","Fish larvae",40,50,0,0
"Witch","Carnivorous zooplankton",40,51,0,0
"Witch","Herbivorous & Omnivorous zooplankton (copepods)",40,52,0,0
"Witch","Gelatinous zooplankton",40,53,0,0
"Witch","Large crabs",40,54,0,0
"Witch","Nephrops",40,55,0,0
"Witch","Epifaunal macrobenthos (mobile grazers)",40,56,1,0.2473
"Witch","Infaunal macrobenthos",40,57,1,0.0349
"Witch","Shrimp",40,58,0,0
"Witch","Small mobile epifauna (swarming crustaceans)",40,59,0,0
"Witch","Small infauna (polychaetes)",40,60,1,0.6852
"Witch","Sessile epifauna",40,61,1,0.0244
"Witch","Meiofauna",40,62,0,0
"Witch","Benthic microflora (incl. Bacteria, protozoa))",40,63,0,0
"Witch","Planktonic microflora (incl. Bacteria, protozoa)",40,64,0,0
"Witch","Phytoplankton",40,65,0,0
"Witch","Detritus - DOM -water column",40,66,0,0
"Witch","Detritus - POM - sediment",40,67,0,0
"Witch","Discards",40,68,0,0
"Turbot and brill",Imports, 41,0,0,0
"Turbot and brill","Baleen whales",41,1,0,0
"Turbot and brill","Toothed whales",41,2,0,0
"Turbot and brill","Seals",41,3,0,0
"Turbot and brill","Seabirds",41,4,0,0
"Turbot and brill","Juvenile sharks",41,5,0,0
"Turbot and brill","Spurdog",41,6,0,0
"Turbot and brill","Large piscivorous sharks",41,7,0,0
"Turbot and brill","Small sharks",41,8,0,0
"Turbot and brill","Juvenile rays",41,9,0,0
"Turbot and brill","Starry ray + others",41,10,0,0
"Turbot and brill","Thornback & Spotted ray",41,11,0,0
"Turbot and brill","Skate + cuckoo ray",41,12,0,0
"Turbot and brill","Juvenile Cod(0-2, 0-40cm)",41,13,1,0.05759424
"Turbot and brill","Cod (adult)",41,14,0,0
"Turbot and brill","Juvenile Whiting (0-1, 0-20cm)",41,15,1,0.01129887
"Turbot and brill","Whiting (adult)",41,16,0,0
"Turbot and brill","Juvenile Haddock (0-1, 0-20cm)",41,17,0,0
"Turbot and brill","Haddock (adult)",41,18,0,0
"Turbot and brill","Juvenile Saithe (0-3, 0-40cm)",41,19,0,0
"Turbot and brill","Saithe (adult)",41,20,0,0
"Turbot and brill","Hake",41,21,0,0
"Turbot and brill","Blue whiting",41,22,0,0
"Turbot and brill","Norway pout",41,23,1,0.1141886
"Turbot and brill","Other gadoids (large)",41,24,0,0
"Turbot and brill","Other gadoids (small)",41,25,1,0.0339966
"Turbot and brill","Monkfish",41,26,0,0
"Turbot and brill","Gurnards",41,27,0,0
"Turbot and brill","Herring (juvenile 0, 1)",41,28,1,0.00139986
"Turbot and brill","Herring (adult)",41,29,0,0
"Turbot and brill","Sprat",41,30,1,0.1710829
"Turbot and brill","Mackerel",41,31,0,0
"Turbot and brill","Horse mackerel",41,32,0,0
"Turbot and brill","Sandeels",41,33,1,0.1815818
"Turbot and brill","Plaice",41,34,0,0
"Turbot and brill","Dab",41,35,1,0.0689931
"Turbot and brill","Long-rough dab",41,36,0,0
"Turbot and brill","Flounder",41,37,0,0
"Turbot and brill","Sole",41,38,0,0
"Turbot and brill","Lemon sole",41,39,0,0
"Turbot and brill","Witch",41,40,0,0
"Turbot and brill","Turbot and brill",41,41,0,0
"Turbot and brill","Megrim",41,42,0,0
"Turbot and brill","Halibut",41,43,0,0
"Turbot and brill","Dragonets",41,44,1,0.07149285
"Turbot and brill","Catfish (Wolf-fish)",41,45,0,0
"Turbot and brill","Large demersal fish",41,46,0,0
"Turbot and brill","Small demersal fish",41,47,1,0.1134887
"Turbot and brill","Miscellaneous filterfeeding pelagic fish",41,48,0,0
"Turbot and brill","Squid & cuttlefish",41,49,0,0
"Turbot and brill","Fish larvae",41,50,0,0
"Turbot and brill","Carnivorous zooplankton",41,51,0,0
"Turbot and brill","Herbivorous & Omnivorous zooplankton (copepods)",41,52,0,0
"Turbot and brill","Gelatinous zooplankton",41,53,0,0
"Turbot and brill","Large crabs",41,54,0,0
"Turbot and brill","Nephrops",41,55,0,0
"Turbot and brill","Epifaunal macrobenthos (mobile grazers)",41,56,1,0.06809319
"Turbot and brill","Infaunal macrobenthos",41,57,1,0.05669433
"Turbot and brill","Shrimp",41,58,1,0.05009499
"Turbot and brill","Small mobile epifauna (swarming crustaceans)",41,59,0,0
"Turbot and brill","Small infauna (polychaetes)",41,60,0,0
"Turbot and brill","Sessile epifauna",41,61,0,0
"Turbot and brill","Meiofauna",41,62,0,0
"Turbot and brill","Benthic microflora (incl. Bacteria, protozoa))",41,63,0,0
"Turbot and brill","Planktonic microflora (incl. Bacteria, protozoa)",41,64,0,0
"Turbot and brill","Phytoplankton",41,65,0,0
"Turbot and brill","Detritus - DOM -water column",41,66,0,0
"Turbot and brill","Detritus - POM - sediment",41,67,0,0
"Turbot and brill","Discards",41,68,0,0
"Megrim",Imports, 42,0,0,0
"Megrim","Baleen whales",42,1,0,0
"Megrim","Toothed whales",42,2,0,0
"Megrim","Seals",42,3,0,0
"Megrim","Seabirds",42,4,0,0
"Megrim","Juvenile sharks",42,5,0,0
"Megrim","Spurdog",42,6,0,0
"Megrim","Large piscivorous sharks",42,7,0,0
"Megrim","Small sharks",42,8,0,0
"Megrim","Juvenile rays",42,9,0,0
"Megrim","Starry ray + others",42,10,0,0
"Megrim","Thornback & Spotted ray",42,11,0,0
"Megrim","Skate + cuckoo ray",42,12,0,0
"Megrim","Juvenile Cod(0-2, 0-40cm)",42,13,0,0
"Megrim","Cod (adult)",42,14,0,0
"Megrim","Juvenile Whiting (0-1, 0-20cm)",42,15,0,0
"Megrim","Whiting (adult)",42,16,0,0
"Megrim","Juvenile Haddock (0-1, 0-20cm)",42,17,0,0
"Megrim","Haddock (adult)",42,18,0,0
"Megrim","Juvenile Saithe (0-3, 0-40cm)",42,19,0,0
"Megrim","Saithe (adult)",42,20,0,0
"Megrim","Hake",42,21,0,0
"Megrim","Blue whiting",42,22,1,0.05409458
"Megrim","Norway pout",42,23,1,0.239576
"Megrim","Other gadoids (large)",42,24,0,0
"Megrim","Other gadoids (small)",42,25,1,0.2271772
"Megrim","Monkfish",42,26,0,0
"Megrim","Gurnards",42,27,1,0.006199379
"Megrim","Herring (juvenile 0, 1)",42,28,0,0
"Megrim","Herring (adult)",42,29,0,0
"Megrim","Sprat",42,30,1,0.3376662
"Megrim","Mackerel",42,31,0,0
"Megrim","Horse mackerel",42,32,0,0
"Megrim","Sandeels",42,33,1,0.01839816
"Megrim","Plaice",42,34,0,0
"Megrim","Dab",42,35,0,0
"Megrim","Long-rough dab",42,36,0,0
"Megrim","Flounder",42,37,0,0
"Megrim","Sole",42,38,0,0
"Megrim","Lemon sole",42,39,0,0
"Megrim","Witch",42,40,0,0
"Megrim","Turbot and brill",42,41,0,0
"Megrim","Megrim",42,42,0,0
"Megrim","Halibut",42,43,0,0
"Megrim","Dragonets",42,44,1,0.03069693
"Megrim","Catfish (Wolf-fish)",42,45,0,0
"Megrim","Large demersal fish",42,46,0,0
"Megrim","Small demersal fish",42,47,1,0.006199379
"Megrim","Miscellaneous filterfeeding pelagic fish",42,48,1,0.02449755
"Megrim","Squid & cuttlefish",42,49,0,0
"Megrim","Fish larvae",42,50,0,0
"Megrim","Carnivorous zooplankton",42,51,0,0
"Megrim","Herbivorous & Omnivorous zooplankton (copepods)",42,52,1,0.00279972
"Megrim","Gelatinous zooplankton",42,53,0,0
"Megrim","Large crabs",42,54,1,0.02769723
"Megrim","Nephrops",42,55,0,0
"Megrim","Epifaunal macrobenthos (mobile grazers)",42,56,1,0.00279972
"Megrim","Infaunal macrobenthos",42,57,0,0
"Megrim","Shrimp",42,58,1,0.02079792
"Megrim","Small mobile epifauna (swarming crustaceans)",42,59,1,0.00139986
"Megrim","Small infauna (polychaetes)",42,60,0,0
"Megrim","Sessile epifauna",42,61,0,0
"Megrim","Meiofauna",42,62,0,0
"Megrim","Benthic microflora (incl. Bacteria, protozoa))",42,63,0,0
"Megrim","Planktonic microflora (incl. Bacteria, protozoa)",42,64,0,0
"Megrim","Phytoplankton",42,65,0,0
"Megrim","Detritus - DOM -water column",42,66,0,0
"Megrim","Detritus - POM - sediment",42,67,0,0
"Megrim","Discards",42,68,0,0
"Halibut",Imports, 43,0,0,0
"Halibut","Baleen whales",43,1,0,0
"Halibut","Toothed whales",43,2,0,0
"Halibut","Seals",43,3,0,0
"Halibut","Seabirds",43,4,0,0
"Halibut","Juvenile sharks",43,5,0,0
"Halibut","Spurdog",43,6,0,0
"Halibut","Large piscivorous sharks",43,7,0,0
"Halibut","Small sharks",43,8,0,0
"Halibut","Juvenile rays",43,9,0,0
"Halibut","Starry ray + others",43,10,0,0
"Halibut","Thornback & Spotted ray",43,11,0,0
"Halibut","Skate + cuckoo ray",43,12,0,0
"Halibut","Juvenile Cod(0-2, 0-40cm)",43,13,1,0.0105
"Halibut","Cod (adult)",43,14,0,0
"Halibut","Juvenile Whiting (0-1, 0-20cm)",43,15,1,0.05095412
"Halibut","Whiting (adult)",43,16,0,0
"Halibut","Juvenile Haddock (0-1, 0-20cm)",43,17,1,0.01
"Halibut","Haddock (adult)",43,18,0,0
"Halibut","Juvenile Saithe (0-3, 0-40cm)",43,19,0,0
"Halibut","Saithe (adult)",43,20,0,0
"Halibut","Hake",43,21,0,0
"Halibut","Blue whiting",43,22,0,0
"Halibut","Norway pout",43,23,1,0.2034105
"Halibut","Other gadoids (large)",43,24,0,0
"Halibut","Other gadoids (small)",43,25,1,0.03024766
"Halibut","Monkfish",43,26,0,0
"Halibut","Gurnards",43,27,0,0
"Halibut","Herring (juvenile 0, 1)",43,28,0,0
"Halibut","Herring (adult)",43,29,0,0
"Halibut","Sprat",43,30,1,0.1017052
"Halibut","Mackerel",43,31,0,0
"Halibut","Horse mackerel",43,32,0,0
"Halibut","Sandeels",43,33,1,0.4070239
"Halibut","Plaice",43,34,0,0
"Halibut","Dab",43,35,0,0
"Halibut","Long-rough dab",43,36,0,0
"Halibut","Flounder",43,37,0,0
"Halibut","Sole",43,38,0,0
"Halibut","Lemon sole",43,39,0,0
"Halibut","Witch",43,40,0,0
"Halibut","Turbot and brill",43,41,0,0
"Halibut","Megrim",43,42,0,0
"Halibut","Halibut",43,43,0,0
"Halibut","Dragonets",43,44,0,0
"Halibut","Catfish (Wolf-fish)",43,45,0,0
"Halibut","Large demersal fish",43,46,0,0
"Halibut","Small demersal fish",43,47,0,0
"Halibut","Miscellaneous filterfeeding pelagic fish",43,48,0,0
"Halibut","Squid & cuttlefish",43,49,1,0.08160779
"Halibut","Fish larvae",43,50,0,0
"Halibut","Carnivorous zooplankton",43,51,0,0
"Halibut","Herbivorous & Omnivorous zooplankton (copepods)",43,52,0,0
"Halibut","Gelatinous zooplankton",43,53,0,0
"Halibut","Large crabs",43,54,1,0.09967519
"Halibut","Nephrops",43,55,0,0
"Halibut","Epifaunal macrobenthos (mobile grazers)",43,56,1,0.00365408
"Halibut","Infaunal macrobenthos",43,57,0,0
"Halibut","Shrimp",43,58,1,0.001218027
"Halibut","Small mobile epifauna (swarming crustaceans)",43,59,0,0
"Halibut","Small infauna (polychaetes)",43,60,0,0
"Halibut","Sessile epifauna",43,61,0,0
"Halibut","Meiofauna",43,62,0,0
"Halibut","Benthic microflora (incl. Bacteria, protozoa))",43,63,0,0
"Halibut","Planktonic microflora (incl. Bacteria, protozoa)",43,64,0,0
"Halibut","Phytoplankton",43,65,0,0
"Halibut","Detritus - DOM -water column",43,66,0,0
"Halibut","Detritus - POM - sediment",43,67,0,0
"Halibut","Discards",43,68,0,0
"Dragonets",Imports, 44,0,0,0
"Dragonets","Baleen whales",44,1,0,0
"Dragonets","Toothed whales",44,2,0,0
"Dragonets","Seals",44,3,0,0
"Dragonets","Seabirds",44,4,0,0
"Dragonets","Juvenile sharks",44,5,0,0
"Dragonets","Spurdog",44,6,0,0
"Dragonets","Large piscivorous sharks",44,7,0,0
"Dragonets","Small sharks",44,8,0,0
"Dragonets","Juvenile rays",44,9,0,0
"Dragonets","Starry ray + others",44,10,0,0
"Dragonets","Thornback & Spotted ray",44,11,0,0
"Dragonets","Skate + cuckoo ray",44,12,0,0
"Dragonets","Juvenile Cod(0-2, 0-40cm)",44,13,0,0
"Dragonets","Cod (adult)",44,14,0,0
"Dragonets","Juvenile Whiting (0-1, 0-20cm)",44,15,0,0
"Dragonets","Whiting (adult)",44,16,0,0
"Dragonets","Juvenile Haddock (0-1, 0-20cm)",44,17,0,0
"Dragonets","Haddock (adult)",44,18,0,0
"Dragonets","Juvenile Saithe (0-3, 0-40cm)",44,19,0,0
"Dragonets","Saithe (adult)",44,20,0,0
"Dragonets","Hake",44,21,0,0
"Dragonets","Blue whiting",44,22,0,0
"Dragonets","Norway pout",44,23,0,0
"Dragonets","Other gadoids (large)",44,24,0,0
"Dragonets","Other gadoids (small)",44,25,0,0
"Dragonets","Monkfish",44,26,0,0
"Dragonets","Gurnards",44,27,0,0
"Dragonets","Herring (juvenile 0, 1)",44,28,0,0
"Dragonets","Herring (adult)",44,29,0,0
"Dragonets","Sprat",44,30,0,0
"Dragonets","Mackerel",44,31,0,0
"Dragonets","Horse mackerel",44,32,0,0
"Dragonets","Sandeels",44,33,0,0
"Dragonets","Plaice",44,34,0,0
"Dragonets","Dab",44,35,0,0
"Dragonets","Long-rough dab",44,36,0,0
"Dragonets","Flounder",44,37,0,0
"Dragonets","Sole",44,38,0,0
"Dragonets","Lemon sole",44,39,0,0
"Dragonets","Witch",44,40,0,0
"Dragonets","Turbot and brill",44,41,0,0
"Dragonets","Megrim",44,42,0,0
"Dragonets","Halibut",44,43,0,0
"Dragonets","Dragonets",44,44,0,0
"Dragonets","Catfish (Wolf-fish)",44,45,0,0
"Dragonets","Large demersal fish",44,46,0,0
"Dragonets","Small demersal fish",44,47,0,0
"Dragonets","Miscellaneous filterfeeding pelagic fish",44,48,0,0
"Dragonets","Squid & cuttlefish",44,49,0,0
"Dragonets","Fish larvae",44,50,0,0
"Dragonets","Carnivorous zooplankton",44,51,0,0
"Dragonets","Herbivorous & Omnivorous zooplankton (copepods)",44,52,1,0.0045
"Dragonets","Gelatinous zooplankton",44,53,0,0
"Dragonets","Large crabs",44,54,1,0.008
"Dragonets","Nephrops",44,55,0,0
"Dragonets","Epifaunal macrobenthos (mobile grazers)",44,56,1,0.0925
"Dragonets","Infaunal macrobenthos",44,57,1,0.1375
"Dragonets","Shrimp",44,58,1,0.0805
"Dragonets","Small mobile epifauna (swarming crustaceans)",44,59,1,0.2205
"Dragonets","Small infauna (polychaetes)",44,60,1,0.439
"Dragonets","Sessile epifauna",44,61,0,0
"Dragonets","Meiofauna",44,62,1,0.0175
"Dragonets","Benthic microflora (incl. Bacteria, protozoa))",44,63,0,0
"Dragonets","Planktonic microflora (incl. Bacteria, protozoa)",44,64,0,0
"Dragonets","Phytoplankton",44,65,0,0
"Dragonets","Detritus - DOM -water column",44,66,0,0
"Dragonets","Detritus - POM - sediment",44,67,0,0
"Dragonets","Discards",44,68,0,0
"Catfish (Wolf-fish)",Imports, 45,0,0,0
"Catfish (Wolf-fish)","Baleen whales",45,1,0,0
"Catfish (Wolf-fish)","Toothed whales",45,2,0,0
"Catfish (Wolf-fish)","Seals",45,3,0,0
"Catfish (Wolf-fish)","Seabirds",45,4,0,0
"Catfish (Wolf-fish)","Juvenile sharks",45,5,0,0
"Catfish (Wolf-fish)","Spurdog",45,6,0,0
"Catfish (Wolf-fish)","Large piscivorous sharks",45,7,0,0
"Catfish (Wolf-fish)","Small sharks",45,8,0,0
"Catfish (Wolf-fish)","Juvenile rays",45,9,0,0
"Catfish (Wolf-fish)","Starry ray + others",45,10,0,0
"Catfish (Wolf-fish)","Thornback & Spotted ray",45,11,0,0
"Catfish (Wolf-fish)","Skate + cuckoo ray",45,12,0,0
"Catfish (Wolf-fish)","Juvenile Cod(0-2, 0-40cm)",45,13,0,0
"Catfish (Wolf-fish)","Cod (adult)",45,14,0,0
"Catfish (Wolf-fish)","Juvenile Whiting (0-1, 0-20cm)",45,15,0,0
"Catfish (Wolf-fish)","Whiting (adult)",45,16,0,0
"Catfish (Wolf-fish)","Juvenile Haddock (0-1, 0-20cm)",45,17,0,0
"Catfish (Wolf-fish)","Haddock (adult)",45,18,0,0
"Catfish (Wolf-fish)","Juvenile Saithe (0-3, 0-40cm)",45,19,0,0
"Catfish (Wolf-fish)","Saithe (adult)",45,20,0,0
"Catfish (Wolf-fish)","Hake",45,21,0,0
"Catfish (Wolf-fish)","Blue whiting",45,22,0,0
"Catfish (Wolf-fish)","Norway pout",45,23,0,0
"Catfish (Wolf-fish)","Other gadoids (large)",45,24,0,0
"Catfish (Wolf-fish)","Other gadoids (small)",45,25,0,0
"Catfish (Wolf-fish)","Monkfish",45,26,0,0
"Catfish (Wolf-fish)","Gurnards",45,27,0,0
"Catfish (Wolf-fish)","Herring (juvenile 0, 1)",45,28,0,0
"Catfish (Wolf-fish)","Herring (adult)",45,29,0,0
"Catfish (Wolf-fish)","Sprat",45,30,0,0
"Catfish (Wolf-fish)","Mackerel",45,31,0,0
"Catfish (Wolf-fish)","Horse mackerel",45,32,0,0
"Catfish (Wolf-fish)","Sandeels",45,33,0,0
"Catfish (Wolf-fish)","Plaice",45,34,0,0
"Catfish (Wolf-fish)","Dab",45,35,0,0
"Catfish (Wolf-fish)","Long-rough dab",45,36,0,0
"Catfish (Wolf-fish)","Flounder",45,37,0,0
"Catfish (Wolf-fish)","Sole",45,38,0,0
"Catfish (Wolf-fish)","Lemon sole",45,39,0,0
"Catfish (Wolf-fish)","Witch",45,40,0,0
"Catfish (Wolf-fish)","Turbot and brill",45,41,0,0
"Catfish (Wolf-fish)","Megrim",45,42,0,0
"Catfish (Wolf-fish)","Halibut",45,43,0,0
"Catfish (Wolf-fish)","Dragonets",45,44,0,0
"Catfish (Wolf-fish)","Catfish (Wolf-fish)",45,45,0,0
"Catfish (Wolf-fish)","Large demersal fish",45,46,0,0
"Catfish (Wolf-fish)","Small demersal fish",45,47,0,0
"Catfish (Wolf-fish)","Miscellaneous filterfeeding pelagic fish",45,48,0,0
"Catfish (Wolf-fish)","Squid & cuttlefish",45,49,0,0
"Catfish (Wolf-fish)","Fish larvae",45,50,0,0
"Catfish (Wolf-fish)","Carnivorous zooplankton",45,51,1,0.0153
"Catfish (Wolf-fish)","Herbivorous & Omnivorous zooplankton (copepods)",45,52,0,0
"Catfish (Wolf-fish)","Gelatinous zooplankton",45,53,0,0
"Catfish (Wolf-fish)","Large crabs",45,54,1,0.051
"Catfish (Wolf-fish)","Nephrops",45,55,0,0
"Catfish (Wolf-fish)","Epifaunal macrobenthos (mobile grazers)",45,56,1,0.7829
"Catfish (Wolf-fish)","Infaunal macrobenthos",45,57,1,0.1131
"Catfish (Wolf-fish)","Shrimp",45,58,1,0.0367
"Catfish (Wolf-fish)","Small mobile epifauna (swarming crustaceans)",45,59,0,0
"Catfish (Wolf-fish)","Small infauna (polychaetes)",45,60,1,0.001
"Catfish (Wolf-fish)","Sessile epifauna",45,61,0,0
"Catfish (Wolf-fish)","Meiofauna",45,62,0,0
"Catfish (Wolf-fish)","Benthic microflora (incl. Bacteria, protozoa))",45,63,0,0
"Catfish (Wolf-fish)","Planktonic microflora (incl. Bacteria, protozoa)",45,64,0,0
"Catfish (Wolf-fish)","Phytoplankton",45,65,0,0
"Catfish (Wolf-fish)","Detritus - DOM -water column",45,66,0,0
"Catfish (Wolf-fish)","Detritus - POM - sediment",45,67,0,0
"Catfish (Wolf-fish)","Discards",45,68,0,0
"Large demersal fish",Imports, 46,0,0,0
"Large demersal fish","Baleen whales",46,1,0,0
"Large demersal fish","Toothed whales",46,2,0,0
"Large demersal fish","Seals",46,3,0,0
"Large demersal fish","Seabirds",46,4,0,0
"Large demersal fish","Juvenile sharks",46,5,0,0
"Large demersal fish","Spurdog",46,6,0,0
"Large demersal fish","Large piscivorous sharks",46,7,0,0
"Large demersal fish","Small sharks",46,8,0,0
"Large demersal fish","Juvenile rays",46,9,0,0
"Large demersal fish","Starry ray + others",46,10,0,0
"Large demersal fish","Thornback & Spotted ray",46,11,0,0
"Large demersal fish","Skate + cuckoo ray",46,12,0,0
"Large demersal fish","Juvenile Cod(0-2, 0-40cm)",46,13,0,0
"Large demersal fish","Cod (adult)",46,14,0,0
"Large demersal fish","Juvenile Whiting (0-1, 0-20cm)",46,15,0,0
"Large demersal fish","Whiting (adult)",46,16,0,0
"Large demersal fish","Juvenile Haddock (0-1, 0-20cm)",46,17,0,0
"Large demersal fish","Haddock (adult)",46,18,0,0
"Large demersal fish","Juvenile Saithe (0-3, 0-40cm)",46,19,0,0
"Large demersal fish","Saithe (adult)",46,20,0,0
"Large demersal fish","Hake",46,21,0,0
"Large demersal fish","Blue whiting",46,22,1,0.0083
"Large demersal fish","Norway pout",46,23,0,0
"Large demersal fish","Other gadoids (large)",46,24,0,0
"Large demersal fish","Other gadoids (small)",46,25,1,0.0258
"Large demersal fish","Monkfish",46,26,0,0
"Large demersal fish","Gurnards",46,27,0,0
"Large demersal fish","Herring (juvenile 0, 1)",46,28,0,0
"Large demersal fish","Herring (adult)",46,29,0,0
"Large demersal fish","Sprat",46,30,1,0.0005
"Large demersal fish","Mackerel",46,31,0,0
"Large demersal fish","Horse mackerel",46,32,1,0.0061
"Large demersal fish","Sandeels",46,33,1,6E-05
"Large demersal fish","Plaice",46,34,0,0
"Large demersal fish","Dab",46,35,1,0.0002
"Large demersal fish","Long-rough dab",46,36,0,0
"Large demersal fish","Flounder",46,37,0,0
"Large demersal fish","Sole",46,38,0,0
"Large demersal fish","Lemon sole",46,39,0,0
"Large demersal fish","Witch",46,40,0,0
"Large demersal fish","Turbot and brill",46,41,0,0
"Large demersal fish","Megrim",46,42,0,0
"Large demersal fish","Halibut",46,43,0,0
"Large demersal fish","Dragonets",46,44,1,0.0005
"Large demersal fish","Catfish (Wolf-fish)",46,45,0,0
"Large demersal fish","Large demersal fish",46,46,1,0.0015
"Large demersal fish","Small demersal fish",46,47,1,0.0658
"Large demersal fish","Miscellaneous filterfeeding pelagic fish",46,48,1,0.0056
"Large demersal fish","Squid & cuttlefish",46,49,1,4E-05
"Large demersal fish","Fish larvae",46,50,0,0
"Large demersal fish","Carnivorous zooplankton",46,51,1,0.6774
"Large demersal fish","Herbivorous & Omnivorous zooplankton (copepods)",46,52,1,0.0765
"Large demersal fish","Gelatinous zooplankton",46,53,1,0.0008
"Large demersal fish","Large crabs",46,54,0,0
"Large demersal fish","Nephrops",46,55,0,0
"Large demersal fish","Epifaunal macrobenthos (mobile grazers)",46,56,1,0.0127
"Large demersal fish","Infaunal macrobenthos",46,57,1,0.0255
"Large demersal fish","Shrimp",46,58,1,0.0617
"Large demersal fish","Small mobile epifauna (swarming crustaceans)",46,59,1,0.0039
"Large demersal fish","Small infauna (polychaetes)",46,60,1,0.0212
"Large demersal fish","Sessile epifauna",46,61,1,0.0051
"Large demersal fish","Meiofauna",46,62,1,0.0008
"Large demersal fish","Benthic microflora (incl. Bacteria, protozoa))",46,63,0,0
"Large demersal fish","Planktonic microflora (incl. Bacteria, protozoa)",46,64,0,0
"Large demersal fish","Phytoplankton",46,65,0,0
"Large demersal fish","Detritus - DOM -water column",46,66,0,0
"Large demersal fish","Detritus - POM - sediment",46,67,0,0
"Large demersal fish","Discards",46,68,0,0
"Small demersal fish",Imports, 47,0,0,0
"Small demersal fish","Baleen whales",47,1,0,0
"Small demersal fish","Toothed whales",47,2,0,0
"Small demersal fish","Seals",47,3,0,0
"Small demersal fish","Seabirds",47,4,0,0
"Small demersal fish","Juvenile sharks",47,5,0,0
"Small demersal fish","Spurdog",47,6,0,0
"Small demersal fish","Large piscivorous sharks",47,7,0,0
"Small demersal fish","Small sharks",47,8,0,0
"Small demersal fish","Juvenile rays",47,9,0,0
"Small demersal fish","Starry ray + others",47,10,0,0
"Small demersal fish","Thornback & Spotted ray",47,11,0,0
"Small demersal fish","Skate + cuckoo ray",47,12,0,0
"Small demersal fish","Juvenile Cod(0-2, 0-40cm)",47,13,0,0
"Small demersal fish","Cod (adult)",47,14,0,0
"Small demersal fish","Juvenile Whiting (0-1, 0-20cm)",47,15,0,0
"Small demersal fish","Whiting (adult)",47,16,0,0
"Small demersal fish","Juvenile Haddock (0-1, 0-20cm)",47,17,0,0
"Small demersal fish","Haddock (adult)",47,18,0,0
"Small demersal fish","Juvenile Saithe (0-3, 0-40cm)",47,19,0,0
"Small demersal fish","Saithe (adult)",47,20,0,0
"Small demersal fish","Hake",47,21,0,0
"Small demersal fish","Blue whiting",47,22,0,0
"Small demersal fish","Norway pout",47,23,0,0
"Small demersal fish","Other gadoids (large)",47,24,0,0
"Small demersal fish","Other gadoids (small)",47,25,0,0
"Small demersal fish","Monkfish",47,26,0,0
"Small demersal fish","Gurnards",47,27,1,0.01010068
"Small demersal fish","Herring (juvenile 0, 1)",47,28,1,3.300221E-05
"Small demersal fish","Herring (adult)",47,29,0,0
"Small demersal fish","Sprat",47,30,1,0.001300087
"Small demersal fish","Mackerel",47,31,0,0
"Small demersal fish","Horse mackerel",47,32,0,0
"Small demersal fish","Sandeels",47,33,1,0.3287221
"Small demersal fish","Plaice",47,34,0,0
"Small demersal fish","Dab",47,35,1,0.03710249
"Small demersal fish","Long-rough dab",47,36,0,0
"Small demersal fish","Flounder",47,37,0,0
"Small demersal fish","Sole",47,38,1,0.0005000336
"Small demersal fish","Lemon sole",47,39,0,0
"Small demersal fish","Witch",47,40,0,0
"Small demersal fish","Turbot and brill",47,41,0,0
"Small demersal fish","Megrim",47,42,0,0
"Small demersal fish","Halibut",47,43,0,0
"Small demersal fish","Dragonets",47,44,1,0.005300355
"Small demersal fish","Catfish (Wolf-fish)",47,45,0,0
"Small demersal fish","Large demersal fish",47,46,0,0
"Small demersal fish","Small demersal fish",47,47,1,0.03650245
"Small demersal fish","Miscellaneous filterfeeding pelagic fish",47,48,0,0
"Small demersal fish","Squid & cuttlefish",47,49,1,0.02550171
"Small demersal fish","Fish larvae",47,50,0,0
"Small demersal fish","Carnivorous zooplankton",47,51,1,0.0002000134
"Small demersal fish","Herbivorous & Omnivorous zooplankton (copepods)",47,52,1,0.09110611
"Small demersal fish","Gelatinous zooplankton",47,53,0,0
"Small demersal fish","Large crabs",47,54,1,0.04950332
"Small demersal fish","Nephrops",47,55,0,0
"Small demersal fish","Epifaunal macrobenthos (mobile grazers)",47,56,1,0.133909
"Small demersal fish","Infaunal macrobenthos",47,57,1,0.06020404
"Small demersal fish","Shrimp",47,58,1,0.02010135
"Small demersal fish","Small mobile epifauna (swarming crustaceans)",47,59,1,0.1314088
"Small demersal fish","Small infauna (polychaetes)",47,60,1,0.03930263
"Small demersal fish","Sessile epifauna",47,61,0,0
"Small demersal fish","Meiofauna",47,62,1,0.02920196
"Small demersal fish","Benthic microflora (incl. Bacteria, protozoa))",47,63,0,0
"Small demersal fish","Planktonic microflora (incl. Bacteria, protozoa)",47,64,0,0
"Small demersal fish","Phytoplankton",47,65,0,0
"Small demersal fish","Detritus - DOM -water column",47,66,0,0
"Small demersal fish","Detritus - POM - sediment",47,67,0,0
"Small demersal fish","Discards",47,68,0,0
"Miscellaneous filterfeeding pelagic fish",Imports, 48,0,0,0
"Miscellaneous filterfeeding pelagic fish","Baleen whales",48,1,0,0
"Miscellaneous filterfeeding pelagic fish","Toothed whales",48,2,0,0
"Miscellaneous filterfeeding pelagic fish","Seals",48,3,0,0
"Miscellaneous filterfeeding pelagic fish","Seabirds",48,4,0,0
"Miscellaneous filterfeeding pelagic fish","Juvenile sharks",48,5,0,0
"Miscellaneous filterfeeding pelagic fish","Spurdog",48,6,0,0
"Miscellaneous filterfeeding pelagic fish","Large piscivorous sharks",48,7,0,0
"Miscellaneous filterfeeding pelagic fish","Small sharks",48,8,0,0
"Miscellaneous filterfeeding pelagic fish","Juvenile rays",48,9,0,0
"Miscellaneous filterfeeding pelagic fish","Starry ray + others",48,10,0,0
"Miscellaneous filterfeeding pelagic fish","Thornback & Spotted ray",48,11,0,0
"Miscellaneous filterfeeding pelagic fish","Skate + cuckoo ray",48,12,0,0
"Miscellaneous filterfeeding pelagic fish","Juvenile Cod(0-2, 0-40cm)",48,13,0,0
"Miscellaneous filterfeeding pelagic fish","Cod (adult)",48,14,0,0
"Miscellaneous filterfeeding pelagic fish","Juvenile Whiting (0-1, 0-20cm)",48,15,0,0
"Miscellaneous filterfeeding pelagic fish","Whiting (adult)",48,16,0,0
"Miscellaneous filterfeeding pelagic fish","Juvenile Haddock (0-1, 0-20cm)",48,17,0,0
"Miscellaneous filterfeeding pelagic fish","Haddock (adult)",48,18,0,0
"Miscellaneous filterfeeding pelagic fish","Juvenile Saithe (0-3, 0-40cm)",48,19,0,0
"Miscellaneous filterfeeding pelagic fish","Saithe (adult)",48,20,0,0
"Miscellaneous filterfeeding pelagic fish","Hake",48,21,0,0
"Miscellaneous filterfeeding pelagic fish","Blue whiting",48,22,0,0
"Miscellaneous filterfeeding pelagic fish","Norway pout",48,23,0,0
"Miscellaneous filterfeeding pelagic fish","Other gadoids (large)",48,24,0,0
"Miscellaneous filterfeeding pelagic fish","Other gadoids (small)",48,25,0,0
"Miscellaneous filterfeeding pelagic fish","Monkfish",48,26,0,0
"Miscellaneous filterfeeding pelagic fish","Gurnards",48,27,0,0
"Miscellaneous filterfeeding pelagic fish","Herring (juvenile 0, 1)",48,28,0,0
"Miscellaneous filterfeeding pelagic fish","Herring (adult)",48,29,0,0
"Miscellaneous filterfeeding pelagic fish","Sprat",48,30,0,0
"Miscellaneous filterfeeding pelagic fish","Mackerel",48,31,0,0
"Miscellaneous filterfeeding pelagic fish","Horse mackerel",48,32,0,0
"Miscellaneous filterfeeding pelagic fish","Sandeels",48,33,0,0
"Miscellaneous filterfeeding pelagic fish","Plaice",48,34,0,0
"Miscellaneous filterfeeding pelagic fish","Dab",48,35,0,0
"Miscellaneous filterfeeding pelagic fish","Long-rough dab",48,36,0,0
"Miscellaneous filterfeeding pelagic fish","Flounder",48,37,0,0
"Miscellaneous filterfeeding pelagic fish","Sole",48,38,0,0
"Miscellaneous filterfeeding pelagic fish","Lemon sole",48,39,0,0
"Miscellaneous filterfeeding pelagic fish","Witch",48,40,0,0
"Miscellaneous filterfeeding pelagic fish","Turbot and brill",48,41,0,0
"Miscellaneous filterfeeding pelagic fish","Megrim",48,42,0,0
"Miscellaneous filterfeeding pelagic fish","Halibut",48,43,0,0
"Miscellaneous filterfeeding pelagic fish","Dragonets",48,44,0,0
"Miscellaneous filterfeeding pelagic fish","Catfish (Wolf-fish)",48,45,0,0
"Miscellaneous filterfeeding pelagic fish","Large demersal fish",48,46,0,0
"Miscellaneous filterfeeding pelagic fish","Small demersal fish",48,47,0,0
"Miscellaneous filterfeeding pelagic fish","Miscellaneous filterfeeding pelagic fish",48,48,1,0.0531
"Miscellaneous filterfeeding pelagic fish","Squid & cuttlefish",48,49,1,0.0056
"Miscellaneous filterfeeding pelagic fish","Fish larvae",48,50,0,0
"Miscellaneous filterfeeding pelagic fish","Carnivorous zooplankton",48,51,1,0.1489
"Miscellaneous filterfeeding pelagic fish","Herbivorous & Omnivorous zooplankton (copepods)",48,52,1,0.6949
"Miscellaneous filterfeeding pelagic fish","Gelatinous zooplankton",48,53,1,0.0332
"Miscellaneous filterfeeding pelagic fish","Large crabs",48,54,0,0
"Miscellaneous filterfeeding pelagic fish","Nephrops",48,55,0,0
"Miscellaneous filterfeeding pelagic fish","Epifaunal macrobenthos (mobile grazers)",48,56,1,0.0266
"Miscellaneous filterfeeding pelagic fish","Infaunal macrobenthos",48,57,0,0
"Miscellaneous filterfeeding pelagic fish","Shrimp",48,58,1,0.0144
"Miscellaneous filterfeeding pelagic fish","Small mobile epifauna (swarming crustaceans)",48,59,1,0.0122
"Miscellaneous filterfeeding pelagic fish","Small infauna (polychaetes)",48,60,1,0.0111
"Miscellaneous filterfeeding pelagic fish","Sessile epifauna",48,61,0,0
"Miscellaneous filterfeeding pelagic fish","Meiofauna",48,62,0,0
"Miscellaneous filterfeeding pelagic fish","Benthic microflora (incl. Bacteria, protozoa))",48,63,0,0
"Miscellaneous filterfeeding pelagic fish","Planktonic microflora (incl. Bacteria, protozoa)",48,64,0,0
"Miscellaneous filterfeeding pelagic fish","Phytoplankton",48,65,0,0
"Miscellaneous filterfeeding pelagic fish","Detritus - DOM -water column",48,66,0,0
"Miscellaneous filterfeeding pelagic fish","Detritus - POM - sediment",48,67,0,0
"Miscellaneous filterfeeding pelagic fish","Discards",48,68,0,0
"Squid & cuttlefish",Imports, 49,0,0,0
"Squid & cuttlefish","Baleen whales",49,1,0,0
"Squid & cuttlefish","Toothed whales",49,2,0,0
"Squid & cuttlefish","Seals",49,3,0,0
"Squid & cuttlefish","Seabirds",49,4,0,0
"Squid & cuttlefish","Juvenile sharks",49,5,0,0
"Squid & cuttlefish","Spurdog",49,6,0,0
"Squid & cuttlefish","Large piscivorous sharks",49,7,0,0
"Squid & cuttlefish","Small sharks",49,8,0,0
"Squid & cuttlefish","Juvenile rays",49,9,0,0
"Squid & cuttlefish","Starry ray + others",49,10,0,0
"Squid & cuttlefish","Thornback & Spotted ray",49,11,0,0
"Squid & cuttlefish","Skate + cuckoo ray",49,12,0,0
"Squid & cuttlefish","Juvenile Cod(0-2, 0-40cm)",49,13,1,0.01069893
"Squid & cuttlefish","Cod (adult)",49,14,0,0
"Squid & cuttlefish","Juvenile Whiting (0-1, 0-20cm)",49,15,1,0.00089991
"Squid & cuttlefish","Whiting (adult)",49,16,0,0
"Squid & cuttlefish","Juvenile Haddock (0-1, 0-20cm)",49,17,1,0.00039996
"Squid & cuttlefish","Haddock (adult)",49,18,0,0
"Squid & cuttlefish","Juvenile Saithe (0-3, 0-40cm)",49,19,1,0.01069893
"Squid & cuttlefish","Saithe (adult)",49,20,0,0
"Squid & cuttlefish","Hake",49,21,0,0
"Squid & cuttlefish","Blue whiting",49,22,1,0.01059894
"Squid & cuttlefish","Norway pout",49,23,1,0.01059894
"Squid & cuttlefish","Other gadoids (large)",49,24,0,0
"Squid & cuttlefish","Other gadoids (small)",49,25,0,0
"Squid & cuttlefish","Monkfish",49,26,0,0
"Squid & cuttlefish","Gurnards",49,27,0,0
"Squid & cuttlefish","Herring (juvenile 0, 1)",49,28,1,0.00089991
"Squid & cuttlefish","Herring (adult)",49,29,0,0
"Squid & cuttlefish","Sprat",49,30,1,0.01069893
"Squid & cuttlefish","Mackerel",49,31,0,0
"Squid & cuttlefish","Horse mackerel",49,32,1,0.01069893
"Squid & cuttlefish","Sandeels",49,33,1,0.04269573
"Squid & cuttlefish","Plaice",49,34,1,0.00539946
"Squid & cuttlefish","Dab",49,35,1,0.00539946
"Squid & cuttlefish","Long-rough dab",49,36,1,0.00539946
"Squid & cuttlefish","Flounder",49,37,1,0.00539946
"Squid & cuttlefish","Sole",49,38,1,0.00539946
"Squid & cuttlefish","Lemon sole",49,39,1,0.00539946
"Squid & cuttlefish","Witch",49,40,1,0.00539946
"Squid & cuttlefish","Turbot and brill",49,41,0,0
"Squid & cuttlefish","Megrim",49,42,0,0
"Squid & cuttlefish","Halibut",49,43,0,0
"Squid & cuttlefish","Dragonets",49,44,0,0
"Squid & cuttlefish","Catfish (Wolf-fish)",49,45,0,0
"Squid & cuttlefish","Large demersal fish",49,46,0,0
"Squid & cuttlefish","Small demersal fish",49,47,1,0.00539946
"Squid & cuttlefish","Miscellaneous filterfeeding pelagic fish",49,48,1,0.02119788
"Squid & cuttlefish","Squid & cuttlefish",49,49,1,0.05329467
"Squid & cuttlefish","Fish larvae",49,50,1,0.01029897
"Squid & cuttlefish","Carnivorous zooplankton",49,51,1,0.2182782
"Squid & cuttlefish","Herbivorous & Omnivorous zooplankton (copepods)",49,52,1,0.2890711
"Squid & cuttlefish","Gelatinous zooplankton",49,53,0,0
"Squid & cuttlefish","Large crabs",49,54,0,0
"Squid & cuttlefish","Nephrops",49,55,0,0
"Squid & cuttlefish","Epifaunal macrobenthos (mobile grazers)",49,56,0,0
"Squid & cuttlefish","Infaunal macrobenthos",49,57,0,0
"Squid & cuttlefish","Shrimp",49,58,1,0.02069793
"Squid & cuttlefish","Small mobile epifauna (swarming crustaceans)",49,59,1,0.1605839
"Squid & cuttlefish","Small infauna (polychaetes)",49,60,1,0.02119788
"Squid & cuttlefish","Sessile epifauna",49,61,0,0
"Squid & cuttlefish","Meiofauna",49,62,0,0
"Squid & cuttlefish","Benthic microflora (incl. Bacteria, protozoa))",49,63,0,0
"Squid & cuttlefish","Planktonic microflora (incl. Bacteria, protozoa)",49,64,0,0
"Squid & cuttlefish","Phytoplankton",49,65,1,0.05329467
"Squid & cuttlefish","Detritus - DOM -water column",49,66,0,0
"Squid & cuttlefish","Detritus - POM - sediment",49,67,0,0
"Squid & cuttlefish","Discards",49,68,0,0
"Fish larvae",Imports, 50,0,0,0
"Fish larvae","Baleen whales",50,1,0,0
"Fish larvae","Toothed whales",50,2,0,0
"Fish larvae","Seals",50,3,0,0
"Fish larvae","Seabirds",50,4,0,0
"Fish larvae","Juvenile sharks",50,5,0,0
"Fish larvae","Spurdog",50,6,0,0
"Fish larvae","Large piscivorous sharks",50,7,0,0
"Fish larvae","Small sharks",50,8,0,0
"Fish larvae","Juvenile rays",50,9,0,0
"Fish larvae","Starry ray + others",50,10,0,0
"Fish larvae","Thornback & Spotted ray",50,11,0,0
"Fish larvae","Skate + cuckoo ray",50,12,0,0
"Fish larvae","Juvenile Cod(0-2, 0-40cm)",50,13,0,0
"Fish larvae","Cod (adult)",50,14,0,0
"Fish larvae","Juvenile Whiting (0-1, 0-20cm)",50,15,0,0
"Fish larvae","Whiting (adult)",50,16,0,0
"Fish larvae","Juvenile Haddock (0-1, 0-20cm)",50,17,0,0
"Fish larvae","Haddock (adult)",50,18,0,0
"Fish larvae","Juvenile Saithe (0-3, 0-40cm)",50,19,0,0
"Fish larvae","Saithe (adult)",50,20,0,0
"Fish larvae","Hake",50,21,0,0
"Fish larvae","Blue whiting",50,22,0,0
"Fish larvae","Norway pout",50,23,0,0
"Fish larvae","Other gadoids (large)",50,24,0,0
"Fish larvae","Other gadoids (small)",50,25,0,0
"Fish larvae","Monkfish",50,26,0,0
"Fish larvae","Gurnards",50,27,0,0
"Fish larvae","Herring (juvenile 0, 1)",50,28,0,0
"Fish larvae","Herring (adult)",50,29,0,0
"Fish larvae","Sprat",50,30,0,0
"Fish larvae","Mackerel",50,31,0,0
"Fish larvae","Horse mackerel",50,32,0,0
"Fish larvae","Sandeels",50,33,0,0
"Fish larvae","Plaice",50,34,0,0
"Fish larvae","Dab",50,35,0,0
"Fish larvae","Long-rough dab",50,36,0,0
"Fish larvae","Flounder",50,37,0,0
"Fish larvae","Sole",50,38,0,0
"Fish larvae","Lemon sole",50,39,0,0
"Fish larvae","Witch",50,40,0,0
"Fish larvae","Turbot and brill",50,41,0,0
"Fish larvae","Megrim",50,42,0,0
"Fish larvae","Halibut",50,43,0,0
"Fish larvae","Dragonets",50,44,0,0
"Fish larvae","Catfish (Wolf-fish)",50,45,0,0
"Fish larvae","Large demersal fish",50,46,0,0
"Fish larvae","Small demersal fish",50,47,0,0
"Fish larvae","Miscellaneous filterfeeding pelagic fish",50,48,0,0
"Fish larvae","Squid & cuttlefish",50,49,0,0
"Fish larvae","Fish larvae",50,50,0,0
"Fish larvae","Carnivorous zooplankton",50,51,0,0
"Fish larvae","Herbivorous & Omnivorous zooplankton (copepods)",50,52,1,0.8
"Fish larvae","Gelatinous zooplankton",50,53,0,0
"Fish larvae","Large crabs",50,54,0,0
"Fish larvae","Nephrops",50,55,0,0
"Fish larvae","Epifaunal macrobenthos (mobile grazers)",50,56,0,0
"Fish larvae","Infaunal macrobenthos",50,57,0,0
"Fish larvae","Shrimp",50,58,0,0
"Fish larvae","Small mobile epifauna (swarming crustaceans)",50,59,0,0
"Fish larvae","Small infauna (polychaetes)",50,60,0,0
"Fish larvae","Sessile epifauna",50,61,0,0
"Fish larvae","Meiofauna",50,62,0,0
"Fish larvae","Benthic microflora (incl. Bacteria, protozoa))",50,63,0,0
"Fish larvae","Planktonic microflora (incl. Bacteria, protozoa)",50,64,0,0
"Fish larvae","Phytoplankton",50,65,1,0.2
"Fish larvae","Detritus - DOM -water column",50,66,0,0
"Fish larvae","Detritus - POM - sediment",50,67,0,0
"Fish larvae","Discards",50,68,0,0
"Carnivorous zooplankton",Imports, 51,0,0,0
"Carnivorous zooplankton","Baleen whales",51,1,0,0
"Carnivorous zooplankton","Toothed whales",51,2,0,0
"Carnivorous zooplankton","Seals",51,3,0,0
"Carnivorous zooplankton","Seabirds",51,4,0,0
"Carnivorous zooplankton","Juvenile sharks",51,5,0,0
"Carnivorous zooplankton","Spurdog",51,6,0,0
"Carnivorous zooplankton","Large piscivorous sharks",51,7,0,0
"Carnivorous zooplankton","Small sharks",51,8,0,0
"Carnivorous zooplankton","Juvenile rays",51,9,0,0
"Carnivorous zooplankton","Starry ray + others",51,10,0,0
"Carnivorous zooplankton","Thornback & Spotted ray",51,11,0,0
"Carnivorous zooplankton","Skate + cuckoo ray",51,12,0,0
"Carnivorous zooplankton","Juvenile Cod(0-2, 0-40cm)",51,13,0,0
"Carnivorous zooplankton","Cod (adult)",51,14,0,0
"Carnivorous zooplankton","Juvenile Whiting (0-1, 0-20cm)",51,15,0,0
"Carnivorous zooplankton","Whiting (adult)",51,16,0,0
"Carnivorous zooplankton","Juvenile Haddock (0-1, 0-20cm)",51,17,0,0
"Carnivorous zooplankton","Haddock (adult)",51,18,0,0
"Carnivorous zooplankton","Juvenile Saithe (0-3, 0-40cm)",51,19,0,0
"Carnivorous zooplankton","Saithe (adult)",51,20,0,0
"Carnivorous zooplankton","Hake",51,21,0,0
"Carnivorous zooplankton","Blue whiting",51,22,0,0
"Carnivorous zooplankton","Norway pout",51,23,0,0
"Carnivorous zooplankton","Other gadoids (large)",51,24,0,0
"Carnivorous zooplankton","Other gadoids (small)",51,25,0,0
"Carnivorous zooplankton","Monkfish",51,26,0,0
"Carnivorous zooplankton","Gurnards",51,27,0,0
"Carnivorous zooplankton","Herring (juvenile 0, 1)",51,28,0,0
"Carnivorous zooplankton","Herring (adult)",51,29,0,0
"Carnivorous zooplankton","Sprat",51,30,0,0
"Carnivorous zooplankton","Mackerel",51,31,0,0
"Carnivorous zooplankton","Horse mackerel",51,32,0,0
"Carnivorous zooplankton","Sandeels",51,33,0,0
"Carnivorous zooplankton","Plaice",51,34,0,0
"Carnivorous zooplankton","Dab",51,35,0,0
"Carnivorous zooplankton","Long-rough dab",51,36,0,0
"Carnivorous zooplankton","Flounder",51,37,0,0
"Carnivorous zooplankton","Sole",51,38,0,0
"Carnivorous zooplankton","Lemon sole",51,39,0,0
"Carnivorous zooplankton","Witch",51,40,0,0
"Carnivorous zooplankton","Turbot and brill",51,41,0,0
"Carnivorous zooplankton","Megrim",51,42,0,0
"Carnivorous zooplankton","Halibut",51,43,0,0
"Carnivorous zooplankton","Dragonets",51,44,0,0
"Carnivorous zooplankton","Catfish (Wolf-fish)",51,45,0,0
"Carnivorous zooplankton","Large demersal fish",51,46,0,0
"Carnivorous zooplankton","Small demersal fish",51,47,0,0
"Carnivorous zooplankton","Miscellaneous filterfeeding pelagic fish",51,48,0,0
"Carnivorous zooplankton","Squid & cuttlefish",51,49,0,0
"Carnivorous zooplankton","Fish larvae",51,50,1,0.0245
"Carnivorous zooplankton","Carnivorous zooplankton",51,51,1,0.0509
"Carnivorous zooplankton","Herbivorous & Omnivorous zooplankton (copepods)",51,52,1,0.7223
"Carnivorous zooplankton","Gelatinous zooplankton",51,53,0,0
"Carnivorous zooplankton","Large crabs",51,54,0,0
"Carnivorous zooplankton","Nephrops",51,55,0,0
"Carnivorous zooplankton","Epifaunal macrobenthos (mobile grazers)",51,56,0,0
"Carnivorous zooplankton","Infaunal macrobenthos",51,57,0,0
"Carnivorous zooplankton","Shrimp",51,58,0,0
"Carnivorous zooplankton","Small mobile epifauna (swarming crustaceans)",51,59,1,0.1005
"Carnivorous zooplankton","Small infauna (polychaetes)",51,60,0,0
"Carnivorous zooplankton","Sessile epifauna",51,61,0,0
"Carnivorous zooplankton","Meiofauna",51,62,0,0
"Carnivorous zooplankton","Benthic microflora (incl. Bacteria, protozoa))",51,63,0,0
"Carnivorous zooplankton","Planktonic microflora (incl. Bacteria, protozoa)",51,64,1,0.1018
"Carnivorous zooplankton","Phytoplankton",51,65,0,0
"Carnivorous zooplankton","Detritus - DOM -water column",51,66,0,0
"Carnivorous zooplankton","Detritus - POM - sediment",51,67,0,0
"Carnivorous zooplankton","Discards",51,68,0,0
"Herbivorous & Omnivorous zooplankton (copepods)",Imports, 52,0,0,0
"Herbivorous & Omnivorous zooplankton (copepods)","Baleen whales",52,1,0,0
"Herbivorous & Omnivorous zooplankton (copepods)","Toothed whales",52,2,0,0
"Herbivorous & Omnivorous zooplankton (copepods)","Seals",52,3,0,0
"Herbivorous & Omnivorous zooplankton (copepods)","Seabirds",52,4,0,0
"Herbivorous & Omnivorous zooplankton (copepods)","Juvenile sharks",52,5,0,0
"Herbivorous & Omnivorous zooplankton (copepods)","Spurdog",52,6,0,0
"Herbivorous & Omnivorous zooplankton (copepods)","Large piscivorous sharks",52,7,0,0
"Herbivorous & Omnivorous zooplankton (copepods)","Small sharks",52,8,0,0
"Herbivorous & Omnivorous zooplankton (copepods)","Juvenile rays",52,9,0,0
"Herbivorous & Omnivorous zooplankton (copepods)","Starry ray + others",52,10,0,0
"Herbivorous & Omnivorous zooplankton (copepods)","Thornback & Spotted ray",52,11,0,0
"Herbivorous & Omnivorous zooplankton (copepods)","Skate + cuckoo ray",52,12,0,0
"Herbivorous & Omnivorous zooplankton (copepods)","Juvenile Cod(0-2, 0-40cm)",52,13,0,0
"Herbivorous & Omnivorous zooplankton (copepods)","Cod (adult)",52,14,0,0
"Herbivorous & Omnivorous zooplankton (copepods)","Juvenile Whiting (0-1, 0-20cm)",52,15,0,0
"Herbivorous & Omnivorous zooplankton (copepods)","Whiting (adult)",52,16,0,0
"Herbivorous & Omnivorous zooplankton (copepods)","Juvenile Haddock (0-1, 0-20cm)",52,17,0,0
"Herbivorous & Omnivorous zooplankton (copepods)","Haddock (adult)",52,18,0,0
"Herbivorous & Omnivorous zooplankton (copepods)","Juvenile Saithe (0-3, 0-40cm)",52,19,0,0
"Herbivorous & Omnivorous zooplankton (copepods)","Saithe (adult)",52,20,0,0
"Herbivorous & Omnivorous zooplankton (copepods)","Hake",52,21,0,0
"Herbivorous & Omnivorous zooplankton (copepods)","Blue whiting",52,22,0,0
"Herbivorous & Omnivorous zooplankton (copepods)","Norway pout",52,23,0,0
"Herbivorous & Omnivorous zooplankton (copepods)","Other gadoids (large)",52,24,0,0
"Herbivorous & Omnivorous zooplankton (copepods)","Other gadoids (small)",52,25,0,0
"Herbivorous & Omnivorous zooplankton (copepods)","Monkfish",52,26,0,0
"Herbivorous & Omnivorous zooplankton (copepods)","Gurnards",52,27,0,0
"Herbivorous & Omnivorous zooplankton (copepods)","Herring (juvenile 0, 1)",52,28,0,0
"Herbivorous & Omnivorous zooplankton (copepods)","Herring (adult)",52,29,0,0
"Herbivorous & Omnivorous zooplankton (copepods)","Sprat",52,30,0,0
"Herbivorous & Omnivorous zooplankton (copepods)","Mackerel",52,31,0,0
"Herbivorous & Omnivorous zooplankton (copepods)","Horse mackerel",52,32,0,0
"Herbivorous & Omnivorous zooplankton (copepods)","Sandeels",52,33,0,0
"Herbivorous & Omnivorous zooplankton (copepods)","Plaice",52,34,0,0
"Herbivorous & Omnivorous zooplankton (copepods)","Dab",52,35,0,0
"Herbivorous & Omnivorous zooplankton (copepods)","Long-rough dab",52,36,0,0
"Herbivorous & Omnivorous zooplankton (copepods)","Flounder",52,37,0,0
"Herbivorous & Omnivorous zooplankton (copepods)","Sole",52,38,0,0
"Herbivorous & Omnivorous zooplankton (copepods)","Lemon sole",52,39,0,0
"Herbivorous & Omnivorous zooplankton (copepods)","Witch",52,40,0,0
"Herbivorous & Omnivorous zooplankton (copepods)","Turbot and brill",52,41,0,0
"Herbivorous & Omnivorous zooplankton (copepods)","Megrim",52,42,0,0
"Herbivorous & Omnivorous zooplankton (copepods)","Halibut",52,43,0,0
"Herbivorous & Omnivorous zooplankton (copepods)","Dragonets",52,44,0,0
"Herbivorous & Omnivorous zooplankton (copepods)","Catfish (Wolf-fish)",52,45,0,0
"Herbivorous & Omnivorous zooplankton (copepods)","Large demersal fish",52,46,0,0
"Herbivorous & Omnivorous zooplankton (copepods)","Small demersal fish",52,47,0,0
"Herbivorous & Omnivorous zooplankton (copepods)","Miscellaneous filterfeeding pelagic fish",52,48,0,0
"Herbivorous & Omnivorous zooplankton (copepods)","Squid & cuttlefish",52,49,0,0
"Herbivorous & Omnivorous zooplankton (copepods)","Fish larvae",52,50,0,0
"Herbivorous & Omnivorous zooplankton (copepods)","Carnivorous zooplankton",52,51,0,0
"Herbivorous & Omnivorous zooplankton (copepods)","Herbivorous & Omnivorous zooplankton (copepods)",52,52,0,0
"Herbivorous & Omnivorous zooplankton (copepods)","Gelatinous zooplankton",52,53,0,0
"Herbivorous & Omnivorous zooplankton (copepods)","Large crabs",52,54,0,0
"Herbivorous & Omnivorous zooplankton (copepods)","Nephrops",52,55,0,0
"Herbivorous & Omnivorous zooplankton (copepods)","Epifaunal macrobenthos (mobile grazers)",52,56,0,0
"Herbivorous & Omnivorous zooplankton (copepods)","Infaunal macrobenthos",52,57,0,0
"Herbivorous & Omnivorous zooplankton (copepods)","Shrimp",52,58,0,0
"Herbivorous & Omnivorous zooplankton (copepods)","Small mobile epifauna (swarming crustaceans)",52,59,0,0
"Herbivorous & Omnivorous zooplankton (copepods)","Small infauna (polychaetes)",52,60,0,0
"Herbivorous & Omnivorous zooplankton (copepods)","Sessile epifauna",52,61,0,0
"Herbivorous & Omnivorous zooplankton (copepods)","Meiofauna",52,62,0,0
"Herbivorous & Omnivorous zooplankton (copepods)","Benthic microflora (incl. Bacteria, protozoa))",52,63,0,0
"Herbivorous & Omnivorous zooplankton (copepods)","Planktonic microflora (incl. Bacteria, protozoa)",52,64,1,0.05
"Herbivorous & Omnivorous zooplankton (copepods)","Phytoplankton",52,65,1,0.9
"Herbivorous & Omnivorous zooplankton (copepods)","Detritus - DOM -water column",52,66,1,0.05
"Herbivorous & Omnivorous zooplankton (copepods)","Detritus - POM - sediment",52,67,0,0
"Herbivorous & Omnivorous zooplankton (copepods)","Discards",52,68,0,0
"Gelatinous zooplankton",Imports, 53,0,0,0
"Gelatinous zooplankton","Baleen whales",53,1,0,0
"Gelatinous zooplankton","Toothed whales",53,2,0,0
"Gelatinous zooplankton","Seals",53,3,0,0
"Gelatinous zooplankton","Seabirds",53,4,0,0
"Gelatinous zooplankton","Juvenile sharks",53,5,0,0
"Gelatinous zooplankton","Spurdog",53,6,0,0
"Gelatinous zooplankton","Large piscivorous sharks",53,7,0,0
"Gelatinous zooplankton","Small sharks",53,8,0,0
"Gelatinous zooplankton","Juvenile rays",53,9,0,0
"Gelatinous zooplankton","Starry ray + others",53,10,0,0
"Gelatinous zooplankton","Thornback & Spotted ray",53,11,0,0
"Gelatinous zooplankton","Skate + cuckoo ray",53,12,0,0
"Gelatinous zooplankton","Juvenile Cod(0-2, 0-40cm)",53,13,0,0
"Gelatinous zooplankton","Cod (adult)",53,14,0,0
"Gelatinous zooplankton","Juvenile Whiting (0-1, 0-20cm)",53,15,0,0
"Gelatinous zooplankton","Whiting (adult)",53,16,0,0
"Gelatinous zooplankton","Juvenile Haddock (0-1, 0-20cm)",53,17,0,0
"Gelatinous zooplankton","Haddock (adult)",53,18,0,0
"Gelatinous zooplankton","Juvenile Saithe (0-3, 0-40cm)",53,19,0,0
"Gelatinous zooplankton","Saithe (adult)",53,20,0,0
"Gelatinous zooplankton","Hake",53,21,0,0
"Gelatinous zooplankton","Blue whiting",53,22,0,0
"Gelatinous zooplankton","Norway pout",53,23,0,0
"Gelatinous zooplankton","Other gadoids (large)",53,24,0,0
"Gelatinous zooplankton","Other gadoids (small)",53,25,0,0
"Gelatinous zooplankton","Monkfish",53,26,0,0
"Gelatinous zooplankton","Gurnards",53,27,0,0
"Gelatinous zooplankton","Herring (juvenile 0, 1)",53,28,0,0
"Gelatinous zooplankton","Herring (adult)",53,29,0,0
"Gelatinous zooplankton","Sprat",53,30,0,0
"Gelatinous zooplankton","Mackerel",53,31,0,0
"Gelatinous zooplankton","Horse mackerel",53,32,0,0
"Gelatinous zooplankton","Sandeels",53,33,0,0
"Gelatinous zooplankton","Plaice",53,34,0,0
"Gelatinous zooplankton","Dab",53,35,0,0
"Gelatinous zooplankton","Long-rough dab",53,36,0,0
"Gelatinous zooplankton","Flounder",53,37,0,0
"Gelatinous zooplankton","Sole",53,38,0,0
"Gelatinous zooplankton","Lemon sole",53,39,0,0
"Gelatinous zooplankton","Witch",53,40,0,0
"Gelatinous zooplankton","Turbot and brill",53,41,0,0
"Gelatinous zooplankton","Megrim",53,42,0,0
"Gelatinous zooplankton","Halibut",53,43,0,0
"Gelatinous zooplankton","Dragonets",53,44,0,0
"Gelatinous zooplankton","Catfish (Wolf-fish)",53,45,0,0
"Gelatinous zooplankton","Large demersal fish",53,46,0,0
"Gelatinous zooplankton","Small demersal fish",53,47,0,0
"Gelatinous zooplankton","Miscellaneous filterfeeding pelagic fish",53,48,0,0
"Gelatinous zooplankton","Squid & cuttlefish",53,49,1,0.0498
"Gelatinous zooplankton","Fish larvae",53,50,1,0.224
"Gelatinous zooplankton","Carnivorous zooplankton",53,51,1,0.1989
"Gelatinous zooplankton","Herbivorous & Omnivorous zooplankton (copepods)",53,52,1,0.1989
"Gelatinous zooplankton","Gelatinous zooplankton",53,53,0,0
"Gelatinous zooplankton","Large crabs",53,54,0,0
"Gelatinous zooplankton","Nephrops",53,55,0,0
"Gelatinous zooplankton","Epifaunal macrobenthos (mobile grazers)",53,56,0,0
"Gelatinous zooplankton","Infaunal macrobenthos",53,57,0,0
"Gelatinous zooplankton","Shrimp",53,58,1,0.0498
"Gelatinous zooplankton","Small mobile epifauna (swarming crustaceans)",53,59,1,0.07960001
"Gelatinous zooplankton","Small infauna (polychaetes)",53,60,0,0
"Gelatinous zooplankton","Sessile epifauna",53,61,0,0
"Gelatinous zooplankton","Meiofauna",53,62,0,0
"Gelatinous zooplankton","Benthic microflora (incl. Bacteria, protozoa))",53,63,0,0
"Gelatinous zooplankton","Planktonic microflora (incl. Bacteria, protozoa)",53,64,1,0.09950001
"Gelatinous zooplankton","Phytoplankton",53,65,1,0.09950001
"Gelatinous zooplankton","Detritus - DOM -water column",53,66,0,0
"Gelatinous zooplankton","Detritus - POM - sediment",53,67,0,0
"Gelatinous zooplankton","Discards",53,68,0,0
"Large crabs",Imports, 54,0,0,0
"Large crabs","Baleen whales",54,1,0,0
"Large crabs","Toothed whales",54,2,0,0
"Large crabs","Seals",54,3,0,0
"Large crabs","Seabirds",54,4,0,0
"Large crabs","Juvenile sharks",54,5,0,0
"Large crabs","Spurdog",54,6,0,0
"Large crabs","Large piscivorous sharks",54,7,0,0
"Large crabs","Small sharks",54,8,0,0
"Large crabs","Juvenile rays",54,9,0,0
"Large crabs","Starry ray + others",54,10,0,0
"Large crabs","Thornback & Spotted ray",54,11,0,0
"Large crabs","Skate + cuckoo ray",54,12,0,0
"Large crabs","Juvenile Cod(0-2, 0-40cm)",54,13,0,0
"Large crabs","Cod (adult)",54,14,0,0
"Large crabs","Juvenile Whiting (0-1, 0-20cm)",54,15,0,0
"Large crabs","Whiting (adult)",54,16,0,0
"Large crabs","Juvenile Haddock (0-1, 0-20cm)",54,17,0,0
"Large crabs","Haddock (adult)",54,18,0,0
"Large crabs","Juvenile Saithe (0-3, 0-40cm)",54,19,0,0
"Large crabs","Saithe (adult)",54,20,0,0
"Large crabs","Hake",54,21,0,0
"Large crabs","Blue whiting",54,22,0,0
"Large crabs","Norway pout",54,23,0,0
"Large crabs","Other gadoids (large)",54,24,0,0
"Large crabs","Other gadoids (small)",54,25,0,0
"Large crabs","Monkfish",54,26,0,0
"Large crabs","Gurnards",54,27,0,0
"Large crabs","Herring (juvenile 0, 1)",54,28,0,0
"Large crabs","Herring (adult)",54,29,0,0
"Large crabs","Sprat",54,30,0,0
"Large crabs","Mackerel",54,31,0,0
"Large crabs","Horse mackerel",54,32,0,0
"Large crabs","Sandeels",54,33,0,0
"Large crabs","Plaice",54,34,0,0
"Large crabs","Dab",54,35,0,0
"Large crabs","Long-rough dab",54,36,0,0
"Large crabs","Flounder",54,37,0,0
"Large crabs","Sole",54,38,0,0
"Large crabs","Lemon sole",54,39,0,0
"Large crabs","Witch",54,40,0,0
"Large crabs","Turbot and brill",54,41,0,0
"Large crabs","Megrim",54,42,0,0
"Large crabs","Halibut",54,43,0,0
"Large crabs","Dragonets",54,44,0,0
"Large crabs","Catfish (Wolf-fish)",54,45,0,0
"Large crabs","Large demersal fish",54,46,0,0
"Large crabs","Small demersal fish",54,47,0,0
"Large crabs","Miscellaneous filterfeeding pelagic fish",54,48,0,0
"Large crabs","Squid & cuttlefish",54,49,0,0
"Large crabs","Fish larvae",54,50,0,0
"Large crabs","Carnivorous zooplankton",54,51,0,0
"Large crabs","Herbivorous & Omnivorous zooplankton (copepods)",54,52,0,0
"Large crabs","Gelatinous zooplankton",54,53,0,0
"Large crabs","Large crabs",54,54,1,0.00100998
"Large crabs","Nephrops",54,55,1,0.0197996
"Large crabs","Epifaunal macrobenthos (mobile grazers)",54,56,1,0.2887942
"Large crabs","Infaunal macrobenthos",54,57,1,0.2950941
"Large crabs","Shrimp",54,58,1,0.00100998
"Large crabs","Small mobile epifauna (swarming crustaceans)",54,59,1,0.0197996
"Large crabs","Small infauna (polychaetes)",54,60,1,0.1042979
"Large crabs","Sessile epifauna",54,61,1,0.07049859
"Large crabs","Meiofauna",54,62,0,0
"Large crabs","Benthic microflora (incl. Bacteria, protozoa))",54,63,1,0.04949901
"Large crabs","Planktonic microflora (incl. Bacteria, protozoa)",54,64,1,0.04949901
"Large crabs","Phytoplankton",54,65,0,0
"Large crabs","Detritus - DOM -water column",54,66,0,0
"Large crabs","Detritus - POM - sediment",54,67,0,0
"Large crabs","Discards",54,68,1,0.100698
"Nephrops",Imports, 55,0,0,0
"Nephrops","Baleen whales",55,1,0,0
"Nephrops","Toothed whales",55,2,0,0
"Nephrops","Seals",55,3,0,0
"Nephrops","Seabirds",55,4,0,0
"Nephrops","Juvenile sharks",55,5,0,0
"Nephrops","Spurdog",55,6,0,0
"Nephrops","Large piscivorous sharks",55,7,0,0
"Nephrops","Small sharks",55,8,0,0
"Nephrops","Juvenile rays",55,9,0,0
"Nephrops","Starry ray + others",55,10,0,0
"Nephrops","Thornback & Spotted ray",55,11,0,0
"Nephrops","Skate + cuckoo ray",55,12,0,0
"Nephrops","Juvenile Cod(0-2, 0-40cm)",55,13,0,0
"Nephrops","Cod (adult)",55,14,0,0
"Nephrops","Juvenile Whiting (0-1, 0-20cm)",55,15,0,0
"Nephrops","Whiting (adult)",55,16,0,0
"Nephrops","Juvenile Haddock (0-1, 0-20cm)",55,17,0,0
"Nephrops","Haddock (adult)",55,18,0,0
"Nephrops","Juvenile Saithe (0-3, 0-40cm)",55,19,0,0
"Nephrops","Saithe (adult)",55,20,0,0
"Nephrops","Hake",55,21,0,0
"Nephrops","Blue whiting",55,22,0,0
"Nephrops","Norway pout",55,23,0,0
"Nephrops","Other gadoids (large)",55,24,0,0
"Nephrops","Other gadoids (small)",55,25,0,0
"Nephrops","Monkfish",55,26,0,0
"Nephrops","Gurnards",55,27,0,0
"Nephrops","Herring (juvenile 0, 1)",55,28,0,0
"Nephrops","Herring (adult)",55,29,0,0
"Nephrops","Sprat",55,30,0,0
"Nephrops","Mackerel",55,31,0,0
"Nephrops","Horse mackerel",55,32,0,0
"Nephrops","Sandeels",55,33,0,0
"Nephrops","Plaice",55,34,0,0
"Nephrops","Dab",55,35,0,0
"Nephrops","Long-rough dab",55,36,0,0
"Nephrops","Flounder",55,37,0,0
"Nephrops","Sole",55,38,0,0
"Nephrops","Lemon sole",55,39,0,0
"Nephrops","Witch",55,40,0,0
"Nephrops","Turbot and brill",55,41,0,0
"Nephrops","Megrim",55,42,0,0
"Nephrops","Halibut",55,43,0,0
"Nephrops","Dragonets",55,44,0,0
"Nephrops","Catfish (Wolf-fish)",55,45,0,0
"Nephrops","Large demersal fish",55,46,0,0
"Nephrops","Small demersal fish",55,47,0,0
"Nephrops","Miscellaneous filterfeeding pelagic fish",55,48,0,0
"Nephrops","Squid & cuttlefish",55,49,0,0
"Nephrops","Fish larvae",55,50,0,0
"Nephrops","Carnivorous zooplankton",55,51,0,0
"Nephrops","Herbivorous & Omnivorous zooplankton (copepods)",55,52,0,0
"Nephrops","Gelatinous zooplankton",55,53,0,0
"Nephrops","Large crabs",55,54,0,0
"Nephrops","Nephrops",55,55,0,0
"Nephrops","Epifaunal macrobenthos (mobile grazers)",55,56,0,0
"Nephrops","Infaunal macrobenthos",55,57,1,0.25
"Nephrops","Shrimp",55,58,0,0
"Nephrops","Small mobile epifauna (swarming crustaceans)",55,59,1,0.15
"Nephrops","Small infauna (polychaetes)",55,60,1,0.2
"Nephrops","Sessile epifauna",55,61,1,0.09999999
"Nephrops","Meiofauna",55,62,0,0
"Nephrops","Benthic microflora (incl. Bacteria, protozoa))",55,63,1,0.09999999
"Nephrops","Planktonic microflora (incl. Bacteria, protozoa)",55,64,1,0.04999999
"Nephrops","Phytoplankton",55,65,1,0.09999999
"Nephrops","Detritus - DOM -water column",55,66,1,0.03
"Nephrops","Detritus - POM - sediment",55,67,1,0.02
"Nephrops","Discards",55,68,0,0
"Epifaunal macrobenthos (mobile grazers)",Imports, 56,0,0,0
"Epifaunal macrobenthos (mobile grazers)","Baleen whales",56,1,0,0
"Epifaunal macrobenthos (mobile grazers)","Toothed whales",56,2,0,0
"Epifaunal macrobenthos (mobile grazers)","Seals",56,3,0,0
"Epifaunal macrobenthos (mobile grazers)","Seabirds",56,4,0,0
"Epifaunal macrobenthos (mobile grazers)","Juvenile sharks",56,5,0,0
"Epifaunal macrobenthos (mobile grazers)","Spurdog",56,6,0,0
"Epifaunal macrobenthos (mobile grazers)","Large piscivorous sharks",56,7,0,0
"Epifaunal macrobenthos (mobile grazers)","Small sharks",56,8,0,0
"Epifaunal macrobenthos (mobile grazers)","Juvenile rays",56,9,0,0
"Epifaunal macrobenthos (mobile grazers)","Starry ray + others",56,10,0,0
"Epifaunal macrobenthos (mobile grazers)","Thornback & Spotted ray",56,11,0,0
"Epifaunal macrobenthos (mobile grazers)","Skate + cuckoo ray",56,12,0,0
"Epifaunal macrobenthos (mobile grazers)","Juvenile Cod(0-2, 0-40cm)",56,13,0,0
"Epifaunal macrobenthos (mobile grazers)","Cod (adult)",56,14,0,0
"Epifaunal macrobenthos (mobile grazers)","Juvenile Whiting (0-1, 0-20cm)",56,15,0,0
"Epifaunal macrobenthos (mobile grazers)","Whiting (adult)",56,16,0,0
"Epifaunal macrobenthos (mobile grazers)","Juvenile Haddock (0-1, 0-20cm)",56,17,0,0
"Epifaunal macrobenthos (mobile grazers)","Haddock (adult)",56,18,0,0
"Epifaunal macrobenthos (mobile grazers)","Juvenile Saithe (0-3, 0-40cm)",56,19,0,0
"Epifaunal macrobenthos (mobile grazers)","Saithe (adult)",56,20,0,0
"Epifaunal macrobenthos (mobile grazers)","Hake",56,21,0,0
"Epifaunal macrobenthos (mobile grazers)","Blue whiting",56,22,0,0
"Epifaunal macrobenthos (mobile grazers)","Norway pout",56,23,0,0
"Epifaunal macrobenthos (mobile grazers)","Other gadoids (large)",56,24,0,0
"Epifaunal macrobenthos (mobile grazers)","Other gadoids (small)",56,25,0,0
"Epifaunal macrobenthos (mobile grazers)","Monkfish",56,26,0,0
"Epifaunal macrobenthos (mobile grazers)","Gurnards",56,27,0,0
"Epifaunal macrobenthos (mobile grazers)","Herring (juvenile 0, 1)",56,28,0,0
"Epifaunal macrobenthos (mobile grazers)","Herring (adult)",56,29,0,0
"Epifaunal macrobenthos (mobile grazers)","Sprat",56,30,0,0
"Epifaunal macrobenthos (mobile grazers)","Mackerel",56,31,0,0
"Epifaunal macrobenthos (mobile grazers)","Horse mackerel",56,32,0,0
"Epifaunal macrobenthos (mobile grazers)","Sandeels",56,33,0,0
"Epifaunal macrobenthos (mobile grazers)","Plaice",56,34,0,0
"Epifaunal macrobenthos (mobile grazers)","Dab",56,35,0,0
"Epifaunal macrobenthos (mobile grazers)","Long-rough dab",56,36,0,0
"Epifaunal macrobenthos (mobile grazers)","Flounder",56,37,0,0
"Epifaunal macrobenthos (mobile grazers)","Sole",56,38,0,0
"Epifaunal macrobenthos (mobile grazers)","Lemon sole",56,39,0,0
"Epifaunal macrobenthos (mobile grazers)","Witch",56,40,0,0
"Epifaunal macrobenthos (mobile grazers)","Turbot and brill",56,41,0,0
"Epifaunal macrobenthos (mobile grazers)","Megrim",56,42,0,0
"Epifaunal macrobenthos (mobile grazers)","Halibut",56,43,0,0
"Epifaunal macrobenthos (mobile grazers)","Dragonets",56,44,0,0
"Epifaunal macrobenthos (mobile grazers)","Catfish (Wolf-fish)",56,45,0,0
"Epifaunal macrobenthos (mobile grazers)","Large demersal fish",56,46,0,0
"Epifaunal macrobenthos (mobile grazers)","Small demersal fish",56,47,0,0
"Epifaunal macrobenthos (mobile grazers)","Miscellaneous filterfeeding pelagic fish",56,48,0,0
"Epifaunal macrobenthos (mobile grazers)","Squid & cuttlefish",56,49,0,0
"Epifaunal macrobenthos (mobile grazers)","Fish larvae",56,50,0,0
"Epifaunal macrobenthos (mobile grazers)","Carnivorous zooplankton",56,51,0,0
"Epifaunal macrobenthos (mobile grazers)","Herbivorous & Omnivorous zooplankton (copepods)",56,52,0,0
"Epifaunal macrobenthos (mobile grazers)","Gelatinous zooplankton",56,53,0,0
"Epifaunal macrobenthos (mobile grazers)","Large crabs",56,54,0,0
"Epifaunal macrobenthos (mobile grazers)","Nephrops",56,55,0,0
"Epifaunal macrobenthos (mobile grazers)","Epifaunal macrobenthos (mobile grazers)",56,56,1,0.04999999
"Epifaunal macrobenthos (mobile grazers)","Infaunal macrobenthos",56,57,1,0.2
"Epifaunal macrobenthos (mobile grazers)","Shrimp",56,58,0,0
"Epifaunal macrobenthos (mobile grazers)","Small mobile epifauna (swarming crustaceans)",56,59,1,0.04999999
"Epifaunal macrobenthos (mobile grazers)","Small infauna (polychaetes)",56,60,1,0.25
"Epifaunal macrobenthos (mobile grazers)","Sessile epifauna",56,61,0,0
"Epifaunal macrobenthos (mobile grazers)","Meiofauna",56,62,0,0
"Epifaunal macrobenthos (mobile grazers)","Benthic microflora (incl. Bacteria, protozoa))",56,63,1,0.09999999
"Epifaunal macrobenthos (mobile grazers)","Planktonic microflora (incl. Bacteria, protozoa)",56,64,1,0.09999999
"Epifaunal macrobenthos (mobile grazers)","Phytoplankton",56,65,1,0.04999999
"Epifaunal macrobenthos (mobile grazers)","Detritus - DOM -water column",56,66,1,0.04999999
"Epifaunal macrobenthos (mobile grazers)","Detritus - POM - sediment",56,67,1,0.15
"Epifaunal macrobenthos (mobile grazers)","Discards",56,68,0,0
"Infaunal macrobenthos",Imports, 57,0,0,0
"Infaunal macrobenthos","Baleen whales",57,1,0,0
"Infaunal macrobenthos","Toothed whales",57,2,0,0
"Infaunal macrobenthos","Seals",57,3,0,0
"Infaunal macrobenthos","Seabirds",57,4,0,0
"Infaunal macrobenthos","Juvenile sharks",57,5,0,0
"Infaunal macrobenthos","Spurdog",57,6,0,0
"Infaunal macrobenthos","Large piscivorous sharks",57,7,0,0
"Infaunal macrobenthos","Small sharks",57,8,0,0
"Infaunal macrobenthos","Juvenile rays",57,9,0,0
"Infaunal macrobenthos","Starry ray + others",57,10,0,0
"Infaunal macrobenthos","Thornback & Spotted ray",57,11,0,0
"Infaunal macrobenthos","Skate + cuckoo ray",57,12,0,0
"Infaunal macrobenthos","Juvenile Cod(0-2, 0-40cm)",57,13,0,0
"Infaunal macrobenthos","Cod (adult)",57,14,0,0
"Infaunal macrobenthos","Juvenile Whiting (0-1, 0-20cm)",57,15,0,0
"Infaunal macrobenthos","Whiting (adult)",57,16,0,0
"Infaunal macrobenthos","Juvenile Haddock (0-1, 0-20cm)",57,17,0,0
"Infaunal macrobenthos","Haddock (adult)",57,18,0,0
"Infaunal macrobenthos","Juvenile Saithe (0-3, 0-40cm)",57,19,0,0
"Infaunal macrobenthos","Saithe (adult)",57,20,0,0
"Infaunal macrobenthos","Hake",57,21,0,0
"Infaunal macrobenthos","Blue whiting",57,22,0,0
"Infaunal macrobenthos","Norway pout",57,23,0,0
"Infaunal macrobenthos","Other gadoids (large)",57,24,0,0
"Infaunal macrobenthos","Other gadoids (small)",57,25,0,0
"Infaunal macrobenthos","Monkfish",57,26,0,0
"Infaunal macrobenthos","Gurnards",57,27,0,0
"Infaunal macrobenthos","Herring (juvenile 0, 1)",57,28,0,0
"Infaunal macrobenthos","Herring (adult)",57,29,0,0
"Infaunal macrobenthos","Sprat",57,30,0,0
"Infaunal macrobenthos","Mackerel",57,31,0,0
"Infaunal macrobenthos","Horse mackerel",57,32,0,0
"Infaunal macrobenthos","Sandeels",57,33,0,0
"Infaunal macrobenthos","Plaice",57,34,0,0
"Infaunal macrobenthos","Dab",57,35,0,0
"Infaunal macrobenthos","Long-rough dab",57,36,0,0
"Infaunal macrobenthos","Flounder",57,37,0,0
"Infaunal macrobenthos","Sole",57,38,0,0
"Infaunal macrobenthos","Lemon sole",57,39,0,0
"Infaunal macrobenthos","Witch",57,40,0,0
"Infaunal macrobenthos","Turbot and brill",57,41,0,0
"Infaunal macrobenthos","Megrim",57,42,0,0
"Infaunal macrobenthos","Halibut",57,43,0,0
"Infaunal macrobenthos","Dragonets",57,44,0,0
"Infaunal macrobenthos","Catfish (Wolf-fish)",57,45,0,0
"Infaunal macrobenthos","Large demersal fish",57,46,0,0
"Infaunal macrobenthos","Small demersal fish",57,47,0,0
"Infaunal macrobenthos","Miscellaneous filterfeeding pelagic fish",57,48,0,0
"Infaunal macrobenthos","Squid & cuttlefish",57,49,0,0
"Infaunal macrobenthos","Fish larvae",57,50,0,0
"Infaunal macrobenthos","Carnivorous zooplankton",57,51,0,0
"Infaunal macrobenthos","Herbivorous & Omnivorous zooplankton (copepods)",57,52,0,0
"Infaunal macrobenthos","Gelatinous zooplankton",57,53,0,0
"Infaunal macrobenthos","Large crabs",57,54,0,0
"Infaunal macrobenthos","Nephrops",57,55,0,0
"Infaunal macrobenthos","Epifaunal macrobenthos (mobile grazers)",57,56,0,0
"Infaunal macrobenthos","Infaunal macrobenthos",57,57,0,0
"Infaunal macrobenthos","Shrimp",57,58,0,0
"Infaunal macrobenthos","Small mobile epifauna (swarming crustaceans)",57,59,1,0.04
"Infaunal macrobenthos","Small infauna (polychaetes)",57,60,1,0.11
"Infaunal macrobenthos","Sessile epifauna",57,61,0,0
"Infaunal macrobenthos","Meiofauna",57,62,1,0.05
"Infaunal macrobenthos","Benthic microflora (incl. Bacteria, protozoa))",57,63,1,0.3
"Infaunal macrobenthos","Planktonic microflora (incl. Bacteria, protozoa)",57,64,1,0.1
"Infaunal macrobenthos","Phytoplankton",57,65,0,0
"Infaunal macrobenthos","Detritus - DOM -water column",57,66,1,0.1
"Infaunal macrobenthos","Detritus - POM - sediment",57,67,1,0.3
"Infaunal macrobenthos","Discards",57,68,0,0
"Shrimp",Imports, 58,0,0,0
"Shrimp","Baleen whales",58,1,0,0
"Shrimp","Toothed whales",58,2,0,0
"Shrimp","Seals",58,3,0,0
"Shrimp","Seabirds",58,4,0,0
"Shrimp","Juvenile sharks",58,5,0,0
"Shrimp","Spurdog",58,6,0,0
"Shrimp","Large piscivorous sharks",58,7,0,0
"Shrimp","Small sharks",58,8,0,0
"Shrimp","Juvenile rays",58,9,0,0
"Shrimp","Starry ray + others",58,10,0,0
"Shrimp","Thornback & Spotted ray",58,11,0,0
"Shrimp","Skate + cuckoo ray",58,12,0,0
"Shrimp","Juvenile Cod(0-2, 0-40cm)",58,13,0,0
"Shrimp","Cod (adult)",58,14,0,0
"Shrimp","Juvenile Whiting (0-1, 0-20cm)",58,15,0,0
"Shrimp","Whiting (adult)",58,16,0,0
"Shrimp","Juvenile Haddock (0-1, 0-20cm)",58,17,0,0
"Shrimp","Haddock (adult)",58,18,0,0
"Shrimp","Juvenile Saithe (0-3, 0-40cm)",58,19,0,0
"Shrimp","Saithe (adult)",58,20,0,0
"Shrimp","Hake",58,21,0,0
"Shrimp","Blue whiting",58,22,0,0
"Shrimp","Norway pout",58,23,0,0
"Shrimp","Other gadoids (large)",58,24,0,0
"Shrimp","Other gadoids (small)",58,25,0,0
"Shrimp","Monkfish",58,26,0,0
"Shrimp","Gurnards",58,27,0,0
"Shrimp","Herring (juvenile 0, 1)",58,28,0,0
"Shrimp","Herring (adult)",58,29,0,0
"Shrimp","Sprat",58,30,0,0
"Shrimp","Mackerel",58,31,0,0
"Shrimp","Horse mackerel",58,32,0,0
"Shrimp","Sandeels",58,33,0,0
"Shrimp","Plaice",58,34,0,0
"Shrimp","Dab",58,35,0,0
"Shrimp","Long-rough dab",58,36,0,0
"Shrimp","Flounder",58,37,0,0
"Shrimp","Sole",58,38,0,0
"Shrimp","Lemon sole",58,39,0,0
"Shrimp","Witch",58,40,0,0
"Shrimp","Turbot and brill",58,41,0,0
"Shrimp","Megrim",58,42,0,0
"Shrimp","Halibut",58,43,0,0
"Shrimp","Dragonets",58,44,0,0
"Shrimp","Catfish (Wolf-fish)",58,45,0,0
"Shrimp","Large demersal fish",58,46,0,0
"Shrimp","Small demersal fish",58,47,0,0
"Shrimp","Miscellaneous filterfeeding pelagic fish",58,48,0,0
"Shrimp","Squid & cuttlefish",58,49,0,0
"Shrimp","Fish larvae",58,50,0,0
"Shrimp","Carnivorous zooplankton",58,51,1,0.05
"Shrimp","Herbivorous & Omnivorous zooplankton (copepods)",58,52,1,0.1
"Shrimp","Gelatinous zooplankton",58,53,0,0
"Shrimp","Large crabs",58,54,0,0
"Shrimp","Nephrops",58,55,0,0
"Shrimp","Epifaunal macrobenthos (mobile grazers)",58,56,0,0
"Shrimp","Infaunal macrobenthos",58,57,0,0
"Shrimp","Shrimp",58,58,1,0.01
"Shrimp","Small mobile epifauna (swarming crustaceans)",58,59,1,0.05
"Shrimp","Small infauna (polychaetes)",58,60,1,0.1
"Shrimp","Sessile epifauna",58,61,0,0
"Shrimp","Meiofauna",58,62,1,0.1
"Shrimp","Benthic microflora (incl. Bacteria, protozoa))",58,63,1,0.15
"Shrimp","Planktonic microflora (incl. Bacteria, protozoa)",58,64,1,0.12
"Shrimp","Phytoplankton",58,65,0,0
"Shrimp","Detritus - DOM -water column",58,66,1,0.1
"Shrimp","Detritus - POM - sediment",58,67,1,0.17
"Shrimp","Discards",58,68,1,0.05
"Small mobile epifauna (swarming crustaceans)",Imports, 59,0,0,0
"Small mobile epifauna (swarming crustaceans)","Baleen whales",59,1,0,0
"Small mobile epifauna (swarming crustaceans)","Toothed whales",59,2,0,0
"Small mobile epifauna (swarming crustaceans)","Seals",59,3,0,0
"Small mobile epifauna (swarming crustaceans)","Seabirds",59,4,0,0
"Small mobile epifauna (swarming crustaceans)","Juvenile sharks",59,5,0,0
"Small mobile epifauna (swarming crustaceans)","Spurdog",59,6,0,0
"Small mobile epifauna (swarming crustaceans)","Large piscivorous sharks",59,7,0,0
"Small mobile epifauna (swarming crustaceans)","Small sharks",59,8,0,0
"Small mobile epifauna (swarming crustaceans)","Juvenile rays",59,9,0,0
"Small mobile epifauna (swarming crustaceans)","Starry ray + others",59,10,0,0
"Small mobile epifauna (swarming crustaceans)","Thornback & Spotted ray",59,11,0,0
"Small mobile epifauna (swarming crustaceans)","Skate + cuckoo ray",59,12,0,0
"Small mobile epifauna (swarming crustaceans)","Juvenile Cod(0-2, 0-40cm)",59,13,0,0
"Small mobile epifauna (swarming crustaceans)","Cod (adult)",59,14,0,0
"Small mobile epifauna (swarming crustaceans)","Juvenile Whiting (0-1, 0-20cm)",59,15,0,0
"Small mobile epifauna (swarming crustaceans)","Whiting (adult)",59,16,0,0
"Small mobile epifauna (swarming crustaceans)","Juvenile Haddock (0-1, 0-20cm)",59,17,0,0
"Small mobile epifauna (swarming crustaceans)","Haddock (adult)",59,18,0,0
"Small mobile epifauna (swarming crustaceans)","Juvenile Saithe (0-3, 0-40cm)",59,19,0,0
"Small mobile epifauna (swarming crustaceans)","Saithe (adult)",59,20,0,0
"Small mobile epifauna (swarming crustaceans)","Hake",59,21,0,0
"Small mobile epifauna (swarming crustaceans)","Blue whiting",59,22,0,0
"Small mobile epifauna (swarming crustaceans)","Norway pout",59,23,0,0
"Small mobile epifauna (swarming crustaceans)","Other gadoids (large)",59,24,0,0
"Small mobile epifauna (swarming crustaceans)","Other gadoids (small)",59,25,0,0
"Small mobile epifauna (swarming crustaceans)","Monkfish",59,26,0,0
"Small mobile epifauna (swarming crustaceans)","Gurnards",59,27,0,0
"Small mobile epifauna (swarming crustaceans)","Herring (juvenile 0, 1)",59,28,0,0
"Small mobile epifauna (swarming crustaceans)","Herring (adult)",59,29,0,0
"Small mobile epifauna (swarming crustaceans)","Sprat",59,30,0,0
"Small mobile epifauna (swarming crustaceans)","Mackerel",59,31,0,0
"Small mobile epifauna (swarming crustaceans)","Horse mackerel",59,32,0,0
"Small mobile epifauna (swarming crustaceans)","Sandeels",59,33,0,0
"Small mobile epifauna (swarming crustaceans)","Plaice",59,34,0,0
"Small mobile epifauna (swarming crustaceans)","Dab",59,35,0,0
"Small mobile epifauna (swarming crustaceans)","Long-rough dab",59,36,0,0
"Small mobile epifauna (swarming crustaceans)","Flounder",59,37,0,0
"Small mobile epifauna (swarming crustaceans)","Sole",59,38,0,0
"Small mobile epifauna (swarming crustaceans)","Lemon sole",59,39,0,0
"Small mobile epifauna (swarming crustaceans)","Witch",59,40,0,0
"Small mobile epifauna (swarming crustaceans)","Turbot and brill",59,41,0,0
"Small mobile epifauna (swarming crustaceans)","Megrim",59,42,0,0
"Small mobile epifauna (swarming crustaceans)","Halibut",59,43,0,0
"Small mobile epifauna (swarming crustaceans)","Dragonets",59,44,0,0
"Small mobile epifauna (swarming crustaceans)","Catfish (Wolf-fish)",59,45,0,0
"Small mobile epifauna (swarming crustaceans)","Large demersal fish",59,46,0,0
"Small mobile epifauna (swarming crustaceans)","Small demersal fish",59,47,0,0
"Small mobile epifauna (swarming crustaceans)","Miscellaneous filterfeeding pelagic fish",59,48,0,0
"Small mobile epifauna (swarming crustaceans)","Squid & cuttlefish",59,49,0,0
"Small mobile epifauna (swarming crustaceans)","Fish larvae",59,50,0,0
"Small mobile epifauna (swarming crustaceans)","Carnivorous zooplankton",59,51,0,0
"Small mobile epifauna (swarming crustaceans)","Herbivorous & Omnivorous zooplankton (copepods)",59,52,0,0
"Small mobile epifauna (swarming crustaceans)","Gelatinous zooplankton",59,53,0,0
"Small mobile epifauna (swarming crustaceans)","Large crabs",59,54,0,0
"Small mobile epifauna (swarming crustaceans)","Nephrops",59,55,0,0
"Small mobile epifauna (swarming crustaceans)","Epifaunal macrobenthos (mobile grazers)",59,56,0,0
"Small mobile epifauna (swarming crustaceans)","Infaunal macrobenthos",59,57,0,0
"Small mobile epifauna (swarming crustaceans)","Shrimp",59,58,0,0
"Small mobile epifauna (swarming crustaceans)","Small mobile epifauna (swarming crustaceans)",59,59,1,0.1
"Small mobile epifauna (swarming crustaceans)","Small infauna (polychaetes)",59,60,0,0
"Small mobile epifauna (swarming crustaceans)","Sessile epifauna",59,61,0,0
"Small mobile epifauna (swarming crustaceans)","Meiofauna",59,62,1,0.15
"Small mobile epifauna (swarming crustaceans)","Benthic microflora (incl. Bacteria, protozoa))",59,63,1,0.2
"Small mobile epifauna (swarming crustaceans)","Planktonic microflora (incl. Bacteria, protozoa)",59,64,1,0.15
"Small mobile epifauna (swarming crustaceans)","Phytoplankton",59,65,0,0
"Small mobile epifauna (swarming crustaceans)","Detritus - DOM -water column",59,66,1,0.1
"Small mobile epifauna (swarming crustaceans)","Detritus - POM - sediment",59,67,1,0.3
"Small mobile epifauna (swarming crustaceans)","Discards",59,68,0,0
"Small infauna (polychaetes)",Imports, 60,0,0,0
"Small infauna (polychaetes)","Baleen whales",60,1,0,0
"Small infauna (polychaetes)","Toothed whales",60,2,0,0
"Small infauna (polychaetes)","Seals",60,3,0,0
"Small infauna (polychaetes)","Seabirds",60,4,0,0
"Small infauna (polychaetes)","Juvenile sharks",60,5,0,0
"Small infauna (polychaetes)","Spurdog",60,6,0,0
"Small infauna (polychaetes)","Large piscivorous sharks",60,7,0,0
"Small infauna (polychaetes)","Small sharks",60,8,0,0
"Small infauna (polychaetes)","Juvenile rays",60,9,0,0
"Small infauna (polychaetes)","Starry ray + others",60,10,0,0
"Small infauna (polychaetes)","Thornback & Spotted ray",60,11,0,0
"Small infauna (polychaetes)","Skate + cuckoo ray",60,12,0,0
"Small infauna (polychaetes)","Juvenile Cod(0-2, 0-40cm)",60,13,0,0
"Small infauna (polychaetes)","Cod (adult)",60,14,0,0
"Small infauna (polychaetes)","Juvenile Whiting (0-1, 0-20cm)",60,15,0,0
"Small infauna (polychaetes)","Whiting (adult)",60,16,0,0
"Small infauna (polychaetes)","Juvenile Haddock (0-1, 0-20cm)",60,17,0,0
"Small infauna (polychaetes)","Haddock (adult)",60,18,0,0
"Small infauna (polychaetes)","Juvenile Saithe (0-3, 0-40cm)",60,19,0,0
"Small infauna (polychaetes)","Saithe (adult)",60,20,0,0
"Small infauna (polychaetes)","Hake",60,21,0,0
"Small infauna (polychaetes)","Blue whiting",60,22,0,0
"Small infauna (polychaetes)","Norway pout",60,23,0,0
"Small infauna (polychaetes)","Other gadoids (large)",60,24,0,0
"Small infauna (polychaetes)","Other gadoids (small)",60,25,0,0
"Small infauna (polychaetes)","Monkfish",60,26,0,0
"Small infauna (polychaetes)","Gurnards",60,27,0,0
"Small infauna (polychaetes)","Herring (juvenile 0, 1)",60,28,0,0
"Small infauna (polychaetes)","Herring (adult)",60,29,0,0
"Small infauna (polychaetes)","Sprat",60,30,0,0
"Small infauna (polychaetes)","Mackerel",60,31,0,0
"Small infauna (polychaetes)","Horse mackerel",60,32,0,0
"Small infauna (polychaetes)","Sandeels",60,33,0,0
"Small infauna (polychaetes)","Plaice",60,34,0,0
"Small infauna (polychaetes)","Dab",60,35,0,0
"Small infauna (polychaetes)","Long-rough dab",60,36,0,0
"Small infauna (polychaetes)","Flounder",60,37,0,0
"Small infauna (polychaetes)","Sole",60,38,0,0
"Small infauna (polychaetes)","Lemon sole",60,39,0,0
"Small infauna (polychaetes)","Witch",60,40,0,0
"Small infauna (polychaetes)","Turbot and brill",60,41,0,0
"Small infauna (polychaetes)","Megrim",60,42,0,0
"Small infauna (polychaetes)","Halibut",60,43,0,0
"Small infauna (polychaetes)","Dragonets",60,44,0,0
"Small infauna (polychaetes)","Catfish (Wolf-fish)",60,45,0,0
"Small infauna (polychaetes)","Large demersal fish",60,46,0,0
"Small infauna (polychaetes)","Small demersal fish",60,47,0,0
"Small infauna (polychaetes)","Miscellaneous filterfeeding pelagic fish",60,48,0,0
"Small infauna (polychaetes)","Squid & cuttlefish",60,49,0,0
"Small infauna (polychaetes)","Fish larvae",60,50,0,0
"Small infauna (polychaetes)","Carnivorous zooplankton",60,51,0,0
"Small infauna (polychaetes)","Herbivorous & Omnivorous zooplankton (copepods)",60,52,0,0
"Small infauna (polychaetes)","Gelatinous zooplankton",60,53,0,0
"Small infauna (polychaetes)","Large crabs",60,54,0,0
"Small infauna (polychaetes)","Nephrops",60,55,0,0
"Small infauna (polychaetes)","Epifaunal macrobenthos (mobile grazers)",60,56,0,0
"Small infauna (polychaetes)","Infaunal macrobenthos",60,57,0,0
"Small infauna (polychaetes)","Shrimp",60,58,0,0
"Small infauna (polychaetes)","Small mobile epifauna (swarming crustaceans)",60,59,0,0
"Small infauna (polychaetes)","Small infauna (polychaetes)",60,60,1,0.04999999
"Small infauna (polychaetes)","Sessile epifauna",60,61,0,0
"Small infauna (polychaetes)","Meiofauna",60,62,1,0.15
"Small infauna (polychaetes)","Benthic microflora (incl. Bacteria, protozoa))",60,63,1,0.3999999
"Small infauna (polychaetes)","Planktonic microflora (incl. Bacteria, protozoa)",60,64,1,0.04999999
"Small infauna (polychaetes)","Phytoplankton",60,65,0,0
"Small infauna (polychaetes)","Detritus - DOM -water column",60,66,1,0.15
"Small infauna (polychaetes)","Detritus - POM - sediment",60,67,1,0.2
"Small infauna (polychaetes)","Discards",60,68,0,0
"Sessile epifauna",Imports, 61,0,0,0
"Sessile epifauna","Baleen whales",61,1,0,0
"Sessile epifauna","Toothed whales",61,2,0,0
"Sessile epifauna","Seals",61,3,0,0
"Sessile epifauna","Seabirds",61,4,0,0
"Sessile epifauna","Juvenile sharks",61,5,0,0
"Sessile epifauna","Spurdog",61,6,0,0
"Sessile epifauna","Large piscivorous sharks",61,7,0,0
"Sessile epifauna","Small sharks",61,8,0,0
"Sessile epifauna","Juvenile rays",61,9,0,0
"Sessile epifauna","Starry ray + others",61,10,0,0
"Sessile epifauna","Thornback & Spotted ray",61,11,0,0
"Sessile epifauna","Skate + cuckoo ray",61,12,0,0
"Sessile epifauna","Juvenile Cod(0-2, 0-40cm)",61,13,0,0
"Sessile epifauna","Cod (adult)",61,14,0,0
"Sessile epifauna","Juvenile Whiting (0-1, 0-20cm)",61,15,0,0
"Sessile epifauna","Whiting (adult)",61,16,0,0
"Sessile epifauna","Juvenile Haddock (0-1, 0-20cm)",61,17,0,0
"Sessile epifauna","Haddock (adult)",61,18,0,0
"Sessile epifauna","Juvenile Saithe (0-3, 0-40cm)",61,19,0,0
"Sessile epifauna","Saithe (adult)",61,20,0,0
"Sessile epifauna","Hake",61,21,0,0
"Sessile epifauna","Blue whiting",61,22,0,0
"Sessile epifauna","Norway pout",61,23,0,0
"Sessile epifauna","Other gadoids (large)",61,24,0,0
"Sessile epifauna","Other gadoids (small)",61,25,0,0
"Sessile epifauna","Monkfish",61,26,0,0
"Sessile epifauna","Gurnards",61,27,0,0
"Sessile epifauna","Herring (juvenile 0, 1)",61,28,0,0
"Sessile epifauna","Herring (adult)",61,29,0,0
"Sessile epifauna","Sprat",61,30,0,0
"Sessile epifauna","Mackerel",61,31,0,0
"Sessile epifauna","Horse mackerel",61,32,0,0
"Sessile epifauna","Sandeels",61,33,0,0
"Sessile epifauna","Plaice",61,34,0,0
"Sessile epifauna","Dab",61,35,0,0
"Sessile epifauna","Long-rough dab",61,36,0,0
"Sessile epifauna","Flounder",61,37,0,0
"Sessile epifauna","Sole",61,38,0,0
"Sessile epifauna","Lemon sole",61,39,0,0
"Sessile epifauna","Witch",61,40,0,0
"Sessile epifauna","Turbot and brill",61,41,0,0
"Sessile epifauna","Megrim",61,42,0,0
"Sessile epifauna","Halibut",61,43,0,0
"Sessile epifauna","Dragonets",61,44,0,0
"Sessile epifauna","Catfish (Wolf-fish)",61,45,0,0
"Sessile epifauna","Large demersal fish",61,46,0,0
"Sessile epifauna","Small demersal fish",61,47,0,0
"Sessile epifauna","Miscellaneous filterfeeding pelagic fish",61,48,0,0
"Sessile epifauna","Squid & cuttlefish",61,49,0,0
"Sessile epifauna","Fish larvae",61,50,0,0
"Sessile epifauna","Carnivorous zooplankton",61,51,0,0
"Sessile epifauna","Herbivorous & Omnivorous zooplankton (copepods)",61,52,0,0
"Sessile epifauna","Gelatinous zooplankton",61,53,0,0
"Sessile epifauna","Large crabs",61,54,0,0
"Sessile epifauna","Nephrops",61,55,0,0
"Sessile epifauna","Epifaunal macrobenthos (mobile grazers)",61,56,0,0
"Sessile epifauna","Infaunal macrobenthos",61,57,0,0
"Sessile epifauna","Shrimp",61,58,0,0
"Sessile epifauna","Small mobile epifauna (swarming crustaceans)",61,59,0,0
"Sessile epifauna","Small infauna (polychaetes)",61,60,0,0
"Sessile epifauna","Sessile epifauna",61,61,0,0
"Sessile epifauna","Meiofauna",61,62,0,0
"Sessile epifauna","Benthic microflora (incl. Bacteria, protozoa))",61,63,0,0
"Sessile epifauna","Planktonic microflora (incl. Bacteria, protozoa)",61,64,1,0.7
"Sessile epifauna","Phytoplankton",61,65,1,0.1
"Sessile epifauna","Detritus - DOM -water column",61,66,0,0
"Sessile epifauna","Detritus - POM - sediment",61,67,1,0.2
"Sessile epifauna","Discards",61,68,0,0
"Meiofauna",Imports, 62,0,0,0
"Meiofauna","Baleen whales",62,1,0,0
"Meiofauna","Toothed whales",62,2,0,0
"Meiofauna","Seals",62,3,0,0
"Meiofauna","Seabirds",62,4,0,0
"Meiofauna","Juvenile sharks",62,5,0,0
"Meiofauna","Spurdog",62,6,0,0
"Meiofauna","Large piscivorous sharks",62,7,0,0
"Meiofauna","Small sharks",62,8,0,0
"Meiofauna","Juvenile rays",62,9,0,0
"Meiofauna","Starry ray + others",62,10,0,0
"Meiofauna","Thornback & Spotted ray",62,11,0,0
"Meiofauna","Skate + cuckoo ray",62,12,0,0
"Meiofauna","Juvenile Cod(0-2, 0-40cm)",62,13,0,0
"Meiofauna","Cod (adult)",62,14,0,0
"Meiofauna","Juvenile Whiting (0-1, 0-20cm)",62,15,0,0
"Meiofauna","Whiting (adult)",62,16,0,0
"Meiofauna","Juvenile Haddock (0-1, 0-20cm)",62,17,0,0
"Meiofauna","Haddock (adult)",62,18,0,0
"Meiofauna","Juvenile Saithe (0-3, 0-40cm)",62,19,0,0
"Meiofauna","Saithe (adult)",62,20,0,0
"Meiofauna","Hake",62,21,0,0
"Meiofauna","Blue whiting",62,22,0,0
"Meiofauna","Norway pout",62,23,0,0
"Meiofauna","Other gadoids (large)",62,24,0,0
"Meiofauna","Other gadoids (small)",62,25,0,0
"Meiofauna","Monkfish",62,26,0,0
"Meiofauna","Gurnards",62,27,0,0
"Meiofauna","Herring (juvenile 0, 1)",62,28,0,0
"Meiofauna","Herring (adult)",62,29,0,0
"Meiofauna","Sprat",62,30,0,0
"Meiofauna","Mackerel",62,31,0,0
"Meiofauna","Horse mackerel",62,32,0,0
"Meiofauna","Sandeels",62,33,0,0
"Meiofauna","Plaice",62,34,0,0
"Meiofauna","Dab",62,35,0,0
"Meiofauna","Long-rough dab",62,36,0,0
"Meiofauna","Flounder",62,37,0,0
"Meiofauna","Sole",62,38,0,0
"Meiofauna","Lemon sole",62,39,0,0
"Meiofauna","Witch",62,40,0,0
"Meiofauna","Turbot and brill",62,41,0,0
"Meiofauna","Megrim",62,42,0,0
"Meiofauna","Halibut",62,43,0,0
"Meiofauna","Dragonets",62,44,0,0
"Meiofauna","Catfish (Wolf-fish)",62,45,0,0
"Meiofauna","Large demersal fish",62,46,0,0
"Meiofauna","Small demersal fish",62,47,0,0
"Meiofauna","Miscellaneous filterfeeding pelagic fish",62,48,0,0
"Meiofauna","Squid & cuttlefish",62,49,0,0
"Meiofauna","Fish larvae",62,50,0,0
"Meiofauna","Carnivorous zooplankton",62,51,0,0
"Meiofauna","Herbivorous & Omnivorous zooplankton (copepods)",62,52,0,0
"Meiofauna","Gelatinous zooplankton",62,53,0,0
"Meiofauna","Large crabs",62,54,0,0
"Meiofauna","Nephrops",62,55,0,0
"Meiofauna","Epifaunal macrobenthos (mobile grazers)",62,56,0,0
"Meiofauna","Infaunal macrobenthos",62,57,0,0
"Meiofauna","Shrimp",62,58,0,0
"Meiofauna","Small mobile epifauna (swarming crustaceans)",62,59,0,0
"Meiofauna","Small infauna (polychaetes)",62,60,0,0
"Meiofauna","Sessile epifauna",62,61,0,0
"Meiofauna","Meiofauna",62,62,1,0.05
"Meiofauna","Benthic microflora (incl. Bacteria, protozoa))",62,63,1,0.75
"Meiofauna","Planktonic microflora (incl. Bacteria, protozoa)",62,64,0,0
"Meiofauna","Phytoplankton",62,65,0,0
"Meiofauna","Detritus - DOM -water column",62,66,0,0
"Meiofauna","Detritus - POM - sediment",62,67,1,0.2
"Meiofauna","Discards",62,68,0,0
"Benthic microflora (incl. Bacteria, protozoa))",Imports, 63,0,0,0
"Benthic microflora (incl. Bacteria, protozoa))","Baleen whales",63,1,0,0
"Benthic microflora (incl. Bacteria, protozoa))","Toothed whales",63,2,0,0
"Benthic microflora (incl. Bacteria, protozoa))","Seals",63,3,0,0
"Benthic microflora (incl. Bacteria, protozoa))","Seabirds",63,4,0,0
"Benthic microflora (incl. Bacteria, protozoa))","Juvenile sharks",63,5,0,0
"Benthic microflora (incl. Bacteria, protozoa))","Spurdog",63,6,0,0
"Benthic microflora (incl. Bacteria, protozoa))","Large piscivorous sharks",63,7,0,0
"Benthic microflora (incl. Bacteria, protozoa))","Small sharks",63,8,0,0
"Benthic microflora (incl. Bacteria, protozoa))","Juvenile rays",63,9,0,0
"Benthic microflora (incl. Bacteria, protozoa))","Starry ray + others",63,10,0,0
"Benthic microflora (incl. Bacteria, protozoa))","Thornback & Spotted ray",63,11,0,0
"Benthic microflora (incl. Bacteria, protozoa))","Skate + cuckoo ray",63,12,0,0
"Benthic microflora (incl. Bacteria, protozoa))","Juvenile Cod(0-2, 0-40cm)",63,13,0,0
"Benthic microflora (incl. Bacteria, protozoa))","Cod (adult)",63,14,0,0
"Benthic microflora (incl. Bacteria, protozoa))","Juvenile Whiting (0-1, 0-20cm)",63,15,0,0
"Benthic microflora (incl. Bacteria, protozoa))","Whiting (adult)",63,16,0,0
"Benthic microflora (incl. Bacteria, protozoa))","Juvenile Haddock (0-1, 0-20cm)",63,17,0,0
"Benthic microflora (incl. Bacteria, protozoa))","Haddock (adult)",63,18,0,0
"Benthic microflora (incl. Bacteria, protozoa))","Juvenile Saithe (0-3, 0-40cm)",63,19,0,0
"Benthic microflora (incl. Bacteria, protozoa))","Saithe (adult)",63,20,0,0
"Benthic microflora (incl. Bacteria, protozoa))","Hake",63,21,0,0
"Benthic microflora (incl. Bacteria, protozoa))","Blue whiting",63,22,0,0
"Benthic microflora (incl. Bacteria, protozoa))","Norway pout",63,23,0,0
"Benthic microflora (incl. Bacteria, protozoa))","Other gadoids (large)",63,24,0,0
"Benthic microflora (incl. Bacteria, protozoa))","Other gadoids (small)",63,25,0,0
"Benthic microflora (incl. Bacteria, protozoa))","Monkfish",63,26,0,0
"Benthic microflora (incl. Bacteria, protozoa))","Gurnards",63,27,0,0
"Benthic microflora (incl. Bacteria, protozoa))","Herring (juvenile 0, 1)",63,28,0,0
"Benthic microflora (incl. Bacteria, protozoa))","Herring (adult)",63,29,0,0
"Benthic microflora (incl. Bacteria, protozoa))","Sprat",63,30,0,0
"Benthic microflora (incl. Bacteria, protozoa))","Mackerel",63,31,0,0
"Benthic microflora (incl. Bacteria, protozoa))","Horse mackerel",63,32,0,0
"Benthic microflora (incl. Bacteria, protozoa))","Sandeels",63,33,0,0
"Benthic microflora (incl. Bacteria, protozoa))","Plaice",63,34,0,0
"Benthic microflora (incl. Bacteria, protozoa))","Dab",63,35,0,0
"Benthic microflora (incl. Bacteria, protozoa))","Long-rough dab",63,36,0,0
"Benthic microflora (incl. Bacteria, protozoa))","Flounder",63,37,0,0
"Benthic microflora (incl. Bacteria, protozoa))","Sole",63,38,0,0
"Benthic microflora (incl. Bacteria, protozoa))","Lemon sole",63,39,0,0
"Benthic microflora (incl. Bacteria, protozoa))","Witch",63,40,0,0
"Benthic microflora (incl. Bacteria, protozoa))","Turbot and brill",63,41,0,0
"Benthic microflora (incl. Bacteria, protozoa))","Megrim",63,42,0,0
"Benthic microflora (incl. Bacteria, protozoa))","Halibut",63,43,0,0
"Benthic microflora (incl. Bacteria, protozoa))","Dragonets",63,44,0,0
"Benthic microflora (incl. Bacteria, protozoa))","Catfish (Wolf-fish)",63,45,0,0
"Benthic microflora (incl. Bacteria, protozoa))","Large demersal fish",63,46,0,0
"Benthic microflora (incl. Bacteria, protozoa))","Small demersal fish",63,47,0,0
"Benthic microflora (incl. Bacteria, protozoa))","Miscellaneous filterfeeding pelagic fish",63,48,0,0
"Benthic microflora (incl. Bacteria, protozoa))","Squid & cuttlefish",63,49,0,0
"Benthic microflora (incl. Bacteria, protozoa))","Fish larvae",63,50,0,0
"Benthic microflora (incl. Bacteria, protozoa))","Carnivorous zooplankton",63,51,0,0
"Benthic microflora (incl. Bacteria, protozoa))","Herbivorous & Omnivorous zooplankton (copepods)",63,52,0,0
"Benthic microflora (incl. Bacteria, protozoa))","Gelatinous zooplankton",63,53,0,0
"Benthic microflora (incl. Bacteria, protozoa))","Large crabs",63,54,0,0
"Benthic microflora (incl. Bacteria, protozoa))","Nephrops",63,55,0,0
"Benthic microflora (incl. Bacteria, protozoa))","Epifaunal macrobenthos (mobile grazers)",63,56,0,0
"Benthic microflora (incl. Bacteria, protozoa))","Infaunal macrobenthos",63,57,0,0
"Benthic microflora (incl. Bacteria, protozoa))","Shrimp",63,58,0,0
"Benthic microflora (incl. Bacteria, protozoa))","Small mobile epifauna (swarming crustaceans)",63,59,0,0
"Benthic microflora (incl. Bacteria, protozoa))","Small infauna (polychaetes)",63,60,0,0
"Benthic microflora (incl. Bacteria, protozoa))","Sessile epifauna",63,61,0,0
"Benthic microflora (incl. Bacteria, protozoa))","Meiofauna",63,62,0,0
"Benthic microflora (incl. Bacteria, protozoa))","Benthic microflora (incl. Bacteria, protozoa))",63,63,1,0.1
"Benthic microflora (incl. Bacteria, protozoa))","Planktonic microflora (incl. Bacteria, protozoa)",63,64,1,0.1
"Benthic microflora (incl. Bacteria, protozoa))","Phytoplankton",63,65,0,0
"Benthic microflora (incl. Bacteria, protozoa))","Detritus - DOM -water column",63,66,1,0.2
"Benthic microflora (incl. Bacteria, protozoa))","Detritus - POM - sediment",63,67,1,0.6
"Benthic microflora (incl. Bacteria, protozoa))","Discards",63,68,0,0
"Planktonic microflora (incl. Bacteria, protozoa)",Imports, 64,0,0,0
"Planktonic microflora (incl. Bacteria, protozoa)","Baleen whales",64,1,0,0
"Planktonic microflora (incl. Bacteria, protozoa)","Toothed whales",64,2,0,0
"Planktonic microflora (incl. Bacteria, protozoa)","Seals",64,3,0,0
"Planktonic microflora (incl. Bacteria, protozoa)","Seabirds",64,4,0,0
"Planktonic microflora (incl. Bacteria, protozoa)","Juvenile sharks",64,5,0,0
"Planktonic microflora (incl. Bacteria, protozoa)","Spurdog",64,6,0,0
"Planktonic microflora (incl. Bacteria, protozoa)","Large piscivorous sharks",64,7,0,0
"Planktonic microflora (incl. Bacteria, protozoa)","Small sharks",64,8,0,0
"Planktonic microflora (incl. Bacteria, protozoa)","Juvenile rays",64,9,0,0
"Planktonic microflora (incl. Bacteria, protozoa)","Starry ray + others",64,10,0,0
"Planktonic microflora (incl. Bacteria, protozoa)","Thornback & Spotted ray",64,11,0,0
"Planktonic microflora (incl. Bacteria, protozoa)","Skate + cuckoo ray",64,12,0,0
"Planktonic microflora (incl. Bacteria, protozoa)","Juvenile Cod(0-2, 0-40cm)",64,13,0,0
"Planktonic microflora (incl. Bacteria, protozoa)","Cod (adult)",64,14,0,0
"Planktonic microflora (incl. Bacteria, protozoa)","Juvenile Whiting (0-1, 0-20cm)",64,15,0,0
"Planktonic microflora (incl. Bacteria, protozoa)","Whiting (adult)",64,16,0,0
"Planktonic microflora (incl. Bacteria, protozoa)","Juvenile Haddock (0-1, 0-20cm)",64,17,0,0
"Planktonic microflora (incl. Bacteria, protozoa)","Haddock (adult)",64,18,0,0
"Planktonic microflora (incl. Bacteria, protozoa)","Juvenile Saithe (0-3, 0-40cm)",64,19,0,0
"Planktonic microflora (incl. Bacteria, protozoa)","Saithe (adult)",64,20,0,0
"Planktonic microflora (incl. Bacteria, protozoa)","Hake",64,21,0,0
"Planktonic microflora (incl. Bacteria, protozoa)","Blue whiting",64,22,0,0
"Planktonic microflora (incl. Bacteria, protozoa)","Norway pout",64,23,0,0
"Planktonic microflora (incl. Bacteria, protozoa)","Other gadoids (large)",64,24,0,0
"Planktonic microflora (incl. Bacteria, protozoa)","Other gadoids (small)",64,25,0,0
"Planktonic microflora (incl. Bacteria, protozoa)","Monkfish",64,26,0,0
"Planktonic microflora (incl. Bacteria, protozoa)","Gurnards",64,27,0,0
"Planktonic microflora (incl. Bacteria, protozoa)","Herring (juvenile 0, 1)",64,28,0,0
"Planktonic microflora (incl. Bacteria, protozoa)","Herring (adult)",64,29,0,0
"Planktonic microflora (incl. Bacteria, protozoa)","Sprat",64,30,0,0
"Planktonic microflora (incl. Bacteria, protozoa)","Mackerel",64,31,0,0
"Planktonic microflora (incl. Bacteria, protozoa)","Horse mackerel",64,32,0,0
"Planktonic microflora (incl. Bacteria, protozoa)","Sandeels",64,33,0,0
"Planktonic microflora (incl. Bacteria, protozoa)","Plaice",64,34,0,0
"Planktonic microflora (incl. Bacteria, protozoa)","Dab",64,35,0,0
"Planktonic microflora (incl. Bacteria, protozoa)","Long-rough dab",64,36,0,0
"Planktonic microflora (incl. Bacteria, protozoa)","Flounder",64,37,0,0
"Planktonic microflora (incl. Bacteria, protozoa)","Sole",64,38,0,0
"Planktonic microflora (incl. Bacteria, protozoa)","Lemon sole",64,39,0,0
"Planktonic microflora (incl. Bacteria, protozoa)","Witch",64,40,0,0
"Planktonic microflora (incl. Bacteria, protozoa)","Turbot and brill",64,41,0,0
"Planktonic microflora (incl. Bacteria, protozoa)","Megrim",64,42,0,0
"Planktonic microflora (incl. Bacteria, protozoa)","Halibut",64,43,0,0
"Planktonic microflora (incl. Bacteria, protozoa)","Dragonets",64,44,0,0
"Planktonic microflora (incl. Bacteria, protozoa)","Catfish (Wolf-fish)",64,45,0,0
"Planktonic microflora (incl. Bacteria, protozoa)","Large demersal fish",64,46,0,0
"Planktonic microflora (incl. Bacteria, protozoa)","Small demersal fish",64,47,0,0
"Planktonic microflora (incl. Bacteria, protozoa)","Miscellaneous filterfeeding pelagic fish",64,48,0,0
"Planktonic microflora (incl. Bacteria, protozoa)","Squid & cuttlefish",64,49,0,0
"Planktonic microflora (incl. Bacteria, protozoa)","Fish larvae",64,50,0,0
"Planktonic microflora (incl. Bacteria, protozoa)","Carnivorous zooplankton",64,51,0,0
"Planktonic microflora (incl. Bacteria, protozoa)","Herbivorous & Omnivorous zooplankton (copepods)",64,52,0,0
"Planktonic microflora (incl. Bacteria, protozoa)","Gelatinous zooplankton",64,53,0,0
"Planktonic microflora (incl. Bacteria, protozoa)","Large crabs",64,54,0,0
"Planktonic microflora (incl. Bacteria, protozoa)","Nephrops",64,55,0,0
"Planktonic microflora (incl. Bacteria, protozoa)","Epifaunal macrobenthos (mobile grazers)",64,56,0,0
"Planktonic microflora (incl. Bacteria, protozoa)","Infaunal macrobenthos",64,57,0,0
"Planktonic microflora (incl. Bacteria, protozoa)","Shrimp",64,58,0,0
"Planktonic microflora (incl. Bacteria, protozoa)","Small mobile epifauna (swarming crustaceans)",64,59,0,0
"Planktonic microflora (incl. Bacteria, protozoa)","Small infauna (polychaetes)",64,60,0,0
"Planktonic microflora (incl. Bacteria, protozoa)","Sessile epifauna",64,61,0,0
"Planktonic microflora (incl. Bacteria, protozoa)","Meiofauna",64,62,0,0
"Planktonic microflora (incl. Bacteria, protozoa)","Benthic microflora (incl. Bacteria, protozoa))",64,63,1,0.02
"Planktonic microflora (incl. Bacteria, protozoa)","Planktonic microflora (incl. Bacteria, protozoa)",64,64,1,0.1
"Planktonic microflora (incl. Bacteria, protozoa)","Phytoplankton",64,65,0,0
"Planktonic microflora (incl. Bacteria, protozoa)","Detritus - DOM -water column",64,66,1,0.65
"Planktonic microflora (incl. Bacteria, protozoa)","Detritus - POM - sediment",64,67,1,0.23
"Planktonic microflora (incl. Bacteria, protozoa)","Discards",64,68,0,0
"Phytoplankton",Imports, 65,0,0,0
"Phytoplankton","Baleen whales",65,1,0,0
"Phytoplankton","Toothed whales",65,2,0,0
"Phytoplankton","Seals",65,3,0,0
"Phytoplankton","Seabirds",65,4,0,0
"Phytoplankton","Juvenile sharks",65,5,0,0
"Phytoplankton","Spurdog",65,6,0,0
"Phytoplankton","Large piscivorous sharks",65,7,0,0
"Phytoplankton","Small sharks",65,8,0,0
"Phytoplankton","Juvenile rays",65,9,0,0
"Phytoplankton","Starry ray + others",65,10,0,0
"Phytoplankton","Thornback & Spotted ray",65,11,0,0
"Phytoplankton","Skate + cuckoo ray",65,12,0,0
"Phytoplankton","Juvenile Cod(0-2, 0-40cm)",65,13,0,0
"Phytoplankton","Cod (adult)",65,14,0,0
"Phytoplankton","Juvenile Whiting (0-1, 0-20cm)",65,15,0,0
"Phytoplankton","Whiting (adult)",65,16,0,0
"Phytoplankton","Juvenile Haddock (0-1, 0-20cm)",65,17,0,0
"Phytoplankton","Haddock (adult)",65,18,0,0
"Phytoplankton","Juvenile Saithe (0-3, 0-40cm)",65,19,0,0
"Phytoplankton","Saithe (adult)",65,20,0,0
"Phytoplankton","Hake",65,21,0,0
"Phytoplankton","Blue whiting",65,22,0,0
"Phytoplankton","Norway pout",65,23,0,0
"Phytoplankton","Other gadoids (large)",65,24,0,0
"Phytoplankton","Other gadoids (small)",65,25,0,0
"Phytoplankton","Monkfish",65,26,0,0
"Phytoplankton","Gurnards",65,27,0,0
"Phytoplankton","Herring (juvenile 0, 1)",65,28,0,0
"Phytoplankton","Herring (adult)",65,29,0,0
"Phytoplankton","Sprat",65,30,0,0
"Phytoplankton","Mackerel",65,31,0,0
"Phytoplankton","Horse mackerel",65,32,0,0
"Phytoplankton","Sandeels",65,33,0,0
"Phytoplankton","Plaice",65,34,0,0
"Phytoplankton","Dab",65,35,0,0
"Phytoplankton","Long-rough dab",65,36,0,0
"Phytoplankton","Flounder",65,37,0,0
"Phytoplankton","Sole",65,38,0,0
"Phytoplankton","Lemon sole",65,39,0,0
"Phytoplankton","Witch",65,40,0,0
"Phytoplankton","Turbot and brill",65,41,0,0
"Phytoplankton","Megrim",65,42,0,0
"Phytoplankton","Halibut",65,43,0,0
"Phytoplankton","Dragonets",65,44,0,0
"Phytoplankton","Catfish (Wolf-fish)",65,45,0,0
"Phytoplankton","Large demersal fish",65,46,0,0
"Phytoplankton","Small demersal fish",65,47,0,0
"Phytoplankton","Miscellaneous filterfeeding pelagic fish",65,48,0,0
"Phytoplankton","Squid & cuttlefish",65,49,0,0
"Phytoplankton","Fish larvae",65,50,0,0
"Phytoplankton","Carnivorous zooplankton",65,51,0,0
"Phytoplankton","Herbivorous & Omnivorous zooplankton (copepods)",65,52,0,0
"Phytoplankton","Gelatinous zooplankton",65,53,0,0
"Phytoplankton","Large crabs",65,54,0,0
"Phytoplankton","Nephrops",65,55,0,0
"Phytoplankton","Epifaunal macrobenthos (mobile grazers)",65,56,0,0
"Phytoplankton","Infaunal macrobenthos",65,57,0,0
"Phytoplankton","Shrimp",65,58,0,0
"Phytoplankton","Small mobile epifauna (swarming crustaceans)",65,59,0,0
"Phytoplankton","Small infauna (polychaetes)",65,60,0,0
"Phytoplankton","Sessile epifauna",65,61,0,0
"Phytoplankton","Meiofauna",65,62,0,0
"Phytoplankton","Benthic microflora (incl. Bacteria, protozoa))",65,63,0,0
"Phytoplankton","Planktonic microflora (incl. Bacteria, protozoa)",65,64,0,0
"Phytoplankton","Phytoplankton",65,65,0,0
"Phytoplankton","Detritus - DOM -water column",65,66,0,0
"Phytoplankton","Detritus - POM - sediment",65,67,0,0
"Phytoplankton","Discards",65,68,0,0
