<?xml version="1.0" encoding="utf-8"?>
<shfbBuild product="Sandcastle Help File Builder and Tools" version="2017.1.28.0" projectFile="D:\Sources\Personal\Sources\2017\MSPC2050\EwEMSPplugin\Documentation\sandcastle.shfbproj" started="23/10/2017 11:44:42 PM">
<buildStep step="Initializing">
Finding tools...
The Sandcastle tools are located in &#39;C:\Program Files (x86)\EWSoftware\Sandcastle Help File Builder\&#39;
Locating components in the following folder(s):
    D:\Sources\Personal\Sources\2017\MSPC2050\EwEMSPplugin\Documentation
    C:\ProgramData\EWSoftware\Sandcastle Help File Builder\Components and Plug-Ins\
    C:\Program Files (x86)\EWSoftware\Sandcastle Help File Builder\
Using framework reflection data for &#39;.NET Framework 4.6&#39; located in &#39;C:\Program Files (x86)\EWSoftware\Sandcastle Help File Builder\Data\.NETFramework&#39;
Using presentation style &#39;OpenXML&#39; located in &#39;C:\Program Files (x86)\EWSoftware\Sandcastle Help File Builder\PresentationStyles\OpenXML&#39;
</buildStep>
<buildStep step="ValidatingDocumentationSources">
Validating and copying documentation source information
Source: D:\Sources\Personal\Sources\2017\MSPC2050\EwEMSPplugin\EwEMSPPlugin.vbproj
    Found project &#39;D:\Sources\Personal\Sources\2017\MSPC2050\EwEMSPplugin\EwEMSPPlugin.vbproj&#39;
Source: D:\Sources\Personal\Sources\2017\MSPC2050\EwEMSPplugin\bin\x86\Debug\EwEShell.dll
    Found assembly &#39;D:\Sources\Personal\Sources\2017\MSPC2050\EwEMSPplugin\bin\x86\Debug\EwEShell.dll&#39;
Source: D:\Sources\Personal\Sources\2017\MSPC2050\EwEMSPplugin\bin\x86\Debug\EwEShell.xml

Parsing project files
    Found assembly &#39;D:\Sources\Personal\Sources\2017\MSPC2050\EwEMSPplugin\bin\x86\Debug\EwEMSPPlugin.dll&#39;

References to include (excluding framework assemblies):
    D:\Sources\Ecopath6\Sources\EwECore\bin\x86\Debug\EwECore.dll
    D:\Sources\Ecopath6\Sources\EwEPlugin\bin\x86\Debug\EwEPlugin.dll
    D:\Sources\Ecopath6\Sources\EwEUtils\bin\x86\Debug\EwEUtils.dll
    D:\Sources\Ecopath6\Sources\ScientificInterfaceShared\bin\x86\Debug\ScientificInterfaceShared.dll
    SourceGrid2
    SourceGrid2, Version=2.0.3.1, Culture=neutral, PublicKeyToken=ad929b4064585aea, processorArchitecture=MSIL
    SourceLibrary, Version=1.2.0.0, Culture=neutral, PublicKeyToken=96907d46c0a9af87
    WeifenLuo.WinFormsUI.Docking, Version=2.3.5072.22113, Culture=neutral, PublicKeyToken=dd4210ebb9723de9, processorArchitecture=MSIL

Copying XML comments files
    D:\Sources\Personal\Sources\2017\MSPC2050\EwEMSPplugin\bin\x86\Debug\EwEShell.xml -&gt; D:\Sources\Personal\Sources\2017\MSPC2050\EwEMSPplugin\Documentation\Help\Working\EwEShell.xml
    D:\Sources\Personal\Sources\2017\MSPC2050\EwEMSPplugin\bin\x86\Debug\EwEMSPPlugin.xml -&gt; D:\Sources\Personal\Sources\2017\MSPC2050\EwEMSPplugin\Documentation\Help\Working\EwEMSPPlugin.xml
</buildStep>
<buildStep step="GenerateSharedContent">
Generating shared content files (en-US, English (United States))...
    Last step completed in 00:00:00.0030
</buildStep>
<buildStep step="GenerateApiFilter">
Generating API filter for MRefBuilder...
    Last step completed in 00:00:00.0090
</buildStep>
<buildStep step="GenerateReflectionInfo">
Generating reflection information...
[C:\Windows\Microsoft.NET\Framework64\v4.0.30319\MSBuild.exe - GenerateRefInfo.proj]
Build started 23/10/2017 11:44:43 PM.
Project &quot;D:\Sources\Personal\Sources\2017\MSPC2050\EwEMSPplugin\Documentation\Help\Working\GenerateRefInfo.proj&quot; on node 1 (default targets).
Project file contains ToolsVersion=&quot;12.0&quot;. This toolset may be unknown or missing, in which case you may be able to resolve this by installing the appropriate version of MSBuild, or the build may have been forced to a particular ToolsVersion for policy reasons. Treating the project as if it had ToolsVersion=&quot;4.0&quot;. For more information, please see http://go.microsoft.com/fwlink/?LinkId=291333.
PrepareForBuild:
  Creating directory &quot;obj\Debug\&quot;.
GenerateRefInfo:
  MRefBuilder (v2017.1.28.0)
  Copyright &#184; 2006-2017, Microsoft Corporation, All Rights Reserved.
  Portions Copyright &#184; 2006-2016, Eric Woodruff, All Rights Reserved.
  No source code context base path specified.  Source context information is unavailable.
  Loaded 2 assemblies for reflection and 8 dependency assemblies.
  Wrote information on 5 namespaces, 36 types, and 343 members
  Copying file from &quot;reflection.org&quot; to &quot;reflection.all&quot;.
  XslTransform (v2017.1.28.0)
  Copyright &#184; 2006-2017, Microsoft Corporation, All Rights Reserved.
  Portions Copyright &#184; 2006-2016, Eric Woodruff, All Rights Reserved.
  Applying XSL transformation &#39;C:\Program Files (x86)\EWSoftware\Sandcastle Help File Builder\ProductionTransforms\MergeDuplicates.xsl&#39;.
Done Building Project &quot;D:\Sources\Personal\Sources\2017\MSPC2050\EwEMSPplugin\Documentation\Help\Working\GenerateRefInfo.proj&quot; (default targets).

Build succeeded.

Time Elapsed 00:00:02.46
    Last step completed in 00:00:02.8579
</buildStep>
<buildStep step="TransformReflectionInfo">
Transforming reflection output...
[C:\Windows\Microsoft.NET\Framework64\v4.0.30319\MSBuild.exe - TransformManifest.proj]
Build started 23/10/2017 11:44:46 PM.
Project &quot;D:\Sources\Personal\Sources\2017\MSPC2050\EwEMSPplugin\Documentation\Help\Working\TransformManifest.proj&quot; on node 1 (default targets).
Project file contains ToolsVersion=&quot;12.0&quot;. This toolset may be unknown or missing, in which case you may be able to resolve this by installing the appropriate version of MSBuild, or the build may have been forced to a particular ToolsVersion for policy reasons. Treating the project as if it had ToolsVersion=&quot;4.0&quot;. For more information, please see http://go.microsoft.com/fwlink/?LinkId=291333.
TransformManifest:
  XslTransform (v2017.1.28.0)
  Copyright &#184; 2006-2017, Microsoft Corporation, All Rights Reserved.
  Portions Copyright &#184; 2006-2016, Eric Woodruff, All Rights Reserved.
  Applying XSL transformation &#39;C:\Program Files (x86)\EWSoftware\Sandcastle Help File Builder\\ProductionTransforms\ApplyVSDocModel.xsl&#39;.
  Copying file from &quot;reflection.xml&quot; to &quot;reflection.ungrouped&quot;.
  AddNamespaceGroups (v2017.1.28.0)
  Copyright &#184; 2006-2017, Eric Woodruff, All Rights Reserved
  Added 2 namespace group entries
  Copying file from &quot;reflection.xml&quot; to &quot;reflection.nofilenames&quot;.
  XslTransform (v2017.1.28.0)
  Copyright &#184; 2006-2017, Microsoft Corporation, All Rights Reserved.
  Portions Copyright &#184; 2006-2016, Eric Woodruff, All Rights Reserved.
  Applying XSL transformation &#39;C:\Program Files (x86)\EWSoftware\Sandcastle Help File Builder\ProductionTransforms\AddFilenames.xsl&#39;.
  XslTransform (v2017.1.28.0)
  Copyright &#184; 2006-2017, Microsoft Corporation, All Rights Reserved.
  Portions Copyright &#184; 2006-2016, Eric Woodruff, All Rights Reserved.
  Applying XSL transformation &#39;C:\Program Files (x86)\EWSoftware\Sandcastle Help File Builder\ProductionTransforms\ReflectionToManifest.xsl&#39;.
Done Building Project &quot;D:\Sources\Personal\Sources\2017\MSPC2050\EwEMSPplugin\Documentation\Help\Working\TransformManifest.proj&quot; (default targets).

Build succeeded.

Time Elapsed 00:00:02.00
    Last step completed in 00:00:02.3688
</buildStep>
<buildStep step="GenerateNamespaceSummaries">
Generating namespace summary information...
    Last step completed in 00:00:00.0140
</buildStep>
<buildStep step="CopyAdditionalContent">
Copying additional content files...
No additional content to copy
    Last step completed in 00:00:00.0000
</buildStep>
<buildStep step="MergeTablesOfContents">
Merging conceptual and additional tables of contents...
    Last step completed in 00:00:00.0000
</buildStep>
<buildStep step="GenerateIntermediateTableOfContents">
Generating intermediate table of contents file...
[C:\Windows\Microsoft.NET\Framework64\v4.0.30319\MSBuild.exe - GenerateIntermediateTOC.proj]
Build started 23/10/2017 11:44:49 PM.
Project &quot;D:\Sources\Personal\Sources\2017\MSPC2050\EwEMSPplugin\Documentation\Help\Working\GenerateIntermediateTOC.proj&quot; on node 1 (default targets).
Project file contains ToolsVersion=&quot;12.0&quot;. This toolset may be unknown or missing, in which case you may be able to resolve this by installing the appropriate version of MSBuild, or the build may have been forced to a particular ToolsVersion for policy reasons. Treating the project as if it had ToolsVersion=&quot;4.0&quot;. For more information, please see http://go.microsoft.com/fwlink/?LinkId=291333.
GenerateIntermediateTOC:
  XslTransform (v2017.1.28.0)
  Copyright &#184; 2006-2017, Microsoft Corporation, All Rights Reserved.
  Portions Copyright &#184; 2006-2016, Eric Woodruff, All Rights Reserved.
  Applying XSL transformation &#39;C:\Program Files (x86)\EWSoftware\Sandcastle Help File Builder\\ProductionTransforms\CreateVSToc.xsl&#39;.
Done Building Project &quot;D:\Sources\Personal\Sources\2017\MSPC2050\EwEMSPplugin\Documentation\Help\Working\GenerateIntermediateTOC.proj&quot; (default targets).

Build succeeded.

Time Elapsed 00:00:01.54
Generating conceptual content intermediate TOC file...
    Last step completed in 00:00:01.9174
</buildStep>
<buildStep step="CreateBuildAssemblerConfigs">
Creating Sandcastle configuration files...
    sandcastle.config
    Last step completed in 00:00:00.2188
</buildStep>
<buildStep step="MergeCustomConfigs">
Merging custom build component configurations
D:\Sources\Personal\Sources\2017\MSPC2050\EwEMSPplugin\Documentation\Help\Working\sandcastle.config
  Updating reference topic configurations.
  No conceptual content.  Removing conceptual content components.
    Last step completed in 00:00:00.0000
</buildStep>
<buildStep step="BuildTopics">
Building help topics...
[C:\Windows\Microsoft.NET\Framework64\v4.0.30319\MSBuild.exe - BuildTopics.proj]
Build started 23/10/2017 11:44:51 PM.
Project &quot;D:\Sources\Personal\Sources\2017\MSPC2050\EwEMSPplugin\Documentation\Help\Working\BuildTopics.proj&quot; on node 1 (default targets).
Project file contains ToolsVersion=&quot;12.0&quot;. This toolset may be unknown or missing, in which case you may be able to resolve this by installing the appropriate version of MSBuild, or the build may have been forced to a particular ToolsVersion for policy reasons. Treating the project as if it had ToolsVersion=&quot;4.0&quot;. For more information, please see http://go.microsoft.com/fwlink/?LinkId=291333.
BuildTopics:
  BuildAssembler (v2017.1.28.0)
  Copyright &#184; 2006-2017, Microsoft Corporation, All Rights Reserved.
  Portions Copyright &#184; 2006-2016, Eric Woodruff, All Rights Reserved.
  Loading configuration...
  Processing topics...
BuildAssembler : warning : ResolveReferenceLinksComponent: [T:EwEMSPPlugin.cMSPEwEPluginPoint] Unknown reference link target &#39;T:ScientificInterfaceShared.Controls.cUIContext&#39;. [D:\Sources\Personal\Sources\2017\MSPC2050\EwEMSPplugin\Documentation\Help\Working\BuildTopics.proj]
BuildAssembler : warning : ResolveReferenceLinksComponent: [T:EwEMSPPlugin.cMSPEwEPluginPoint] Unknown reference link target &#39;T:EwEPlugin.IMenuItemPlugin&#39;. [D:\Sources\Personal\Sources\2017\MSPC2050\EwEMSPplugin\Documentation\Help\Working\BuildTopics.proj]
BuildAssembler : warning : ResolveReferenceLinksComponent: [T:EwEMSPPlugin.cMSPEwEPluginPoint] Unknown reference link target &#39;T:EwEPlugin.IUIContextPlugin&#39;. [D:\Sources\Personal\Sources\2017\MSPC2050\EwEMSPplugin\Documentation\Help\Working\BuildTopics.proj]
BuildAssembler : warning : ResolveReferenceLinksComponent: [T:EwEMSPPlugin.cMSPEwEPluginPoint] Unknown reference link target &#39;T:EwEPlugin.IEcospacePlugin&#39;. [D:\Sources\Personal\Sources\2017\MSPC2050\EwEMSPplugin\Documentation\Help\Working\BuildTopics.proj]
BuildAssembler : warning : ResolveReferenceLinksComponent: [T:EwEMSPPlugin.cMSPEwEPluginPoint] Unknown reference link target &#39;T:EwEPlugin.IEcospaceInitializedPlugin&#39;. [D:\Sources\Personal\Sources\2017\MSPC2050\EwEMSPplugin\Documentation\Help\Working\BuildTopics.proj]
BuildAssembler : warning : ResolveReferenceLinksComponent: [T:EwEMSPPlugin.cMSPEwEPluginPoint] Unknown reference link target &#39;T:EwEPlugin.IEcospaceInitRunCompletedPlugin&#39;. [D:\Sources\Personal\Sources\2017\MSPC2050\EwEMSPplugin\Documentation\Help\Working\BuildTopics.proj]
BuildAssembler : warning : ResolveReferenceLinksComponent: [T:EwEMSPPlugin.cMSPEwEPluginPoint] Unknown reference link target &#39;T:EwEPlugin.IHelpPlugin&#39;. [D:\Sources\Personal\Sources\2017\MSPC2050\EwEMSPplugin\Documentation\Help\Working\BuildTopics.proj]
BuildAssembler : warning : ResolveReferenceLinksComponent: [Methods.T:EwEMSPPlugin.cMSPEwEPluginPoint] Unknown reference link target &#39;T:ScientificInterfaceShared.Controls.cUIContext&#39;. [D:\Sources\Personal\Sources\2017\MSPC2050\EwEMSPplugin\Documentation\Help\Working\BuildTopics.proj]
BuildAssembler : warning : ResolveReferenceLinksComponent: [P:EwEMSPPlugin.cMSPEwEPluginPoint.Author] Unknown reference link target &#39;P:EwEPlugin.IPlugin.Author&#39;. [D:\Sources\Personal\Sources\2017\MSPC2050\EwEMSPplugin\Documentation\Help\Working\BuildTopics.proj]
BuildAssembler : warning : ResolveReferenceLinksComponent: [M:EwEMSPPlugin.cMSPEwEPluginPoint.CloseEcospaceScenario] Unknown reference link target &#39;M:EwEPlugin.IEcospacePlugin.CloseEcospaceScenario&#39;. [D:\Sources\Personal\Sources\2017\MSPC2050\EwEMSPplugin\Documentation\Help\Working\BuildTopics.proj]
BuildAssembler : warning : ResolveReferenceLinksComponent: [P:EwEMSPPlugin.cMSPEwEPluginPoint.Contact] Unknown reference link target &#39;P:EwEPlugin.IPlugin.Contact&#39;. [D:\Sources\Personal\Sources\2017\MSPC2050\EwEMSPplugin\Documentation\Help\Working\BuildTopics.proj]
BuildAssembler : warning : ResolveReferenceLinksComponent: [P:EwEMSPPlugin.cMSPEwEPluginPoint.ControlImage] Unknown reference link target &#39;P:EwEPlugin.IGUIPlugin.ControlImage&#39;. [D:\Sources\Personal\Sources\2017\MSPC2050\EwEMSPplugin\Documentation\Help\Working\BuildTopics.proj]
BuildAssembler : warning : ResolveReferenceLinksComponent: [P:EwEMSPPlugin.cMSPEwEPluginPoint.ControlText] Unknown reference link target &#39;P:EwEPlugin.IGUIPlugin.ControlText&#39;. [D:\Sources\Personal\Sources\2017\MSPC2050\EwEMSPplugin\Documentation\Help\Working\BuildTopics.proj]
BuildAssembler : warning : ResolveReferenceLinksComponent: [P:EwEMSPPlugin.cMSPEwEPluginPoint.ControlTooltipText] Unknown reference link target &#39;P:EwEPlugin.IGUIPlugin.ControlTooltipText&#39;. [D:\Sources\Personal\Sources\2017\MSPC2050\EwEMSPplugin\Documentation\Help\Working\BuildTopics.proj]
BuildAssembler : warning : ResolveReferenceLinksComponent: [P:EwEMSPPlugin.cMSPEwEPluginPoint.Description] Unknown reference link target &#39;P:EwEPlugin.IPlugin.Description&#39;. [D:\Sources\Personal\Sources\2017\MSPC2050\EwEMSPplugin\Documentation\Help\Working\BuildTopics.proj]
BuildAssembler : warning : ResolveReferenceLinksComponent: [M:EwEMSPPlugin.cMSPEwEPluginPoint.EcospaceInitialized(System.Object)] Unknown reference link target &#39;M:EwEPlugin.IEcospaceInitializedPlugin.EcospaceInitialized(System.Object)&#39;. [D:\Sources\Personal\Sources\2017\MSPC2050\EwEMSPplugin\Documentation\Help\Working\BuildTopics.proj]
BuildAssembler : warning : ResolveReferenceLinksComponent: [M:EwEMSPPlugin.cMSPEwEPluginPoint.EcospaceInitRunCompleted(System.Object)] Unknown reference link target &#39;M:EwEPlugin.IEcospaceInitRunCompletedPlugin.EcospaceInitRunCompleted(System.Object)&#39;. [D:\Sources\Personal\Sources\2017\MSPC2050\EwEMSPplugin\Documentation\Help\Working\BuildTopics.proj]
BuildAssembler : warning : ResolveReferenceLinksComponent: [P:EwEMSPPlugin.cMSPEwEPluginPoint.EnabledState] Unknown reference link target &#39;T:EwEUtils.Core.eCoreExecutionState&#39;. [D:\Sources\Personal\Sources\2017\MSPC2050\EwEMSPplugin\Documentation\Help\Working\BuildTopics.proj]
BuildAssembler : warning : ResolveReferenceLinksComponent: [P:EwEMSPPlugin.cMSPEwEPluginPoint.EnabledState] Unknown reference link target &#39;P:EwEPlugin.IGUIPlugin.EnabledState&#39;. [D:\Sources\Personal\Sources\2017\MSPC2050\EwEMSPplugin\Documentation\Help\Working\BuildTopics.proj]
BuildAssembler : warning : ResolveReferenceLinksComponent: [P:EwEMSPPlugin.cMSPEwEPluginPoint.HelpTopic] Unknown reference link target &#39;P:EwEPlugin.IHelpPlugin.HelpTopic&#39;. [D:\Sources\Personal\Sources\2017\MSPC2050\EwEMSPplugin\Documentation\Help\Working\BuildTopics.proj]
BuildAssembler : warning : ResolveReferenceLinksComponent: [P:EwEMSPPlugin.cMSPEwEPluginPoint.HelpURL] Unknown reference link target &#39;P:EwEPlugin.IHelpPlugin.HelpURL&#39;. [D:\Sources\Personal\Sources\2017\MSPC2050\EwEMSPplugin\Documentation\Help\Working\BuildTopics.proj]
BuildAssembler : warning : ResolveReferenceLinksComponent: [M:EwEMSPPlugin.cMSPEwEPluginPoint.Initialize(System.Object)] Unknown reference link target &#39;M:EwEPlugin.IPlugin.Initialize(System.Object)&#39;. [D:\Sources\Personal\Sources\2017\MSPC2050\EwEMSPplugin\Documentation\Help\Working\BuildTopics.proj]
BuildAssembler : warning : ResolveReferenceLinksComponent: [M:EwEMSPPlugin.cMSPEwEPluginPoint.LoadEcospaceScenario(System.Object)] Unknown reference link target &#39;M:EwEPlugin.IEcospacePlugin.LoadEcospaceScenario(System.Object)&#39;. [D:\Sources\Personal\Sources\2017\MSPC2050\EwEMSPplugin\Documentation\Help\Working\BuildTopics.proj]
BuildAssembler : warning : ResolveReferenceLinksComponent: [P:EwEMSPPlugin.cMSPEwEPluginPoint.MenuItemLocation] Unknown reference link target &#39;P:EwEPlugin.IMenuItemPlugin.MenuItemLocation&#39;. [D:\Sources\Personal\Sources\2017\MSPC2050\EwEMSPplugin\Documentation\Help\Working\BuildTopics.proj]
BuildAssembler : warning : ResolveReferenceLinksComponent: [P:EwEMSPPlugin.cMSPEwEPluginPoint.Name] Unknown reference link target &#39;P:EwEPlugin.IPlugin.Name&#39;. [D:\Sources\Personal\Sources\2017\MSPC2050\EwEMSPplugin\Documentation\Help\Working\BuildTopics.proj]
BuildAssembler : warning : ResolveReferenceLinksComponent: [M:EwEMSPPlugin.cMSPEwEPluginPoint.OnControlClick(System.Object,System.EventArgs,System.Windows.Forms.Form@)] Unknown reference link target &#39;M:EwEPlugin.IGUIPlugin.OnControlClick(System.Object,System.EventArgs,System.Windows.Forms.Form@)&#39;. [D:\Sources\Personal\Sources\2017\MSPC2050\EwEMSPplugin\Documentation\Help\Working\BuildTopics.proj]
BuildAssembler : warning : ResolveReferenceLinksComponent: [M:EwEMSPPlugin.cMSPEwEPluginPoint.SaveEcospaceScenario(System.Object)] Unknown reference link target &#39;M:EwEPlugin.IEcospacePlugin.SaveEcospaceScenario(System.Object)&#39;. [D:\Sources\Personal\Sources\2017\MSPC2050\EwEMSPplugin\Documentation\Help\Working\BuildTopics.proj]
BuildAssembler : warning : ResolveReferenceLinksComponent: [M:EwEMSPPlugin.cMSPEwEPluginPoint.UIContext(System.Object)] Unknown reference link target &#39;T:ScientificInterfaceShared.Controls.cUIContext&#39;. [D:\Sources\Personal\Sources\2017\MSPC2050\EwEMSPplugin\Documentation\Help\Working\BuildTopics.proj]
BuildAssembler : warning : ResolveReferenceLinksComponent: [M:EwEMSPPlugin.cMSPEwEPluginPoint.UIContext(System.Object)] Unknown reference link target &#39;T:ScientificInterfaceShared.Controls.cUIContext&#39;. [D:\Sources\Personal\Sources\2017\MSPC2050\EwEMSPplugin\Documentation\Help\Working\BuildTopics.proj]
BuildAssembler : warning : ResolveReferenceLinksComponent: [M:EwEMSPPlugin.cMSPEwEPluginPoint.UIContext(System.Object)] Unknown reference link target &#39;M:EwEPlugin.IUIContextPlugin.UIContext(System.Object)&#39;. [D:\Sources\Personal\Sources\2017\MSPC2050\EwEMSPplugin\Documentation\Help\Working\BuildTopics.proj]
BuildAssembler : warning : ResolveReferenceLinksComponent: [M:EwEMSPPlugin.UI.cEcosimFishingChecker.#ctor(EwECore.cCore)] Unknown reference link target &#39;T:EwECore.cCore&#39;. [D:\Sources\Personal\Sources\2017\MSPC2050\EwEMSPplugin\Documentation\Help\Working\BuildTopics.proj]
BuildAssembler : warning : ResolveReferenceLinksComponent: [M:EwEMSPPlugin.UI.cEcosimFishingChecker.OnCoreMessage(EwECore.cMessage)] Unknown reference link target &#39;T:EwECore.cMessage&#39;. [D:\Sources\Personal\Sources\2017\MSPC2050\EwEMSPplugin\Documentation\Help\Working\BuildTopics.proj]
BuildAssembler : warning : ResolveReferenceLinksComponent: [M:EwEMSPPlugin.UI.cEcosimForcingChecker.#ctor(EwECore.cCore)] Unknown reference link target &#39;T:EwECore.cCore&#39;. [D:\Sources\Personal\Sources\2017\MSPC2050\EwEMSPplugin\Documentation\Help\Working\BuildTopics.proj]
BuildAssembler : warning : ResolveReferenceLinksComponent: [M:EwEMSPPlugin.UI.cEcosimForcingChecker.OnCoreMessage(EwECore.cMessage)] Unknown reference link target &#39;T:EwECore.cMessage&#39;. [D:\Sources\Personal\Sources\2017\MSPC2050\EwEMSPplugin\Documentation\Help\Working\BuildTopics.proj]
BuildAssembler : warning : ResolveReferenceLinksComponent: [M:EwEMSPPlugin.UI.cEcosimTimeSeriesChecker.#ctor(EwECore.cCore)] Unknown reference link target &#39;T:EwECore.cCore&#39;. [D:\Sources\Personal\Sources\2017\MSPC2050\EwEMSPplugin\Documentation\Help\Working\BuildTopics.proj]
BuildAssembler : warning : ResolveReferenceLinksComponent: [M:EwEMSPPlugin.UI.cEcosimTimeSeriesChecker.OnCoreMessage(EwECore.cMessage)] Unknown reference link target &#39;T:EwECore.cMessage&#39;. [D:\Sources\Personal\Sources\2017\MSPC2050\EwEMSPplugin\Documentation\Help\Working\BuildTopics.proj]
BuildAssembler : warning : ResolveReferenceLinksComponent: [M:EwEMSPPlugin.UI.cEcospaceTimeSeriesChecker.#ctor(EwECore.cCore)] Unknown reference link target &#39;T:EwECore.cCore&#39;. [D:\Sources\Personal\Sources\2017\MSPC2050\EwEMSPplugin\Documentation\Help\Working\BuildTopics.proj]
BuildAssembler : warning : ResolveReferenceLinksComponent: [M:EwEMSPPlugin.UI.cEcospaceTimeSeriesChecker.OnCoreMessage(EwECore.cMessage)] Unknown reference link target &#39;T:EwECore.cMessage&#39;. [D:\Sources\Personal\Sources\2017\MSPC2050\EwEMSPplugin\Documentation\Help\Working\BuildTopics.proj]
BuildAssembler : warning : ResolveReferenceLinksComponent: [T:EwEMSPPlugin.UI.cRequirementChecker] Unknown reference link target &#39;T:EwECore.cCore&#39;. [D:\Sources\Personal\Sources\2017\MSPC2050\EwEMSPplugin\Documentation\Help\Working\BuildTopics.proj]
BuildAssembler : warning : ResolveReferenceLinksComponent: [Fields.T:EwEMSPPlugin.UI.cRequirementChecker] Unknown reference link target &#39;T:EwECore.cCore&#39;. [D:\Sources\Personal\Sources\2017\MSPC2050\EwEMSPplugin\Documentation\Help\Working\BuildTopics.proj]
BuildAssembler : warning : ResolveReferenceLinksComponent: [M:EwEMSPPlugin.UI.cRequirementChecker.#ctor(EwECore.cCore)] Unknown reference link target &#39;T:EwECore.cCore&#39;. [D:\Sources\Personal\Sources\2017\MSPC2050\EwEMSPplugin\Documentation\Help\Working\BuildTopics.proj]
BuildAssembler : warning : ResolveReferenceLinksComponent: [F:EwEMSPPlugin.UI.cRequirementChecker.m_core] Unknown reference link target &#39;T:EwECore.cCore&#39;. [D:\Sources\Personal\Sources\2017\MSPC2050\EwEMSPplugin\Documentation\Help\Working\BuildTopics.proj]
BuildAssembler : warning : ResolveReferenceLinksComponent: [F:EwEMSPPlugin.UI.cRequirementChecker.m_core] Unknown reference link target &#39;T:EwECore.cCore&#39;. [D:\Sources\Personal\Sources\2017\MSPC2050\EwEMSPplugin\Documentation\Help\Working\BuildTopics.proj]
BuildAssembler : warning : ResolveReferenceLinksComponent: [M:EwEMSPPlugin.UI.cRequirementChecker.OnCoreMessage(EwECore.cMessage)] Unknown reference link target &#39;T:EwECore.cMessage&#39;. [D:\Sources\Personal\Sources\2017\MSPC2050\EwEMSPplugin\Documentation\Help\Working\BuildTopics.proj]
BuildAssembler : warning : ResolveReferenceLinksComponent: [T:EwEMSPPlugin.UI.frmGameDesigner] Unknown reference link target &#39;T:WeifenLuo.WinFormsUI.Docking.DockContent&#39;. [D:\Sources\Personal\Sources\2017\MSPC2050\EwEMSPplugin\Documentation\Help\Working\BuildTopics.proj]
BuildAssembler : warning : ResolveReferenceLinksComponent: [T:EwEMSPPlugin.UI.frmGameDesigner] Unknown reference link target &#39;T:ScientificInterfaceShared.Forms.frmEwEDockContent&#39;. [D:\Sources\Personal\Sources\2017\MSPC2050\EwEMSPplugin\Documentation\Help\Working\BuildTopics.proj]
BuildAssembler : warning : ResolveReferenceLinksComponent: [T:EwEMSPPlugin.UI.frmGameDesigner] Unknown reference link target &#39;T:ScientificInterfaceShared.Forms.frmEwE&#39;. [D:\Sources\Personal\Sources\2017\MSPC2050\EwEMSPplugin\Documentation\Help\Working\BuildTopics.proj]
BuildAssembler : warning : ResolveReferenceLinksComponent: [T:EwEMSPPlugin.UI.frmGameDesigner] Unknown reference link target &#39;P:ScientificInterfaceShared.Forms.frmEwE.IsRunForm&#39;. [D:\Sources\Personal\Sources\2017\MSPC2050\EwEMSPplugin\Documentation\Help\Working\BuildTopics.proj]
BuildAssembler : warning : ResolveReferenceLinksComponent: [T:EwEMSPPlugin.UI.frmGameDesigner] Unknown reference link target &#39;M:ScientificInterfaceShared.Forms.frmEwE.OnCoreMessage(EwECore.cMessage)&#39;. [D:\Sources\Personal\Sources\2017\MSPC2050\EwEMSPplugin\Documentation\Help\Working\BuildTopics.proj]
BuildAssembler : warning : ResolveReferenceLinksComponent: [T:EwEMSPPlugin.UI.frmGameDesigner] Unknown reference link target &#39;M:ScientificInterfaceShared.Forms.frmEwE.OnFormClosed(System.Windows.Forms.FormClosedEventArgs)&#39;. [D:\Sources\Personal\Sources\2017\MSPC2050\EwEMSPplugin\Documentation\Help\Working\BuildTopics.proj]
BuildAssembler : warning : ResolveReferenceLinksComponent: [T:EwEMSPPlugin.UI.frmGameDesigner] Unknown reference link target &#39;M:ScientificInterfaceShared.Forms.frmEwE.OnLoad(System.EventArgs)&#39;. [D:\Sources\Personal\Sources\2017\MSPC2050\EwEMSPplugin\Documentation\Help\Working\BuildTopics.proj]
BuildAssembler : warning : ResolveReferenceLinksComponent: [T:EwEMSPPlugin.UI.frmGameDesigner] Unknown reference link target &#39;M:ScientificInterfaceShared.Forms.frmEwE.UpdateControls&#39;. [D:\Sources\Personal\Sources\2017\MSPC2050\EwEMSPplugin\Documentation\Help\Working\BuildTopics.proj]
BuildAssembler : warning : ResolveReferenceLinksComponent: [T:EwEMSPPlugin.UI.frmGameDesigner] Unknown reference link target &#39;T:ScientificInterfaceShared.Forms.frmEwE&#39;. [D:\Sources\Personal\Sources\2017\MSPC2050\EwEMSPplugin\Documentation\Help\Working\BuildTopics.proj]
BuildAssembler : warning : ResolveReferenceLinksComponent: [Methods.T:EwEMSPPlugin.UI.frmGameDesigner] Unknown reference link target &#39;M:ScientificInterfaceShared.Forms.frmEwE.OnCoreMessage(EwECore.cMessage)&#39;. [D:\Sources\Personal\Sources\2017\MSPC2050\EwEMSPplugin\Documentation\Help\Working\BuildTopics.proj]
BuildAssembler : warning : ResolveReferenceLinksComponent: [Methods.T:EwEMSPPlugin.UI.frmGameDesigner] Unknown reference link target &#39;M:ScientificInterfaceShared.Forms.frmEwE.OnFormClosed(System.Windows.Forms.FormClosedEventArgs)&#39;. [D:\Sources\Personal\Sources\2017\MSPC2050\EwEMSPplugin\Documentation\Help\Working\BuildTopics.proj]
BuildAssembler : warning : ResolveReferenceLinksComponent: [Methods.T:EwEMSPPlugin.UI.frmGameDesigner] Unknown reference link target &#39;M:ScientificInterfaceShared.Forms.frmEwE.OnLoad(System.EventArgs)&#39;. [D:\Sources\Personal\Sources\2017\MSPC2050\EwEMSPplugin\Documentation\Help\Working\BuildTopics.proj]
BuildAssembler : warning : ResolveReferenceLinksComponent: [Methods.T:EwEMSPPlugin.UI.frmGameDesigner] Unknown reference link target &#39;M:ScientificInterfaceShared.Forms.frmEwE.UpdateControls&#39;. [D:\Sources\Personal\Sources\2017\MSPC2050\EwEMSPplugin\Documentation\Help\Working\BuildTopics.proj]
BuildAssembler : warning : ResolveReferenceLinksComponent: [Properties.T:EwEMSPPlugin.UI.frmGameDesigner] Unknown reference link target &#39;P:ScientificInterfaceShared.Forms.frmEwE.IsRunForm&#39;. [D:\Sources\Personal\Sources\2017\MSPC2050\EwEMSPplugin\Documentation\Help\Working\BuildTopics.proj]
BuildAssembler : warning : ResolveReferenceLinksComponent: [M:EwEMSPPlugin.UI.frmGameDesigner.#ctor(ScientificInterfaceShared.Controls.cUIContext,EwEShell.cEwEShell,EwECore.cEcospaceDataStructures)] Unknown reference link target &#39;T:ScientificInterfaceShared.Controls.cUIContext&#39;. [D:\Sources\Personal\Sources\2017\MSPC2050\EwEMSPplugin\Documentation\Help\Working\BuildTopics.proj]
BuildAssembler : warning : ResolveReferenceLinksComponent: [M:EwEMSPPlugin.UI.frmGameDesigner.#ctor(ScientificInterfaceShared.Controls.cUIContext,EwEShell.cEwEShell,EwECore.cEcospaceDataStructures)] Unknown reference link target &#39;T:ScientificInterfaceShared.Controls.cUIContext&#39;. [D:\Sources\Personal\Sources\2017\MSPC2050\EwEMSPplugin\Documentation\Help\Working\BuildTopics.proj]
BuildAssembler : warning : ResolveReferenceLinksComponent: [M:EwEMSPPlugin.UI.frmGameDesigner.#ctor(ScientificInterfaceShared.Controls.cUIContext,EwEShell.cEwEShell,EwECore.cEcospaceDataStructures)] Unknown reference link target &#39;T:EwECore.cEcospaceDataStructures&#39;. [D:\Sources\Personal\Sources\2017\MSPC2050\EwEMSPplugin\Documentation\Help\Working\BuildTopics.proj]
BuildAssembler : warning : ResolveReferenceLinksComponent: [M:EwEMSPPlugin.UI.frmGameDesigner.#ctor(ScientificInterfaceShared.Controls.cUIContext,EwEShell.cEwEShell,EwECore.cEcospaceDataStructures)] Unknown reference link target &#39;T:EwECore.cEcospaceDataStructures&#39;. [D:\Sources\Personal\Sources\2017\MSPC2050\EwEMSPplugin\Documentation\Help\Working\BuildTopics.proj]
BuildAssembler : warning : ShowMissingComponent: [P:EwEMSPPlugin.UI.frmGameDesigner.m_btnEmulStep] Missing &lt;summary&gt; documentation [D:\Sources\Personal\Sources\2017\MSPC2050\EwEMSPplugin\Documentation\Help\Working\BuildTopics.proj]
BuildAssembler : warning : ShowMissingComponent: [P:EwEMSPPlugin.UI.frmGameDesigner.m_btnEmulStop] Missing &lt;summary&gt; documentation [D:\Sources\Personal\Sources\2017\MSPC2050\EwEMSPplugin\Documentation\Help\Working\BuildTopics.proj]
BuildAssembler : warning : ShowMissingComponent: [P:EwEMSPPlugin.UI.frmGameDesigner.m_btnEmulViewOutputFolder] Missing &lt;summary&gt; documentation [D:\Sources\Personal\Sources\2017\MSPC2050\EwEMSPplugin\Documentation\Help\Working\BuildTopics.proj]
BuildAssembler : warning : ShowMissingComponent: [P:EwEMSPPlugin.UI.frmGameDesigner.m_btnExport] Missing &lt;summary&gt; documentation [D:\Sources\Personal\Sources\2017\MSPC2050\EwEMSPplugin\Documentation\Help\Working\BuildTopics.proj]
BuildAssembler : warning : ShowMissingComponent: [P:EwEMSPPlugin.UI.frmGameDesigner.m_btnGameAdd] Missing &lt;summary&gt; documentation [D:\Sources\Personal\Sources\2017\MSPC2050\EwEMSPplugin\Documentation\Help\Working\BuildTopics.proj]
BuildAssembler : warning : ShowMissingComponent: [P:EwEMSPPlugin.UI.frmGameDesigner.m_btnGameAddFromJSON] Missing &lt;summary&gt; documentation [D:\Sources\Personal\Sources\2017\MSPC2050\EwEMSPplugin\Documentation\Help\Working\BuildTopics.proj]
BuildAssembler : warning : ShowMissingComponent: [P:EwEMSPPlugin.UI.frmGameDesigner.m_btnGameDelete] Missing &lt;summary&gt; documentation [D:\Sources\Personal\Sources\2017\MSPC2050\EwEMSPplugin\Documentation\Help\Working\BuildTopics.proj]
BuildAssembler : warning : ShowMissingComponent: [P:EwEMSPPlugin.UI.frmGameDesigner.m_btnGameRename] Missing &lt;summary&gt; documentation [D:\Sources\Personal\Sources\2017\MSPC2050\EwEMSPplugin\Documentation\Help\Working\BuildTopics.proj]
BuildAssembler : warning : ShowMissingComponent: [P:EwEMSPPlugin.UI.frmGameDesigner.m_btnOutcomeAdd] Missing &lt;summary&gt; documentation [D:\Sources\Personal\Sources\2017\MSPC2050\EwEMSPplugin\Documentation\Help\Working\BuildTopics.proj]
BuildAssembler : warning : ShowMissingComponent: [P:EwEMSPPlugin.UI.frmGameDesigner.m_btnOutcomeDelete] Missing &lt;summary&gt; documentation [D:\Sources\Personal\Sources\2017\MSPC2050\EwEMSPplugin\Documentation\Help\Working\BuildTopics.proj]
BuildAssembler : warning : ShowMissingComponent: [P:EwEMSPPlugin.UI.frmGameDesigner.m_btnOutcomeRename] Missing &lt;summary&gt; documentation [D:\Sources\Personal\Sources\2017\MSPC2050\EwEMSPplugin\Documentation\Help\Working\BuildTopics.proj]
BuildAssembler : warning : ShowMissingComponent: [P:EwEMSPPlugin.UI.frmGameDesigner.m_btnPressureAdd] Missing &lt;summary&gt; documentation [D:\Sources\Personal\Sources\2017\MSPC2050\EwEMSPplugin\Documentation\Help\Working\BuildTopics.proj]
BuildAssembler : warning : ShowMissingComponent: [P:EwEMSPPlugin.UI.frmGameDesigner.m_btnPressureDefaults] Missing &lt;summary&gt; documentation [D:\Sources\Personal\Sources\2017\MSPC2050\EwEMSPplugin\Documentation\Help\Working\BuildTopics.proj]
BuildAssembler : warning : ShowMissingComponent: [P:EwEMSPPlugin.UI.frmGameDesigner.m_btnPressureDelete] Missing &lt;summary&gt; documentation [D:\Sources\Personal\Sources\2017\MSPC2050\EwEMSPplugin\Documentation\Help\Working\BuildTopics.proj]
BuildAssembler : warning : ShowMissingComponent: [P:EwEMSPPlugin.UI.frmGameDesigner.m_btnPressureRename] Missing &lt;summary&gt; documentation [D:\Sources\Personal\Sources\2017\MSPC2050\EwEMSPplugin\Documentation\Help\Working\BuildTopics.proj]
BuildAssembler : warning : ShowMissingComponent: [P:EwEMSPPlugin.UI.frmGameDesigner.m_btnTestsetAdd] Missing &lt;summary&gt; documentation [D:\Sources\Personal\Sources\2017\MSPC2050\EwEMSPplugin\Documentation\Help\Working\BuildTopics.proj]
BuildAssembler : warning : ShowMissingComponent: [P:EwEMSPPlugin.UI.frmGameDesigner.m_btnTestsetApply] Missing &lt;summary&gt; documentation [D:\Sources\Personal\Sources\2017\MSPC2050\EwEMSPplugin\Documentation\Help\Working\BuildTopics.proj]
BuildAssembler : warning : ShowMissingComponent: [P:EwEMSPPlugin.UI.frmGameDesigner.m_btnTestsetDelete] Missing &lt;summary&gt; documentation [D:\Sources\Personal\Sources\2017\MSPC2050\EwEMSPplugin\Documentation\Help\Working\BuildTopics.proj]
BuildAssembler : warning : ShowMissingComponent: [P:EwEMSPPlugin.UI.frmGameDesigner.m_btnTestsetRename] Missing &lt;summary&gt; documentation [D:\Sources\Personal\Sources\2017\MSPC2050\EwEMSPplugin\Documentation\Help\Working\BuildTopics.proj]
BuildAssembler : warning : ShowMissingComponent: [P:EwEMSPPlugin.UI.frmGameDesigner.m_cbEmulPauseSpace] Missing &lt;summary&gt; documentation [D:\Sources\Personal\Sources\2017\MSPC2050\EwEMSPplugin\Documentation\Help\Working\BuildTopics.proj]
BuildAssembler : warning : ShowMissingComponent: [P:EwEMSPPlugin.UI.frmGameDesigner.m_cbGameCalcIndicators] Missing &lt;summary&gt; documentation [D:\Sources\Personal\Sources\2017\MSPC2050\EwEMSPplugin\Documentation\Help\Working\BuildTopics.proj]
BuildAssembler : warning : ShowMissingComponent: [P:EwEMSPPlugin.UI.frmGameDesigner.m_cbSaveOutputMaps] Missing &lt;summary&gt; documentation [D:\Sources\Personal\Sources\2017\MSPC2050\EwEMSPplugin\Documentation\Help\Working\BuildTopics.proj]
BuildAssembler : warning : ShowMissingComponent: [P:EwEMSPPlugin.UI.frmGameDesigner.m_cmbEmulPauseOptions] Missing &lt;summary&gt; documentation [D:\Sources\Personal\Sources\2017\MSPC2050\EwEMSPplugin\Documentation\Help\Working\BuildTopics.proj]
BuildAssembler : warning : ShowMissingComponent: [P:EwEMSPPlugin.UI.frmGameDesigner.m_cmbEmulTestsets] Missing &lt;summary&gt; documentation [D:\Sources\Personal\Sources\2017\MSPC2050\EwEMSPplugin\Documentation\Help\Working\BuildTopics.proj]
BuildAssembler : warning : ShowMissingComponent: [P:EwEMSPPlugin.UI.frmGameDesigner.m_cmbGames] Missing &lt;summary&gt; documentation [D:\Sources\Personal\Sources\2017\MSPC2050\EwEMSPplugin\Documentation\Help\Working\BuildTopics.proj]
BuildAssembler : warning : ShowMissingComponent: [P:EwEMSPPlugin.UI.frmGameDesigner.m_cmbOutputTypes] Missing &lt;summary&gt; documentation [D:\Sources\Personal\Sources\2017\MSPC2050\EwEMSPplugin\Documentation\Help\Working\BuildTopics.proj]
BuildAssembler : warning : ShowMissingComponent: [P:EwEMSPPlugin.UI.frmGameDesigner.m_cmbPressureTypes] Missing &lt;summary&gt; documentation [D:\Sources\Personal\Sources\2017\MSPC2050\EwEMSPplugin\Documentation\Help\Working\BuildTopics.proj]
BuildAssembler : warning : ShowMissingComponent: [P:EwEMSPPlugin.UI.frmGameDesigner.m_fpMAPCellClosure] Missing &lt;summary&gt; documentation [D:\Sources\Personal\Sources\2017\MSPC2050\EwEMSPplugin\Documentation\Help\Working\BuildTopics.proj]
BuildAssembler : warning : ResolveReferenceLinksComponent: [P:EwEMSPPlugin.UI.frmGameDesigner.m_fpMAPCellClosure] Unknown reference link target &#39;T:ScientificInterfaceShared.Controls.cEwEFormatProvider&#39;. [D:\Sources\Personal\Sources\2017\MSPC2050\EwEMSPplugin\Documentation\Help\Working\BuildTopics.proj]
BuildAssembler : warning : ShowMissingComponent: [P:EwEMSPPlugin.UI.frmGameDesigner.m_fpRunYears] Missing &lt;summary&gt; documentation [D:\Sources\Personal\Sources\2017\MSPC2050\EwEMSPplugin\Documentation\Help\Working\BuildTopics.proj]
BuildAssembler : warning : ResolveReferenceLinksComponent: [P:EwEMSPPlugin.UI.frmGameDesigner.m_fpRunYears] Unknown reference link target &#39;T:ScientificInterfaceShared.Controls.cEwEFormatProvider&#39;. [D:\Sources\Personal\Sources\2017\MSPC2050\EwEMSPplugin\Documentation\Help\Working\BuildTopics.proj]
BuildAssembler : warning : ShowMissingComponent: [P:EwEMSPPlugin.UI.frmGameDesigner.m_fpSpinupYears] Missing &lt;summary&gt; documentation [D:\Sources\Personal\Sources\2017\MSPC2050\EwEMSPplugin\Documentation\Help\Working\BuildTopics.proj]
BuildAssembler : warning : ResolveReferenceLinksComponent: [P:EwEMSPPlugin.UI.frmGameDesigner.m_fpSpinupYears] Unknown reference link target &#39;T:ScientificInterfaceShared.Controls.cEwEFormatProvider&#39;. [D:\Sources\Personal\Sources\2017\MSPC2050\EwEMSPplugin\Documentation\Help\Working\BuildTopics.proj]
BuildAssembler : warning : ShowMissingComponent: [P:EwEMSPPlugin.UI.frmGameDesigner.m_gridEmulTestset] Missing &lt;summary&gt; documentation [D:\Sources\Personal\Sources\2017\MSPC2050\EwEMSPplugin\Documentation\Help\Working\BuildTopics.proj]
BuildAssembler : warning : ShowMissingComponent: [P:EwEMSPPlugin.UI.frmGameDesigner.m_gridOutcome] Missing &lt;summary&gt; documentation [D:\Sources\Personal\Sources\2017\MSPC2050\EwEMSPplugin\Documentation\Help\Working\BuildTopics.proj]
BuildAssembler : warning : ShowMissingComponent: [P:EwEMSPPlugin.UI.frmGameDesigner.m_gridPressureMappings] Missing &lt;summary&gt; documentation [D:\Sources\Personal\Sources\2017\MSPC2050\EwEMSPplugin\Documentation\Help\Working\BuildTopics.proj]
BuildAssembler : warning : ShowMissingComponent: [P:EwEMSPPlugin.UI.frmGameDesigner.m_hdrCredits] Missing &lt;summary&gt; documentation [D:\Sources\Personal\Sources\2017\MSPC2050\EwEMSPplugin\Documentation\Help\Working\BuildTopics.proj]
BuildAssembler : warning : ResolveReferenceLinksComponent: [P:EwEMSPPlugin.UI.frmGameDesigner.m_hdrCredits] Unknown reference link target &#39;T:ScientificInterfaceShared.Controls.cEwEHeaderLabel&#39;. [D:\Sources\Personal\Sources\2017\MSPC2050\EwEMSPplugin\Documentation\Help\Working\BuildTopics.proj]
BuildAssembler : warning : ShowMissingComponent: [P:EwEMSPPlugin.UI.frmGameDesigner.m_hdrEmulRun] Missing &lt;summary&gt; documentation [D:\Sources\Personal\Sources\2017\MSPC2050\EwEMSPplugin\Documentation\Help\Working\BuildTopics.proj]
BuildAssembler : warning : ResolveReferenceLinksComponent: [P:EwEMSPPlugin.UI.frmGameDesigner.m_hdrEmulRun] Unknown reference link target &#39;T:ScientificInterfaceShared.Controls.cEwEHeaderLabel&#39;. [D:\Sources\Personal\Sources\2017\MSPC2050\EwEMSPplugin\Documentation\Help\Working\BuildTopics.proj]
BuildAssembler : warning : ShowMissingComponent: [P:EwEMSPPlugin.UI.frmGameDesigner.m_hdrValidation] Missing &lt;summary&gt; documentation [D:\Sources\Personal\Sources\2017\MSPC2050\EwEMSPplugin\Documentation\Help\Working\BuildTopics.proj]
BuildAssembler : warning : ResolveReferenceLinksComponent: [P:EwEMSPPlugin.UI.frmGameDesigner.m_hdrValidation] Unknown reference link target &#39;T:ScientificInterfaceShared.Controls.cEwEHeaderLabel&#39;. [D:\Sources\Personal\Sources\2017\MSPC2050\EwEMSPplugin\Documentation\Help\Working\BuildTopics.proj]
BuildAssembler : warning : ShowMissingComponent: [P:EwEMSPPlugin.UI.frmGameDesigner.m_ilTabIcons] Missing &lt;summary&gt; documentation [D:\Sources\Personal\Sources\2017\MSPC2050\EwEMSPplugin\Documentation\Help\Working\BuildTopics.proj]
BuildAssembler : warning : ShowMissingComponent: [P:EwEMSPPlugin.UI.frmGameDesigner.m_lblAboutCredits] Missing &lt;summary&gt; documentation [D:\Sources\Personal\Sources\2017\MSPC2050\EwEMSPplugin\Documentation\Help\Working\BuildTopics.proj]
BuildAssembler : warning : ShowMissingComponent: [P:EwEMSPPlugin.UI.frmGameDesigner.m_lblAboutDescription] Missing &lt;summary&gt; documentation [D:\Sources\Personal\Sources\2017\MSPC2050\EwEMSPplugin\Documentation\Help\Working\BuildTopics.proj]
BuildAssembler : warning : ShowMissingComponent: [P:EwEMSPPlugin.UI.frmGameDesigner.m_lblAboutVersion] Missing &lt;summary&gt; documentation [D:\Sources\Personal\Sources\2017\MSPC2050\EwEMSPplugin\Documentation\Help\Working\BuildTopics.proj]
BuildAssembler : warning : ShowMissingComponent: [P:EwEMSPPlugin.UI.frmGameDesigner.m_lblCheckGame] Missing &lt;summary&gt; documentation [D:\Sources\Personal\Sources\2017\MSPC2050\EwEMSPplugin\Documentation\Help\Working\BuildTopics.proj]
BuildAssembler : warning : ResolveReferenceLinksComponent: [P:EwEMSPPlugin.UI.frmGameDesigner.m_lblCheckGame] Unknown reference link target &#39;T:EwEMSPPlugin.UI.cImageLabel&#39;. [D:\Sources\Personal\Sources\2017\MSPC2050\EwEMSPplugin\Documentation\Help\Working\BuildTopics.proj]
BuildAssembler : warning : ShowMissingComponent: [P:EwEMSPPlugin.UI.frmGameDesigner.m_lblCheckSimFishing] Missing &lt;summary&gt; documentation [D:\Sources\Personal\Sources\2017\MSPC2050\EwEMSPplugin\Documentation\Help\Working\BuildTopics.proj]
BuildAssembler : warning : ResolveReferenceLinksComponent: [P:EwEMSPPlugin.UI.frmGameDesigner.m_lblCheckSimFishing] Unknown reference link target &#39;T:EwEMSPPlugin.UI.cImageLabel&#39;. [D:\Sources\Personal\Sources\2017\MSPC2050\EwEMSPplugin\Documentation\Help\Working\BuildTopics.proj]
BuildAssembler : warning : ShowMissingComponent: [P:EwEMSPPlugin.UI.frmGameDesigner.m_lblCheckSimForcing] Missing &lt;summary&gt; documentation [D:\Sources\Personal\Sources\2017\MSPC2050\EwEMSPplugin\Documentation\Help\Working\BuildTopics.proj]
BuildAssembler : warning : ResolveReferenceLinksComponent: [P:EwEMSPPlugin.UI.frmGameDesigner.m_lblCheckSimForcing] Unknown reference link target &#39;T:EwEMSPPlugin.UI.cImageLabel&#39;. [D:\Sources\Personal\Sources\2017\MSPC2050\EwEMSPplugin\Documentation\Help\Working\BuildTopics.proj]
BuildAssembler : warning : ShowMissingComponent: [P:EwEMSPPlugin.UI.frmGameDesigner.m_lblCheckSimTimeSeries] Missing &lt;summary&gt; documentation [D:\Sources\Personal\Sources\2017\MSPC2050\EwEMSPplugin\Documentation\Help\Working\BuildTopics.proj]
BuildAssembler : warning : ResolveReferenceLinksComponent: [P:EwEMSPPlugin.UI.frmGameDesigner.m_lblCheckSimTimeSeries] Unknown reference link target &#39;T:EwEMSPPlugin.UI.cImageLabel&#39;. [D:\Sources\Personal\Sources\2017\MSPC2050\EwEMSPplugin\Documentation\Help\Working\BuildTopics.proj]
BuildAssembler : warning : ShowMissingComponent: [P:EwEMSPPlugin.UI.frmGameDesigner.m_lblCheckSpaceTimeSeries] Missing &lt;summary&gt; documentation [D:\Sources\Personal\Sources\2017\MSPC2050\EwEMSPplugin\Documentation\Help\Working\BuildTopics.proj]
BuildAssembler : warning : ResolveReferenceLinksComponent: [P:EwEMSPPlugin.UI.frmGameDesigner.m_lblCheckSpaceTimeSeries] Unknown reference link target &#39;T:EwEMSPPlugin.UI.cImageLabel&#39;. [D:\Sources\Personal\Sources\2017\MSPC2050\EwEMSPplugin\Documentation\Help\Working\BuildTopics.proj]
BuildAssembler : warning : ShowMissingComponent: [P:EwEMSPPlugin.UI.frmGameDesigner.m_lblEmulatorTestset] Missing &lt;summary&gt; documentation [D:\Sources\Personal\Sources\2017\MSPC2050\EwEMSPplugin\Documentation\Help\Working\BuildTopics.proj]
BuildAssembler : warning : ShowMissingComponent: [P:EwEMSPPlugin.UI.frmGameDesigner.m_lblEmulTestSets] Missing &lt;summary&gt; documentation [D:\Sources\Personal\Sources\2017\MSPC2050\EwEMSPplugin\Documentation\Help\Working\BuildTopics.proj]
BuildAssembler : warning : ShowMissingComponent: [P:EwEMSPPlugin.UI.frmGameDesigner.m_lblGame] Missing &lt;summary&gt; documentation [D:\Sources\Personal\Sources\2017\MSPC2050\EwEMSPplugin\Documentation\Help\Working\BuildTopics.proj]
BuildAssembler : warning : ShowMissingComponent: [P:EwEMSPPlugin.UI.frmGameDesigner.m_lblGames] Missing &lt;summary&gt; documentation [D:\Sources\Personal\Sources\2017\MSPC2050\EwEMSPplugin\Documentation\Help\Working\BuildTopics.proj]
BuildAssembler : warning : ShowMissingComponent: [P:EwEMSPPlugin.UI.frmGameDesigner.m_lblInfoAuthor] Missing &lt;summary&gt; documentation [D:\Sources\Personal\Sources\2017\MSPC2050\EwEMSPplugin\Documentation\Help\Working\BuildTopics.proj]
BuildAssembler : warning : ShowMissingComponent: [P:EwEMSPPlugin.UI.frmGameDesigner.m_lblInfoContact] Missing &lt;summary&gt; documentation [D:\Sources\Personal\Sources\2017\MSPC2050\EwEMSPplugin\Documentation\Help\Working\BuildTopics.proj]
BuildAssembler : warning : ShowMissingComponent: [P:EwEMSPPlugin.UI.frmGameDesigner.m_lblInfoDescription] Missing &lt;summary&gt; documentation [D:\Sources\Personal\Sources\2017\MSPC2050\EwEMSPplugin\Documentation\Help\Working\BuildTopics.proj]
BuildAssembler : warning : ShowMissingComponent: [P:EwEMSPPlugin.UI.frmGameDesigner.m_lblInfoVersion] Missing &lt;summary&gt; documentation [D:\Sources\Personal\Sources\2017\MSPC2050\EwEMSPplugin\Documentation\Help\Working\BuildTopics.proj]
BuildAssembler : warning : ShowMissingComponent: [P:EwEMSPPlugin.UI.frmGameDesigner.m_lblMPACellClosure1] Missing &lt;summary&gt; documentation [D:\Sources\Personal\Sources\2017\MSPC2050\EwEMSPplugin\Documentation\Help\Working\BuildTopics.proj]
BuildAssembler : warning : ShowMissingComponent: [P:EwEMSPPlugin.UI.frmGameDesigner.m_lblMPACellClosure2] Missing &lt;summary&gt; documentation [D:\Sources\Personal\Sources\2017\MSPC2050\EwEMSPplugin\Documentation\Help\Working\BuildTopics.proj]
BuildAssembler : warning : ShowMissingComponent: [P:EwEMSPPlugin.UI.frmGameDesigner.m_lblOutcome] Missing &lt;summary&gt; documentation [D:\Sources\Personal\Sources\2017\MSPC2050\EwEMSPplugin\Documentation\Help\Working\BuildTopics.proj]
BuildAssembler : warning : ShowMissingComponent: [P:EwEMSPPlugin.UI.frmGameDesigner.m_lblPressuresPressure] Missing &lt;summary&gt; documentation [D:\Sources\Personal\Sources\2017\MSPC2050\EwEMSPplugin\Documentation\Help\Working\BuildTopics.proj]
BuildAssembler : warning : ShowMissingComponent: [P:EwEMSPPlugin.UI.frmGameDesigner.m_lblRunYears] Missing &lt;summary&gt; documentation [D:\Sources\Personal\Sources\2017\MSPC2050\EwEMSPplugin\Documentation\Help\Working\BuildTopics.proj]
BuildAssembler : warning : ShowMissingComponent: [P:EwEMSPPlugin.UI.frmGameDesigner.m_lblSpinupYears] Missing &lt;summary&gt; documentation [D:\Sources\Personal\Sources\2017\MSPC2050\EwEMSPplugin\Documentation\Help\Working\BuildTopics.proj]
BuildAssembler : warning : ShowMissingComponent: [P:EwEMSPPlugin.UI.frmGameDesigner.m_lbOutputs] Missing &lt;summary&gt; documentation [D:\Sources\Personal\Sources\2017\MSPC2050\EwEMSPplugin\Documentation\Help\Working\BuildTopics.proj]
BuildAssembler : warning : ShowMissingComponent: [P:EwEMSPPlugin.UI.frmGameDesigner.m_nudEmulOutcomeRange] Missing &lt;summary&gt; documentation [D:\Sources\Personal\Sources\2017\MSPC2050\EwEMSPplugin\Documentation\Help\Working\BuildTopics.proj]
BuildAssembler : warning : ShowMissingComponent: [P:EwEMSPPlugin.UI.frmGameDesigner.m_pbEII] Missing &lt;summary&gt; documentation [D:\Sources\Personal\Sources\2017\MSPC2050\EwEMSPplugin\Documentation\Help\Working\BuildTopics.proj]
BuildAssembler : warning : ShowMissingComponent: [P:EwEMSPPlugin.UI.frmGameDesigner.m_pbMSPC2050] Missing &lt;summary&gt; documentation [D:\Sources\Personal\Sources\2017\MSPC2050\EwEMSPplugin\Documentation\Help\Working\BuildTopics.proj]
BuildAssembler : warning : ShowMissingComponent: [P:EwEMSPPlugin.UI.frmGameDesigner.m_pbNHTV] Missing &lt;summary&gt; documentation [D:\Sources\Personal\Sources\2017\MSPC2050\EwEMSPplugin\Documentation\Help\Working\BuildTopics.proj]
BuildAssembler : warning : ShowMissingComponent: [P:EwEMSPPlugin.UI.frmGameDesigner.m_pbRWS] Missing &lt;summary&gt; documentation [D:\Sources\Personal\Sources\2017\MSPC2050\EwEMSPplugin\Documentation\Help\Working\BuildTopics.proj]
BuildAssembler : warning : ShowMissingComponent: [P:EwEMSPPlugin.UI.frmGameDesigner.m_plEmulator] Missing &lt;summary&gt; documentation [D:\Sources\Personal\Sources\2017\MSPC2050\EwEMSPplugin\Documentation\Help\Working\BuildTopics.proj]
BuildAssembler : warning : ShowMissingComponent: [P:EwEMSPPlugin.UI.frmGameDesigner.m_scOutputs] Missing &lt;summary&gt; documentation [D:\Sources\Personal\Sources\2017\MSPC2050\EwEMSPplugin\Documentation\Help\Working\BuildTopics.proj]
BuildAssembler : warning : ShowMissingComponent: [P:EwEMSPPlugin.UI.frmGameDesigner.m_tabConfig] Missing &lt;summary&gt; documentation [D:\Sources\Personal\Sources\2017\MSPC2050\EwEMSPplugin\Documentation\Help\Working\BuildTopics.proj]
BuildAssembler : warning : ShowMissingComponent: [P:EwEMSPPlugin.UI.frmGameDesigner.m_tbxGameName] Missing &lt;summary&gt; documentation [D:\Sources\Personal\Sources\2017\MSPC2050\EwEMSPplugin\Documentation\Help\Working\BuildTopics.proj]
BuildAssembler : warning : ShowMissingComponent: [P:EwEMSPPlugin.UI.frmGameDesigner.m_tbxInfoAuthor] Missing &lt;summary&gt; documentation [D:\Sources\Personal\Sources\2017\MSPC2050\EwEMSPplugin\Documentation\Help\Working\BuildTopics.proj]
BuildAssembler : warning : ShowMissingComponent: [P:EwEMSPPlugin.UI.frmGameDesigner.m_tbxInfoContact] Missing &lt;summary&gt; documentation [D:\Sources\Personal\Sources\2017\MSPC2050\EwEMSPplugin\Documentation\Help\Working\BuildTopics.proj]
BuildAssembler : warning : ShowMissingComponent: [P:EwEMSPPlugin.UI.frmGameDesigner.m_tbxInfoDescription] Missing &lt;summary&gt; documentation [D:\Sources\Personal\Sources\2017\MSPC2050\EwEMSPplugin\Documentation\Help\Working\BuildTopics.proj]
BuildAssembler : warning : ShowMissingComponent: [P:EwEMSPPlugin.UI.frmGameDesigner.m_tbxInfoVersion] Missing &lt;summary&gt; documentation [D:\Sources\Personal\Sources\2017\MSPC2050\EwEMSPplugin\Documentation\Help\Working\BuildTopics.proj]
BuildAssembler : warning : ShowMissingComponent: [P:EwEMSPPlugin.UI.frmGameDesigner.m_tbxMPACellClosure] Missing &lt;summary&gt; documentation [D:\Sources\Personal\Sources\2017\MSPC2050\EwEMSPplugin\Documentation\Help\Working\BuildTopics.proj]
BuildAssembler : warning : ShowMissingComponent: [P:EwEMSPPlugin.UI.frmGameDesigner.m_tbxOutcomeName] Missing &lt;summary&gt; documentation [D:\Sources\Personal\Sources\2017\MSPC2050\EwEMSPplugin\Documentation\Help\Working\BuildTopics.proj]
BuildAssembler : warning : ShowMissingComponent: [P:EwEMSPPlugin.UI.frmGameDesigner.m_tbxPressureName] Missing &lt;summary&gt; documentation [D:\Sources\Personal\Sources\2017\MSPC2050\EwEMSPplugin\Documentation\Help\Working\BuildTopics.proj]
BuildAssembler : warning : ShowMissingComponent: [P:EwEMSPPlugin.UI.frmGameDesigner.m_tbxRunYears] Missing &lt;summary&gt; documentation [D:\Sources\Personal\Sources\2017\MSPC2050\EwEMSPplugin\Documentation\Help\Working\BuildTopics.proj]
BuildAssembler : warning : ShowMissingComponent: [P:EwEMSPPlugin.UI.frmGameDesigner.m_tbxSpinupYears] Missing &lt;summary&gt; documentation [D:\Sources\Personal\Sources\2017\MSPC2050\EwEMSPplugin\Documentation\Help\Working\BuildTopics.proj]
BuildAssembler : warning : ShowMissingComponent: [P:EwEMSPPlugin.UI.frmGameDesigner.m_tbxTestsetName] Missing &lt;summary&gt; documentation [D:\Sources\Personal\Sources\2017\MSPC2050\EwEMSPplugin\Documentation\Help\Working\BuildTopics.proj]
BuildAssembler : warning : ShowMissingComponent: [P:EwEMSPPlugin.UI.frmGameDesigner.m_tlpLogos] Missing &lt;summary&gt; documentation [D:\Sources\Personal\Sources\2017\MSPC2050\EwEMSPplugin\Documentation\Help\Working\BuildTopics.proj]
BuildAssembler : warning : ShowMissingComponent: [P:EwEMSPPlugin.UI.frmGameDesigner.m_tpAbout] Missing &lt;summary&gt; documentation [D:\Sources\Personal\Sources\2017\MSPC2050\EwEMSPplugin\Documentation\Help\Working\BuildTopics.proj]
BuildAssembler : warning : ShowMissingComponent: [P:EwEMSPPlugin.UI.frmGameDesigner.m_tpEmulator] Missing &lt;summary&gt; documentation [D:\Sources\Personal\Sources\2017\MSPC2050\EwEMSPplugin\Documentation\Help\Working\BuildTopics.proj]
BuildAssembler : warning : ShowMissingComponent: [P:EwEMSPPlugin.UI.frmGameDesigner.m_tpEwESettings] Missing &lt;summary&gt; documentation [D:\Sources\Personal\Sources\2017\MSPC2050\EwEMSPplugin\Documentation\Help\Working\BuildTopics.proj]
BuildAssembler : warning : ShowMissingComponent: [P:EwEMSPPlugin.UI.frmGameDesigner.m_tpInformation] Missing &lt;summary&gt; documentation [D:\Sources\Personal\Sources\2017\MSPC2050\EwEMSPplugin\Documentation\Help\Working\BuildTopics.proj]
BuildAssembler : warning : ShowMissingComponent: [P:EwEMSPPlugin.UI.frmGameDesigner.m_tpOutcomes] Missing &lt;summary&gt; documentation [D:\Sources\Personal\Sources\2017\MSPC2050\EwEMSPplugin\Documentation\Help\Working\BuildTopics.proj]
BuildAssembler : warning : ShowMissingComponent: [P:EwEMSPPlugin.UI.frmGameDesigner.m_tpPressures] Missing &lt;summary&gt; documentation [D:\Sources\Personal\Sources\2017\MSPC2050\EwEMSPplugin\Documentation\Help\Working\BuildTopics.proj]
BuildAssembler : warning : ShowMissingComponent: [P:EwEMSPPlugin.UI.frmGameDesigner.m_tsOutcome] Missing &lt;summary&gt; documentation [D:\Sources\Personal\Sources\2017\MSPC2050\EwEMSPplugin\Documentation\Help\Working\BuildTopics.proj]
BuildAssembler : warning : ResolveReferenceLinksComponent: [P:EwEMSPPlugin.UI.frmGameDesigner.m_tsOutcome] Unknown reference link target &#39;T:ScientificInterfaceShared.Controls.cEwEToolstrip&#39;. [D:\Sources\Personal\Sources\2017\MSPC2050\EwEMSPplugin\Documentation\Help\Working\BuildTopics.proj]
BuildAssembler : warning : ResolveReferenceLinksComponent: [M:EwEMSPPlugin.UI.frmGameDesigner.OnCoreMessage(EwECore.cMessage)] Unknown reference link target &#39;T:EwECore.cMessage&#39;. [D:\Sources\Personal\Sources\2017\MSPC2050\EwEMSPplugin\Documentation\Help\Working\BuildTopics.proj]
BuildAssembler : warning : ResolveReferenceLinksComponent: [T:EwEMSPPlugin.UI.gridDrivers] Unknown reference link target &#39;T:SourceGrid2.CustomScrollControl&#39;. [D:\Sources\Personal\Sources\2017\MSPC2050\EwEMSPplugin\Documentation\Help\Working\BuildTopics.proj]
BuildAssembler : warning : ResolveReferenceLinksComponent: [T:EwEMSPPlugin.UI.gridDrivers] Unknown reference link target &#39;T:SourceGrid2.GridVirtual&#39;. [D:\Sources\Personal\Sources\2017\MSPC2050\EwEMSPplugin\Documentation\Help\Working\BuildTopics.proj]
BuildAssembler : warning : ResolveReferenceLinksComponent: [T:EwEMSPPlugin.UI.gridDrivers] Unknown reference link target &#39;T:SourceGrid2.Grid&#39;. [D:\Sources\Personal\Sources\2017\MSPC2050\EwEMSPplugin\Documentation\Help\Working\BuildTopics.proj]
BuildAssembler : warning : ResolveReferenceLinksComponent: [T:EwEMSPPlugin.UI.gridDrivers] Unknown reference link target &#39;T:ScientificInterfaceShared.Controls.EwEGrid.EwEGrid&#39;. [D:\Sources\Personal\Sources\2017\MSPC2050\EwEMSPplugin\Documentation\Help\Working\BuildTopics.proj]
BuildAssembler : warning : ResolveReferenceLinksComponent: [T:EwEMSPPlugin.UI.gridDrivers] Unknown reference link target &#39;M:ScientificInterfaceShared.Controls.EwEGrid.EwEGrid.FillData&#39;. [D:\Sources\Personal\Sources\2017\MSPC2050\EwEMSPplugin\Documentation\Help\Working\BuildTopics.proj]
BuildAssembler : warning : ResolveReferenceLinksComponent: [T:EwEMSPPlugin.UI.gridDrivers] Unknown reference link target &#39;M:ScientificInterfaceShared.Controls.EwEGrid.EwEGrid.FinishStyle&#39;. [D:\Sources\Personal\Sources\2017\MSPC2050\EwEMSPplugin\Documentation\Help\Working\BuildTopics.proj]
BuildAssembler : warning : ResolveReferenceLinksComponent: [T:EwEMSPPlugin.UI.gridDrivers] Unknown reference link target &#39;M:ScientificInterfaceShared.Controls.EwEGrid.EwEGrid.InitStyle&#39;. [D:\Sources\Personal\Sources\2017\MSPC2050\EwEMSPplugin\Documentation\Help\Working\BuildTopics.proj]
BuildAssembler : warning : ResolveReferenceLinksComponent: [T:EwEMSPPlugin.UI.gridDrivers] Unknown reference link target &#39;P:ScientificInterfaceShared.Controls.EwEGrid.EwEGrid.EwEEditHandler&#39;. [D:\Sources\Personal\Sources\2017\MSPC2050\EwEMSPplugin\Documentation\Help\Working\BuildTopics.proj]
BuildAssembler : warning : ResolveReferenceLinksComponent: [T:EwEMSPPlugin.UI.gridDrivers] Unknown reference link target &#39;M:ScientificInterfaceShared.Controls.EwEGrid.EwEGrid.OnCellValueChanged(SourceGrid2.Position,SourceGrid2.Cells.ICellVirtual)&#39;. [D:\Sources\Personal\Sources\2017\MSPC2050\EwEMSPplugin\Documentation\Help\Working\BuildTopics.proj]
BuildAssembler : warning : ResolveReferenceLinksComponent: [T:EwEMSPPlugin.UI.gridDrivers] Unknown reference link target &#39;T:ScientificInterfaceShared.Controls.EwEGrid.EwEGrid&#39;. [D:\Sources\Personal\Sources\2017\MSPC2050\EwEMSPplugin\Documentation\Help\Working\BuildTopics.proj]
BuildAssembler : warning : ResolveReferenceLinksComponent: [Methods.T:EwEMSPPlugin.UI.gridDrivers] Unknown reference link target &#39;M:ScientificInterfaceShared.Controls.EwEGrid.EwEGrid.FillData&#39;. [D:\Sources\Personal\Sources\2017\MSPC2050\EwEMSPplugin\Documentation\Help\Working\BuildTopics.proj]
BuildAssembler : warning : ResolveReferenceLinksComponent: [Methods.T:EwEMSPPlugin.UI.gridDrivers] Unknown reference link target &#39;M:ScientificInterfaceShared.Controls.EwEGrid.EwEGrid.FinishStyle&#39;. [D:\Sources\Personal\Sources\2017\MSPC2050\EwEMSPplugin\Documentation\Help\Working\BuildTopics.proj]
BuildAssembler : warning : ResolveReferenceLinksComponent: [Methods.T:EwEMSPPlugin.UI.gridDrivers] Unknown reference link target &#39;M:ScientificInterfaceShared.Controls.EwEGrid.EwEGrid.InitStyle&#39;. [D:\Sources\Personal\Sources\2017\MSPC2050\EwEMSPplugin\Documentation\Help\Working\BuildTopics.proj]
BuildAssembler : warning : ResolveReferenceLinksComponent: [Methods.T:EwEMSPPlugin.UI.gridDrivers] Unknown reference link target &#39;P:ScientificInterfaceShared.Controls.EwEGrid.EwEGrid.EwEEditHandler&#39;. [D:\Sources\Personal\Sources\2017\MSPC2050\EwEMSPplugin\Documentation\Help\Working\BuildTopics.proj]
BuildAssembler : warning : ResolveReferenceLinksComponent: [Methods.T:EwEMSPPlugin.UI.gridDrivers] Unknown reference link target &#39;M:ScientificInterfaceShared.Controls.EwEGrid.EwEGrid.OnCellValueChanged(SourceGrid2.Position,SourceGrid2.Cells.ICellVirtual)&#39;. [D:\Sources\Personal\Sources\2017\MSPC2050\EwEMSPplugin\Documentation\Help\Working\BuildTopics.proj]
BuildAssembler : warning : ResolveReferenceLinksComponent: [M:EwEMSPPlugin.UI.gridDrivers.OnCellValueChanged(SourceGrid2.Position,SourceGrid2.Cells.ICellVirtual)] Unknown reference link target &#39;P:ScientificInterfaceShared.Controls.EwEGrid.EwEGrid.EwEEditHandler&#39;. [D:\Sources\Personal\Sources\2017\MSPC2050\EwEMSPplugin\Documentation\Help\Working\BuildTopics.proj]
BuildAssembler : warning : ResolveReferenceLinksComponent: [M:EwEMSPPlugin.UI.gridDrivers.OnCellValueChanged(SourceGrid2.Position,SourceGrid2.Cells.ICellVirtual)] Unknown reference link target &#39;T:SourceGrid2.Position&#39;. [D:\Sources\Personal\Sources\2017\MSPC2050\EwEMSPplugin\Documentation\Help\Working\BuildTopics.proj]
BuildAssembler : warning : ResolveReferenceLinksComponent: [M:EwEMSPPlugin.UI.gridDrivers.OnCellValueChanged(SourceGrid2.Position,SourceGrid2.Cells.ICellVirtual)] Unknown reference link target &#39;T:SourceGrid2.Cells.ICellVirtual&#39;. [D:\Sources\Personal\Sources\2017\MSPC2050\EwEMSPplugin\Documentation\Help\Working\BuildTopics.proj]
BuildAssembler : warning : ShowMissingComponent: [T:EwEMSPPlugin.UI.gridDrivers.OnMappingsChangedEventHandler] Missing &lt;summary&gt; documentation [D:\Sources\Personal\Sources\2017\MSPC2050\EwEMSPplugin\Documentation\Help\Working\BuildTopics.proj]
BuildAssembler : warning : ResolveReferenceLinksComponent: [T:EwEMSPPlugin.UI.gridEmulator] Unknown reference link target &#39;T:SourceGrid2.CustomScrollControl&#39;. [D:\Sources\Personal\Sources\2017\MSPC2050\EwEMSPplugin\Documentation\Help\Working\BuildTopics.proj]
BuildAssembler : warning : ResolveReferenceLinksComponent: [T:EwEMSPPlugin.UI.gridEmulator] Unknown reference link target &#39;T:SourceGrid2.GridVirtual&#39;. [D:\Sources\Personal\Sources\2017\MSPC2050\EwEMSPplugin\Documentation\Help\Working\BuildTopics.proj]
BuildAssembler : warning : ResolveReferenceLinksComponent: [T:EwEMSPPlugin.UI.gridEmulator] Unknown reference link target &#39;T:SourceGrid2.Grid&#39;. [D:\Sources\Personal\Sources\2017\MSPC2050\EwEMSPplugin\Documentation\Help\Working\BuildTopics.proj]
BuildAssembler : warning : ResolveReferenceLinksComponent: [T:EwEMSPPlugin.UI.gridEmulator] Unknown reference link target &#39;T:ScientificInterfaceShared.Controls.EwEGrid.EwEGrid&#39;. [D:\Sources\Personal\Sources\2017\MSPC2050\EwEMSPplugin\Documentation\Help\Working\BuildTopics.proj]
BuildAssembler : warning : ResolveReferenceLinksComponent: [T:EwEMSPPlugin.UI.gridEmulator] Unknown reference link target &#39;M:ScientificInterfaceShared.Controls.EwEGrid.EwEGrid.FillData&#39;. [D:\Sources\Personal\Sources\2017\MSPC2050\EwEMSPplugin\Documentation\Help\Working\BuildTopics.proj]
BuildAssembler : warning : ResolveReferenceLinksComponent: [T:EwEMSPPlugin.UI.gridEmulator] Unknown reference link target &#39;M:ScientificInterfaceShared.Controls.EwEGrid.EwEGrid.FinishStyle&#39;. [D:\Sources\Personal\Sources\2017\MSPC2050\EwEMSPplugin\Documentation\Help\Working\BuildTopics.proj]
BuildAssembler : warning : ResolveReferenceLinksComponent: [T:EwEMSPPlugin.UI.gridEmulator] Unknown reference link target &#39;M:ScientificInterfaceShared.Controls.EwEGrid.EwEGrid.InitStyle&#39;. [D:\Sources\Personal\Sources\2017\MSPC2050\EwEMSPplugin\Documentation\Help\Working\BuildTopics.proj]
BuildAssembler : warning : ResolveReferenceLinksComponent: [T:EwEMSPPlugin.UI.gridEmulator] Unknown reference link target &#39;M:ScientificInterfaceShared.Controls.EwEGrid.EwEGrid.OnCellClicked(SourceGrid2.Position,SourceGrid2.Cells.ICellVirtual)&#39;. [D:\Sources\Personal\Sources\2017\MSPC2050\EwEMSPplugin\Documentation\Help\Working\BuildTopics.proj]
BuildAssembler : warning : ResolveReferenceLinksComponent: [T:EwEMSPPlugin.UI.gridEmulator] Unknown reference link target &#39;P:ScientificInterfaceShared.Controls.EwEGrid.EwEGrid.EwEEditHandler&#39;. [D:\Sources\Personal\Sources\2017\MSPC2050\EwEMSPplugin\Documentation\Help\Working\BuildTopics.proj]
BuildAssembler : warning : ResolveReferenceLinksComponent: [T:EwEMSPPlugin.UI.gridEmulator] Unknown reference link target &#39;M:ScientificInterfaceShared.Controls.EwEGrid.EwEGrid.OnCellValueChanged(SourceGrid2.Position,SourceGrid2.Cells.ICellVirtual)&#39;. [D:\Sources\Personal\Sources\2017\MSPC2050\EwEMSPplugin\Documentation\Help\Working\BuildTopics.proj]
BuildAssembler : warning : ResolveReferenceLinksComponent: [T:EwEMSPPlugin.UI.gridEmulator] Unknown reference link target &#39;T:ScientificInterfaceShared.Controls.EwEGrid.EwEGrid&#39;. [D:\Sources\Personal\Sources\2017\MSPC2050\EwEMSPplugin\Documentation\Help\Working\BuildTopics.proj]
BuildAssembler : warning : ResolveReferenceLinksComponent: [Methods.T:EwEMSPPlugin.UI.gridEmulator] Unknown reference link target &#39;M:ScientificInterfaceShared.Controls.EwEGrid.EwEGrid.FillData&#39;. [D:\Sources\Personal\Sources\2017\MSPC2050\EwEMSPplugin\Documentation\Help\Working\BuildTopics.proj]
BuildAssembler : warning : ResolveReferenceLinksComponent: [Methods.T:EwEMSPPlugin.UI.gridEmulator] Unknown reference link target &#39;M:ScientificInterfaceShared.Controls.EwEGrid.EwEGrid.FinishStyle&#39;. [D:\Sources\Personal\Sources\2017\MSPC2050\EwEMSPplugin\Documentation\Help\Working\BuildTopics.proj]
BuildAssembler : warning : ResolveReferenceLinksComponent: [Methods.T:EwEMSPPlugin.UI.gridEmulator] Unknown reference link target &#39;M:ScientificInterfaceShared.Controls.EwEGrid.EwEGrid.InitStyle&#39;. [D:\Sources\Personal\Sources\2017\MSPC2050\EwEMSPplugin\Documentation\Help\Working\BuildTopics.proj]
BuildAssembler : warning : ResolveReferenceLinksComponent: [Methods.T:EwEMSPPlugin.UI.gridEmulator] Unknown reference link target &#39;M:ScientificInterfaceShared.Controls.EwEGrid.EwEGrid.OnCellClicked(SourceGrid2.Position,SourceGrid2.Cells.ICellVirtual)&#39;. [D:\Sources\Personal\Sources\2017\MSPC2050\EwEMSPplugin\Documentation\Help\Working\BuildTopics.proj]
BuildAssembler : warning : ResolveReferenceLinksComponent: [Methods.T:EwEMSPPlugin.UI.gridEmulator] Unknown reference link target &#39;P:ScientificInterfaceShared.Controls.EwEGrid.EwEGrid.EwEEditHandler&#39;. [D:\Sources\Personal\Sources\2017\MSPC2050\EwEMSPplugin\Documentation\Help\Working\BuildTopics.proj]
BuildAssembler : warning : ResolveReferenceLinksComponent: [Methods.T:EwEMSPPlugin.UI.gridEmulator] Unknown reference link target &#39;M:ScientificInterfaceShared.Controls.EwEGrid.EwEGrid.OnCellValueChanged(SourceGrid2.Position,SourceGrid2.Cells.ICellVirtual)&#39;. [D:\Sources\Personal\Sources\2017\MSPC2050\EwEMSPplugin\Documentation\Help\Working\BuildTopics.proj]
BuildAssembler : warning : ResolveReferenceLinksComponent: [M:EwEMSPPlugin.UI.gridEmulator.OnCellClicked(SourceGrid2.Position,SourceGrid2.Cells.ICellVirtual)] Unknown reference link target &#39;T:SourceGrid2.Position&#39;. [D:\Sources\Personal\Sources\2017\MSPC2050\EwEMSPplugin\Documentation\Help\Working\BuildTopics.proj]
BuildAssembler : warning : ResolveReferenceLinksComponent: [M:EwEMSPPlugin.UI.gridEmulator.OnCellClicked(SourceGrid2.Position,SourceGrid2.Cells.ICellVirtual)] Unknown reference link target &#39;T:SourceGrid2.Cells.ICellVirtual&#39;. [D:\Sources\Personal\Sources\2017\MSPC2050\EwEMSPplugin\Documentation\Help\Working\BuildTopics.proj]
BuildAssembler : warning : ResolveReferenceLinksComponent: [M:EwEMSPPlugin.UI.gridEmulator.OnCellValueChanged(SourceGrid2.Position,SourceGrid2.Cells.ICellVirtual)] Unknown reference link target &#39;P:ScientificInterfaceShared.Controls.EwEGrid.EwEGrid.EwEEditHandler&#39;. [D:\Sources\Personal\Sources\2017\MSPC2050\EwEMSPplugin\Documentation\Help\Working\BuildTopics.proj]
BuildAssembler : warning : ResolveReferenceLinksComponent: [M:EwEMSPPlugin.UI.gridEmulator.OnCellValueChanged(SourceGrid2.Position,SourceGrid2.Cells.ICellVirtual)] Unknown reference link target &#39;T:SourceGrid2.Position&#39;. [D:\Sources\Personal\Sources\2017\MSPC2050\EwEMSPplugin\Documentation\Help\Working\BuildTopics.proj]
BuildAssembler : warning : ResolveReferenceLinksComponent: [M:EwEMSPPlugin.UI.gridEmulator.OnCellValueChanged(SourceGrid2.Position,SourceGrid2.Cells.ICellVirtual)] Unknown reference link target &#39;T:SourceGrid2.Cells.ICellVirtual&#39;. [D:\Sources\Personal\Sources\2017\MSPC2050\EwEMSPplugin\Documentation\Help\Working\BuildTopics.proj]
BuildAssembler : warning : ShowMissingComponent: [T:EwEMSPPlugin.UI.gridEmulator.OnTestsetChangedEventHandler] Missing &lt;summary&gt; documentation [D:\Sources\Personal\Sources\2017\MSPC2050\EwEMSPplugin\Documentation\Help\Working\BuildTopics.proj]
BuildAssembler : warning : ResolveReferenceLinksComponent: [T:EwEMSPPlugin.UI.gridOutcomes] Unknown reference link target &#39;T:SourceGrid2.CustomScrollControl&#39;. [D:\Sources\Personal\Sources\2017\MSPC2050\EwEMSPplugin\Documentation\Help\Working\BuildTopics.proj]
BuildAssembler : warning : ResolveReferenceLinksComponent: [T:EwEMSPPlugin.UI.gridOutcomes] Unknown reference link target &#39;T:SourceGrid2.GridVirtual&#39;. [D:\Sources\Personal\Sources\2017\MSPC2050\EwEMSPplugin\Documentation\Help\Working\BuildTopics.proj]
BuildAssembler : warning : ResolveReferenceLinksComponent: [T:EwEMSPPlugin.UI.gridOutcomes] Unknown reference link target &#39;T:SourceGrid2.Grid&#39;. [D:\Sources\Personal\Sources\2017\MSPC2050\EwEMSPplugin\Documentation\Help\Working\BuildTopics.proj]
BuildAssembler : warning : ResolveReferenceLinksComponent: [T:EwEMSPPlugin.UI.gridOutcomes] Unknown reference link target &#39;T:ScientificInterfaceShared.Controls.EwEGrid.EwEGrid&#39;. [D:\Sources\Personal\Sources\2017\MSPC2050\EwEMSPplugin\Documentation\Help\Working\BuildTopics.proj]
BuildAssembler : warning : ResolveReferenceLinksComponent: [T:EwEMSPPlugin.UI.gridOutcomes] Unknown reference link target &#39;M:ScientificInterfaceShared.Controls.EwEGrid.EwEGrid.FillData&#39;. [D:\Sources\Personal\Sources\2017\MSPC2050\EwEMSPplugin\Documentation\Help\Working\BuildTopics.proj]
BuildAssembler : warning : ResolveReferenceLinksComponent: [T:EwEMSPPlugin.UI.gridOutcomes] Unknown reference link target &#39;M:ScientificInterfaceShared.Controls.EwEGrid.EwEGrid.FinishStyle&#39;. [D:\Sources\Personal\Sources\2017\MSPC2050\EwEMSPplugin\Documentation\Help\Working\BuildTopics.proj]
BuildAssembler : warning : ResolveReferenceLinksComponent: [T:EwEMSPPlugin.UI.gridOutcomes] Unknown reference link target &#39;M:ScientificInterfaceShared.Controls.EwEGrid.EwEGrid.InitStyle&#39;. [D:\Sources\Personal\Sources\2017\MSPC2050\EwEMSPplugin\Documentation\Help\Working\BuildTopics.proj]
BuildAssembler : warning : ResolveReferenceLinksComponent: [T:EwEMSPPlugin.UI.gridOutcomes] Unknown reference link target &#39;P:ScientificInterfaceShared.Controls.EwEGrid.EwEGrid.EwEEditHandler&#39;. [D:\Sources\Personal\Sources\2017\MSPC2050\EwEMSPplugin\Documentation\Help\Working\BuildTopics.proj]
BuildAssembler : warning : ResolveReferenceLinksComponent: [T:EwEMSPPlugin.UI.gridOutcomes] Unknown reference link target &#39;M:ScientificInterfaceShared.Controls.EwEGrid.EwEGrid.OnCellValueChanged(SourceGrid2.Position,SourceGrid2.Cells.ICellVirtual)&#39;. [D:\Sources\Personal\Sources\2017\MSPC2050\EwEMSPplugin\Documentation\Help\Working\BuildTopics.proj]
BuildAssembler : warning : ResolveReferenceLinksComponent: [T:EwEMSPPlugin.UI.gridOutcomes] Unknown reference link target &#39;T:ScientificInterfaceShared.Controls.EwEGrid.EwEGrid&#39;. [D:\Sources\Personal\Sources\2017\MSPC2050\EwEMSPplugin\Documentation\Help\Working\BuildTopics.proj]
BuildAssembler : warning : ResolveReferenceLinksComponent: [Methods.T:EwEMSPPlugin.UI.gridOutcomes] Unknown reference link target &#39;M:ScientificInterfaceShared.Controls.EwEGrid.EwEGrid.FillData&#39;. [D:\Sources\Personal\Sources\2017\MSPC2050\EwEMSPplugin\Documentation\Help\Working\BuildTopics.proj]
BuildAssembler : warning : ResolveReferenceLinksComponent: [Methods.T:EwEMSPPlugin.UI.gridOutcomes] Unknown reference link target &#39;M:ScientificInterfaceShared.Controls.EwEGrid.EwEGrid.FinishStyle&#39;. [D:\Sources\Personal\Sources\2017\MSPC2050\EwEMSPplugin\Documentation\Help\Working\BuildTopics.proj]
BuildAssembler : warning : ResolveReferenceLinksComponent: [Methods.T:EwEMSPPlugin.UI.gridOutcomes] Unknown reference link target &#39;M:ScientificInterfaceShared.Controls.EwEGrid.EwEGrid.InitStyle&#39;. [D:\Sources\Personal\Sources\2017\MSPC2050\EwEMSPplugin\Documentation\Help\Working\BuildTopics.proj]
BuildAssembler : warning : ResolveReferenceLinksComponent: [Methods.T:EwEMSPPlugin.UI.gridOutcomes] Unknown reference link target &#39;P:ScientificInterfaceShared.Controls.EwEGrid.EwEGrid.EwEEditHandler&#39;. [D:\Sources\Personal\Sources\2017\MSPC2050\EwEMSPplugin\Documentation\Help\Working\BuildTopics.proj]
BuildAssembler : warning : ResolveReferenceLinksComponent: [Methods.T:EwEMSPPlugin.UI.gridOutcomes] Unknown reference link target &#39;M:ScientificInterfaceShared.Controls.EwEGrid.EwEGrid.OnCellValueChanged(SourceGrid2.Position,SourceGrid2.Cells.ICellVirtual)&#39;. [D:\Sources\Personal\Sources\2017\MSPC2050\EwEMSPplugin\Documentation\Help\Working\BuildTopics.proj]
BuildAssembler : warning : ResolveReferenceLinksComponent: [M:EwEMSPPlugin.UI.gridOutcomes.OnCellValueChanged(SourceGrid2.Position,SourceGrid2.Cells.ICellVirtual)] Unknown reference link target &#39;P:ScientificInterfaceShared.Controls.EwEGrid.EwEGrid.EwEEditHandler&#39;. [D:\Sources\Personal\Sources\2017\MSPC2050\EwEMSPplugin\Documentation\Help\Working\BuildTopics.proj]
BuildAssembler : warning : ResolveReferenceLinksComponent: [M:EwEMSPPlugin.UI.gridOutcomes.OnCellValueChanged(SourceGrid2.Position,SourceGrid2.Cells.ICellVirtual)] Unknown reference link target &#39;T:SourceGrid2.Position&#39;. [D:\Sources\Personal\Sources\2017\MSPC2050\EwEMSPplugin\Documentation\Help\Working\BuildTopics.proj]
BuildAssembler : warning : ResolveReferenceLinksComponent: [M:EwEMSPPlugin.UI.gridOutcomes.OnCellValueChanged(SourceGrid2.Position,SourceGrid2.Cells.ICellVirtual)] Unknown reference link target &#39;T:SourceGrid2.Cells.ICellVirtual&#39;. [D:\Sources\Personal\Sources\2017\MSPC2050\EwEMSPplugin\Documentation\Help\Working\BuildTopics.proj]
BuildAssembler : warning : ShowMissingComponent: [T:EwEMSPPlugin.UI.gridOutcomes.OnMappingsChangedEventHandler] Missing &lt;summary&gt; documentation [D:\Sources\Personal\Sources\2017\MSPC2050\EwEMSPplugin\Documentation\Help\Working\BuildTopics.proj]
BuildAssembler : warning : ResolveReferenceLinksComponent: [N:EwEShell] Unknown reference link target &#39;P:EwECore.cEcospaceFleetInput.TotalEffMultiplier&#39;. [D:\Sources\Personal\Sources\2017\MSPC2050\EwEMSPplugin\Documentation\Help\Working\BuildTopics.proj]
BuildAssembler : warning : ResolveReferenceLinksComponent: [N:EwEShell] Unknown reference link target &#39;T:EwECore.cEcospaceFleet&#39;. [D:\Sources\Personal\Sources\2017\MSPC2050\EwEMSPplugin\Documentation\Help\Working\BuildTopics.proj]
BuildAssembler : warning : ResolveReferenceLinksComponent: [N:EwEShell] Unknown reference link target &#39;T:EwECore.cEcospaceLayerDriver&#39;. [D:\Sources\Personal\Sources\2017\MSPC2050\EwEMSPplugin\Documentation\Help\Working\BuildTopics.proj]
BuildAssembler : warning : ResolveReferenceLinksComponent: [N:EwEShell] Unknown reference link target &#39;T:EwECore.cEcospaceLayerHabitat&#39;. [D:\Sources\Personal\Sources\2017\MSPC2050\EwEMSPplugin\Documentation\Help\Working\BuildTopics.proj]
BuildAssembler : warning : ResolveReferenceLinksComponent: [N:EwEShell] Unknown reference link target &#39;T:EwECore.cEcospaceHabitat&#39;. [D:\Sources\Personal\Sources\2017\MSPC2050\EwEMSPplugin\Documentation\Help\Working\BuildTopics.proj]
BuildAssembler : warning : ResolveReferenceLinksComponent: [N:EwEShell] Unknown reference link target &#39;T:EwECore.cEcospaceLayerMPA&#39;. [D:\Sources\Personal\Sources\2017\MSPC2050\EwEMSPplugin\Documentation\Help\Working\BuildTopics.proj]
BuildAssembler : warning : ResolveReferenceLinksComponent: [N:EwEShell] Unknown reference link target &#39;T:EwECore.cEcospaceMPA&#39;. [D:\Sources\Personal\Sources\2017\MSPC2050\EwEMSPplugin\Documentation\Help\Working\BuildTopics.proj]
BuildAssembler : warning : ResolveReferenceLinksComponent: [N:EwEShell] Unknown reference link target &#39;T:EwECore.eDiversityIndexType&#39;. [D:\Sources\Personal\Sources\2017\MSPC2050\EwEMSPplugin\Documentation\Help\Working\BuildTopics.proj]
BuildAssembler : warning : ResolveReferenceLinksComponent: [T:EwEShell.cDriver] Unknown reference link target &#39;M:EwECore.cCoreInputOutputBase.GetID&#39;. [D:\Sources\Personal\Sources\2017\MSPC2050\EwEMSPplugin\Documentation\Help\Working\BuildTopics.proj]
BuildAssembler : warning : ResolveReferenceLinksComponent: [T:EwEShell.cDriver] Unknown reference link target &#39;T:EwECore.cCore&#39;. [D:\Sources\Personal\Sources\2017\MSPC2050\EwEMSPplugin\Documentation\Help\Working\BuildTopics.proj]
BuildAssembler : warning : ResolveReferenceLinksComponent: [Methods.T:EwEShell.cDriver] Unknown reference link target &#39;M:EwECore.cCoreInputOutputBase.GetID&#39;. [D:\Sources\Personal\Sources\2017\MSPC2050\EwEMSPplugin\Documentation\Help\Working\BuildTopics.proj]
BuildAssembler : warning : ResolveReferenceLinksComponent: [Fields.T:EwEShell.cDriver] Unknown reference link target &#39;T:EwECore.cCore&#39;. [D:\Sources\Personal\Sources\2017\MSPC2050\EwEMSPplugin\Documentation\Help\Working\BuildTopics.proj]
BuildAssembler : warning : ResolveReferenceLinksComponent: [M:EwEShell.cDriver.#ctor(EwECore.cCore,EwEShell.cGame,System.String)] Unknown reference link target &#39;T:EwECore.cCore&#39;. [D:\Sources\Personal\Sources\2017\MSPC2050\EwEMSPplugin\Documentation\Help\Working\BuildTopics.proj]
BuildAssembler : warning : ResolveReferenceLinksComponent: [M:EwEShell.cDriver.#ctor(EwECore.cCore,EwEShell.cGame,System.String)] Unknown reference link target &#39;T:EwECore.cCore&#39;. [D:\Sources\Personal\Sources\2017\MSPC2050\EwEMSPplugin\Documentation\Help\Working\BuildTopics.proj]
BuildAssembler : warning : ResolveReferenceLinksComponent: [M:EwEShell.cDriver.Apply(EwEShell.cPressure,EwECore.cEcospaceDataStructures,System.Double)] Unknown reference link target &#39;T:EwECore.cEcospaceDataStructures&#39;. [D:\Sources\Personal\Sources\2017\MSPC2050\EwEMSPplugin\Documentation\Help\Working\BuildTopics.proj]
BuildAssembler : warning : ResolveReferenceLinksComponent: [M:EwEShell.cDriver.Apply(EwEShell.cPressure,EwECore.cEcospaceDataStructures,System.Double)] Unknown reference link target &#39;T:EwECore.ICoreInputOutput&#39;. [D:\Sources\Personal\Sources\2017\MSPC2050\EwEMSPplugin\Documentation\Help\Working\BuildTopics.proj]
BuildAssembler : warning : ResolveReferenceLinksComponent: [M:EwEShell.cDriver.Apply(EwEShell.cPressure,EwECore.cEcospaceDataStructures,System.Double)] Unknown reference link target &#39;T:EwECore.cCoreInputOutputBase&#39;. [D:\Sources\Personal\Sources\2017\MSPC2050\EwEMSPplugin\Documentation\Help\Working\BuildTopics.proj]
BuildAssembler : warning : ResolveReferenceLinksComponent: [M:EwEShell.cDriver.Apply(EwEShell.cPressure,EwECore.cEcospaceDataStructures,System.Double)] Unknown reference link target &#39;T:EwECore.cEcospaceDataStructures&#39;. [D:\Sources\Personal\Sources\2017\MSPC2050\EwEMSPplugin\Documentation\Help\Working\BuildTopics.proj]
BuildAssembler : warning : ResolveReferenceLinksComponent: [F:EwEShell.cDriver.m_core] Unknown reference link target &#39;T:EwECore.cCore&#39;. [D:\Sources\Personal\Sources\2017\MSPC2050\EwEMSPplugin\Documentation\Help\Working\BuildTopics.proj]
BuildAssembler : warning : ResolveReferenceLinksComponent: [F:EwEShell.cDriver.m_core] Unknown reference link target &#39;T:EwECore.cCore&#39;. [D:\Sources\Personal\Sources\2017\MSPC2050\EwEMSPplugin\Documentation\Help\Working\BuildTopics.proj]
BuildAssembler : warning : ResolveReferenceLinksComponent: [M:EwEShell.cDriver.ValueID] Unknown reference link target &#39;M:EwECore.cCoreInputOutputBase.GetID&#39;. [D:\Sources\Personal\Sources\2017\MSPC2050\EwEMSPplugin\Documentation\Help\Working\BuildTopics.proj]
BuildAssembler : warning : ResolveReferenceLinksComponent: [T:EwEShell.cEcospaceController] Unknown reference link target &#39;T:EwECore.cEcospaceDataStructures&#39;. [D:\Sources\Personal\Sources\2017\MSPC2050\EwEMSPplugin\Documentation\Help\Working\BuildTopics.proj]
BuildAssembler : warning : ResolveReferenceLinksComponent: [T:EwEShell.cEcospaceController] Unknown reference link target &#39;T:EwECore.cEcospaceDataStructures&#39;. [D:\Sources\Personal\Sources\2017\MSPC2050\EwEMSPplugin\Documentation\Help\Working\BuildTopics.proj]
BuildAssembler : warning : ResolveReferenceLinksComponent: [Methods.T:EwEShell.cEcospaceController] Unknown reference link target &#39;T:EwECore.cEcospaceDataStructures&#39;. [D:\Sources\Personal\Sources\2017\MSPC2050\EwEMSPplugin\Documentation\Help\Working\BuildTopics.proj]
BuildAssembler : warning : ResolveReferenceLinksComponent: [P:EwEShell.cEcospaceController.Author] Unknown reference link target &#39;P:EwEPlugin.IPlugin.Author&#39;. [D:\Sources\Personal\Sources\2017\MSPC2050\EwEMSPplugin\Documentation\Help\Working\BuildTopics.proj]
BuildAssembler : warning : ResolveReferenceLinksComponent: [P:EwEShell.cEcospaceController.Contact] Unknown reference link target &#39;P:EwEPlugin.IPlugin.Contact&#39;. [D:\Sources\Personal\Sources\2017\MSPC2050\EwEMSPplugin\Documentation\Help\Working\BuildTopics.proj]
BuildAssembler : warning : ResolveReferenceLinksComponent: [M:EwEShell.cEcospaceController.Continue(EwEShell.cPressure[],EwEShell.cGrid[])] Unknown reference link target &#39;!:Start(cPressure(), cGrid())&#39;. [D:\Sources\Personal\Sources\2017\MSPC2050\EwEMSPplugin\Documentation\Help\Working\BuildTopics.proj]
BuildAssembler : warning : ResolveReferenceLinksComponent: [M:EwEShell.cEcospaceController.Continue(EwEShell.cPressure[],EwEShell.cGrid[])] Invalid reference link target &#39;!:Start(cPressure(), cGrid())&#39;. [D:\Sources\Personal\Sources\2017\MSPC2050\EwEMSPplugin\Documentation\Help\Working\BuildTopics.proj]
BuildAssembler : warning : ResolveReferenceLinksComponent: [P:EwEShell.cEcospaceController.Description] Unknown reference link target &#39;P:EwEPlugin.IPlugin.Description&#39;. [D:\Sources\Personal\Sources\2017\MSPC2050\EwEMSPplugin\Documentation\Help\Working\BuildTopics.proj]
BuildAssembler : warning : ResolveReferenceLinksComponent: [M:EwEShell.cEcospaceController.EcospaceInitialized(System.Object)] Unknown reference link target &#39;T:EwECore.cEcospaceDataStructures&#39;. [D:\Sources\Personal\Sources\2017\MSPC2050\EwEMSPplugin\Documentation\Help\Working\BuildTopics.proj]
BuildAssembler : warning : ResolveReferenceLinksComponent: [M:EwEShell.cEcospaceController.EcospaceInitialized(System.Object)] Unknown reference link target &#39;M:EwEPlugin.IEcospaceInitializedPlugin.EcospaceInitialized(System.Object)&#39;. [D:\Sources\Personal\Sources\2017\MSPC2050\EwEMSPplugin\Documentation\Help\Working\BuildTopics.proj]
BuildAssembler : warning : ResolveReferenceLinksComponent: [M:EwEShell.cEcospaceController.Initialize(System.Object)] Unknown reference link target &#39;M:EwEPlugin.IPlugin.Initialize(System.Object)&#39;. [D:\Sources\Personal\Sources\2017\MSPC2050\EwEMSPplugin\Documentation\Help\Working\BuildTopics.proj]
BuildAssembler : warning : ResolveReferenceLinksComponent: [P:EwEShell.cEcospaceController.Name] Unknown reference link target &#39;P:EwEPlugin.IPlugin.Name&#39;. [D:\Sources\Personal\Sources\2017\MSPC2050\EwEMSPplugin\Documentation\Help\Working\BuildTopics.proj]
BuildAssembler : warning : ResolveReferenceLinksComponent: [T:EwEShell.cEffortDriver] Unknown reference link target &#39;P:EwECore.cEcospaceFleetInput.TotalEffMultiplier&#39;. [D:\Sources\Personal\Sources\2017\MSPC2050\EwEMSPplugin\Documentation\Help\Working\BuildTopics.proj]
BuildAssembler : warning : ResolveReferenceLinksComponent: [T:EwEShell.cEffortDriver] Unknown reference link target &#39;T:EwECore.cEcospaceFleet&#39;. [D:\Sources\Personal\Sources\2017\MSPC2050\EwEMSPplugin\Documentation\Help\Working\BuildTopics.proj]
BuildAssembler : warning : ResolveReferenceLinksComponent: [T:EwEShell.cEffortDriver] Unknown reference link target &#39;P:EwECore.cEcospaceFleetInput.TotalEffMultiplier&#39;. [D:\Sources\Personal\Sources\2017\MSPC2050\EwEMSPplugin\Documentation\Help\Working\BuildTopics.proj]
BuildAssembler : warning : ResolveReferenceLinksComponent: [T:EwEShell.cEffortDriver] Unknown reference link target &#39;T:EwECore.cEcospaceFleetInput&#39;. [D:\Sources\Personal\Sources\2017\MSPC2050\EwEMSPplugin\Documentation\Help\Working\BuildTopics.proj]
BuildAssembler : warning : ResolveReferenceLinksComponent: [Methods.T:EwEShell.cEffortDriver] Unknown reference link target &#39;T:EwECore.cEcospaceFleetInput&#39;. [D:\Sources\Personal\Sources\2017\MSPC2050\EwEMSPplugin\Documentation\Help\Working\BuildTopics.proj]
BuildAssembler : warning : ResolveReferenceLinksComponent: [M:EwEShell.cEffortDriver.#ctor(EwECore.cCore,EwEShell.cGame,EwECore.cEcopathFleetInput)] Unknown reference link target &#39;P:EwECore.cEcospaceFleetInput.TotalEffMultiplier&#39;. [D:\Sources\Personal\Sources\2017\MSPC2050\EwEMSPplugin\Documentation\Help\Working\BuildTopics.proj]
BuildAssembler : warning : ResolveReferenceLinksComponent: [M:EwEShell.cEffortDriver.#ctor(EwECore.cCore,EwEShell.cGame,EwECore.cEcopathFleetInput)] Unknown reference link target &#39;T:EwECore.cCore&#39;. [D:\Sources\Personal\Sources\2017\MSPC2050\EwEMSPplugin\Documentation\Help\Working\BuildTopics.proj]
BuildAssembler : warning : ResolveReferenceLinksComponent: [M:EwEShell.cEffortDriver.#ctor(EwECore.cCore,EwEShell.cGame,EwECore.cEcopathFleetInput)] Unknown reference link target &#39;T:EwECore.cCore&#39;. [D:\Sources\Personal\Sources\2017\MSPC2050\EwEMSPplugin\Documentation\Help\Working\BuildTopics.proj]
BuildAssembler : warning : ResolveReferenceLinksComponent: [M:EwEShell.cEffortDriver.#ctor(EwECore.cCore,EwEShell.cGame,EwECore.cEcopathFleetInput)] Unknown reference link target &#39;T:EwECore.cEcopathFleetInput&#39;. [D:\Sources\Personal\Sources\2017\MSPC2050\EwEMSPplugin\Documentation\Help\Working\BuildTopics.proj]
BuildAssembler : warning : ResolveReferenceLinksComponent: [M:EwEShell.cEffortDriver.#ctor(EwECore.cCore,EwEShell.cGame,EwECore.cEcopathFleetInput)] Unknown reference link target &#39;T:EwECore.cEcospaceFleet&#39;. [D:\Sources\Personal\Sources\2017\MSPC2050\EwEMSPplugin\Documentation\Help\Working\BuildTopics.proj]
BuildAssembler : warning : ResolveReferenceLinksComponent: [M:EwEShell.cEffortDriver.Apply(EwEShell.cPressure,EwECore.cEcospaceDataStructures,System.Double)] Unknown reference link target &#39;T:EwECore.cEcospaceDataStructures&#39;. [D:\Sources\Personal\Sources\2017\MSPC2050\EwEMSPplugin\Documentation\Help\Working\BuildTopics.proj]
BuildAssembler : warning : ResolveReferenceLinksComponent: [M:EwEShell.cEffortDriver.ValueID] Unknown reference link target &#39;T:EwECore.cEcospaceFleetInput&#39;. [D:\Sources\Personal\Sources\2017\MSPC2050\EwEMSPplugin\Documentation\Help\Working\BuildTopics.proj]
BuildAssembler : warning : ResolveReferenceLinksComponent: [M:EwEShell.cEffortDriver.ValueID] Unknown reference link target &#39;T:EwECore.cEcospaceFleetInput&#39;. [D:\Sources\Personal\Sources\2017\MSPC2050\EwEMSPplugin\Documentation\Help\Working\BuildTopics.proj]
BuildAssembler : warning : ResolveReferenceLinksComponent: [T:EwEShell.cEnvironmentalDriver] Unknown reference link target &#39;T:EwECore.cEcospaceLayerDriver&#39;. [D:\Sources\Personal\Sources\2017\MSPC2050\EwEMSPplugin\Documentation\Help\Working\BuildTopics.proj]
BuildAssembler : warning : ResolveReferenceLinksComponent: [T:EwEShell.cEnvironmentalDriver] Unknown reference link target &#39;T:EwECore.cEcospaceLayerMPA&#39;. [D:\Sources\Personal\Sources\2017\MSPC2050\EwEMSPplugin\Documentation\Help\Working\BuildTopics.proj]
BuildAssembler : warning : ResolveReferenceLinksComponent: [T:EwEShell.cEnvironmentalDriver] Unknown reference link target &#39;T:EwECore.cEcospaceMPA&#39;. [D:\Sources\Personal\Sources\2017\MSPC2050\EwEMSPplugin\Documentation\Help\Working\BuildTopics.proj]
BuildAssembler : warning : ResolveReferenceLinksComponent: [T:EwEShell.cEnvironmentalDriver] Unknown reference link target &#39;T:EwECore.cEcospaceLayerDriver&#39;. [D:\Sources\Personal\Sources\2017\MSPC2050\EwEMSPplugin\Documentation\Help\Working\BuildTopics.proj]
BuildAssembler : warning : ResolveReferenceLinksComponent: [T:EwEShell.cEnvironmentalDriver] Unknown reference link target &#39;T:EwECore.cEcospaceMPA&#39;. [D:\Sources\Personal\Sources\2017\MSPC2050\EwEMSPplugin\Documentation\Help\Working\BuildTopics.proj]
BuildAssembler : warning : ResolveReferenceLinksComponent: [Methods.T:EwEShell.cEnvironmentalDriver] Unknown reference link target &#39;T:EwECore.cEcospaceLayerDriver&#39;. [D:\Sources\Personal\Sources\2017\MSPC2050\EwEMSPplugin\Documentation\Help\Working\BuildTopics.proj]
BuildAssembler : warning : ResolveReferenceLinksComponent: [Methods.T:EwEShell.cEnvironmentalDriver] Unknown reference link target &#39;T:EwECore.cEcospaceMPA&#39;. [D:\Sources\Personal\Sources\2017\MSPC2050\EwEMSPplugin\Documentation\Help\Working\BuildTopics.proj]
BuildAssembler : warning : ResolveReferenceLinksComponent: [M:EwEShell.cEnvironmentalDriver.#ctor(EwECore.cCore,EwEShell.cGame,EwECore.cEcospaceLayerDriver)] Unknown reference link target &#39;T:EwECore.cEcospaceLayerMPA&#39;. [D:\Sources\Personal\Sources\2017\MSPC2050\EwEMSPplugin\Documentation\Help\Working\BuildTopics.proj]
BuildAssembler : warning : ResolveReferenceLinksComponent: [M:EwEShell.cEnvironmentalDriver.#ctor(EwECore.cCore,EwEShell.cGame,EwECore.cEcospaceLayerDriver)] Unknown reference link target &#39;T:EwECore.cEcospaceMPA&#39;. [D:\Sources\Personal\Sources\2017\MSPC2050\EwEMSPplugin\Documentation\Help\Working\BuildTopics.proj]
BuildAssembler : warning : ResolveReferenceLinksComponent: [M:EwEShell.cEnvironmentalDriver.#ctor(EwECore.cCore,EwEShell.cGame,EwECore.cEcospaceLayerDriver)] Unknown reference link target &#39;T:EwECore.cCore&#39;. [D:\Sources\Personal\Sources\2017\MSPC2050\EwEMSPplugin\Documentation\Help\Working\BuildTopics.proj]
BuildAssembler : warning : ResolveReferenceLinksComponent: [M:EwEShell.cEnvironmentalDriver.#ctor(EwECore.cCore,EwEShell.cGame,EwECore.cEcospaceLayerDriver)] Unknown reference link target &#39;T:EwECore.cCore&#39;. [D:\Sources\Personal\Sources\2017\MSPC2050\EwEMSPplugin\Documentation\Help\Working\BuildTopics.proj]
BuildAssembler : warning : ResolveReferenceLinksComponent: [M:EwEShell.cEnvironmentalDriver.#ctor(EwECore.cCore,EwEShell.cGame,EwECore.cEcospaceLayerDriver)] Unknown reference link target &#39;T:EwECore.cEcospaceLayerDriver&#39;. [D:\Sources\Personal\Sources\2017\MSPC2050\EwEMSPplugin\Documentation\Help\Working\BuildTopics.proj]
BuildAssembler : warning : ResolveReferenceLinksComponent: [M:EwEShell.cEnvironmentalDriver.#ctor(EwECore.cCore,EwEShell.cGame,EwECore.cEcospaceLayerDriver)] Unknown reference link target &#39;T:EwECore.cEcospaceLayerDriver&#39;. [D:\Sources\Personal\Sources\2017\MSPC2050\EwEMSPplugin\Documentation\Help\Working\BuildTopics.proj]
BuildAssembler : warning : ResolveReferenceLinksComponent: [M:EwEShell.cEnvironmentalDriver.Apply(EwEShell.cPressure,EwECore.cEcospaceDataStructures,System.Double)] Unknown reference link target &#39;T:EwECore.cEcospaceLayerDriver&#39;. [D:\Sources\Personal\Sources\2017\MSPC2050\EwEMSPplugin\Documentation\Help\Working\BuildTopics.proj]
BuildAssembler : warning : ResolveReferenceLinksComponent: [M:EwEShell.cEnvironmentalDriver.Apply(EwEShell.cPressure,EwECore.cEcospaceDataStructures,System.Double)] Unknown reference link target &#39;T:EwECore.cEcospaceDataStructures&#39;. [D:\Sources\Personal\Sources\2017\MSPC2050\EwEMSPplugin\Documentation\Help\Working\BuildTopics.proj]
BuildAssembler : warning : ResolveReferenceLinksComponent: [M:EwEShell.cEnvironmentalDriver.ValueID] Unknown reference link target &#39;T:EwECore.cEcospaceMPA&#39;. [D:\Sources\Personal\Sources\2017\MSPC2050\EwEMSPplugin\Documentation\Help\Working\BuildTopics.proj]
BuildAssembler : warning : ResolveReferenceLinksComponent: [M:EwEShell.cEnvironmentalDriver.ValueID] Unknown reference link target &#39;T:EwECore.cEcospaceMPA&#39;. [D:\Sources\Personal\Sources\2017\MSPC2050\EwEMSPplugin\Documentation\Help\Working\BuildTopics.proj]
BuildAssembler : warning : ResolveReferenceLinksComponent: [T:EwEShell.cEwEShell] Unknown reference link target &#39;T:EwECore.cCore&#39;. [D:\Sources\Personal\Sources\2017\MSPC2050\EwEMSPplugin\Documentation\Help\Working\BuildTopics.proj]
BuildAssembler : warning : ResolveReferenceLinksComponent: [T:EwEShell.cEwEShell] Unknown reference link target &#39;M:EwECore.cCore.HasChanges&#39;. [D:\Sources\Personal\Sources\2017\MSPC2050\EwEMSPplugin\Documentation\Help\Working\BuildTopics.proj]
BuildAssembler : warning : ResolveReferenceLinksComponent: [Methods.T:EwEShell.cEwEShell] Unknown reference link target &#39;M:EwECore.cCore.HasChanges&#39;. [D:\Sources\Personal\Sources\2017\MSPC2050\EwEMSPplugin\Documentation\Help\Working\BuildTopics.proj]
BuildAssembler : warning : ResolveReferenceLinksComponent: [Properties.T:EwEShell.cEwEShell] Unknown reference link target &#39;T:EwECore.cCore&#39;. [D:\Sources\Personal\Sources\2017\MSPC2050\EwEMSPplugin\Documentation\Help\Working\BuildTopics.proj]
BuildAssembler : warning : ResolveReferenceLinksComponent: [M:EwEShell.cEwEShell.#ctor(EwECore.cCore)] Unknown reference link target &#39;T:EwECore.cCore&#39;. [D:\Sources\Personal\Sources\2017\MSPC2050\EwEMSPplugin\Documentation\Help\Working\BuildTopics.proj]
BuildAssembler : warning : ResolveReferenceLinksComponent: [P:EwEShell.cEwEShell.Core] Unknown reference link target &#39;T:EwECore.cCore&#39;. [D:\Sources\Personal\Sources\2017\MSPC2050\EwEMSPplugin\Documentation\Help\Working\BuildTopics.proj]
BuildAssembler : warning : ResolveReferenceLinksComponent: [P:EwEShell.cEwEShell.Core] Unknown reference link target &#39;T:EwECore.cCore&#39;. [D:\Sources\Personal\Sources\2017\MSPC2050\EwEMSPplugin\Documentation\Help\Working\BuildTopics.proj]
BuildAssembler : warning : ResolveReferenceLinksComponent: [M:EwEShell.cEwEShell.OnChanged] Unknown reference link target &#39;M:EwECore.cCore.HasChanges&#39;. [D:\Sources\Personal\Sources\2017\MSPC2050\EwEMSPplugin\Documentation\Help\Working\BuildTopics.proj]
BuildAssembler : warning : ShowMissingComponent: [M:EwEShell.cEwEShell.Tick(System.Collections.Generic.List{EwEShell.cPressure},System.Collections.Generic.List{EwEShell.cGrid})] Missing &lt;param name=&quot;pressures&quot;/&gt; documentation [D:\Sources\Personal\Sources\2017\MSPC2050\EwEMSPplugin\Documentation\Help\Working\BuildTopics.proj]
BuildAssembler : warning : ShowMissingComponent: [M:EwEShell.cEwEShell.Tick(System.Collections.Generic.List{EwEShell.cPressure},System.Collections.Generic.List{EwEShell.cGrid})] Missing &lt;param name=&quot;outcomelayers&quot;/&gt; documentation [D:\Sources\Personal\Sources\2017\MSPC2050\EwEMSPplugin\Documentation\Help\Working\BuildTopics.proj]
BuildAssembler : warning : ResolveReferenceLinksComponent: [T:EwEShell.cGame] Unknown reference link target &#39;P:EwECore.cCoreInputOutputBase.DBID&#39;. [D:\Sources\Personal\Sources\2017\MSPC2050\EwEMSPplugin\Documentation\Help\Working\BuildTopics.proj]
BuildAssembler : warning : ResolveReferenceLinksComponent: [T:EwEShell.cGame] Unknown reference link target &#39;P:EwECore.cCoreInputOutputBase.DBID&#39;. [D:\Sources\Personal\Sources\2017\MSPC2050\EwEMSPplugin\Documentation\Help\Working\BuildTopics.proj]
BuildAssembler : warning : ResolveReferenceLinksComponent: [T:EwEShell.cGame] Unknown reference link target &#39;T:EwECore.cEcoSimScenario&#39;. [D:\Sources\Personal\Sources\2017\MSPC2050\EwEMSPplugin\Documentation\Help\Working\BuildTopics.proj]
BuildAssembler : warning : ResolveReferenceLinksComponent: [T:EwEShell.cGame] Unknown reference link target &#39;T:EwECore.cEcospaceScenario&#39;. [D:\Sources\Personal\Sources\2017\MSPC2050\EwEMSPplugin\Documentation\Help\Working\BuildTopics.proj]
BuildAssembler : warning : ResolveReferenceLinksComponent: [Methods.T:EwEShell.cGame] Unknown reference link target &#39;T:EwECore.cEcoSimScenario&#39;. [D:\Sources\Personal\Sources\2017\MSPC2050\EwEMSPplugin\Documentation\Help\Working\BuildTopics.proj]
BuildAssembler : warning : ResolveReferenceLinksComponent: [Methods.T:EwEShell.cGame] Unknown reference link target &#39;T:EwECore.cEcospaceScenario&#39;. [D:\Sources\Personal\Sources\2017\MSPC2050\EwEMSPplugin\Documentation\Help\Working\BuildTopics.proj]
BuildAssembler : warning : ResolveReferenceLinksComponent: [Properties.T:EwEShell.cGame] Unknown reference link target &#39;P:EwECore.cCoreInputOutputBase.DBID&#39;. [D:\Sources\Personal\Sources\2017\MSPC2050\EwEMSPplugin\Documentation\Help\Working\BuildTopics.proj]
BuildAssembler : warning : ResolveReferenceLinksComponent: [Properties.T:EwEShell.cGame] Unknown reference link target &#39;P:EwECore.cCoreInputOutputBase.DBID&#39;. [D:\Sources\Personal\Sources\2017\MSPC2050\EwEMSPplugin\Documentation\Help\Working\BuildTopics.proj]
BuildAssembler : warning : ResolveReferenceLinksComponent: [M:EwEShell.cGame.#ctor(EwECore.cCore)] Unknown reference link target &#39;T:EwECore.cCore&#39;. [D:\Sources\Personal\Sources\2017\MSPC2050\EwEMSPplugin\Documentation\Help\Working\BuildTopics.proj]
BuildAssembler : warning : ResolveReferenceLinksComponent: [M:EwEShell.cGame.ApplyPressures(EwEShell.cPressure[],EwECore.cEcospaceDataStructures)] Unknown reference link target &#39;T:EwECore.cEcospaceDataStructures&#39;. [D:\Sources\Personal\Sources\2017\MSPC2050\EwEMSPplugin\Documentation\Help\Working\BuildTopics.proj]
BuildAssembler : warning : ResolveReferenceLinksComponent: [P:EwEShell.cGame.EcosimID] Unknown reference link target &#39;P:EwECore.cCoreInputOutputBase.DBID&#39;. [D:\Sources\Personal\Sources\2017\MSPC2050\EwEMSPplugin\Documentation\Help\Working\BuildTopics.proj]
BuildAssembler : warning : ResolveReferenceLinksComponent: [M:EwEShell.cGame.EcosimScenario] Unknown reference link target &#39;T:EwECore.cEcoSimScenario&#39;. [D:\Sources\Personal\Sources\2017\MSPC2050\EwEMSPplugin\Documentation\Help\Working\BuildTopics.proj]
BuildAssembler : warning : ResolveReferenceLinksComponent: [M:EwEShell.cGame.EcosimScenario] Unknown reference link target &#39;T:EwECore.cEcoSimScenario&#39;. [D:\Sources\Personal\Sources\2017\MSPC2050\EwEMSPplugin\Documentation\Help\Working\BuildTopics.proj]
BuildAssembler : warning : ResolveReferenceLinksComponent: [P:EwEShell.cGame.EcospaceID] Unknown reference link target &#39;P:EwECore.cCoreInputOutputBase.DBID&#39;. [D:\Sources\Personal\Sources\2017\MSPC2050\EwEMSPplugin\Documentation\Help\Working\BuildTopics.proj]
BuildAssembler : warning : ResolveReferenceLinksComponent: [M:EwEShell.cGame.EcospaceScenario] Unknown reference link target &#39;T:EwECore.cEcospaceScenario&#39;. [D:\Sources\Personal\Sources\2017\MSPC2050\EwEMSPplugin\Documentation\Help\Working\BuildTopics.proj]
BuildAssembler : warning : ResolveReferenceLinksComponent: [M:EwEShell.cGame.EcospaceScenario] Unknown reference link target &#39;T:EwECore.cEcospaceScenario&#39;. [D:\Sources\Personal\Sources\2017\MSPC2050\EwEMSPplugin\Documentation\Help\Working\BuildTopics.proj]
BuildAssembler : warning : ShowMissingComponent: [M:EwEShell.cGame.Load] Missing &lt;returns&gt; documentation [D:\Sources\Personal\Sources\2017\MSPC2050\EwEMSPplugin\Documentation\Help\Working\BuildTopics.proj]
BuildAssembler : warning : ResolveReferenceLinksComponent: [M:EwEShell.cGame.LoadOutcomes(EwEShell.cGrid[],EwECore.cEcospaceTimestep)] Unknown reference link target &#39;T:EwECore.cEcospaceTimestep&#39;. [D:\Sources\Personal\Sources\2017\MSPC2050\EwEMSPplugin\Documentation\Help\Working\BuildTopics.proj]
BuildAssembler : warning : ResolveReferenceLinksComponent: [M:EwEShell.cGrid.Load(System.String,EwECore.cCore)] Unknown reference link target &#39;T:EwECore.cCore&#39;. [D:\Sources\Personal\Sources\2017\MSPC2050\EwEMSPplugin\Documentation\Help\Working\BuildTopics.proj]
BuildAssembler : warning : ResolveReferenceLinksComponent: [M:EwEShell.cGrid.Save(System.String,EwECore.cCore)] Unknown reference link target &#39;T:EwECore.cCore&#39;. [D:\Sources\Personal\Sources\2017\MSPC2050\EwEMSPplugin\Documentation\Help\Working\BuildTopics.proj]
BuildAssembler : warning : ResolveReferenceLinksComponent: [T:EwEShell.cHabitatDriver] Unknown reference link target &#39;T:EwECore.cEcospaceLayerHabitat&#39;. [D:\Sources\Personal\Sources\2017\MSPC2050\EwEMSPplugin\Documentation\Help\Working\BuildTopics.proj]
BuildAssembler : warning : ResolveReferenceLinksComponent: [T:EwEShell.cHabitatDriver] Unknown reference link target &#39;T:EwECore.cEcospaceHabitat&#39;. [D:\Sources\Personal\Sources\2017\MSPC2050\EwEMSPplugin\Documentation\Help\Working\BuildTopics.proj]
BuildAssembler : warning : ResolveReferenceLinksComponent: [T:EwEShell.cHabitatDriver] Unknown reference link target &#39;T:EwECore.cEcospaceLayerHabitat&#39;. [D:\Sources\Personal\Sources\2017\MSPC2050\EwEMSPplugin\Documentation\Help\Working\BuildTopics.proj]
BuildAssembler : warning : ResolveReferenceLinksComponent: [T:EwEShell.cHabitatDriver] Unknown reference link target &#39;T:EwECore.cEcospaceHabitat&#39;. [D:\Sources\Personal\Sources\2017\MSPC2050\EwEMSPplugin\Documentation\Help\Working\BuildTopics.proj]
BuildAssembler : warning : ResolveReferenceLinksComponent: [T:EwEShell.cHabitatDriver] Unknown reference link target &#39;T:EwECore.cEcospaceLayerHabitat&#39;. [D:\Sources\Personal\Sources\2017\MSPC2050\EwEMSPplugin\Documentation\Help\Working\BuildTopics.proj]
BuildAssembler : warning : ResolveReferenceLinksComponent: [T:EwEShell.cHabitatDriver] Unknown reference link target &#39;T:EwECore.cEcospaceHabitat&#39;. [D:\Sources\Personal\Sources\2017\MSPC2050\EwEMSPplugin\Documentation\Help\Working\BuildTopics.proj]
BuildAssembler : warning : ResolveReferenceLinksComponent: [Methods.T:EwEShell.cHabitatDriver] Unknown reference link target &#39;T:EwECore.cEcospaceLayerHabitat&#39;. [D:\Sources\Personal\Sources\2017\MSPC2050\EwEMSPplugin\Documentation\Help\Working\BuildTopics.proj]
BuildAssembler : warning : ResolveReferenceLinksComponent: [Methods.T:EwEShell.cHabitatDriver] Unknown reference link target &#39;T:EwECore.cEcospaceHabitat&#39;. [D:\Sources\Personal\Sources\2017\MSPC2050\EwEMSPplugin\Documentation\Help\Working\BuildTopics.proj]
BuildAssembler : warning : ResolveReferenceLinksComponent: [M:EwEShell.cHabitatDriver.#ctor(EwECore.cCore,EwEShell.cGame,EwECore.cEcospaceHabitat)] Unknown reference link target &#39;T:EwECore.cEcospaceLayerHabitat&#39;. [D:\Sources\Personal\Sources\2017\MSPC2050\EwEMSPplugin\Documentation\Help\Working\BuildTopics.proj]
BuildAssembler : warning : ResolveReferenceLinksComponent: [M:EwEShell.cHabitatDriver.#ctor(EwECore.cCore,EwEShell.cGame,EwECore.cEcospaceHabitat)] Unknown reference link target &#39;T:EwECore.cEcospaceHabitat&#39;. [D:\Sources\Personal\Sources\2017\MSPC2050\EwEMSPplugin\Documentation\Help\Working\BuildTopics.proj]
BuildAssembler : warning : ResolveReferenceLinksComponent: [M:EwEShell.cHabitatDriver.#ctor(EwECore.cCore,EwEShell.cGame,EwECore.cEcospaceHabitat)] Unknown reference link target &#39;T:EwECore.cCore&#39;. [D:\Sources\Personal\Sources\2017\MSPC2050\EwEMSPplugin\Documentation\Help\Working\BuildTopics.proj]
BuildAssembler : warning : ResolveReferenceLinksComponent: [M:EwEShell.cHabitatDriver.#ctor(EwECore.cCore,EwEShell.cGame,EwECore.cEcospaceHabitat)] Unknown reference link target &#39;T:EwECore.cCore&#39;. [D:\Sources\Personal\Sources\2017\MSPC2050\EwEMSPplugin\Documentation\Help\Working\BuildTopics.proj]
BuildAssembler : warning : ResolveReferenceLinksComponent: [M:EwEShell.cHabitatDriver.#ctor(EwECore.cCore,EwEShell.cGame,EwECore.cEcospaceHabitat)] Unknown reference link target &#39;T:EwECore.cEcospaceHabitat&#39;. [D:\Sources\Personal\Sources\2017\MSPC2050\EwEMSPplugin\Documentation\Help\Working\BuildTopics.proj]
BuildAssembler : warning : ResolveReferenceLinksComponent: [M:EwEShell.cHabitatDriver.#ctor(EwECore.cCore,EwEShell.cGame,EwECore.cEcospaceHabitat)] Unknown reference link target &#39;T:EwECore.cEcospaceHabitat&#39;. [D:\Sources\Personal\Sources\2017\MSPC2050\EwEMSPplugin\Documentation\Help\Working\BuildTopics.proj]
BuildAssembler : warning : ResolveReferenceLinksComponent: [M:EwEShell.cHabitatDriver.Apply(EwEShell.cPressure,EwECore.cEcospaceDataStructures,System.Double)] Unknown reference link target &#39;T:EwECore.cEcospaceLayerHabitat&#39;. [D:\Sources\Personal\Sources\2017\MSPC2050\EwEMSPplugin\Documentation\Help\Working\BuildTopics.proj]
BuildAssembler : warning : ResolveReferenceLinksComponent: [M:EwEShell.cHabitatDriver.Apply(EwEShell.cPressure,EwECore.cEcospaceDataStructures,System.Double)] Unknown reference link target &#39;T:EwECore.cEcospaceDataStructures&#39;. [D:\Sources\Personal\Sources\2017\MSPC2050\EwEMSPplugin\Documentation\Help\Working\BuildTopics.proj]
BuildAssembler : warning : ResolveReferenceLinksComponent: [M:EwEShell.cHabitatDriver.ValueID] Unknown reference link target &#39;T:EwECore.cEcospaceHabitat&#39;. [D:\Sources\Personal\Sources\2017\MSPC2050\EwEMSPplugin\Documentation\Help\Working\BuildTopics.proj]
BuildAssembler : warning : ResolveReferenceLinksComponent: [M:EwEShell.cHabitatDriver.ValueID] Unknown reference link target &#39;T:EwECore.cEcospaceHabitat&#39;. [D:\Sources\Personal\Sources\2017\MSPC2050\EwEMSPplugin\Documentation\Help\Working\BuildTopics.proj]
BuildAssembler : warning : ResolveReferenceLinksComponent: [T:EwEShell.cMPADriver] Unknown reference link target &#39;T:EwECore.cEcospaceLayerMPA&#39;. [D:\Sources\Personal\Sources\2017\MSPC2050\EwEMSPplugin\Documentation\Help\Working\BuildTopics.proj]
BuildAssembler : warning : ResolveReferenceLinksComponent: [T:EwEShell.cMPADriver] Unknown reference link target &#39;T:EwECore.cEcospaceMPA&#39;. [D:\Sources\Personal\Sources\2017\MSPC2050\EwEMSPplugin\Documentation\Help\Working\BuildTopics.proj]
BuildAssembler : warning : ResolveReferenceLinksComponent: [T:EwEShell.cMPADriver] Unknown reference link target &#39;T:EwECore.cEcospaceLayerMPA&#39;. [D:\Sources\Personal\Sources\2017\MSPC2050\EwEMSPplugin\Documentation\Help\Working\BuildTopics.proj]
BuildAssembler : warning : ResolveReferenceLinksComponent: [T:EwEShell.cMPADriver] Unknown reference link target &#39;T:EwECore.cEcospaceMPA&#39;. [D:\Sources\Personal\Sources\2017\MSPC2050\EwEMSPplugin\Documentation\Help\Working\BuildTopics.proj]
BuildAssembler : warning : ResolveReferenceLinksComponent: [T:EwEShell.cMPADriver] Unknown reference link target &#39;T:EwECore.cEcospaceLayerMPA&#39;. [D:\Sources\Personal\Sources\2017\MSPC2050\EwEMSPplugin\Documentation\Help\Working\BuildTopics.proj]
BuildAssembler : warning : ResolveReferenceLinksComponent: [T:EwEShell.cMPADriver] Unknown reference link target &#39;T:EwECore.cEcospaceMPA&#39;. [D:\Sources\Personal\Sources\2017\MSPC2050\EwEMSPplugin\Documentation\Help\Working\BuildTopics.proj]
BuildAssembler : warning : ResolveReferenceLinksComponent: [Methods.T:EwEShell.cMPADriver] Unknown reference link target &#39;T:EwECore.cEcospaceLayerMPA&#39;. [D:\Sources\Personal\Sources\2017\MSPC2050\EwEMSPplugin\Documentation\Help\Working\BuildTopics.proj]
BuildAssembler : warning : ResolveReferenceLinksComponent: [Methods.T:EwEShell.cMPADriver] Unknown reference link target &#39;T:EwECore.cEcospaceMPA&#39;. [D:\Sources\Personal\Sources\2017\MSPC2050\EwEMSPplugin\Documentation\Help\Working\BuildTopics.proj]
BuildAssembler : warning : ResolveReferenceLinksComponent: [M:EwEShell.cMPADriver.#ctor(EwECore.cCore,EwEShell.cGame,EwECore.cEcospaceMPA)] Unknown reference link target &#39;T:EwECore.cEcospaceLayerMPA&#39;. [D:\Sources\Personal\Sources\2017\MSPC2050\EwEMSPplugin\Documentation\Help\Working\BuildTopics.proj]
BuildAssembler : warning : ResolveReferenceLinksComponent: [M:EwEShell.cMPADriver.#ctor(EwECore.cCore,EwEShell.cGame,EwECore.cEcospaceMPA)] Unknown reference link target &#39;T:EwECore.cEcospaceMPA&#39;. [D:\Sources\Personal\Sources\2017\MSPC2050\EwEMSPplugin\Documentation\Help\Working\BuildTopics.proj]
BuildAssembler : warning : ResolveReferenceLinksComponent: [M:EwEShell.cMPADriver.#ctor(EwECore.cCore,EwEShell.cGame,EwECore.cEcospaceMPA)] Unknown reference link target &#39;T:EwECore.cCore&#39;. [D:\Sources\Personal\Sources\2017\MSPC2050\EwEMSPplugin\Documentation\Help\Working\BuildTopics.proj]
BuildAssembler : warning : ResolveReferenceLinksComponent: [M:EwEShell.cMPADriver.#ctor(EwECore.cCore,EwEShell.cGame,EwECore.cEcospaceMPA)] Unknown reference link target &#39;T:EwECore.cCore&#39;. [D:\Sources\Personal\Sources\2017\MSPC2050\EwEMSPplugin\Documentation\Help\Working\BuildTopics.proj]
BuildAssembler : warning : ResolveReferenceLinksComponent: [M:EwEShell.cMPADriver.#ctor(EwECore.cCore,EwEShell.cGame,EwECore.cEcospaceMPA)] Unknown reference link target &#39;T:EwECore.cEcospaceMPA&#39;. [D:\Sources\Personal\Sources\2017\MSPC2050\EwEMSPplugin\Documentation\Help\Working\BuildTopics.proj]
BuildAssembler : warning : ResolveReferenceLinksComponent: [M:EwEShell.cMPADriver.#ctor(EwECore.cCore,EwEShell.cGame,EwECore.cEcospaceMPA)] Unknown reference link target &#39;T:EwECore.cEcospaceMPA&#39;. [D:\Sources\Personal\Sources\2017\MSPC2050\EwEMSPplugin\Documentation\Help\Working\BuildTopics.proj]
BuildAssembler : warning : ResolveReferenceLinksComponent: [M:EwEShell.cMPADriver.Apply(EwEShell.cPressure,EwECore.cEcospaceDataStructures,System.Double)] Unknown reference link target &#39;T:EwECore.cEcospaceLayerMPA&#39;. [D:\Sources\Personal\Sources\2017\MSPC2050\EwEMSPplugin\Documentation\Help\Working\BuildTopics.proj]
BuildAssembler : warning : ResolveReferenceLinksComponent: [M:EwEShell.cMPADriver.Apply(EwEShell.cPressure,EwECore.cEcospaceDataStructures,System.Double)] Unknown reference link target &#39;T:EwECore.cEcospaceDataStructures&#39;. [D:\Sources\Personal\Sources\2017\MSPC2050\EwEMSPplugin\Documentation\Help\Working\BuildTopics.proj]
BuildAssembler : warning : ResolveReferenceLinksComponent: [M:EwEShell.cMPADriver.ValueID] Unknown reference link target &#39;T:EwECore.cEcospaceMPA&#39;. [D:\Sources\Personal\Sources\2017\MSPC2050\EwEMSPplugin\Documentation\Help\Working\BuildTopics.proj]
BuildAssembler : warning : ResolveReferenceLinksComponent: [M:EwEShell.cMPADriver.ValueID] Unknown reference link target &#39;T:EwECore.cEcospaceMPA&#39;. [D:\Sources\Personal\Sources\2017\MSPC2050\EwEMSPplugin\Documentation\Help\Working\BuildTopics.proj]
BuildAssembler : warning : ResolveReferenceLinksComponent: [M:EwEShell.cOutcome.#ctor(EwECore.cCore,System.String,EwEShell.cOutcome.eLayerType)] Unknown reference link target &#39;T:EwECore.cCore&#39;. [D:\Sources\Personal\Sources\2017\MSPC2050\EwEMSPplugin\Documentation\Help\Working\BuildTopics.proj]
BuildAssembler : warning : ResolveReferenceLinksComponent: [M:EwEShell.cOutcome.Populate(EwEShell.cGrid,EwECore.cEcospaceTimestep,System.Double)] Unknown reference link target &#39;T:EwECore.cEcospaceTimestep&#39;. [D:\Sources\Personal\Sources\2017\MSPC2050\EwEMSPplugin\Documentation\Help\Working\BuildTopics.proj]
BuildAssembler : warning : ResolveReferenceLinksComponent: [T:EwEShell.cOutcome.eMSPDIversityIndex] Unknown reference link target &#39;T:EwECore.eDiversityIndexType&#39;. [D:\Sources\Personal\Sources\2017\MSPC2050\EwEMSPplugin\Documentation\Help\Working\BuildTopics.proj]
BuildAssembler : warning : ResolveReferenceLinksComponent: [M:EwEShell.cShellData.#ctor(EwECore.cCore)] Unknown reference link target &#39;T:EwECore.cCore&#39;. [D:\Sources\Personal\Sources\2017\MSPC2050\EwEMSPplugin\Documentation\Help\Working\BuildTopics.proj]
BuildAssembler : warning : ResolveReferenceLinksComponent: [T:EwEShell.IO.cEcospaceImportExportBitmap] Unknown reference link target &#39;T:EwEUtils.SpatialData.ISpatialRaster&#39;. [D:\Sources\Personal\Sources\2017\MSPC2050\EwEMSPplugin\Documentation\Help\Working\BuildTopics.proj]
BuildAssembler : warning : ResolveReferenceLinksComponent: [T:EwEShell.IO.cEcospaceImportExportBitmap] Unknown reference link target &#39;T:EwEUtils.Core.IEcospaceImportExport&#39;. [D:\Sources\Personal\Sources\2017\MSPC2050\EwEMSPplugin\Documentation\Help\Working\BuildTopics.proj]
BuildAssembler : warning : ResolveReferenceLinksComponent: [Methods.T:EwEShell.IO.cEcospaceImportExportBitmap] Unknown reference link target &#39;T:EwEUtils.SpatialData.ISpatialRaster&#39;. [D:\Sources\Personal\Sources\2017\MSPC2050\EwEMSPplugin\Documentation\Help\Working\BuildTopics.proj]
BuildAssembler : warning : ResolveReferenceLinksComponent: [M:EwEShell.IO.cEcospaceImportExportBitmap.#ctor(EwECore.cCore)] Unknown reference link target &#39;T:EwECore.cCore&#39;. [D:\Sources\Personal\Sources\2017\MSPC2050\EwEMSPplugin\Documentation\Help\Working\BuildTopics.proj]
BuildAssembler : warning : ResolveReferenceLinksComponent: [P:EwEShell.IO.cEcospaceImportExportBitmap.CellSize] Unknown reference link target &#39;P:EwEUtils.Core.IEcospaceImportExport.CellSize&#39;. [D:\Sources\Personal\Sources\2017\MSPC2050\EwEMSPplugin\Documentation\Help\Working\BuildTopics.proj]
BuildAssembler : warning : ResolveReferenceLinksComponent: [P:EwEShell.IO.cEcospaceImportExportBitmap.InCol] Unknown reference link target &#39;P:EwEUtils.Core.IEcospaceImportExport.InCol&#39;. [D:\Sources\Personal\Sources\2017\MSPC2050\EwEMSPplugin\Documentation\Help\Working\BuildTopics.proj]
BuildAssembler : warning : ResolveReferenceLinksComponent: [P:EwEShell.IO.cEcospaceImportExportBitmap.InRow] Unknown reference link target &#39;P:EwEUtils.Core.IEcospaceImportExport.InRow&#39;. [D:\Sources\Personal\Sources\2017\MSPC2050\EwEMSPplugin\Documentation\Help\Working\BuildTopics.proj]
BuildAssembler : warning : ResolveReferenceLinksComponent: [P:EwEShell.IO.cEcospaceImportExportBitmap.NoDataValue] Unknown reference link target &#39;P:EwEUtils.Core.IEcospaceImportExport.NoDataValue&#39;. [D:\Sources\Personal\Sources\2017\MSPC2050\EwEMSPplugin\Documentation\Help\Working\BuildTopics.proj]
BuildAssembler : warning : ResolveReferenceLinksComponent: [P:EwEShell.IO.cEcospaceImportExportBitmap.PosTopLeft] Unknown reference link target &#39;P:EwEUtils.Core.IEcospaceImportExport.PosTopLeft&#39;. [D:\Sources\Personal\Sources\2017\MSPC2050\EwEMSPplugin\Documentation\Help\Working\BuildTopics.proj]
BuildAssembler : warning : ResolveReferenceLinksComponent: [P:EwEShell.IO.cEcospaceImportExportBitmap.ProjectionString] Unknown reference link target &#39;P:EwEUtils.Core.IEcospaceImportExport.ProjectionString&#39;. [D:\Sources\Personal\Sources\2017\MSPC2050\EwEMSPplugin\Documentation\Help\Working\BuildTopics.proj]
BuildAssembler : warning : ResolveReferenceLinksComponent: [M:EwEShell.IO.cEcospaceImportExportBitmap.ToRaster(System.String)] Unknown reference link target &#39;T:EwEUtils.SpatialData.ISpatialRaster&#39;. [D:\Sources\Personal\Sources\2017\MSPC2050\EwEMSPplugin\Documentation\Help\Working\BuildTopics.proj]
BuildAssembler : warning : ResolveReferenceLinksComponent: [M:EwEShell.IO.cEcospaceImportExportBitmap.ToRaster(System.String)] Unknown reference link target &#39;T:EwEUtils.SpatialData.ISpatialRaster&#39;. [D:\Sources\Personal\Sources\2017\MSPC2050\EwEMSPplugin\Documentation\Help\Working\BuildTopics.proj]
BuildAssembler : warning : ResolveReferenceLinksComponent: [M:EwEShell.IO.cEcospaceImportExportBitmap.ToRaster(System.String)] Unknown reference link target &#39;M:EwEUtils.Core.IEcospaceImportExport.ToRaster(System.String)&#39;. [D:\Sources\Personal\Sources\2017\MSPC2050\EwEMSPplugin\Documentation\Help\Working\BuildTopics.proj]
BuildAssembler : warning : ResolveReferenceLinksComponent: [M:EwEShell.IO.cEcospaceImportExportBitmap.ToRaster(System.String)] Unknown reference link target &#39;T:EwEUtils.SpatialData.ISpatialRaster&#39;. [D:\Sources\Personal\Sources\2017\MSPC2050\EwEMSPplugin\Documentation\Help\Working\BuildTopics.proj]
BuildAssembler : warning : ResolveReferenceLinksComponent: [P:EwEShell.IO.cEcospaceImportExportBitmap.Value(System.Int32,System.Int32,System.String)] Unknown reference link target &#39;P:EwEUtils.Core.IEcospaceImportExport.Value(System.Int32,System.Int32,System.String)&#39;. [D:\Sources\Personal\Sources\2017\MSPC2050\EwEMSPplugin\Documentation\Help\Working\BuildTopics.proj]
BuildAssembler : warning : ShowMissingComponent: [G:] Missing &lt;summary&gt; documentation [D:\Sources\Personal\Sources\2017\MSPC2050\EwEMSPplugin\Documentation\Help\Working\BuildTopics.proj]
  Processed 434 topic(s)
  372 warning(s)
  CopyFromIndexComponent: &quot;reflection&quot; in-memory cache entries used: 5 of 15.
  CopyFromIndexComponent: &quot;comments&quot; in-memory cache entries used: 2 of 30.
Done Building Project &quot;D:\Sources\Personal\Sources\2017\MSPC2050\EwEMSPplugin\Documentation\Help\Working\BuildTopics.proj&quot; (default targets).

Build succeeded.

Time Elapsed 00:00:12.82
    Last step completed in 00:00:13.2185
</buildStep>
<buildStep step="CombiningIntermediateTocFiles">
Combining conceptual and API intermediate TOC files...
    Last step completed in 00:00:00.0000
</buildStep>
<buildStep step="CopyStandardHelpContent">
Copying standard help content...
C:\Program Files (x86)\EWSoftware\Sandcastle Help File Builder\PresentationStyles\OpenXML\DocumentParts\Content_Types.xml -&gt; D:\Sources\Personal\Sources\2017\MSPC2050\EwEMSPplugin\Documentation\Help\Working\Output\OpenXml\Content_Types.xml
C:\Program Files (x86)\EWSoftware\Sandcastle Help File Builder\PresentationStyles\OpenXML\DocumentParts\docProps\app.xml -&gt; D:\Sources\Personal\Sources\2017\MSPC2050\EwEMSPplugin\Documentation\Help\Working\Output\OpenXml\docProps\app.xml
C:\Program Files (x86)\EWSoftware\Sandcastle Help File Builder\PresentationStyles\OpenXML\DocumentParts\docProps\core.xml -&gt; D:\Sources\Personal\Sources\2017\MSPC2050\EwEMSPplugin\Documentation\Help\Working\Output\OpenXml\docProps\core.xml
C:\Program Files (x86)\EWSoftware\Sandcastle Help File Builder\PresentationStyles\OpenXML\DocumentParts\docProps\custom.xml -&gt; D:\Sources\Personal\Sources\2017\MSPC2050\EwEMSPplugin\Documentation\Help\Working\Output\OpenXml\docProps\custom.xml
C:\Program Files (x86)\EWSoftware\Sandcastle Help File Builder\PresentationStyles\OpenXML\DocumentParts\media\alert_caution.gif -&gt; D:\Sources\Personal\Sources\2017\MSPC2050\EwEMSPplugin\Documentation\Help\Working\Output\OpenXml\media\alert_caution.gif
C:\Program Files (x86)\EWSoftware\Sandcastle Help File Builder\PresentationStyles\OpenXML\DocumentParts\media\alert_note.gif -&gt; D:\Sources\Personal\Sources\2017\MSPC2050\EwEMSPplugin\Documentation\Help\Working\Output\OpenXml\media\alert_note.gif
C:\Program Files (x86)\EWSoftware\Sandcastle Help File Builder\PresentationStyles\OpenXML\DocumentParts\media\alert_security.gif -&gt; D:\Sources\Personal\Sources\2017\MSPC2050\EwEMSPplugin\Documentation\Help\Working\Output\OpenXml\media\alert_security.gif
C:\Program Files (x86)\EWSoftware\Sandcastle Help File Builder\PresentationStyles\OpenXML\DocumentParts\media\CFW.gif -&gt; D:\Sources\Personal\Sources\2017\MSPC2050\EwEMSPplugin\Documentation\Help\Working\Output\OpenXml\media\CFW.gif
C:\Program Files (x86)\EWSoftware\Sandcastle Help File Builder\PresentationStyles\OpenXML\DocumentParts\media\CodeExample.png -&gt; D:\Sources\Personal\Sources\2017\MSPC2050\EwEMSPplugin\Documentation\Help\Working\Output\OpenXml\media\CodeExample.png
C:\Program Files (x86)\EWSoftware\Sandcastle Help File Builder\PresentationStyles\OpenXML\DocumentParts\media\privclass.gif -&gt; D:\Sources\Personal\Sources\2017\MSPC2050\EwEMSPplugin\Documentation\Help\Working\Output\OpenXml\media\privclass.gif
C:\Program Files (x86)\EWSoftware\Sandcastle Help File Builder\PresentationStyles\OpenXML\DocumentParts\media\privdelegate.gif -&gt; D:\Sources\Personal\Sources\2017\MSPC2050\EwEMSPplugin\Documentation\Help\Working\Output\OpenXml\media\privdelegate.gif
C:\Program Files (x86)\EWSoftware\Sandcastle Help File Builder\PresentationStyles\OpenXML\DocumentParts\media\privenumeration.gif -&gt; D:\Sources\Personal\Sources\2017\MSPC2050\EwEMSPplugin\Documentation\Help\Working\Output\OpenXml\media\privenumeration.gif
C:\Program Files (x86)\EWSoftware\Sandcastle Help File Builder\PresentationStyles\OpenXML\DocumentParts\media\privevent.gif -&gt; D:\Sources\Personal\Sources\2017\MSPC2050\EwEMSPplugin\Documentation\Help\Working\Output\OpenXml\media\privevent.gif
C:\Program Files (x86)\EWSoftware\Sandcastle Help File Builder\PresentationStyles\OpenXML\DocumentParts\media\privextension.gif -&gt; D:\Sources\Personal\Sources\2017\MSPC2050\EwEMSPplugin\Documentation\Help\Working\Output\OpenXml\media\privextension.gif
C:\Program Files (x86)\EWSoftware\Sandcastle Help File Builder\PresentationStyles\OpenXML\DocumentParts\media\privfield.gif -&gt; D:\Sources\Personal\Sources\2017\MSPC2050\EwEMSPplugin\Documentation\Help\Working\Output\OpenXml\media\privfield.gif
C:\Program Files (x86)\EWSoftware\Sandcastle Help File Builder\PresentationStyles\OpenXML\DocumentParts\media\privinterface.gif -&gt; D:\Sources\Personal\Sources\2017\MSPC2050\EwEMSPplugin\Documentation\Help\Working\Output\OpenXml\media\privinterface.gif
C:\Program Files (x86)\EWSoftware\Sandcastle Help File Builder\PresentationStyles\OpenXML\DocumentParts\media\privmethod.gif -&gt; D:\Sources\Personal\Sources\2017\MSPC2050\EwEMSPplugin\Documentation\Help\Working\Output\OpenXml\media\privmethod.gif
C:\Program Files (x86)\EWSoftware\Sandcastle Help File Builder\PresentationStyles\OpenXML\DocumentParts\media\privproperty.gif -&gt; D:\Sources\Personal\Sources\2017\MSPC2050\EwEMSPplugin\Documentation\Help\Working\Output\OpenXml\media\privproperty.gif
C:\Program Files (x86)\EWSoftware\Sandcastle Help File Builder\PresentationStyles\OpenXML\DocumentParts\media\privstructure.gif -&gt; D:\Sources\Personal\Sources\2017\MSPC2050\EwEMSPplugin\Documentation\Help\Working\Output\OpenXml\media\privstructure.gif
C:\Program Files (x86)\EWSoftware\Sandcastle Help File Builder\PresentationStyles\OpenXML\DocumentParts\media\protclass.gif -&gt; D:\Sources\Personal\Sources\2017\MSPC2050\EwEMSPplugin\Documentation\Help\Working\Output\OpenXml\media\protclass.gif
C:\Program Files (x86)\EWSoftware\Sandcastle Help File Builder\PresentationStyles\OpenXML\DocumentParts\media\protdelegate.gif -&gt; D:\Sources\Personal\Sources\2017\MSPC2050\EwEMSPplugin\Documentation\Help\Working\Output\OpenXml\media\protdelegate.gif
C:\Program Files (x86)\EWSoftware\Sandcastle Help File Builder\PresentationStyles\OpenXML\DocumentParts\media\protenumeration.gif -&gt; D:\Sources\Personal\Sources\2017\MSPC2050\EwEMSPplugin\Documentation\Help\Working\Output\OpenXml\media\protenumeration.gif
C:\Program Files (x86)\EWSoftware\Sandcastle Help File Builder\PresentationStyles\OpenXML\DocumentParts\media\protevent.gif -&gt; D:\Sources\Personal\Sources\2017\MSPC2050\EwEMSPplugin\Documentation\Help\Working\Output\OpenXml\media\protevent.gif
C:\Program Files (x86)\EWSoftware\Sandcastle Help File Builder\PresentationStyles\OpenXML\DocumentParts\media\protextension.gif -&gt; D:\Sources\Personal\Sources\2017\MSPC2050\EwEMSPplugin\Documentation\Help\Working\Output\OpenXml\media\protextension.gif
C:\Program Files (x86)\EWSoftware\Sandcastle Help File Builder\PresentationStyles\OpenXML\DocumentParts\media\protfield.gif -&gt; D:\Sources\Personal\Sources\2017\MSPC2050\EwEMSPplugin\Documentation\Help\Working\Output\OpenXml\media\protfield.gif
C:\Program Files (x86)\EWSoftware\Sandcastle Help File Builder\PresentationStyles\OpenXML\DocumentParts\media\protinterface.gif -&gt; D:\Sources\Personal\Sources\2017\MSPC2050\EwEMSPplugin\Documentation\Help\Working\Output\OpenXml\media\protinterface.gif
C:\Program Files (x86)\EWSoftware\Sandcastle Help File Builder\PresentationStyles\OpenXML\DocumentParts\media\protmethod.gif -&gt; D:\Sources\Personal\Sources\2017\MSPC2050\EwEMSPplugin\Documentation\Help\Working\Output\OpenXml\media\protmethod.gif
C:\Program Files (x86)\EWSoftware\Sandcastle Help File Builder\PresentationStyles\OpenXML\DocumentParts\media\protoperator.gif -&gt; D:\Sources\Personal\Sources\2017\MSPC2050\EwEMSPplugin\Documentation\Help\Working\Output\OpenXml\media\protoperator.gif
C:\Program Files (x86)\EWSoftware\Sandcastle Help File Builder\PresentationStyles\OpenXML\DocumentParts\media\protproperty.gif -&gt; D:\Sources\Personal\Sources\2017\MSPC2050\EwEMSPplugin\Documentation\Help\Working\Output\OpenXml\media\protproperty.gif
C:\Program Files (x86)\EWSoftware\Sandcastle Help File Builder\PresentationStyles\OpenXML\DocumentParts\media\protstructure.gif -&gt; D:\Sources\Personal\Sources\2017\MSPC2050\EwEMSPplugin\Documentation\Help\Working\Output\OpenXml\media\protstructure.gif
C:\Program Files (x86)\EWSoftware\Sandcastle Help File Builder\PresentationStyles\OpenXML\DocumentParts\media\pubclass.gif -&gt; D:\Sources\Personal\Sources\2017\MSPC2050\EwEMSPplugin\Documentation\Help\Working\Output\OpenXml\media\pubclass.gif
C:\Program Files (x86)\EWSoftware\Sandcastle Help File Builder\PresentationStyles\OpenXML\DocumentParts\media\pubdelegate.gif -&gt; D:\Sources\Personal\Sources\2017\MSPC2050\EwEMSPplugin\Documentation\Help\Working\Output\OpenXml\media\pubdelegate.gif
C:\Program Files (x86)\EWSoftware\Sandcastle Help File Builder\PresentationStyles\OpenXML\DocumentParts\media\pubenumeration.gif -&gt; D:\Sources\Personal\Sources\2017\MSPC2050\EwEMSPplugin\Documentation\Help\Working\Output\OpenXml\media\pubenumeration.gif
C:\Program Files (x86)\EWSoftware\Sandcastle Help File Builder\PresentationStyles\OpenXML\DocumentParts\media\pubevent.gif -&gt; D:\Sources\Personal\Sources\2017\MSPC2050\EwEMSPplugin\Documentation\Help\Working\Output\OpenXml\media\pubevent.gif
C:\Program Files (x86)\EWSoftware\Sandcastle Help File Builder\PresentationStyles\OpenXML\DocumentParts\media\pubextension.gif -&gt; D:\Sources\Personal\Sources\2017\MSPC2050\EwEMSPplugin\Documentation\Help\Working\Output\OpenXml\media\pubextension.gif
C:\Program Files (x86)\EWSoftware\Sandcastle Help File Builder\PresentationStyles\OpenXML\DocumentParts\media\pubfield.gif -&gt; D:\Sources\Personal\Sources\2017\MSPC2050\EwEMSPplugin\Documentation\Help\Working\Output\OpenXml\media\pubfield.gif
C:\Program Files (x86)\EWSoftware\Sandcastle Help File Builder\PresentationStyles\OpenXML\DocumentParts\media\pubinterface.gif -&gt; D:\Sources\Personal\Sources\2017\MSPC2050\EwEMSPplugin\Documentation\Help\Working\Output\OpenXml\media\pubinterface.gif
C:\Program Files (x86)\EWSoftware\Sandcastle Help File Builder\PresentationStyles\OpenXML\DocumentParts\media\pubmethod.gif -&gt; D:\Sources\Personal\Sources\2017\MSPC2050\EwEMSPplugin\Documentation\Help\Working\Output\OpenXml\media\pubmethod.gif
C:\Program Files (x86)\EWSoftware\Sandcastle Help File Builder\PresentationStyles\OpenXML\DocumentParts\media\puboperator.gif -&gt; D:\Sources\Personal\Sources\2017\MSPC2050\EwEMSPplugin\Documentation\Help\Working\Output\OpenXml\media\puboperator.gif
C:\Program Files (x86)\EWSoftware\Sandcastle Help File Builder\PresentationStyles\OpenXML\DocumentParts\media\pubproperty.gif -&gt; D:\Sources\Personal\Sources\2017\MSPC2050\EwEMSPplugin\Documentation\Help\Working\Output\OpenXml\media\pubproperty.gif
C:\Program Files (x86)\EWSoftware\Sandcastle Help File Builder\PresentationStyles\OpenXML\DocumentParts\media\pubstructure.gif -&gt; D:\Sources\Personal\Sources\2017\MSPC2050\EwEMSPplugin\Documentation\Help\Working\Output\OpenXml\media\pubstructure.gif
C:\Program Files (x86)\EWSoftware\Sandcastle Help File Builder\PresentationStyles\OpenXML\DocumentParts\media\slMobile.gif -&gt; D:\Sources\Personal\Sources\2017\MSPC2050\EwEMSPplugin\Documentation\Help\Working\Output\OpenXml\media\slMobile.gif
C:\Program Files (x86)\EWSoftware\Sandcastle Help File Builder\PresentationStyles\OpenXML\DocumentParts\media\static.gif -&gt; D:\Sources\Personal\Sources\2017\MSPC2050\EwEMSPplugin\Documentation\Help\Working\Output\OpenXml\media\static.gif
C:\Program Files (x86)\EWSoftware\Sandcastle Help File Builder\PresentationStyles\OpenXML\DocumentParts\media\xna.gif -&gt; D:\Sources\Personal\Sources\2017\MSPC2050\EwEMSPplugin\Documentation\Help\Working\Output\OpenXml\media\xna.gif
C:\Program Files (x86)\EWSoftware\Sandcastle Help File Builder\PresentationStyles\OpenXML\DocumentParts\word\document.xml -&gt; D:\Sources\Personal\Sources\2017\MSPC2050\EwEMSPplugin\Documentation\Help\Working\Output\OpenXml\word\document.xml
C:\Program Files (x86)\EWSoftware\Sandcastle Help File Builder\PresentationStyles\OpenXML\DocumentParts\word\fontTable.xml -&gt; D:\Sources\Personal\Sources\2017\MSPC2050\EwEMSPplugin\Documentation\Help\Working\Output\OpenXml\word\fontTable.xml
C:\Program Files (x86)\EWSoftware\Sandcastle Help File Builder\PresentationStyles\OpenXML\DocumentParts\word\footer1.xml -&gt; D:\Sources\Personal\Sources\2017\MSPC2050\EwEMSPplugin\Documentation\Help\Working\Output\OpenXml\word\footer1.xml
C:\Program Files (x86)\EWSoftware\Sandcastle Help File Builder\PresentationStyles\OpenXML\DocumentParts\word\header1.xml -&gt; D:\Sources\Personal\Sources\2017\MSPC2050\EwEMSPplugin\Documentation\Help\Working\Output\OpenXml\word\header1.xml
C:\Program Files (x86)\EWSoftware\Sandcastle Help File Builder\PresentationStyles\OpenXML\DocumentParts\word\numbering.xml -&gt; D:\Sources\Personal\Sources\2017\MSPC2050\EwEMSPplugin\Documentation\Help\Working\Output\OpenXml\word\numbering.xml
C:\Program Files (x86)\EWSoftware\Sandcastle Help File Builder\PresentationStyles\OpenXML\DocumentParts\word\settings.xml -&gt; D:\Sources\Personal\Sources\2017\MSPC2050\EwEMSPplugin\Documentation\Help\Working\Output\OpenXml\word\settings.xml
C:\Program Files (x86)\EWSoftware\Sandcastle Help File Builder\PresentationStyles\OpenXML\DocumentParts\word\styles.xml -&gt; D:\Sources\Personal\Sources\2017\MSPC2050\EwEMSPplugin\Documentation\Help\Working\Output\OpenXml\word\styles.xml
C:\Program Files (x86)\EWSoftware\Sandcastle Help File Builder\PresentationStyles\OpenXML\DocumentParts\word\webSettings.xml -&gt; D:\Sources\Personal\Sources\2017\MSPC2050\EwEMSPplugin\Documentation\Help\Working\Output\OpenXml\word\webSettings.xml
C:\Program Files (x86)\EWSoftware\Sandcastle Help File Builder\PresentationStyles\OpenXML\DocumentParts\word\theme\theme1.xml -&gt; D:\Sources\Personal\Sources\2017\MSPC2050\EwEMSPplugin\Documentation\Help\Working\Output\OpenXml\word\theme\theme1.xml
C:\Program Files (x86)\EWSoftware\Sandcastle Help File Builder\PresentationStyles\OpenXML\DocumentParts\word\_rels\document.xml.rels -&gt; D:\Sources\Personal\Sources\2017\MSPC2050\EwEMSPplugin\Documentation\Help\Working\Output\OpenXml\word\_rels\document.xml.rels
C:\Program Files (x86)\EWSoftware\Sandcastle Help File Builder\PresentationStyles\OpenXML\DocumentParts\_rels\rels.xml.rels -&gt; D:\Sources\Personal\Sources\2017\MSPC2050\EwEMSPplugin\Documentation\Help\Working\Output\OpenXml\_rels\rels.xml.rels
    Last step completed in 00:00:00.1202
</buildStep>
<buildStep step="GenerateHelpFormatTableOfContents">
Executing informational Generate Table of Contents build step for plug-ins (not used for Open XML)
    Last step completed in 00:00:00.0000
</buildStep>
<buildStep step="GenerateHelpProject">
Executing informational Generate Help Project build step for plug-ins (not used for Open XML)
    Last step completed in 00:00:00.0000
</buildStep>
<buildStep step="CompilingHelpFile">
Generating Open XML document file...
[C:\Windows\Microsoft.NET\Framework64\v4.0.30319\MSBuild.exe - BuildOpenXmlFile.proj]
Project file contains ToolsVersion=&quot;12.0&quot;. This toolset may be unknown or missing, in which case you may be able to resolve this by installing the appropriate version of MSBuild, or the build may have been forced to a particular ToolsVersion for policy reasons. Treating the project as if it had ToolsVersion=&quot;4.0&quot;. For more information, please see http://go.microsoft.com/fwlink/?LinkId=291333.
  Finished merging 346 topics
  22 external hyperlink relationship(s) defined
  10 image relationship(s) defined
  0 list numbering style override(s) defined
  Saving D:\Sources\Personal\Sources\2017\MSPC2050\EwEMSPplugin\Documentation\Help\EwE tools for MSP API documentation reference.docx...
  Finished saving D:\Sources\Personal\Sources\2017\MSPC2050\EwEMSPplugin\Documentation\Help\EwE tools for MSP API documentation reference.docx
  Compressed 25 files.  Reduced size by 1,869,034 bytes (94%).
    Last step completed in 00:00:01.4692
</buildStep>
<buildStep step="CleanIntermediates">
Removing intermediate files...
    Last step completed in 00:00:00.4312
</buildStep>
<buildStep step="Completed">

Build completed successfully at 23/10/2017 11:45:06 PM.  Total time: 00:00:23.1909

</buildStep>
</shfbBuild>
